trial,original_score,new_score,phys_score,patch_ratio,error_vx,error_vy,error_Bx,error_By,error_Jz,new_loss_kh,phys_kh,patch_kh,new_loss_vortex,phys_vortex,patch_vortex,new_loss_tearing,phys_tearing,patch_tearing,new_loss_coalescence,phys_coalescence,patch_coalescence,param_beta,param_threshold_amr,param_gamma_hydro,param_gamma_mag,param_kappa,param_w_z_frac,param_beta_michelson
121,0.14218170538530056,0.1491153070925697,0.15541858137190523,0.13335712139423078,nan,nan,nan,nan,nan,0.11224649813545033,0.01760182815886123,0.3488581730769231,0.25640909881395163,0.33514461333953227,0.0595703125,0.17763992761306407,0.22369589865828968,0.0625,0.050165703807812656,0.04523198533093771,0.0625,0.8683654005538312,0.5891029179142372,1.6529193289578792,3.3558897780227754,5.41718485540701,0.1844417060184001,0.44356154664122427
192,0.14823477703443733,0.15381565585294643,0.15888918205159108,0.14113184035633483,nan,nan,nan,nan,nan,0.12151597452002329,0.019449287404955672,0.3766826923076923,0.2620880013670518,0.3442669519138725,0.056640625,0.17763992761306407,0.22369589865828968,0.0625,0.054018719911646584,0.04814459022924639,0.06870404411764706,0.7659020170729317,0.6036832980170763,0.7861787293582458,3.2176779372596886,7.184613808396653,0.4053850346425618,0.43319125381732965
381,0.14710104987165973,0.15752210356546387,0.16699578874164941,0.133837890625,nan,nan,nan,nan,nan,0.13007898639393295,0.037110580951506114,0.3625,0.27220379644704584,0.3619446900258641,0.0478515625,0.17763992761306407,0.22369589865828968,0.0625,0.050165703807812656,0.04523198533093771,0.0625,1.598152905518844,0.6774154124258139,1.2177459765745662,2.150835603501869,10.512495730427542,0.3035853636844006,0.11240214019626937
340,0.14993135867457508,0.1580107967403127,0.16535574043643775,0.1396484375,nan,nan,nan,nan,nan,0.1333329059978643,0.03354106839701,0.3828125,0.27090464954250976,0.3589540093595136,0.05078125,0.17763992761306407,0.22369589865828968,0.0625,0.050165703807812656,0.04523198533093771,0.0625,0.5707464616752698,0.6578096630899084,0.8843851549875001,3.0145174958314995,10.69677084276053,0.26801757790900826,0.28892688085909746
297,0.1532858412341016,0.15801601113232433,0.162316165585254,0.147265625,nan,nan,nan,nan,nan,0.1333537635659107,0.021382768992274963,0.41328125,0.27090464954250976,0.3589540093595136,0.05078125,0.17763992761306407,0.22369589865828968,0.0625,0.050165703807812656,0.04523198533093771,0.0625,0.5320723802131051,0.6645268338280353,0.7369157947017969,2.87089958536754,11.124144265238527,0.259860452709212,0.38295744077116267
265,0.15121220958776782,0.16085284679134365,0.169617062430958,0.1389423076923077,nan,nan,nan,nan,nan,0.14470110620198806,0.05058635637509096,0.3799879807692308,0.27090464954250976,0.3589540093595136,0.05078125,0.17763992761306407,0.22369589865828968,0.0625,0.050165703807812656,0.04523198533093771,0.0625,0.6880425345205792,0.6707396818570198,0.7316345525029209,3.4935671092977634,9.013092041751035,0.2563394975979904,0.3687462755892876
259,0.1408374551312015,0.16165063244582684,0.18057170273184986,0.11434795673076924,nan,nan,nan,nan,nan,0.13007274472982877,0.0600826118525295,0.30504807692307695,0.28872415363260184,0.39327631508564254,0.02734375,0.17763992761306407,0.22369589865828968,0.0625,0.050165703807812656,0.04523198533093771,0.0625,0.802162655131699,0.6957578623565104,0.8621708252473793,3.2480195001523167,9.79709557159071,0.2600872188807588,0.37854088270140235
285,0.1520481264548038,0.16273215618646292,0.17244491048797114,0.1384502704326923,nan,nan,nan,nan,nan,0.15091919687792912,0.05890706793679305,0.38094951923076925,0.27220379644704584,0.3619446900258641,0.0478515625,0.17763992761306407,0.22369589865828968,0.0625,0.050165703807812656,0.04523198533093771,0.0625,0.586339980694455,0.6757261792032989,0.8217371331787038,3.053915820442284,10.633737679650327,0.23634144626540243,0.31753988096543545
206,0.14818636955269232,0.16330916895014544,0.17705716840237554,0.12893917031957014,nan,nan,nan,nan,nan,0.14230665210799967,0.05636873602812259,0.3571514423076923,0.2749167090085698,0.37043026761199765,0.0361328125,0.17763992761306407,0.22369589865828968,0.0625,0.05837338707094828,0.057733771311092294,0.05997242647058824,1.0933003288385268,0.6857647763094414,0.761510879269162,1.4265143946927672,7.73533837921756,0.397759160683998,0.46386943382345214
370,0.1471901574177218,0.16409997632972306,0.17947253897699683,0.12566856971153845,nan,nan,nan,nan,nan,0.14805553950705605,0.06948929377141691,0.34447115384615384,0.28053873439095933,0.379472978147343,0.033203125,0.17763992761306407,0.22369589865828968,0.0625,0.050165703807812656,0.04523198533093771,0.0625,0.5622265604774821,0.6863816012943086,2.922009194089362,2.3558275922178007,10.01994281013689,0.31596580867696983,0.32200035603903593
384,0.15363293541208917,0.1643462982118351,0.1740857189388768,0.13999774639423077,nan,nan,nan,nan,nan,0.15466285241789388,0.05698472415428217,0.39885817307692306,0.2749167090085698,0.37043026761199765,0.0361328125,0.17763992761306407,0.22369589865828968,0.0625,0.050165703807812656,0.04523198533093771,0.0625,0.6130403765456253,0.6791293748933367,2.7004358715414023,3.274910401510589,8.911430872706967,0.25473958745376124,0.27641226581151324
305,0.16331284291172687,0.16451812607863325,0.165613838048548,0.16177884615384613,nan,nan,nan,nan,nan,0.1593622233511464,0.034573458845451065,0.4713341346153846,0.27090464954250976,0.3589540093595136,0.05078125,0.17763992761306407,0.22369589865828968,0.0625,0.050165703807812656,0.04523198533093771,0.0625,0.5405079637898419,0.6408504183253098,0.6163342242267308,2.793942121913562,11.857818185851862,0.2598069582669688,0.2825058111691578
347,0.14845792299152938,0.16452527671907718,0.1791319619259388,0.1280085637019231,nan,nan,nan,nan,nan,0.1580916790083862,0.08565527368866373,0.3391826923076923,0.27220379644704584,0.3619446900258641,0.0478515625,0.17763992761306407,0.22369589865828968,0.0625,0.050165703807812656,0.04523198533093771,0.0625,0.5572587109422196,0.6777380100204764,0.936433014361675,3.028535233432584,10.844151975560527,0.267209637803046,0.30083129123849695
128,0.1552422820431109,0.16459065646434645,0.1730891786654696,0.14334435096153847,nan,nan,nan,nan,nan,0.1596523448939993,0.06447482131313745,0.3975961538461538,0.27090464954250976,0.3589540093595136,0.05078125,0.17763992761306407,0.22369589865828968,0.0625,0.050165703807812656,0.04523198533093771,0.0625,0.7431192386149037,0.661115245298139,3.2438242184600314,3.498999733318138,5.558427942244533,0.11850806148430232,0.4407267211012245
367,0.149936143108009,0.16459450348957655,0.1779202856546379,0.13128004807692306,nan,nan,nan,nan,nan,0.1596677329949197,0.08379924926981064,0.3493389423076923,0.27090464954250976,0.3589540093595136,0.05078125,0.17763992761306407,0.22369589865828968,0.0625,0.050165703807812656,0.04523198533093771,0.0625,0.5640489607791939,0.6732697353668321,0.9173641257525922,3.3596139180956737,10.365831780468717,0.24148380450853724,0.3218660747428107
177,0.1607997249523131,0.16477881644987236,0.1683961723567443,0.1557354266826923,nan,nan,nan,nan,nan,0.16329904358487127,0.050926353326512054,0.4442307692307692,0.2680105907937413,0.35373045211123777,0.0537109375,0.17763992761306407,0.22369589865828968,0.0625,0.050165703807812656,0.04523198533093771,0.0625,1.1893620836978265,0.6255171152178644,0.5022821860637359,1.8763535916190563,6.335058354668407,0.3990255140232697,0.4068736895805838
231,0.16236421329590206,0.16532672017125372,0.16801990823975518,0.15859375,nan,nan,nan,nan,nan,0.1625965997216284,0.04419773961027974,0.45859375,0.27090464954250976,0.3589540093595136,0.05078125,0.17763992761306407,0.22369589865828968,0.0625,0.050165703807812656,0.04523198533093771,0.0625,0.9489223028307388,0.6704769706501919,0.6961090860987738,1.3435837281050502,6.588235627405914,0.3429862980482144,0.5517976097802391
144,0.15811584215917523,0.16554318483094488,0.17229531453255353,0.14866286057692307,nan,nan,nan,nan,nan,0.16346245836039291,0.06129936478147312,0.4188701923076923,0.27090464954250976,0.3589540093595136,0.05078125,0.17763992761306407,0.22369589865828968,0.0625,0.050165703807812656,0.04523198533093771,0.0625,1.1148033790179894,0.660600275335422,0.5677823480221601,3.2469568076128854,4.76404761916749,0.49344322815396646,0.4916058081828186
211,0.15913840206912044,0.16579622150048978,0.17184878461991646,0.15066481370192308,nan,nan,nan,nan,nan,0.1631754581340366,0.0565225644645743,0.42980769230769234,0.27220379644704584,0.3619446900258641,0.0478515625,0.17763992761306407,0.22369589865828968,0.0625,0.050165703807812656,0.04523198533093771,0.0625,1.0964539145092276,0.6838002317196853,0.9104769601595467,1.6807487904120184,7.332720364434136,0.3881573241554691,0.5042530492084625
308,0.1557139053586945,0.1658282951116798,0.17502319488712093,0.14284104567307693,nan,nan,nan,nan,nan,0.1549688146348831,0.051691917411913244,0.4131610576923077,0.28053873439095933,0.379472978147343,0.033203125,0.17763992761306407,0.22369589865828968,0.0625,0.050165703807812656,0.04523198533093771,0.0625,0.6618758593820299,0.6877830024917567,0.7372982425252265,3.41808583682331,10.588028140223193,0.27965345015685633,0.35023829921550176
373,0.15125042064821723,0.16653642567373148,0.18043279387874442,0.1317955051611991,nan,nan,nan,nan,nan,0.1600570812264556,0.07242125987088396,0.3791466346153846,0.27913282581242377,0.37633283113739324,0.0361328125,0.17763992761306407,0.22369589865828968,0.0625,0.04931586804298247,0.04928118584841074,0.04940257352941176,1.7900403059948216,0.688384815156663,0.8049263003309332,3.2912609147969207,11.063325863743298,0.277038192464783,0.10840880577430752
357,0.16386411459070807,0.16667397290761546,0.1692283895593494,0.16028793127828053,nan,nan,nan,nan,nan,0.14692202464587492,0.031123526811917185,0.4364182692307692,0.27090464954250976,0.3589540093595136,0.05078125,0.17763992761306407,0.22369589865828968,0.0625,0.07122928982901311,0.06314012340767716,0.09145220588235294,0.5173030108331507,0.6551842557876442,1.0333689877239132,2.267492268266652,9.135712478111552,0.29244213902190314,0.28661135276299393
258,0.15634738526489808,0.16724872197028506,0.1771590280660914,0.14247295673076923,nan,nan,nan,nan,nan,0.1524651028276617,0.04643191318949562,0.41754807692307694,0.28872415363260184,0.39327631508564254,0.02734375,0.17763992761306407,0.22369589865828968,0.0625,0.050165703807812656,0.04523198533093771,0.0625,0.7541256345561697,0.6991009453140449,0.6896999811274861,3.482642353180993,4.740648317665563,0.23705083846467193,0.4841616306805225
153,0.15467281405135508,0.16728629655461763,0.17875309883031076,0.1386192908653846,nan,nan,nan,nan,nan,0.16080082040663435,0.06661153318467268,0.39627403846153847,0.28053873439095933,0.379472978147343,0.033203125,0.17763992761306407,0.22369589865828968,0.0625,0.050165703807812656,0.04523198533093771,0.0625,1.339633491911439,0.6800172458311831,3.1125102642804596,3.0983295955955468,4.383689087032936,0.1384570962945539,0.7433460194964284
306,0.16755804286431084,0.1681708590811869,0.16872796473289242,0.16677809495192308,nan,nan,nan,nan,nan,0.16141491650158776,0.033745306179145895,0.48058894230769234,0.2680105907937413,0.35373045211123777,0.0537109375,0.17763992761306407,0.22369589865828968,0.0625,0.06561800141635449,0.06374020198289629,0.0703125,0.6441432690695119,0.6375686534391445,0.6156823373870579,2.0719687878188355,10.060557087158013,0.26033518953123325,0.35838640916068243
333,0.15628445830575555,0.16827549645945367,0.17917644023554277,0.14102313701923075,nan,nan,nan,nan,nan,0.14909317410067766,0.04168717451017947,0.41760817307692305,0.2962031803162602,0.40609070244276424,0.021484375,0.17763992761306407,0.22369589865828968,0.0625,0.050165703807812656,0.04523198533093771,0.0625,0.5911410047408229,0.699935986053572,0.8520508366924263,2.9953735976718874,10.881497534295907,0.26146865128176916,0.32076623502969986
387,0.16530597215846027,0.16871178278639887,0.171807974266343,0.16097130408653848,nan,nan,nan,nan,nan,0.17483770327767292,0.056359323050280505,0.47103365384615387,0.27220379644704584,0.3619446900258641,0.0478515625,0.17763992761306407,0.22369589865828968,0.0625,0.050165703807812656,0.04523198533093771,0.0625,0.6119655247383907,0.6790963884837367,2.9200398047229634,2.390198786295597,10.61831781350856,0.27930647066439523,0.24713875580590855
345,0.15007194162718612,0.17006643937546972,0.18824325551027302,0.12462439903846154,nan,nan,nan,nan,nan,0.18155547653849247,0.125091128692351,0.32271634615384615,0.27090464954250976,0.3589540093595136,0.05078125,0.17763992761306407,0.22369589865828968,0.0625,0.050165703807812656,0.04523198533093771,0.0625,0.5580057259087864,0.6789015811690475,0.9423423698992439,3.303979558141196,10.080344982437774,0.2701726496827669,0.31695355051504753
378,0.15709819583499887,0.17059623741139912,0.18286718429903567,0.1399188701923077,nan,nan,nan,nan,nan,0.18367466868221,0.10358684384740162,0.3838942307692308,0.27090464954250976,0.3589540093595136,0.05078125,0.17763992761306407,0.22369589865828968,0.0625,0.050165703807812656,0.04523198533093771,0.0625,0.5414280947494131,0.6656161742876062,3.1139100869132914,3.2822154376516948,8.984286616255064,0.30548715180924957,0.29370119028588254
303,0.16164934061064207,0.17073746863850925,0.17899940320929753,0.15008263221153845,nan,nan,nan,nan,nan,0.1746055087422009,0.06759675070061968,0.44212740384615384,0.28053873439095933,0.379472978147343,0.033203125,0.17763992761306407,0.22369589865828968,0.0625,0.050165703807812656,0.04523198533093771,0.0625,0.6461898146388512,0.687376094387044,0.6116991118769939,2.8461245726705746,11.41967085962856,0.2605046974991446,0.35231404071800054
351,0.15941367976851922,0.1707764885976305,0.18110631480591347,0.14495192307692306,nan,nan,nan,nan,nan,0.1843956734271356,0.09654336587491288,0.4040264423076923,0.27090464954250976,0.3589540093595136,0.05078125,0.17763992761306407,0.22369589865828968,0.0625,0.050165703807812656,0.04523198533093771,0.0625,0.7097337660218384,0.6489154144763657,0.9911911208144649,3.0817713138332397,9.517163686727816,0.2683725975714911,0.3139143340612254
226,0.16462811702660823,0.17079776220410814,0.17640653054728983,0.15677584134615385,nan,nan,nan,nan,nan,0.18448076785304604,0.07774422884041828,0.45132211538461536,0.27090464954250976,0.3589540093595136,0.05078125,0.17763992761306407,0.22369589865828968,0.0625,0.050165703807812656,0.04523198533093771,0.0625,1.2269982582662686,0.6699393219712675,1.2808250759536415,1.5672122423820893,8.418627979281023,0.3487123700970269,0.5554170229183277
266,0.14343001249774115,0.17121712661704747,0.19647813945278045,0.10806459452771494,nan,nan,nan,nan,nan,0.148503876294441,0.09292946527375587,0.28743990384615387,0.2954510303094283,0.40386581743319966,0.0244140625,0.17763992761306407,0.22369589865828968,0.0625,0.06327367225125645,0.06542137644587667,0.057904411764705885,0.643409734366434,0.6996359611438577,0.7379150153701071,3.240959784633607,9.495305959346837,0.2532131675597538,0.37691265071116054
274,0.1680292554088687,0.1712286240130897,0.17413714092601787,0.16395733173076923,nan,nan,nan,nan,nan,0.18620421508897234,0.0686666703553305,0.48004807692307694,0.27090464954250976,0.3589540093595136,0.05078125,0.17763992761306407,0.22369589865828968,0.0625,0.050165703807812656,0.04523198533093771,0.0625,0.6343627196236643,0.6732798398965666,0.6576898218988874,3.2084154306635577,9.486773854906481,0.24963674910549166,0.3663387117360828
377,0.15153251678355714,0.17123444789646197,0.18914529436273902,0.12645733173076923,nan,nan,nan,nan,nan,0.18622751062246135,0.1286992841022151,0.3300480769230769,0.27090464954250976,0.3589540093595136,0.05078125,0.17763992761306407,0.22369589865828968,0.0625,0.050165703807812656,0.04523198533093771,0.0625,0.5473428607414178,0.666542356589961,2.6698942041597244,2.2840002671359074,9.788263041468717,0.3196204447291295,0.30528144577136135
397,0.1582725043799088,0.1718807826071416,0.18425194463189867,0.14095287754524888,nan,nan,nan,nan,nan,0.16479868482654242,0.08028546644946705,0.3760817307692308,0.27090464954250976,0.3589540093595136,0.05078125,0.17763992761306407,0.22369589865828968,0.0625,0.07417986844645015,0.07407240406032431,0.0744485294117647,0.5554447539916708,0.6739674137885916,1.783782789840429,2.0250067020872735,10.621383818895628,0.2541671282344175,0.11774361381040231
386,0.17173638077621137,0.17220016244883415,0.17262178215121848,0.1711461131928733,nan,nan,nan,nan,nan,0.166492079380264,0.04493987267083109,0.47037259615384613,0.27220379644704584,0.3619446900258641,0.0478515625,0.17763992761306407,0.22369589865828968,0.0625,0.07246484635496274,0.05990666724988901,0.10386029411764706,1.9453270363919186,0.679087489081828,2.6937316439366836,2.0687754425583846,10.956636358637219,0.2610999365397541,0.10863432323254704
281,0.1590464007133709,0.17241072586178874,0.18456011236035033,0.1420372596153846,nan,nan,nan,nan,nan,0.17311311839367624,0.07603625036653132,0.41580528846153847,0.28872415363260184,0.39327631508564254,0.02734375,0.17763992761306407,0.22369589865828968,0.0625,0.050165703807812656,0.04523198533093771,0.0625,0.5994907440017089,0.6986902947643481,0.753602859756987,3.150830298394166,10.7211097183691,0.2303672418056713,0.34762638732058343
267,0.16239735837940594,0.1724184992523733,0.1815286273187072,0.14964317908653846,nan,nan,nan,nan,nan,0.17503666392521405,0.0653878679568381,0.44915865384615383,0.2868317016634023,0.39179875732876324,0.0244140625,0.17763992761306407,0.22369589865828968,0.0625,0.050165703807812656,0.04523198533093771,0.0625,0.717885883221776,0.6979515965930395,0.7541225426199134,3.1783045721158927,9.741754807512086,0.2445104650959961,0.3769056379699677
261,0.154365619661813,0.17252789225323753,0.1890390491545325,0.13125,nan,nan,nan,nan,nan,0.17623948294865294,0.09142277612811409,0.38828125,0.28895375560922737,0.3935977578529183,0.02734375,0.17763992761306407,0.22369589865828968,0.0625,0.047278402842005754,0.04743976397880804,0.046875,0.8904783411622371,0.6994969659945638,0.6777255631079709,3.275395829784259,8.963371090417734,0.265644701803429,0.39415313359968
146,0.18052863063706936,0.1726311827997118,0.16545168476575034,0.1905799278846154,nan,nan,nan,nan,nan,0.1918144502354607,0.03392484571426031,0.5865384615384616,0.27090464954250976,0.3589540093595136,0.05078125,0.17763992761306407,0.22369589865828968,0.0625,0.050165703807812656,0.04523198533093771,0.0625,1.1170515825289606,0.660561458431952,0.5406233991864664,3.0950295829962644,4.19649927688866,0.13492414103359196,0.5096137761989449
361,0.15753738578811866,0.17285017809004705,0.18677089836452737,0.13804837740384615,nan,nan,nan,nan,nan,0.18305634654835215,0.09868273132153912,0.3939903846153846,0.28053873439095933,0.379472978147343,0.033203125,0.17763992761306407,0.22369589865828968,0.0625,0.050165703807812656,0.04523198533093771,0.0625,0.5163428170164945,0.6696828038693232,0.9175543004884099,2.2240430835309417,9.94015934401401,0.29031455813429274,0.3239111572446807
313,0.15890881511050192,0.17307989391298417,0.18596269282433167,0.14087289663461539,nan,nan,nan,nan,nan,0.18397520984010068,0.09544990916075632,0.40528846153846154,0.28053873439095933,0.379472978147343,0.033203125,0.17763992761306407,0.22369589865828968,0.0625,0.050165703807812656,0.04523198533093771,0.0625,0.6712139680405,0.6900310940694835,0.7339395250118922,2.6913338060963206,11.33074922035339,0.2717702549325703,0.41141514495520204
130,0.16533665452065668,0.1737625810380855,0.181422514235748,0.1546127480439291,nan,nan,nan,nan,nan,0.12626024804340064,0.024336462645376256,0.38106971153846153,0.2680105907937413,0.35373045211123777,0.0537109375,0.17763992761306407,0.22369589865828968,0.0625,0.12313955770213597,0.1239272435280884,0.1211703431372549,0.8837912364185356,0.6208800911943574,3.1896922025991947,3.3791535619606834,5.284713494660158,0.15416760668785265,0.45071153675361103
277,0.1685553120976205,0.17392273027290026,0.17880220134133637,0.16172405260180994,nan,nan,nan,nan,nan,0.16911796887572927,0.059072848733713254,0.4442307692307692,0.27090464954250976,0.3589540093595136,0.05078125,0.17763992761306407,0.22369589865828968,0.0625,0.07802837506029794,0.07348604861382887,0.08938419117647059,0.6704517450449509,0.6718025912176799,0.770307954524434,3.178433652632282,9.743331716753737,0.23044721904482499,0.3318316817748495
290,0.1598868078185814,0.17424857837068913,0.1873047334180598,0.14160819075226244,nan,nan,nan,nan,nan,0.15725139654616777,0.054286570549250235,0.41466346153846156,0.28053873439095933,0.379472978147343,0.033203125,0.17763992761306407,0.22369589865828968,0.0625,0.08156425493256542,0.09176348631735627,0.05606617647058824,0.600050974268922,0.680773707998959,0.8071641136718806,3.0928843041571796,10.656488062811032,0.2214954139472884,0.31914268248416855
173,0.15559362288437784,0.17457909993089454,0.19183862451863698,0.13143028846153848,nan,nan,nan,nan,nan,0.1815570126934741,0.10482885623240219,0.37337740384615387,0.28895375560922737,0.3935977578529183,0.02734375,0.17763992761306407,0.22369589865828968,0.0625,0.050165703807812656,0.04523198533093771,0.0625,0.861967658041406,0.6996552798944582,3.2743130402371934,3.34637762965447,3.0000248358275616,0.12406767366360118,0.5196605103885812
272,0.16891884195963636,0.174635080079021,0.17983166018755245,0.1616436298076923,nan,nan,nan,nan,nan,0.18201053526260538,0.057122441675339794,0.49423076923076925,0.28872415363260184,0.39327631508564254,0.02734375,0.17763992761306407,0.22369589865828968,0.0625,0.050165703807812656,0.04523198533093771,0.0625,0.6230300310230976,0.6994090765078688,0.6481514927312629,3.174649032497627,9.936036311959992,0.24698610466540666,0.35575626857695153
382,0.1707963514743357,0.17543207938411592,0.17964637748391615,0.16489633413461538,nan,nan,nan,nan,nan,0.17771950579932683,0.043566923503672916,0.5131009615384615,0.2962031803162602,0.40609070244276424,0.021484375,0.17763992761306407,0.22369589865828968,0.0625,0.050165703807812656,0.04523198533093771,0.0625,2.0392246991160383,0.6782638623510838,3.1120322526440245,2.35371026792417,8.875579333901907,0.25533293387527467,0.17814951514647331
369,0.16652298281696698,0.17544454349183664,0.18355505319626358,0.15516826923076923,nan,nan,nan,nan,nan,0.2030678930039601,0.10633831943631336,0.44489182692307694,0.27090464954250976,0.3589540093595136,0.05078125,0.17763992761306407,0.22369589865828968,0.0625,0.050165703807812656,0.04523198533093771,0.0625,0.5726922155594246,0.6708762174994664,0.920037068617356,3.372531137116778,10.32759865809535,0.2781948066861717,0.31854785388475265
346,0.15229717750877256,0.17606161291058287,0.19766564509404677,0.12205153245192307,nan,nan,nan,nan,nan,0.1802748035192586,0.12233664800388508,0.3251201923076923,0.2828498864072508,0.37919296597015106,0.0419921875,0.17763992761306407,0.22369589865828968,0.0625,0.06348183410275808,0.06543706774386131,0.05859375,0.5422566384878363,0.676901694116376,0.943707630987211,2.1558094850068277,10.863871128998841,0.26944092208272097,0.3193922850667139
247,0.18072377954969054,0.1771673454355739,0.17393422351364954,0.1852501502403846,nan,nan,nan,nan,nan,0.20865995387437283,0.06486432003950662,0.5681490384615384,0.27220379644704584,0.3619446900258641,0.0478515625,0.17763992761306407,0.22369589865828968,0.0625,0.050165703807812656,0.04523198533093771,0.0625,0.8381134671204156,0.6866445236393725,0.8689755690114757,3.3669036699559394,8.498623464394859,0.2642745142335447,0.4423597254717192
181,0.16138628711960676,0.17745457328715633,0.1920621061667468,0.1409357410881801,nan,nan,nan,nan,nan,0.15315400018776876,0.04703579257056856,0.41844951923076923,0.29128965568853893,0.4015555179639545,0.015625,0.20189280316955954,0.25422004638860285,0.07107469512195122,0.06348183410275808,0.06543706774386131,0.05859375,0.8507535337910553,0.6950660834213552,0.500471466891289,1.6949560743712788,6.210656349789166,0.37638001656061015,0.4047861014482815
326,0.15759124828664195,0.17764846958069008,0.19588230712073382,0.13206387573058068,nan,nan,nan,nan,nan,0.16363316704901426,0.07932681848400455,0.37439903846153844,0.27913282581242377,0.37633283113739324,0.0361328125,0.17763992761306407,0.22369589865828968,0.0625,0.09018795784825825,0.10417368020324784,0.05522365196078431,0.5860645024437887,0.6978797448262446,0.6140976158218685,2.665995773846272,10.435911238847023,0.3055330694422786,0.40935220883847345
264,0.15323532013387425,0.17808180500231263,0.20066951851907475,0.12161252121040725,nan,nan,nan,nan,nan,0.18268946651232815,0.12028448388649016,0.3387019230769231,0.28872415363260184,0.39327631508564254,0.02734375,0.17763992761306407,0.22369589865828968,0.0625,0.06327367225125645,0.06542137644587667,0.057904411764705885,0.6533459780981847,0.699127574451367,0.6073169082772552,3.271240517470116,10.36469723397891,0.2655974132299093,0.3897463373720433
129,0.1629308794287354,0.1782139953724321,0.192107737139429,0.14347964095493967,nan,nan,nan,nan,nan,0.13183577742807864,0.038680665322387016,0.3647235576923077,0.2680105907937413,0.35373045211123777,0.0537109375,0.17763992761306407,0.22369589865828968,0.0625,0.13536968565484428,0.1523239324658016,0.09298406862745098,0.918185534273144,0.6226037013229254,0.7971541564043336,3.4325819219682963,5.504021773655352,0.11947667338076545,0.44474516628713034
275,0.1629718899988957,0.17865639613847295,0.19291503808354318,0.14300979127579738,nan,nan,nan,nan,nan,0.16077297397344265,0.08029850971666583,0.3619591346153846,0.27090464954250976,0.3589540093595136,0.05078125,0.23278225723012677,0.2871756479270555,0.09679878048780488,0.050165703807812656,0.04523198533093771,0.0625,0.6228079968879591,0.6725228666085958,0.6648482622939387,3.176054269494969,10.352212128670367,0.2509794431904431,0.3357055666052619
312,0.16753997497100734,0.18040930480238063,0.19210869555817445,0.15116082791289592,nan,nan,nan,nan,nan,0.19373857691262347,0.10423881536998054,0.41748798076923077,0.28053873439095933,0.379472978147343,0.033203125,0.17763992761306407,0.22369589865828968,0.0625,0.06971998029287559,0.06102709005708464,0.09145220588235294,0.6681405791657459,0.6884108778934512,0.7272838677932778,2.554472746689217,11.653716041173375,0.27268726349038885,0.35026123414802024
304,0.15973574059877732,0.18065067217158037,0.19966424632867405,0.13311673677884617,nan,nan,nan,nan,nan,0.22259326081839897,0.1677844112996047,0.3596153846153846,0.27220379644704584,0.3619446900258641,0.0478515625,0.17763992761306407,0.22369589865828968,0.0625,0.050165703807812656,0.04523198533093771,0.0625,0.6319952712768607,0.6876518111202246,0.7106959288986991,3.4090809469259877,11.355345169359563,0.2601263442391045,0.3471716790273807
175,0.16215723090240114,0.1810096394933658,0.19814819275787904,0.13816325633208254,nan,nan,nan,nan,nan,0.16166714983942504,0.06426670208288734,0.4051682692307692,0.28872415363260184,0.39327631508564254,0.02734375,0.22348155069362352,0.2898177685320485,0.057641006097560975,0.050165703807812656,0.04523198533093771,0.0625,0.8478150952726238,0.6954735744381643,3.2672888486157867,3.413270915296719,3.158576621125841,0.12430677595051344,0.46951047760888176
190,0.17290840325701218,0.18145812691273777,0.18923060296339736,0.1620269367860887,nan,nan,nan,nan,nan,0.1977358721005166,0.08478695170995401,0.48010817307692305,0.28053873439095933,0.379472978147343,0.033203125,0.18843776483812164,0.2319531146758093,0.07964939024390244,0.05912013632135355,0.060709367320483196,0.05514705882352941,1.1501865492811427,0.6881074686312578,0.5978608005425827,1.551939425276368,5.147457284359335,0.29475628192497333,0.39464959019734
132,0.18999702222402298,0.18411533125310348,0.17876833946135842,0.19748281073246604,nan,nan,nan,nan,nan,0.18354546538372057,0.02929538230643957,0.569170673076923,0.2680105907937413,0.35373045211123777,0.0537109375,0.17763992761306407,0.22369589865828968,0.0625,0.10726534122188801,0.10835162476946672,0.10454963235294118,0.9046528094400802,0.6261079644072256,0.5636564042528722,3.2381367699764607,5.3072187203071906,0.15693037666382764,0.4943533867973962
309,0.1757159580600887,0.18437332851914673,0.19224366530010853,0.16469748656674207,nan,nan,nan,nan,nan,0.20206074490703807,0.07548119671600709,0.5185096153846154,0.2962031803162602,0.40609070244276424,0.021484375,0.17763992761306407,0.22369589865828968,0.0625,0.06158946124022452,0.06370686338337314,0.05629595588235294,0.6745671206325428,0.6879874781477342,0.5065577639930339,2.771452224536289,10.7165933608404,0.2787632681639991,0.4093560186585867
136,0.17647737675623104,0.18481263536860476,0.19239014319803543,0.16586886579502816,nan,nan,nan,nan,nan,0.17576384604552037,0.05767996138680542,0.4709735576923077,0.28053873439095933,0.379472978147343,0.033203125,0.23278225723012677,0.2871756479270555,0.09679878048780488,0.050165703807812656,0.04523198533093771,0.0625,0.9616221947564482,0.6882725012896294,0.5741376470862092,3.495851684085526,4.401716324977049,0.18653075802076358,0.6760402342691573
352,0.16054142039008495,0.1850552922487781,0.20734063030213543,0.1293419471153846,nan,nan,nan,nan,nan,0.2415108880317258,0.2014806278598007,0.34158653846153847,0.27090464954250976,0.3589540093595136,0.05078125,0.17763992761306407,0.22369589865828968,0.0625,0.050165703807812656,0.04523198533093771,0.0625,0.5339546926575016,0.6471168591813348,1.0021427369980658,3.0728456104889976,10.579583400207543,0.23699296578221,0.29345169311173724
291,0.17326530442519836,0.1857901538415253,0.19717638058364068,0.15732458698623683,nan,nan,nan,nan,nan,0.17563395604350032,0.07427696153782351,0.4290264423076923,0.27220379644704584,0.3619446900258641,0.0478515625,0.17763992761306407,0.22369589865828968,0.0625,0.11768293526249103,0.12878797211258547,0.0899203431372549,0.5914696190154192,0.6801949570166377,0.6061820038651877,3.041034036174652,10.657179739584056,0.21747895198805364,0.31353849827599334
324,0.1729901335738578,0.18650996416981183,0.19880071925704268,0.15578307645173453,nan,nan,nan,nan,nan,0.18948781758532313,0.07405698308099076,0.47806490384615385,0.28872415363260184,0.39327631508564254,0.02734375,0.17763992761306407,0.22369589865828968,0.0625,0.09018795784825825,0.10417368020324784,0.05522365196078431,0.6225836201037701,0.6998462976960549,0.5970062904155967,2.6733954794625063,11.561262863176628,0.3017979679988199,0.4111875251926254
24,0.20316220301301813,0.18774463001037753,0.17372865455343148,0.22278456865274254,nan,nan,nan,nan,nan,0.1858663462492829,0.0062705770566883106,0.6348557692307693,0.2532531411386558,0.32955439759411814,0.0625,0.24932153441017602,0.3023275871986366,0.11680640243902439,0.06253749824339537,0.05676205636428293,0.07697610294117647,0.5,0.5,2.0,0.5,1.0,0.1,0.3
227,0.19405861201900063,0.18801201776583013,0.1825151138993115,0.2017542774321267,nan,nan,nan,nan,nan,0.23227420407873367,0.08427042417176552,0.6022836538461539,0.27090464954250976,0.3589540093595136,0.05078125,0.17763992761306407,0.22369589865828968,0.0625,0.07122928982901311,0.06314012340767716,0.09145220588235294,1.2342499054907836,0.6736258667201072,0.6170570560036562,1.5665816448565886,6.947747025712904,0.4349648679442707,0.5523163551312035
207,0.188268797666169,0.1882295021854667,0.1881937790211918,0.18831881009615384,nan,nan,nan,nan,nan,0.2445736429300307,0.10437425394819681,0.5950721153846154,0.28053873439095933,0.379472978147343,0.033203125,0.17763992761306407,0.22369589865828968,0.0625,0.050165703807812656,0.04523198533093771,0.0625,1.121049874492125,0.6844132927381446,0.9576788356596837,1.436725133348397,7.1808105459558,0.40007616152526954,0.4682049254011685
320,0.16068129698892336,0.18963736069450604,0.21596105497230844,0.123828125,nan,nan,nan,nan,nan,0.23945415566860848,0.19336081793605184,0.3546875,0.29128965568853893,0.4015555179639545,0.015625,0.17763992761306407,0.22369589865828968,0.0625,0.050165703807812656,0.04523198533093771,0.0625,0.6219403374538701,0.6998743131497984,0.6612520766853713,2.876595288356477,11.322512183247616,0.27402914588152877,1.0963620642750336
150,0.19145287783969964,0.1904159896377959,0.18947336399970158,0.19277255373303168,nan,nan,nan,nan,nan,0.19607733372386016,0.04474865182878877,0.5743990384615385,0.27090464954250976,0.3589540093595136,0.05078125,0.17763992761306407,0.22369589865828968,0.0625,0.11704204767174962,0.13049489615221418,0.08340992647058823,1.073604609511403,0.6700735012155336,3.03566063633587,3.121938530436215,4.082631150394889,0.1369135139153732,0.5119974479508381
233,0.16467127696485023,0.1942064847218078,0.22105667359176917,0.1270810125469043,nan,nan,nan,nan,nan,0.11977656377731828,0.03958622774978405,0.32025240384615383,0.27090464954250976,0.3589540093595136,0.05078125,0.33597902175959043,0.44045447192684123,0.07479039634146341,0.050165703807812656,0.04523198533093771,0.0625,0.901517190894425,0.6738450550150203,0.7910721246221711,1.3230827468457083,6.589881230164237,0.3466162087391228,0.475030018458446
271,0.1795720752512015,0.1977635452421952,0.21430124523400754,0.15641929526266418,nan,nan,nan,nan,nan,0.1511517637861834,0.04605958468527212,0.41388221153846155,0.27090464954250976,0.3589540093595136,0.05078125,0.31883206383227486,0.4069594015603067,0.09851371951219512,0.050165703807812656,0.04523198533093771,0.0625,0.6479977718310073,0.6703586093950494,0.7725947756830176,3.4951978347380805,10.143421645733355,0.2518848868772465,0.36040568475950363
310,0.178505391472513,0.2008721095168836,0.22120548955722055,0.15003865941604128,nan,nan,nan,nan,nan,0.15817348347327878,0.050721723016436446,0.4268028846153846,0.28053873439095933,0.379472978147343,0.033203125,0.31461051639548376,0.409395271734165,0.07764862804878049,0.050165703807812656,0.04523198533093771,0.0625,0.6836863511597467,0.6882937549919357,0.7323022790147197,2.786655577188103,10.78859352394342,0.2870557445447573,0.27791968575771364
253,0.18146322161201325,0.20099303479446895,0.2187474104148831,0.1566070957434334,nan,nan,nan,nan,nan,0.15443563714682887,0.04332527662094499,0.4322115384615385,0.28053873439095933,0.379472978147343,0.033203125,0.31883206383227486,0.4069594015603067,0.09851371951219512,0.050165703807812656,0.04523198533093771,0.0625,0.7586655500075004,0.6885641710760634,0.8822691045413886,3.339895672303305,9.226396111049596,0.26131209532141275,0.4342020755876101
46,0.4042442683372345,0.20144332405768772,0.01707882925809969,0.6623545610566576,nan,nan,nan,nan,nan,0.18814682921098136,0.001794983972296954,0.6540264423076924,0.22781530815898587,0.06151955642258018,0.6435546875,0.1855310711500692,0.004027036195462665,0.6392911585365854,0.20428008771071443,0.0009737404420589784,0.7125459558823529,0.8,0.3,2.0,0.5,15.0,0.1,1.0
124,0.1876939616707869,0.20218441643461676,0.21535755712900756,0.16925156469863978,nan,nan,nan,nan,nan,0.15860759422428922,0.04399774729862027,0.44513221153846155,0.2680105907937413,0.35373045211123777,0.0537109375,0.33195377691262395,0.4184700437752345,0.11566310975609756,0.050165703807812656,0.04523198533093771,0.0625,0.9556762198050449,0.6193779482820554,3.4665255690333407,3.445959832309538,5.214811167975,0.1541576261291174,0.46622865215444
260,0.16594720061419066,0.2039746205887967,0.23854500238389298,0.1175486661010558,nan,nan,nan,nan,nan,0.10875921583398404,0.028921556013731496,0.3083533653846154,0.28872415363260184,0.39327631508564254,0.02734375,0.17763992761306407,0.22369589865828968,0.0625,0.24077518527553673,0.30828623977790826,0.07199754901960784,0.7620470520016248,0.6985709600554415,0.8706001195740904,3.2712803074912555,9.79202710780235,0.2345964328401337,0.3983870473530323
47,0.41352855909032327,0.2046071538987329,0.0146786037245598,0.6794285293341656,nan,nan,nan,nan,nan,0.1982179493793794,0.0017599368234388457,0.6893629807692307,0.21246366523735918,0.05096475633230282,0.6162109375,0.18707411598338883,0.005044006279183394,0.6421493902439024,0.22067288499480425,0.0009457154633141379,0.7699908088235294,0.8,0.3,2.0,0.5,15.0,0.2,1.0
298,0.17070505272888395,0.20529390624412075,0.2367383185306996,0.12668287552767354,nan,nan,nan,nan,nan,0.15449216501812052,0.08179383871767637,0.3362379807692308,0.28053873439095933,0.379472978147343,0.033203125,0.33597902175959043,0.44045447192684123,0.07479039634146341,0.050165703807812656,0.04523198533093771,0.0625,0.5464858115758261,0.665788647702086,1.7025300554680551,2.6227455456827617,11.211620541156176,0.21110180040202345,0.36950207146250746
200,0.1794556471847315,0.2069953985456908,0.2320315361465628,0.14440505454351066,nan,nan,nan,nan,nan,0.1566454352639119,0.05406322475409199,0.41310096153846154,0.28053873439095933,0.379472978147343,0.033203125,0.33597902175959043,0.44045447192684123,0.07479039634146341,0.054818402768301494,0.05413546975797502,0.05652573529411765,0.9443692123713251,0.6850437411322672,0.7716690273462612,1.4943321967888408,7.725644144441147,0.2898787427461914,0.46793903693008443
208,0.18928067504273796,0.20704376193850293,0.22319202275283467,0.16667310990267356,nan,nan,nan,nan,nan,0.16982652573956278,0.045136943727695535,0.4815504807692308,0.27220379644704584,0.3619446900258641,0.0478515625,0.33597902175959043,0.44045447192684123,0.07479039634146341,0.050165703807812656,0.04523198533093771,0.0625,1.1234174889773783,0.6835230938768215,0.7697075780696776,1.3934858342270169,7.142404814448749,0.3873254329338053,0.4701513863334386
120,0.1974350746003482,0.20827168892252718,0.21812315648814434,0.18364302000848415,nan,nan,nan,nan,nan,0.1403983720188661,0.036437528518720216,0.40030048076923075,0.2680105907937413,0.35373045211123777,0.0537109375,0.17763992761306407,0.22369589865828968,0.0625,0.24703786526443716,0.25862874666432967,0.21806066176470587,0.8961547175256339,0.6152338392054871,3.232851096562234,2.021601193224909,5.957533954122738,0.12771605946818138,0.4385995087167411
318,0.18670701015763347,0.20840263352534055,0.22812592749598332,0.1590943985987336,nan,nan,nan,nan,nan,0.19663051745101992,0.09593176289296634,0.4483774038461538,0.27220379644704584,0.3619446900258641,0.0478515625,0.31461051639548376,0.409395271734165,0.07764862804878049,0.050165703807812656,0.04523198533093771,0.0625,0.6381413616019249,0.6825743839530164,0.7076698728017848,2.8886256437552205,11.42401416345316,0.27389191312799976,0.34250745571770636
15,0.4317209592203008,0.21145942024052167,0.011221657531631535,0.7120538270127469,nan,nan,nan,nan,nan,0.23504580889024543,0.0016122093694204988,0.8186298076923076,0.20074677275352049,0.03573298185492864,0.61328125,0.19997407917995402,0.00664054012022824,0.6833079268292683,0.2100710201383668,0.0009008987819487701,0.7329963235294118,0.5,0.3,2.0,0.5,15.0,0.2,1.0
11,0.4310862276522194,0.21148877508307,0.011854727292934073,0.7105738945584097,nan,nan,nan,nan,nan,0.19375804133232669,0.0029439501729496497,0.6707932692307692,0.22104607209809296,0.03993325093733011,0.673828125,0.1827107204953665,0.0035084233276593663,0.6307164634146342,0.2484402664064938,0.0010332847337971634,0.8669577205882353,0.5,0.3,2.0,0.5,15.0,0.2,0.3
199,0.18716731873309314,0.21185178480463907,0.23429220850604435,0.1557507255511257,nan,nan,nan,nan,nan,0.19787063718750936,0.10550446898558996,0.4287860576923077,0.28053873439095933,0.379472978147343,0.033203125,0.31883206383227486,0.4069594015603067,0.09851371951219512,0.050165703807812656,0.04523198533093771,0.0625,0.943174412898121,0.6889559963518763,0.8901954689821763,1.5301632477966762,7.109588184962547,0.4177693726905816,0.4678966468429291
276,0.18852314283683463,0.21278608259991477,0.23484330056635125,0.15764303768382354,nan,nan,nan,nan,nan,0.1515301002740895,0.04651714038372525,0.4140625,0.2954510303094283,0.40386581743319966,0.0244140625,0.17763992761306407,0.22369589865828968,0.0625,0.22652327220307722,0.2652943457901904,0.12959558823529413,0.6149524306894371,0.6714984227828872,0.684769777374026,3.1842590580535712,9.954391980873359,0.25136112131521254,0.348847840947301
335,0.200322135789038,0.21286296904501895,0.22426372655045615,0.1843610752814259,nan,nan,nan,nan,nan,0.21577100643426964,0.08347363977720826,0.5465144230769231,0.27090464954250976,0.3589540093595136,0.05078125,0.31461051639548376,0.409395271734165,0.07764862804878049,0.050165703807812656,0.04523198533093771,0.0625,0.5862767162988259,0.6625487469418234,0.8712129893031032,2.4376724099588865,10.893705884498207,0.25402016558591306,0.37772952980248586
140,0.1865022935203092,0.21297464336030922,0.23704041594212738,0.15281021190576372,nan,nan,nan,nan,nan,0.1964445457932506,0.10754640257208922,0.41868990384615384,0.27913282581242377,0.37633283113739324,0.0361328125,0.31304752958430604,0.3988610536131504,0.09851371951219512,0.06327367225125645,0.06542137644587667,0.057904411764705885,0.9655276654484365,0.6954155157723236,0.517879573815548,3.2592742747301346,4.5466842662220435,0.13259991384668265,0.49161446208704507
14,0.4278200461874075,0.214175657012264,0.019953485034860767,0.699731086955772,nan,nan,nan,nan,nan,0.24671546190116453,0.001579531277014891,0.8595552884615385,0.2262216166214403,0.07217901327001641,0.611328125,0.18706922007711213,0.005037152010395994,0.6421493902439024,0.19669632944933899,0.0010182435820157675,0.6858915441176471,0.5,0.3,2.0,0.5,15.0,0.1,1.0
13,0.4336158955357364,0.21452344385805872,0.015348487787442657,0.7124608340345988,nan,nan,nan,nan,nan,0.23509686369085198,0.0019000322441158051,0.8180889423076924,0.2081022769054297,0.052280687667601564,0.59765625,0.19366002768104,0.006032575338821849,0.6627286585365854,0.22123460715491322,0.00118065589923141,0.7713694852941176,0.5,0.3,2.0,0.5,1.0,0.2,1.0
102,0.3933810051871883,0.21541082063666472,0.0536197437725523,0.6198885127969457,nan,nan,nan,nan,nan,0.18706600238336282,0.00612317256747718,0.6394230769230769,0.29392800114527506,0.187671076603385,0.5595703125,0.18097655240347887,0.0033671733648704114,0.625,0.1996727266145421,0.017317552554476593,0.6555606617647058,0.7097789589349209,0.4188813633448416,2.1194687011549322,0.3427907125098814,9.72758208050726,0.08833080527311356,0.33488025371973423
168,0.20756509033877846,0.2159536416736311,0.22357959743258796,0.19688875227623884,nan,nan,nan,nan,nan,0.19461214094584925,0.05952430501649658,0.5323317307692308,0.27090464954250976,0.3589540093595136,0.05078125,0.31883206383227486,0.4069594015603067,0.09851371951219512,0.07946571237389051,0.06888067379403494,0.10592830882352941,0.9927389253618228,0.6417726703808302,3.3630399133887803,1.9759259357188974,6.682700268740302,0.3491276504278989,0.4093282394149868
45,0.43522703759984377,0.21667671044412953,0.017994594848025673,0.7133819994343891,nan,nan,nan,nan,nan,0.24748266156911664,0.0015718800429171003,0.8622596153846154,0.2269641916256305,0.06618736827588267,0.62890625,0.18097655240347887,0.0033671733648704114,0.625,0.21128343617829212,0.000851957708432508,0.7373621323529411,0.8,0.3,2.0,0.5,1.0,0.2,1.0
16,0.39051268605589984,0.2176863146885414,0.06057143162730635,0.6104735223416289,nan,nan,nan,nan,nan,0.150128902971879,0.00575738723755364,0.5110576923076923,0.27173652154658934,0.22418113016522506,0.390625,0.2433978148540738,0.011069440795703258,0.82421875,0.20548201938162347,0.0012777683107434283,0.7159926470588235,0.5,0.4,2.0,0.5,1.0,0.1,0.3
246,0.22326597748242777,0.2193551048688656,0.2157997661292636,0.22824345171787053,nan,nan,nan,nan,nan,0.1875585911866102,0.020610873815100413,0.6049278846153846,0.25640909881395163,0.33514461333953227,0.0595703125,0.38328702566708794,0.46221159203148404,0.18597560975609756,0.050165703807812656,0.04523198533093771,0.0625,0.8215149635680379,0.5961135893123625,1.4299815887266645,3.3414518128679345,8.675008837955646,0.3280883679597787,0.43859176729683985
225,0.19597232289729466,0.22015512000210619,0.24213948100648025,0.16519421749117094,nan,nan,nan,nan,nan,0.14681715350871039,0.031649784142963766,0.4347355769230769,0.27090464954250976,0.3589540093595136,0.05078125,0.31883206383227486,0.4069594015603067,0.09851371951219512,0.1440666131249298,0.170994728963137,0.07674632352941177,1.2363876635110076,0.6675555180116021,0.7029485112068978,1.6129968362564815,7.850715659460318,0.41607603618593964,0.5697111281528141
43,0.4464129477302503,0.2205676066197506,0.01525366015565985,0.7338524727799773,nan,nan,nan,nan,nan,0.2073454193656636,0.003504740958082839,0.7169471153846154,0.2277100229500664,0.05043465713009295,0.6708984375,0.18958231339206216,0.006040238748886992,0.6484375,0.2576326707712102,0.0010350037855766186,0.8991268382352942,0.8,0.3,2.0,0.5,15.0,0.2,0.3
139,0.1952763615311786,0.22057178870608818,0.2435676315923696,0.16308218149038461,nan,nan,nan,nan,nan,0.16235341550503396,0.05191016632243216,0.43846153846153846,0.2680105907937413,0.35373045211123777,0.0537109375,0.4017574447177648,0.5233979226048707,0.09765625,0.050165703807812656,0.04523198533093771,0.0625,0.9766627834230756,0.6304511235256719,3.1527904113101974,3.4388215523275045,4.527375088078825,0.13511302814166065,0.4923347659356046
51,0.38732109424145017,0.22069484687488278,0.0692164401780033,0.5993908636170815,nan,nan,nan,nan,nan,0.1555075040605277,0.006364351838584953,0.5283653846153846,0.34606858692435616,0.26613664669409853,0.5458984375,0.18097655240347887,0.0033671733648704114,0.625,0.2002267441111684,0.000997588814459286,0.6982996323529411,0.8,0.4,2.0,0.5,15.0,0.2,0.3
54,0.40556285443193296,0.2208763977113197,0.05297961887439851,0.6406183448036227,nan,nan,nan,nan,nan,0.18654466660361485,0.001787533245060736,0.6484375,0.30546375816862203,0.20382113643607083,0.5595703125,0.18706922007711213,0.005037152010395994,0.6421493902439024,0.2044279459959298,0.0012726538060664648,0.7123161764705882,0.8,0.4,2.0,0.5,15.0,0.1,1.0
42,0.4419791672215928,0.2209985987473499,0.020107172861674415,0.7232271634615385,nan,nan,nan,nan,nan,0.21094074260296058,0.006903578105683243,0.7210336538461538,0.22771362042551418,0.06411156859571983,0.63671875,0.22465086162040024,0.008261206268560282,0.765625,0.22068917034052454,0.0011523384767343054,0.76953125,0.8,0.3,2.0,0.5,15.0,0.1,0.3
23,0.39736939083045403,0.22101732946975333,0.0606972736872982,0.6218174689258912,nan,nan,nan,nan,nan,0.18398685068398216,0.0018123601883442673,0.6394230769230769,0.30002080716679,0.23096663003350598,0.47265625,0.2141458940242328,0.009103032121730817,0.7267530487804879,0.1859157660040084,0.0009070724056117214,0.6484375,0.5,0.4,2.0,0.5,15.0,0.2,1.0
314,0.1780784144089685,0.22125313161260463,0.260502874525001,0.12312877433161351,nan,nan,nan,nan,nan,0.12113538747888183,0.03963761939351147,0.3248798076923077,0.28053873439095933,0.379472978147343,0.033203125,0.43317270077276454,0.5776689152282117,0.07193216463414634,0.050165703807812656,0.04523198533093771,0.0625,0.6527013096938292,0.6865235590753991,0.5188680177445282,1.0709886417859984,11.31045165912423,0.2880997061558604,0.35063898844247904
55,0.4082676071918825,0.223653853870645,0.055823169033156345,0.6432305659643665,nan,nan,nan,nan,nan,0.18443055436417494,0.0074575838021525755,0.6268629807692307,0.26854380063763594,0.21150819589269032,0.4111328125,0.18097655240347887,0.0033671733648704114,0.625,0.26066450807729014,0.0009597230729120481,0.9099264705882353,0.8,0.4,2.0,0.5,15.0,0.2,1.0
109,0.4143065864617066,0.22392099702367452,0.05084318844364533,0.6566155184737474,nan,nan,nan,nan,nan,0.17483228954021654,0.0051498207409185195,0.5990384615384615,0.3073570830676044,0.1908467912946461,0.5986328125,0.20857407879632953,0.006332978607544231,0.7141768292682927,0.2049205366905476,0.0010431631314724913,0.7146139705882353,0.7151146606432623,0.3822180405454572,1.5353261335216026,2.7291225557825998,14.37057044860872,0.11222650036195883,0.7644028691836128
92,0.34731969873358515,0.2240355190853048,0.11195899213232266,0.5042268364677602,nan,nan,nan,nan,nan,0.15715315283373915,0.007346144736465594,0.5316706730769231,0.2838888268599219,0.27439748260389063,0.3076171875,0.18097655240347887,0.0033671733648704114,0.625,0.27412354424407936,0.16272516782406402,0.5526194852941176,0.6927542211323692,0.47944004401134926,1.8609333045446077,0.6666544383952722,5.563816390520234,0.14468765752796262,0.25883471623926063
12,0.44843762197935316,0.22419925781531694,0.02034619948437492,0.7338319036426718,nan,nan,nan,nan,nan,0.230831450184037,0.0016255687191902319,0.8038461538461539,0.2295408824587788,0.07057598544229028,0.626953125,0.21492152795154867,0.007902334254119346,0.7324695121951219,0.22150317066690325,0.0012809095218998209,0.7720588235294118,0.5,0.3,2.0,0.5,1.0,0.1,1.0
198,0.4682821762888598,0.22497301942161044,0.0037828768150200637,0.7779483759380863,nan,nan,nan,nan,nan,0.2232719534903049,0.0036865041171960716,0.7722355769230769,0.20345414017617283,0.005148296246641934,0.69921875,0.19276154524299183,0.005917992608481215,0.6598704268292683,0.2804044387769722,0.00037871428776103667,0.98046875,1.1331182193998137,0.2327762273297852,0.8370445007773619,1.4238000727523263,5.179208043594888,0.2917395742231084,0.4304146052098408
20,0.4106902288698794,0.2249995688404538,0.0561898779046123,0.6470237961800573,nan,nan,nan,nan,nan,0.17986990599023642,0.001817868386330957,0.625,0.34263899739492953,0.2171945963529013,0.65625,0.19027016364909083,0.00494530227945891,0.6535823170731707,0.18721920832755828,0.0008017445997580211,0.6532628676470589,0.5,0.4,2.0,0.5,1.0,0.1,1.0
342,0.20769619003150813,0.2250287061595079,0.240785539003144,0.18563662405041753,nan,nan,nan,nan,nan,0.17256616486654353,0.032193592351622426,0.5234975961538462,0.27090464954250976,0.3589540093595136,0.05078125,0.2610446467782382,0.33360274939197243,0.07964939024390244,0.19559936345074014,0.23839180490946754,0.08861825980392157,0.5536333696312288,0.661259204115727,0.8592087396424624,3.307876558625404,10.847117771368202,0.466899438722451,1.0641712775123666
17,0.4103413593017423,0.22504293352100888,0.05658981917488751,0.6461757193863122,nan,nan,nan,nan,nan,0.1858066337482102,0.0020523641705711498,0.6451923076923077,0.30268384397498715,0.219460506564982,0.5107421875,0.18097655240347887,0.0033671733648704114,0.625,0.2307047039573593,0.0014792325991264809,0.8037683823529411,0.5,0.4,2.0,0.5,1.0,0.2,0.3
40,0.4535659108562623,0.22637747120394663,0.01984252606547779,0.7427148340501186,nan,nan,nan,nan,nan,0.2084380778645612,0.008664270548847233,0.7078725961538461,0.23972965145661568,0.06335588703926194,0.6806640625,0.19298405044789552,0.006458158431931746,0.6592987804878049,0.26435810504671403,0.0008917882418702427,0.9230238970588235,0.8,0.3,2.0,0.5,1.0,0.1,0.3
19,0.4039683146077151,0.22712596230297358,0.06636018748048127,0.6290403993592043,nan,nan,nan,nan,nan,0.16191543044038234,0.013508525693458312,0.5329326923076924,0.35719021172844884,0.2461600464198283,0.634765625,0.1883378676057177,0.004526673184590119,0.6478658536585366,0.20106033943734544,0.001245504624048313,0.7005974264705882,0.5,0.4,2.0,0.5,15.0,0.2,0.3
22,0.4064727932811955,0.22720638763958717,0.06423692796539769,0.6346300368250608,nan,nan,nan,nan,nan,0.18262684676531032,0.0047641239329728555,0.6272836538461538,0.3352794929025172,0.24634441506352403,0.5576171875,0.18924026460531157,0.004646736301094704,0.6507240853658537,0.20167894628520955,0.0011924365639991922,0.7028952205882353,0.5,0.4,2.0,0.5,15.0,0.1,1.0
80,0.44093454922802866,0.2284448045819737,0.035272309449196494,0.7113760424139168,nan,nan,nan,nan,nan,0.1918828297342781,0.004573461627989293,0.66015625,0.2634952932587016,0.12826841056218222,0.6015625,0.20209302757456055,0.007320482506823839,0.6890243902439024,0.25630806776035464,0.0009268830997906213,0.8947610294117647,0.9913326567017577,0.34314710346908767,1.4191654088876984,0.9456599739808451,3.431722369939478,0.16557164979048278,0.17020602279535177
209,0.18570708154176246,0.228644361407831,0.267678252195166,0.13105963443949342,nan,nan,nan,nan,nan,0.10956252278184686,0.02252214727920097,0.32716346153846154,0.28053873439095933,0.379472978147343,0.033203125,0.4743104846507052,0.6234858980231823,0.1013719512195122,0.050165703807812656,0.04523198533093771,0.0625,1.0688865071064357,0.6840577122158646,0.6283288637755722,1.4977216334008954,7.260149896252493,0.4007953408592698,0.46652025508758893
18,0.41763488325659837,0.2289360504683117,0.05739165702441459,0.6577970340780543,nan,nan,nan,nan,nan,0.2004324047955091,0.008874597482943438,0.6793269230769231,0.3188471417117317,0.2159172483964243,0.576171875,0.18097655240347887,0.0033671733648704114,0.625,0.21548810296252704,0.0014076088534201903,0.7506893382352942,0.5,0.4,2.0,0.5,15.0,0.1,0.3
108,0.21138450565146294,0.22902205898357014,0.24505619837639486,0.18893671050150831,nan,nan,nan,nan,nan,0.13282251293291167,0.025687095029153235,0.4006610576923077,0.2532531411386558,0.32955439759411814,0.0625,0.17763992761306407,0.22369589865828968,0.0625,0.35237265424964903,0.4012874022240184,0.23008578431372548,0.7238330745336948,0.5865459659203109,1.5514745205364713,2.901959793799131,5.775029675053381,0.10931000977544601,0.4442613884578261
238,0.1966349103324272,0.22971595465251846,0.25978963130714683,0.15453176301594745,nan,nan,nan,nan,nan,0.1466783025834354,0.06373904669373258,0.3540264423076923,0.27090464954250976,0.3589540093595136,0.05078125,0.26232819836859944,0.3350567338136002,0.08050685975609756,0.23895266811552932,0.281408735361741,0.1328125,0.9780895742448256,0.6573501572636211,0.5539685611836324,1.682881083392794,5.75615235306353,0.48297236218320716,0.6764156212098144
44,0.45763506856061065,0.22988388925941788,0.022837362621969868,0.7475002058530377,nan,nan,nan,nan,nan,0.1947682465992432,0.0017620837004788726,0.6772836538461539,0.23725734802873372,0.07942591224022715,0.6318359375,0.24239929769201887,0.008642553354192221,0.8267911585365854,0.24511066471767573,0.0015189011929812475,0.8540900735294118,0.8,0.3,2.0,0.5,1.0,0.1,1.0
82,0.44873036203913397,0.23124866970882227,0.0335380403176298,0.7255252431868033,nan,nan,nan,nan,nan,0.19754520295113287,0.005072899516201405,0.6787259615384615,0.24199472218963095,0.11652698606548326,0.5556640625,0.24191558568114555,0.011395234587750032,0.8182164634146342,0.24353916801337974,0.00115704110108452,0.8494944852941176,0.9443417961166338,0.34280808973742655,2.4754260010695575,1.135621009080327,3.369800387831686,0.16544708542077097,0.5642883338624854
98,0.4062427040595963,0.23124920223857293,0.0721642005830971,0.6289617063772625,nan,nan,nan,nan,nan,0.1822422538663888,0.00521127079755968,0.6248197115384615,0.34394553936265815,0.27878938010772136,0.5068359375,0.18097655240347887,0.0033671733648704114,0.625,0.21783246332176592,0.0012889780622369557,0.7591911764705882,0.5520229671890375,0.41919748504426824,2.1089867176235604,0.362254557312474,1.6075479308597476,0.09005330861642452,0.33759422632702146
9,0.4573503685208561,0.231983225138245,0.02710400388132576,0.744181278280543,nan,nan,nan,nan,nan,0.2048390336972988,0.003529454868525948,0.7081129807692308,0.2586286526609925,0.10114261372538946,0.65234375,0.18097655240347887,0.0033671733648704114,0.625,0.2834886617912098,0.0003767735665172179,0.9912683823529411,0.5,0.3,2.0,0.5,1.0,0.2,0.3
41,0.46123457949716773,0.23251006951989828,0.024578696813289634,0.7523385012864199,nan,nan,nan,nan,nan,0.18216884015223236,0.003521953136202235,0.6287860576923077,0.23158732225551135,0.08437850115771586,0.599609375,0.26233692765096994,0.009116210906479828,0.8953887195121951,0.25394718802087946,0.0012981220527606197,0.8855698529411765,0.8,0.3,2.0,0.5,1.0,0.2,0.3
10,0.4695640331790445,0.23281005993067266,0.017579175159425565,0.7708872718587904,nan,nan,nan,nan,nan,0.19985210414170765,0.0017400611830060547,0.6951322115384615,0.2321072830787431,0.059325196310240316,0.6640625,0.24605270567627185,0.008040861117512284,0.8410823170731707,0.2532281468259681,0.0012105820269435958,0.8832720588235294,0.5,0.3,2.0,0.5,15.0,0.1,0.3
269,0.1981004059795912,0.23323442198803862,0.26517443654117256,0.15338438560520362,nan,nan,nan,nan,nan,0.15012247065605028,0.03649357430308574,0.43419471153846156,0.28053873439095933,0.379472978147343,0.033203125,0.17763992761306407,0.22369589865828968,0.0625,0.3246365552920808,0.4210352950559719,0.08363970588235294,0.6492443876804497,0.6986520065976091,0.6975111272739095,3.1977581785844356,9.259678526399028,0.25286522329658395,0.36707207102636336
7,0.4881311501418641,0.23384295493880874,0.0026718683905765576,0.8117706713093891,nan,nan,nan,nan,nan,0.2675313010164101,0.0015149752691278981,0.9325721153846154,0.21758536062363507,0.005010129873089082,0.7490234375,0.18097655240347887,0.0033671733648704114,0.625,0.26927860571171097,0.0007951950552188391,0.9404871323529411,0.5,0.2,2.0,0.5,15.0,0.2,1.0
337,0.19582230673122708,0.23449770646356222,0.26965716076568497,0.14659907070825517,nan,nan,nan,nan,nan,0.17194577160429256,0.09774331101524034,0.3574519230769231,0.27090464954250976,0.3589540093595136,0.05078125,0.4449747008996338,0.5766993373570483,0.11566310975609756,0.050165703807812656,0.04523198533093771,0.0625,0.586051978624926,0.6621991307197814,0.8634307527802375,2.5063583671932954,10.12780271288146,0.2608653418373569,1.3133521016337084
289,0.48278116680204963,0.23481483728087443,0.00939090135253325,0.7983746771017272,nan,nan,nan,nan,nan,0.20336606833543325,0.0026692264388373005,0.7051081730769231,0.20648087714456448,0.02579197800239023,0.658203125,0.2519955863722052,0.008586503847916548,0.8605182926829268,0.2774168172712947,0.0005158971209889114,0.9696691176470589,0.7302744301322089,0.2701869685725595,0.8050982064888322,3.040469757929978,10.826251117645846,0.22709686708613847,0.31747122482281304
21,0.42221909741499264,0.23508822871157461,0.06496925716301272,0.6603856575829792,nan,nan,nan,nan,nan,0.18810818407811555,0.00440915001705403,0.6473557692307692,0.36539347857324617,0.24944149500254453,0.6552734375,0.18936685936648923,0.004823968966743412,0.6507240853658537,0.19748439282844754,0.001202414665708889,0.6881893382352942,0.5,0.4,2.0,0.5,1.0,0.2,1.0
122,0.23064020712635397,0.23517234784633023,0.23929247577358134,0.22487202802820233,nan,nan,nan,nan,nan,0.22777096463986038,0.0628937735727276,0.6399639423076923,0.2680105907937413,0.35373045211123777,0.0537109375,0.26232819836859944,0.3350567338136002,0.08050685975609756,0.1825796375831198,0.20548894359675982,0.1253063725490196,0.8927053340985114,0.6171268789340152,0.5793830589788678,3.24181299854081,4.990414588909876,0.4895316006110819,1.9927776902375176
5,0.4930597089987121,0.23647537531824583,0.0032168901541855693,0.8196215882283965,nan,nan,nan,nan,nan,0.2742671148136902,0.0014979992007046563,0.9561899038461539,0.21262798498261254,0.005491678975657542,0.73046875,0.18706922007711213,0.005037152010395994,0.6421493902439024,0.27193718139956846,0.0008407304299840846,0.9496783088235294,0.5,0.2,2.0,0.5,1.0,0.2,1.0
174,0.19285576374350474,0.23685328910324993,0.27685103943029093,0.13685891328564728,nan,nan,nan,nan,nan,0.16171787418690237,0.06751079309243249,0.3972355769230769,0.2962031803162602,0.40609070244276424,0.021484375,0.43932639810202445,0.5885706768550293,0.0662157012195122,0.050165703807812656,0.04523198533093771,0.0625,0.8503344914265739,0.6961679297136927,3.234346086584406,3.399398639494607,3.066811857211665,0.12469878275271475,0.41398844378895
48,0.4221192552921747,0.23722197713806725,0.06913354245251498,0.6574430638519478,nan,nan,nan,nan,nan,0.15370415699050008,0.006724281325161609,0.5211538461538462,0.37368875044724004,0.2622267506261361,0.65234375,0.20034397138462695,0.0062437550604289484,0.6855945121951219,0.22115102972990192,0.0013393827983332156,0.7706801470588235,0.8,0.4,2.0,0.5,1.0,0.1,0.3
36,0.49519858121667354,0.23762722946961257,0.003471455154102492,0.8230166652583876,nan,nan,nan,nan,nan,0.22072576477078745,0.0016843399098716767,0.7683293269230769,0.21280186933364917,0.004953867067108814,0.732421875,0.27250075630921133,0.005967522247529941,0.9388338414634146,0.24448052746480226,0.0012800913918995383,0.8524816176470589,0.8,0.2,2.0,0.5,1.0,0.1,1.0
37,0.4990201967308352,0.23960294248517938,0.0037690749891286356,0.8291876112253063,nan,nan,nan,nan,nan,0.24161696222781162,0.0015810548112439083,0.8417067307692307,0.2134136147766832,0.005029060687356425,0.734375,0.2323216403869456,0.007567369712455532,0.7942073170731707,0.2710595525492772,0.0008988147454586772,0.9464613970588235,0.8,0.2,2.0,0.5,1.0,0.2,1.0
116,0.22388589278647997,0.23987441105435908,0.2544094276615219,0.20353686953645203,nan,nan,nan,nan,nan,0.15272508509385357,0.04376704220831805,0.4251201923076923,0.25640909881395163,0.33514461333953227,0.0595703125,0.2392028944277201,0.281073076589052,0.13452743902439024,0.31116056588191104,0.35765297850918526,0.19492953431372548,0.7401059573847124,0.5969390713490221,0.841486088311594,3.373837458811467,5.607407133997047,0.12101836503327319,0.45501293203609
35,0.5003493010515874,0.24025584353807994,0.0038072457985276003,0.8313773378869607,nan,nan,nan,nan,nan,0.21897615614350122,0.001686810908593977,0.7621995192307692,0.21818017056724281,0.004670988794139919,0.751953125,0.2380609204293916,0.008742605674318912,0.8113567073170732,0.28580612701218405,0.00012857781705759365,1.0,0.8,0.2,2.0,0.5,15.0,0.2,0.3
4,0.5013010760424117,0.24062408336521063,0.0036449991132096703,0.8330717939952129,nan,nan,nan,nan,nan,0.22492147921826067,0.001644878597872589,0.7831129807692307,0.21257160298305414,0.005022119176275789,0.7314453125,0.27051493519467884,0.006960238540842993,0.9294016768292683,0.25448831606484895,0.0009527601378473107,0.8883272058823529,0.5,0.2,2.0,0.5,1.0,0.1,1.0
295,0.4820344979369858,0.2410391633530531,0.021952495549477896,0.788755832861991,nan,nan,nan,nan,nan,0.2026199893543031,0.0020814466344858153,0.7039663461538461,0.23896013732122595,0.0751691922497163,0.6484375,0.24600440116677175,0.0100311616334804,0.8359375,0.27657212556991156,0.000528181680229067,0.9666819852941176,0.5555555446989843,0.31768167371785855,1.6484055912758686,3.0749368102307013,11.17746521568946,0.2147011029338924,0.3762518648368984
0,0.5027534427171854,0.24128008670852258,0.0035770357915563163,0.8355377140009381,nan,nan,nan,nan,nan,0.24990260842219192,0.0015703825602994127,0.8707331730769231,0.22008171971415894,0.0049894075998224525,0.7578125,0.2093298916855554,0.007619775189045806,0.7136051829268293,0.28580612701218405,0.00012857781705759365,1.0,0.5,0.2,2.0,0.5,1.0,0.1,0.3
39,0.5036633178857322,0.24197541231026312,0.00407731633256392,0.8367206522545111,nan,nan,nan,nan,nan,0.2641957819495526,0.0015327485755274937,0.9208533653846154,0.21680431308141954,0.006260413313987305,0.7431640625,0.21325223753974626,0.00785191304344961,0.7267530487804879,0.2736493166703341,0.0006641903972912705,0.9561121323529411,0.8,0.2,2.0,0.5,15.0,0.2,1.0
50,0.39851884820625083,0.2431260559789628,0.10185988122688275,0.5962914928591628,nan,nan,nan,nan,nan,0.15011988053718714,0.006538025059754288,0.5090745192307692,0.3174739766168122,0.21360419226353705,0.5771484375,0.18097655240347887,0.0033671733648704114,0.625,0.32393381435837304,0.18393013421936927,0.6739430147058824,0.8,0.4,2.0,0.5,15.0,0.1,0.3
162,0.2299276746125601,0.2436015570758327,0.2560323593151714,0.21252455147748595,nan,nan,nan,nan,nan,0.2078792801517874,0.04256945375096384,0.6211538461538462,0.27090464954250976,0.3589540093595136,0.05078125,0.445456594801221,0.5773739888192704,0.11566310975609756,0.050165703807812656,0.04523198533093771,0.0625,1.2821703399067403,0.6426662571475914,0.6607847378357745,2.981037167971901,4.88881812222541,0.14785199515454328,0.8444336228730666
74,0.4004497510367153,0.24421939204036774,0.10219179295277905,0.5992883897593395,nan,nan,nan,nan,nan,0.18974445132013035,0.009752808771259381,0.6397235576923077,0.32232265735646415,0.2891423452990498,0.4052734375,0.21334392688756612,0.008094607398690109,0.7264672256097561,0.25146653259731044,0.10177741034211689,0.6256893382352942,1.0789496015596332,0.44060715911056303,2.2843992217186395,0.9090700071696705,1.9828206129388137,0.06590836480862508,0.36977007626156494
1,0.5105010218154589,0.24545463845823712,0.004503380860762712,0.8478327824519231,nan,nan,nan,nan,nan,0.26495945077889116,0.001520154167370674,0.9235576923076924,0.22033251822663652,0.008856150517291134,0.7490234375,0.2107204578152368,0.007508640941331447,0.71875,0.28580612701218405,0.00012857781705759365,1.0,0.5,0.2,2.0,0.5,1.0,0.2,0.3
27,0.37398247691541253,0.24635892577177204,0.13033751564118976,0.5364124510982278,nan,nan,nan,nan,nan,0.20424008753175715,0.017114007159844544,0.6720552884615385,0.3405907567251579,0.34909268441522096,0.3193359375,0.18097655240347887,0.0033671733648704114,0.625,0.2596283064266944,0.15177619762482306,0.5292585784313726,0.5,0.5,2.0,0.5,15.0,0.2,0.3
240,0.2255571698340079,0.24658772651354033,0.2657064144040243,0.1987910067873303,nan,nan,nan,nan,nan,0.21148878871475812,0.07461795804681516,0.5536658653846154,0.27090464954250976,0.3589540093595136,0.05078125,0.17763992761306407,0.22369589865828968,0.0625,0.32631754018382947,0.40555779155147886,0.12821691176470587,0.8417978628010189,0.6547509914874441,1.3030073680422878,1.705957294468357,8.599124737657919,0.3556569727804906,0.6811094864626593
83,0.4502837362695176,0.24746306366566412,0.06308063402579725,0.7084191377653313,nan,nan,nan,nan,nan,0.19139052024568548,0.001792882190113552,0.6653846153846154,0.26148356456346056,0.12388949038884475,0.60546875,0.19624354898411855,0.007362919797278156,0.6684451219512195,0.3407346208693919,0.1192772437269525,0.8943780637254902,1.6304313661474192,0.3516771782719166,2.805557483887494,1.1749249735679297,11.661802757394899,0.17600605538806827,0.5400142635449683
38,0.517192913043842,0.24772527211023648,0.0027546894433223036,0.8601517287775218,nan,nan,nan,nan,nan,0.21573250451754145,0.0016889678630195454,0.7508413461538461,0.21257297690588386,0.005024042668237352,0.7314453125,0.2803175810018194,0.003877540231815429,0.9714176829268293,0.2822780260157012,0.0004282070102168877,0.9869025735294118,0.8,0.2,2.0,0.5,15.0,0.1,1.0
34,0.5174278411758533,0.2480622729742521,0.003184483700069198,0.8602567461597092,nan,nan,nan,nan,nan,0.22149599215062316,0.0016809274724108119,0.7710336538461539,0.21589798791347412,0.004991558078863723,0.7431640625,0.2690489848207271,0.005936871431944665,0.926829268292683,0.28580612701218405,0.00012857781705759365,1.0,0.8,0.2,2.0,0.5,15.0,0.1,0.3
33,0.5165390239444413,0.24833345188685568,0.004510204561777828,0.8578915701995503,nan,nan,nan,nan,nan,0.23674603080582843,0.002189635435852078,0.8231370192307692,0.21829120332391155,0.008342059653476097,0.7431640625,0.25544167719794736,0.0070085919795653175,0.8765243902439024,0.2828548962197354,0.000500531178217822,0.9887408088235294,0.8,0.2,2.0,0.5,1.0,0.2,0.3
84,0.44486061708643065,0.24973171372481331,0.07234180157788836,0.6932064940921256,nan,nan,nan,nan,nan,0.20214050607729808,0.006554400815909553,0.6911057692307693,0.27257978230146024,0.16364294522204428,0.544921875,0.2164095412518753,0.008842260191649815,0.735327743902439,0.30779702526861963,0.11032760008194979,0.8014705882352942,1.63862312447721,0.3738945497038746,2.5970308854972113,1.2751128581891997,11.40247599448117,0.16723569902195679,0.5620090087220206
49,0.37515493553641927,0.25001127222384995,0.13624430557605957,0.5344286888433258,nan,nan,nan,nan,nan,0.21304269069682114,0.01475015159093417,0.7087740384615384,0.26477708088095503,0.31014103823333705,0.1513671875,0.18097655240347887,0.0033671733648704114,0.625,0.3412487649141447,0.21671885911509664,0.6525735294117647,0.8,0.4,2.0,0.5,1.0,0.2,0.3
2,0.523681809733705,0.25071377367391395,0.002561013619558292,0.871095673809803,nan,nan,nan,nan,nan,0.21573105862500125,0.0016869436134632724,0.7508413461538461,0.21525484230849581,0.0056536542318941395,0.7392578125,0.28606306674997467,0.0027748788158181627,0.9942835365853658,0.28580612701218405,0.00012857781705759365,1.0,0.5,0.2,2.0,0.5,15.0,0.1,0.3
3,0.5244439263799939,0.25118501543994476,0.002767823676263676,0.8722279948491475,nan,nan,nan,nan,nan,0.2591969041858501,0.0015295120140362771,0.9033653846153846,0.20661545220011693,0.002933508080163659,0.7158203125,0.2560165343330044,0.00621278221254764,0.8805259146341463,0.28291117104080765,0.0003954923983071275,0.9892003676470589,0.5,0.2,2.0,0.5,15.0,0.2,0.3
189,0.5241554354661633,0.25127615149160765,0.00320407515110245,0.8714563423428705,nan,nan,nan,nan,nan,0.23248348049401502,0.0016307188454671023,0.8096153846153846,0.23511723733600487,0.004945382270406813,0.810546875,0.2516977611242267,0.006111621671478292,0.8656631097560976,0.28580612701218405,0.00012857781705759365,1.0,1.1933858883685518,0.16639208517993526,0.5734453231578593,3.206989183347263,2.668296354009847,0.4353587354260072,0.39547698658475267
172,0.20358029515080708,0.2517966893292857,0.29562977494608433,0.14221397528728894,nan,nan,nan,nan,nan,0.13195410327962634,0.03437516766839996,0.3759014423076923,0.2868317016634023,0.39179875732876324,0.0244140625,0.5382352485663013,0.7111131894562364,0.10604039634146341,0.050165703807812656,0.04523198533093771,0.0625,1.0063457131443745,0.6981883690774309,3.2657060873347326,1.6556529056322058,4.3999917708766585,0.10599328394567281,0.5331634934352045
244,0.24368124411148945,0.2547530008155368,0.26481823418285255,0.22958991739724738,nan,nan,nan,nan,nan,0.18525070950497785,0.010841377922353596,0.6212740384615385,0.25640909881395163,0.33514461333953227,0.0595703125,0.17763992761306407,0.22369589865828968,0.0625,0.3997122673301536,0.48959104681123466,0.17501531862745098,0.8332549756163086,0.5970092100522204,1.423360973404468,1.3254296412454207,8.527793328340415,0.35932936810686567,0.4232220232156404
202,0.531405525623492,0.25496483825698957,0.003655122469260032,0.8832391277263133,nan,nan,nan,nan,nan,0.268296749941625,0.0015048729951980266,0.9352764423076924,0.2359524724942305,0.004942836491922592,0.8134765625,0.22980400357991884,0.008044202572861916,0.784203506097561,0.28580612701218405,0.00012857781705759365,1.0,1.1228682323838368,0.17028912619064596,0.7511583429701066,1.510251002613793,7.205845228173401,0.3066750992266793,0.38739734301994116
26,0.29227506010464205,0.2560725251350788,0.22316112970820312,0.33835101370226794,nan,nan,nan,nan,nan,0.12631988051048898,0.019564178868530714,0.3932091346153846,0.33011883443762746,0.3207601182126784,0.353515625,0.26591103012138295,0.3335559299748142,0.09679878048780488,0.3019403554708158,0.21876429177678913,0.5098805147058824,0.5,0.5,2.0,0.5,15.0,0.1,0.3
250,0.5352856107488768,0.2565866734614594,0.0032240032001706635,0.8899933491146811,nan,nan,nan,nan,nan,0.2451070588703291,0.0015633439569222348,0.8539663461538461,0.24909878778357258,0.004597677897001569,0.8603515625,0.24633472017975183,0.006606413129701257,0.8456554878048781,0.28580612701218405,0.00012857781705759365,1.0,0.9129309741167669,0.11973884803158785,0.8090794550828249,3.3590572407945687,6.292779313679177,0.269900032776111,0.44332993124725795
89,0.4639096535498994,0.25842658172793886,0.07162378916252019,0.7254335631414855,nan,nan,nan,nan,nan,0.2274311575751837,0.01773054368218021,0.7516826923076924,0.29224125189015704,0.15913775264621982,0.625,0.21723184573381682,0.007706901100514275,0.7410442073170732,0.2968020717125979,0.10191995922116645,0.7840073529411765,1.5365409812596227,0.36074885400690493,2.4957412185088605,1.1379712476174546,10.933810147875873,0.2213677054426778,0.339668159192888
85,0.442681817536796,0.25846587069088606,0.09099682810369525,0.6771384771588631,nan,nan,nan,nan,nan,0.20152576172947623,0.005669720267420577,0.6911658653846153,0.2787436529014556,0.1461004890620378,0.6103515625,0.1848165531590262,0.004170003690929364,0.6364329268292683,0.3687775149735863,0.20804709939439325,0.7706035539215687,1.7714219565468492,0.35764104777140077,2.555937003385168,1.2319729738146386,4.687274856968431,0.22284621517756412,0.5510538659625214
88,0.43106959416013185,0.2587652824407465,0.10212499905948702,0.6503659908938951,nan,nan,nan,nan,nan,0.2187493041954118,0.010119218181268767,0.7403245192307693,0.2885997094168974,0.23919584318365636,0.412109375,0.20387206196882945,0.007524545292946594,0.6947408536585366,0.3238400541818473,0.15166038958007638,0.7542892156862745,2.439857615933445,0.3595357164249825,2.4431559961661753,1.2031543449553834,12.666342446474884,0.17624719242754577,0.5006045955730491
32,0.5412578560538679,0.258844505426952,0.0021050957661192062,0.9006930295790337,nan,nan,nan,nan,nan,0.24167638218231371,0.0015921273629314887,0.8418870192307693,0.2218972346702882,0.004015503538403458,0.7666015625,0.2859982778430219,0.002684174346084285,0.9942835365853658,0.28580612701218405,0.00012857781705759365,1.0,0.8,0.2,2.0,0.5,1.0,0.1,0.3
6,0.5412788712037295,0.2593016462685681,0.0029587145093304765,0.900158975666662,nan,nan,nan,nan,nan,0.27170041703452524,0.0015103915406430419,0.9471754807692307,0.2123462992566387,0.004706693959294136,0.7314453125,0.2809197014326926,0.0047205088350379095,0.9714176829268293,0.27224016735041584,0.0008972637023468193,0.9505974264705882,0.5,0.2,2.0,0.5,15.0,0.1,1.0
197,0.5469652455654903,0.2617218101259929,0.0024095960900859968,0.9100023452157598,nan,nan,nan,nan,nan,0.23306187932517333,0.00164720797831951,0.8115985576923077,0.24324189901202947,0.00460115861684126,0.83984375,0.28477733515458453,0.0032614399481256254,0.9885670731707317,0.28580612701218405,0.00012857781705759365,1.0,0.9371960208625818,0.16336489231845586,0.8273117965160646,1.6031337455454415,5.22848983399462,0.28339631318181246,0.4339382419402741
203,0.551475327618083,0.2641286139665139,0.0029043288287236135,0.9171893268109894,nan,nan,nan,nan,nan,0.2657905486504315,0.001529845033680996,0.9264423076923077,0.22760226405653042,0.004971294679142519,0.7841796875,0.27842469517388724,0.004886036658076241,0.9622713414634146,0.28469694798520634,0.00023013894399469856,0.9958639705882353,1.1091694494233517,0.17505258322971104,0.784187838225164,3.306520073996784,7.142308629720737,0.41390221977037434,0.4649628860925348
87,0.4400286512930676,0.2652822144026109,0.10642181722946846,0.6624332073354671,nan,nan,nan,nan,nan,0.2033206186586125,0.002918096891288198,0.7043269230769231,0.27154072948617863,0.1457820212806501,0.5859375,0.18777057863756796,0.004875761312107317,0.6450076219512195,0.39849693082808463,0.27211138943382823,0.7144607843137255,1.472751396389334,0.36663485924727435,2.8650635244713114,1.1076808290199522,7.5560896961010755,0.1785152986531527,0.547992338684833
299,0.2387891689305364,0.26597504578598696,0.29068947929094197,0.20418896202359932,nan,nan,nan,nan,nan,0.1817746654168084,0.060998954660454796,0.4837139423076923,0.27090464954250976,0.3589540093595136,0.05078125,0.31883206383227486,0.4069594015603067,0.09851371951219512,0.2923888043523548,0.33584555158349283,0.1837469362745098,0.6955935477711594,0.6644256553329521,0.7121829800595758,3.1319473964484383,11.314444547136928,0.22145683804609215,0.30994677725958075
73,0.36196865548625823,0.2751199815773173,0.19616664166009834,0.4725033313703647,nan,nan,nan,nan,nan,0.1480122418595936,0.007313292449584871,0.4997596153846154,0.26393846077036076,0.283966970078505,0.2138671875,0.18707296377916732,0.005042393193273245,0.6421493902439024,0.5014562599001476,0.48834391091903023,0.5342371323529411,1.1921408071836055,0.44152637270507,2.289015327594944,0.9319945135746565,2.157241982248487,0.16850656902694516,0.3923326292633114
245,0.5776197605694493,0.2762762723080826,0.0023276466159309487,0.9611478365384616,nan,nan,nan,nan,nan,0.285885935234096,0.0014662708661959197,0.9969350961538461,0.24602335943252318,0.005370203205532403,0.84765625,0.2873896675535271,0.0023455345749378792,1.0,0.28580612701218405,0.00012857781705759365,1.0,0.8374195203424434,0.11883770612038036,1.2787328420264892,1.3636705490796919,6.208013829659695,0.26786522989323125,0.4216996152808081
327,0.2190744649895609,0.2772771835489345,0.3301887458756377,0.14499827773217636,nan,nan,nan,nan,nan,0.1454310253733281,0.038050550907274695,0.41388221153846155,0.28053873439095933,0.379472978147343,0.033203125,0.6329732706236377,0.8579994691169952,0.0704077743902439,0.050165703807812656,0.04523198533093771,0.0625,0.7658616586729495,0.6976377254444359,0.5912161296277301,2.688874839229579,10.425418577637458,0.05096882758651612,1.221709390020527
317,0.22910574965313973,0.2834963635150562,0.33294237611679833,0.15988133201070062,nan,nan,nan,nan,nan,0.1857764512207957,0.11852453170911395,0.35390625,0.27220379644704584,0.3619446900258641,0.0478515625,0.361036786207037,0.4588432689825347,0.11652057926829268,0.31496842018534615,0.39245701374968067,0.1212469362745098,0.6760361358566772,0.6824694924551151,0.6961322392017616,3.4191452196508982,11.477629087081667,0.2854221832752193,0.3520964057494546
165,0.25393503345702445,0.2862147307444185,0.3155599100965949,0.21285178236397748,nan,nan,nan,nan,nan,0.1917909112888692,0.02790631426595529,0.6015024038461538,0.27090464954250976,0.3589540093595136,0.05078125,0.6319976583384824,0.8301473314299729,0.1366234756097561,0.050165703807812656,0.04523198533093771,0.0625,1.0214386125795478,0.6436090050007367,0.7264025007709998,2.925327817607862,4.953027788309398,0.1620741576564498,0.8528373929885982
138,0.2237169801501142,0.2882935323807655,0.3469994889540848,0.14152864094746717,nan,nan,nan,nan,nan,0.18029813825032592,0.0865279704735332,0.4147235576923077,0.28895375560922737,0.3935977578529183,0.02734375,0.633756531855696,0.86264024215895,0.061547256097560975,0.050165703807812656,0.04523198533093771,0.0625,0.9373951355658109,0.6966207223071756,3.199412953108263,3.4930999239740146,4.589190128219562,0.13481939726702968,0.658107840492751
169,0.24758089332424207,0.29210835932173157,0.3325878738649038,0.1909095729638009,nan,nan,nan,nan,nan,0.1558659169554597,0.02580843758379741,0.4810096153846154,0.27090464954250976,0.3589540093595136,0.05078125,0.5731263914158787,0.7648769479822302,0.09375,0.16853647937307809,0.180712100534074,0.13809742647058823,1.0072820989393798,0.6459157367943776,3.267331514160722,3.331945171544063,6.74073133640685,0.10678671098443973,0.8199201451950345
123,0.2502648611039828,0.298571325173703,0.3424862925098122,0.18878390683342988,nan,nan,nan,nan,nan,0.14544786955580988,0.03646355583967228,0.41790865384615383,0.2680105907937413,0.35373045211123777,0.0537109375,0.578907196415838,0.7391286115675391,0.17835365853658536,0.20191964392942274,0.24062255052079967,0.1051623774509804,0.8734702311671457,0.6134720220588125,0.6279569926054613,3.475086140036379,5.359715041804288,0.1315906743456218,0.43295683964982656
101,0.3658310794159813,0.29937345575110763,0.23895743423758609,0.4504135095349115,nan,nan,nan,nan,nan,0.1882556117442709,0.008557856441979273,0.6375,0.3006018551319978,0.3520925971847969,0.171875,0.23047973149385179,0.08639113628651446,0.5907012195121951,0.4781566246343101,0.5087881470370537,0.40157781862745096,0.7194366639493645,0.5243684005352299,2.123427031417117,0.6342033824795194,14.435565943919071,0.11716977537637176,1.6529985123481858
344,0.2900020920758185,0.3155117208946554,0.33870229254814344,0.25753529176093515,nan,nan,nan,nan,nan,0.20576706533057662,0.05576619915511495,0.5807692307692308,0.28632477574802084,0.3899171860472292,0.02734375,0.17763992761306407,0.22369589865828968,0.0625,0.59231511488696,0.68542988633194,0.35952818627450983,6.39609238595253,0.6763029445511695,0.9872651883574325,3.2862085322021906,10.894624540740416,0.4987173133474638,1.5032598989364396
86,0.5033930739052813,0.31888755357096116,0.1511552623579429,0.7382182816035068,nan,nan,nan,nan,nan,0.20362814202776394,0.007675552685023323,0.6935096153846154,0.28839444759415334,0.14789285163181468,0.6396484375,0.2499057179240654,0.010805505093691487,0.84765625,0.533621906737862,0.4382471400212421,0.7720588235294118,3.851576329003092,0.35340618431383974,2.605147011158167,1.1723117458084973,12.492558495745957,0.1487533240343421,0.5725498427984304
163,0.2623905773407959,0.3207305425221765,0.37376687450524965,0.18813971256449344,nan,nan,nan,nan,nan,0.17259415089989394,0.07139142664446688,0.42560096153846155,0.2680105907937413,0.35373045211123777,0.0537109375,0.792151724587258,1.0247136339343563,0.2107469512195122,0.050165703807812656,0.04523198533093771,0.0625,1.0250799458391657,0.6410495978513004,3.0225191310501467,2.989343926162612,4.914911422182418,0.14481449732447585,0.5930586526596473
119,0.255166079985108,0.3239803648617581,0.3865388056587127,0.16758426286937148,nan,nan,nan,nan,nan,0.14110165264666055,0.02417692908994013,0.43341346153846155,0.2680105907937413,0.35373045211123777,0.0537109375,0.8366435121988178,1.123015856102735,0.12071265243902439,0.050165703807812656,0.04523198533093771,0.0625,0.9226864326023345,0.6304171976649037,1.917402190489699,3.2775094897751873,5.492117629406014,0.12554200915791475,1.9358933981457365
279,0.25765427608703434,0.3309778288579278,0.39763560410419463,0.16433339074226078,nan,nan,nan,nan,nan,0.18629238844864776,0.06446318998195298,0.4908653846153846,0.27913282581242377,0.37633283113739324,0.0361328125,0.8083203973628271,1.1045144099664945,0.06783536585365854,0.050165703807812656,0.04523198533093771,0.0625,0.6063612688000846,0.6998974335610555,0.778611000144428,3.16398196317163,9.49999614124157,0.2396488509001652,0.3330920066272774
302,0.2623117391009767,0.33852612671752413,0.407811933641658,0.16531160940718925,nan,nan,nan,nan,nan,0.14873838785815086,0.05207989684756501,0.3903846153846154,0.2680105907937413,0.35373045211123777,0.0537109375,0.675213681974849,0.8944988498867398,0.12700076219512196,0.2621418462433553,0.3309385357210895,0.0901501225490196,0.523232331129532,0.6429008685668121,0.597952881566084,3.3981068475849288,9.00648129675141,0.2572485591911978,0.3479193937017288
143,0.2510189387235592,0.33921994028798264,0.41940266898291295,0.13876311855065665,nan,nan,nan,nan,nan,0.10931766275345003,0.02302068939329156,0.3250600961538462,0.27090464954250976,0.3589540093595136,0.05078125,0.9264917450481579,1.2504039918479088,0.11671112804878049,0.050165703807812656,0.04523198533093771,0.0625,1.1348663158691585,0.663748081443318,0.560683671996498,3.2442660342331138,4.655263538549927,0.1340944064174948,0.49805123985657507
236,0.2828392428106201,0.3421195415929984,0.39601072230425144,0.20739158981486588,nan,nan,nan,nan,nan,0.1707841492773024,0.03703050129591564,0.5051682692307692,0.27090464954250976,0.3589540093595136,0.05078125,0.8555600777231686,1.1249182551538994,0.18216463414634146,0.07122928982901311,0.06314012340767716,0.09145220588235294,0.9843550159928525,0.6547581245198224,1.03878248419259,1.3309109371262076,8.40602715145657,0.21601123730619284,0.6884908359978672
104,0.4623679937935535,0.34380977574322913,0.2360295775156615,0.6132602713121482,nan,nan,nan,nan,nan,0.21146530224271695,0.011700461601342154,0.7108774038461538,0.2984994805674814,0.20266489779447389,0.5380859375,0.6723667582563272,0.6815573639978824,0.649390243902439,0.19290756190639122,0.04819558666894763,0.5546875,0.7178046656876842,0.42463166078544073,2.1225424809516498,0.3392279495811068,14.398110672152944,0.08978824730822205,0.20315078194494848
230,0.2829117753425173,0.3469548828901828,0.40517588975169677,0.20140236573639775,nan,nan,nan,nan,nan,0.1947862805412607,0.06154694660391884,0.5278846153846154,0.27090464954250976,0.3589540093595136,0.05078125,0.8719628976691479,1.1549706177124168,0.1644435975609756,0.050165703807812656,0.04523198533093771,0.0625,0.9021720158887162,0.6714291272983833,0.7084483371339308,1.5433640089278617,7.016028031744632,0.3300387824406188,0.47658267941782434
332,0.2703291756299,0.3469815794156124,0.41666558285716915,0.17277157081172057,nan,nan,nan,nan,nan,0.15689476352434126,0.04881132278023159,0.4271033653846154,0.27090464954250976,0.3589540093595136,0.05078125,0.6650551328379145,0.8908332835340559,0.10060975609756098,0.29507177175768423,0.3680637157548755,0.11259191176470588,0.5728977594144334,0.6644192877951175,0.6488677454337017,2.9861383635809555,10.500844307458001,0.25909006358051406,0.37199304085001894
219,0.25217746910897243,0.3477789001380572,0.43468929198267964,0.13050292052650095,nan,nan,nan,nan,nan,0.18484181386434895,0.10863430864085773,0.37536057692307695,0.2954510303094283,0.40386581743319966,0.0244140625,0.8606570525706387,1.1810250565257234,0.05973704268292683,0.050165703807812656,0.04523198533093771,0.0625,1.0730298201411959,0.6994375095972313,0.9045935483698606,1.4879985318299538,8.738852098412202,0.4089732934410851,0.5042377646146705
63,0.40170201570260433,0.3540330138664671,0.31069755765179685,0.4623716544031426,nan,nan,nan,nan,nan,0.18437557189293155,0.006202723727027213,0.6298076923076923,0.3192344340627272,0.3551313326878181,0.2294921875,0.7336829326050045,0.8810814105250551,0.36518673780487804,0.17883911690520504,0.0003747636672870656,0.625,0.8,0.5,2.0,0.5,15.0,0.2,1.0
61,0.3502811674626826,0.3544067982987153,0.35815737178601764,0.34503036458045927,nan,nan,nan,nan,nan,0.18394053761737966,0.005209060356639221,0.6307692307692307,0.2592181679734984,0.31954606016289777,0.1083984375,0.32112407333241455,0.3982779709580633,0.12823932926829268,0.6533444142715685,0.7095963956664704,0.5127144607843137,0.8,0.5,2.0,0.5,1.0,0.2,1.0
171,0.27861704457834885,0.3725117875703899,0.4578706448358816,0.1591146444066604,nan,nan,nan,nan,nan,0.15472889209260468,0.05195698739118498,0.41165865384615385,0.2962031803162602,0.40609070244276424,0.021484375,0.9889493740648819,1.3282029041786394,0.1408155487804878,0.050165703807812656,0.04523198533093771,0.0625,0.9999127832463053,0.6894744922552052,3.263263499687447,3.3327721186128105,4.377204645109575,0.1617764026891651,0.5317121584182506
141,0.28432556143879084,0.38114088212568864,0.46915481002286835,0.16110606238273922,nan,nan,nan,nan,nan,0.14550229501450837,0.050049366866465536,0.3841346153846154,0.27090464954250976,0.3589540093595136,0.05078125,1.0579908801379239,1.4223838785345566,0.14700838414634146,0.050165703807812656,0.04523198533093771,0.0625,0.9447120287369531,0.6465297474523868,3.198301556699806,3.293589685447865,4.545857516685151,0.1350338191202739,0.6472774148933444
390,0.3144618795505001,0.3895216193999758,0.4577577465358628,0.21893130156025825,nan,nan,nan,nan,nan,0.2124524577132706,0.04712094079857883,0.62578125,0.27090464954250976,0.3589540093595136,0.05078125,1.0061010747101908,1.3649058338625597,0.10908917682926829,0.06862829563393215,0.060050202122799115,0.0900735294117647,1.5603086869904295,0.6333235935464656,2.4188550619549827,3.240961933638606,8.857447363944798,0.27081624151878175,0.3581554188922968
396,0.28883856215558895,0.3945601088353623,0.4906706058169743,0.15428386638133207,nan,nan,nan,nan,nan,0.1810558476122353,0.0880454943494371,0.41358173076923077,0.28053873439095933,0.379472978147343,0.033203125,1.066480149530442,1.4499319654401794,0.10785060975609756,0.050165703807812656,0.04523198533093771,0.0625,2.4338352708001882,0.684156894678199,3.1916009554671785,2.119158429434167,10.617266189479144,0.0727097108592477,0.26749887362623126
147,0.3008932404279762,0.39578571624769265,0.4820516033565258,0.18012099847560975,nan,nan,nan,nan,nan,0.18675573982629456,0.07520803575681234,0.465625,0.27090464954250976,0.3589540093595136,0.05078125,1.0753167718141536,1.4488123829788395,0.14157774390243902,0.050165703807812656,0.04523198533093771,0.0625,1.1024274816601556,0.6570237862311008,3.1782199060790406,3.1147096579780036,4.282459031566663,0.13710494985996352,0.7081278387086315
183,0.32126577299067155,0.3964552333602047,0.46480928824159845,0.2255700961567202,nan,nan,nan,nan,nan,0.1464069194688654,0.023743725717949977,0.45306490384615383,0.2680105907937413,0.35373045211123777,0.0537109375,0.9940954712483346,1.3055293914549855,0.21551067073170732,0.17730795192987747,0.17623358368222058,0.1799938725490196,0.8481973037893131,0.6255097810723507,0.5107387249321375,3.4266398366005824,3.013245767513047,0.12301804790386048,0.48425345423379346
232,0.29522118850391876,0.4061750333065489,0.5070421649453035,0.1540072042096623,nan,nan,nan,nan,nan,0.1794700153123004,0.09099359836029747,0.4006610576923077,0.28053873439095933,0.379472978147343,0.033203125,1.1145256797151233,1.512470097942636,0.11966463414634146,0.050165703807812656,0.04523198533093771,0.0625,0.9758077721498345,0.6767265227149073,0.7948040595641764,1.3323449099683082,6.666218400517384,0.3454896346559683,0.4767080450683701
278,0.31811205476112653,0.4062789984241121,0.4864307653904625,0.20589958100823583,nan,nan,nan,nan,nan,0.22698293911675502,0.0789780378403801,0.5969951923076923,0.27220379644704584,0.3619446900258641,0.0478515625,1.046242114016175,1.4164920084031327,0.12061737804878049,0.07968714411647239,0.0883083252924731,0.05813419117647059,0.6798733974136076,0.6743086506425401,0.6643941908617829,3.2209536477459784,9.744565187512809,0.2423746515375419,0.3394521291254483
248,0.3004605019279641,0.40746991877422234,0.5047512068162752,0.16426669866909005,nan,nan,nan,nan,nan,0.1617851935865788,0.05796561717505648,0.4213341346153846,0.27220379644704584,0.3619446900258641,0.0478515625,1.145724981255452,1.5538625347332427,0.1253810975609756,0.050165703807812656,0.04523198533093771,0.0625,0.8472333562675632,0.6835959140884459,0.5479763958257032,3.3606582060194974,6.005922401543822,0.3197927352307925,0.44153762148931675
237,0.3103618578434611,0.4179942277725972,0.5158418367990844,0.17337520520637897,nan,nan,nan,nan,nan,0.16710400717917875,0.09286387928161947,0.3527043269230769,0.27090464954250976,0.3589540093595136,0.05078125,1.1838025505608876,1.5663174732242668,0.22751524390243902,0.050165703807812656,0.04523198533093771,0.0625,0.9678774103258101,0.6530175708152315,3.4145127902926857,1.6599548879126524,6.539441939972998,0.35183261035739294,0.6846313288853755
96,0.42211511974181937,0.41879271791443484,0.41577235261681256,0.4263436311584906,nan,nan,nan,nan,nan,0.18406875859576563,0.004619338957148764,0.6326923076923077,0.2706902050484093,0.287560037067773,0.228515625,0.7505030817915166,0.8003232169471476,0.625952743902439,0.46990882622204794,0.5705868174951808,0.21821384803921567,0.5617599904755928,0.4733605764097908,1.877474732494227,0.6879086772356742,1.4950431271820488,0.08586166010529732,0.337116175230655
350,0.2854756888467464,0.42026218029493934,0.542795354338751,0.11392924518540999,nan,nan,nan,nan,nan,0.14984591453694573,0.10218812650557019,0.2689903846153846,0.27090464954250976,0.3589540093595136,0.05078125,1.1544242057167795,1.5843341319059303,0.07964939024390244,0.1058739513835223,0.12570514958399004,0.05629595588235294,0.7174520971640471,0.6793505858233756,0.9855374803296277,3.0444843913689184,10.775092831815112,0.2757588227650626,0.254270663752189
185,0.3243602416026184,0.4287227453236252,0.5235977487063584,0.19153523686679175,nan,nan,nan,nan,nan,0.17876230266817436,0.06572395450467486,0.46135817307692306,0.27090464954250976,0.3589540093595136,0.05078125,1.2150583252760039,1.6244810456303078,0.1915015243902439,0.050165703807812656,0.04523198533093771,0.0625,1.1940055078416805,0.6630981774225124,0.5792064766903042,3.414497472187594,3.0772551678597884,0.12333965448889284,0.3582431536147754
56,0.38325171491687426,0.4291669950887039,0.4709081588812762,0.32481408560727293,nan,nan,nan,nan,nan,0.12525294374989676,0.007637775096009268,0.4192908653846154,0.2532531411386558,0.32955439759411814,0.0625,1.1459995864992385,1.531457347928202,0.18235518292682926,0.19216230896702433,0.01498311490677517,0.6351102941176471,0.8,0.5,2.0,0.5,1.0,0.1,0.3
159,0.3267213118941441,0.4341523110814004,0.5318168557970877,0.1899909492921817,nan,nan,nan,nan,nan,0.14098291978564062,0.03490012616143527,0.40618990384615383,0.27220379644704584,0.3619446900258641,0.0478515625,1.188208381928721,1.5783164298221606,0.21293826219512196,0.13521414616419392,0.15210617717889108,0.09298406862745098,1.2966021732004622,0.678401337843302,2.97212234416164,2.9725084772849213,5.87767284296594,0.10502851482273594,0.6100136175372326
31,0.43101774746401283,0.43794464677108375,0.44424182795933,0.4222016938004681,nan,nan,nan,nan,nan,0.18401703281778634,0.012984422867977763,0.6115985576923076,0.36842224938027124,0.3552442741323797,0.4013671875,0.4543661127811635,0.5878656066741167,0.12061737804878049,0.7449731921051139,0.8208730081628458,0.5552236519607843,0.5,0.5,2.0,0.5,15.0,0.2,1.0
111,0.36897652418983656,0.44289630854165696,0.5100961124978574,0.274896798651156,nan,nan,nan,nan,nan,0.21817631699277196,0.03628818994372692,0.6728966346153846,0.25640909881395163,0.33514461333953227,0.0595703125,1.1013325442168513,1.4910652570255432,0.12700076219512196,0.19566727414305288,0.17788638968262693,0.24011948529411764,0.7208619175989059,0.5864237053503684,1.5703563573077775,2.4097510769487074,14.617853988449664,0.11152331586395528,1.9976197909686066
81,0.47189435462218543,0.4435736317465102,0.4178275200413508,0.5079389110094085,nan,nan,nan,nan,nan,0.1866967717398925,0.005101441974310993,0.6406850961538462,0.27425494733151706,0.27067567626412387,0.283203125,0.9669729312315821,1.102618811041288,0.627858231707317,0.3463698766830492,0.2929141508856806,0.48000919117647056,1.0196749159281542,0.46110324437222444,2.62042056812683,1.0138314882464678,3.4290580783594526,0.1671674147879115,0.6155634558004834
72,0.47113724874807006,0.45748762497245277,0.44507887608552804,0.4885094971897647,nan,nan,nan,nan,nan,0.15665991526256692,0.007112342906055215,0.5305288461538461,0.25502585373406966,0.3285205702276975,0.0712890625,0.824280327501663,0.8826509950876942,0.6783536585365854,0.5939844033915116,0.5620315961206652,0.6738664215686274,1.1800795736212595,0.4405545366381502,2.328979221036727,0.8702287733954466,2.0478365983649853,0.0622732184148644,0.38545078663332527
215,0.32267300334042864,0.45759419286618364,0.580249819707779,0.1509551257621951,nan,nan,nan,nan,nan,0.1480074997400295,0.05846049963604123,0.371875,0.28053873439095933,0.379472978147343,0.033203125,1.3516648335259331,1.8378338157167942,0.13624237804878048,0.050165703807812656,0.04523198533093771,0.0625,1.063555319271086,0.6880376732249925,0.9518202981994713,1.4940199280733388,7.383531282442331,0.375894436454027,0.4543455270090501
393,0.34854534287995037,0.4630310623995361,0.5671089892355231,0.20283624530956848,nan,nan,nan,nan,nan,0.21568777083398447,0.06237153301373209,0.5989783653846154,0.27090464954250976,0.3589540093595136,0.05078125,1.3153661254138376,1.801878429237909,0.09908536585365854,0.050165703807812656,0.04523198533093771,0.0625,1.502211614440832,0.6597302637411229,0.9733068034303606,3.183021997872187,10.265644743953073,0.2830924667377424,0.11269911424991685
257,0.3367833634004053,0.4632782578771309,0.5782736164923359,0.1757898613391182,nan,nan,nan,nan,nan,0.19014923728373484,0.08241085527415182,0.4594951923076923,0.28053873439095933,0.379472978147343,0.033203125,1.3322593560260168,1.8059786472169113,0.14796112804878048,0.050165703807812656,0.04523198533093771,0.0625,0.77109160009409,0.6911248096893525,0.6951465338728042,3.2893414881231497,4.767879748718124,0.23403477015937188,0.4908059434365479
117,0.36179582280411887,0.4640147660444036,0.5569410780810262,0.23169898595284738,nan,nan,nan,nan,nan,0.18194147106076436,0.03445363640814701,0.5506610576923077,0.2620880013670518,0.3442669519138725,0.056640625,1.2214856048192753,1.6433115540640586,0.16692073170731708,0.1905439869305231,0.20573216993802648,0.15257352941176472,0.8677715526605069,0.6124683639309891,1.0880932310624705,2.218828601779436,6.774412250999915,0.12552626400700267,0.44786962698367144
157,0.32717188521071616,0.46422490592316573,0.5888185611163017,0.15274076794032576,nan,nan,nan,nan,nan,0.1549809985923171,0.079425321106167,0.34387019230769234,0.27220379644704584,0.3619446900258641,0.0478515625,1.2172167954598394,1.6410699770584092,0.15758384146341464,0.2124980331934607,0.27283425627476654,0.06165747549019608,1.2890484736501149,0.6780474804291725,0.666209270330941,2.9662098399293524,5.865247069580899,0.11592783502739613,0.6176722998464605
356,0.3257555920297037,0.46608264453005926,0.5936526922576552,0.14715752521106942,nan,nan,nan,nan,nan,0.15836529598511673,0.08260083745608646,0.34777644230769234,0.27090464954250976,0.3589540093595136,0.05078125,1.369442631176256,1.8693157202321242,0.11975990853658537,0.06561800141635449,0.06374020198289629,0.0703125,0.5045488912521227,0.6492084275135928,1.1345133661146953,3.1421912365900915,9.533751517872851,0.28952315973600945,0.2904879608474064
262,0.33195703186324677,0.4686249488388973,0.5928685097258523,0.15801604662150975,nan,nan,nan,nan,nan,0.17520915140322463,0.0803168504260529,0.41243990384615387,0.28872415363260184,0.39327631508564254,0.02734375,1.3531818394872455,1.8407960386967777,0.13414634146341464,0.057384650832517335,0.057084834694936026,0.05813419117647059,0.6579130094028592,0.6986828939775765,0.7066875608482478,3.276268714077256,9.056585199623475,0.2739660161605712,0.38950743496101325
323,0.33643520816379385,0.4705545405134895,0.59248120628594,0.16573787608236304,nan,nan,nan,nan,nan,0.15859749644958365,0.060738418106340154,0.4032451923076923,0.27220379644704584,0.3619446900258641,0.0478515625,1.216075845345477,1.6523537444592775,0.1253810975609756,0.23534102381185149,0.29488797255227833,0.08647365196078431,0.7476454530114974,0.6796253658877747,0.6645100304813976,2.901440846830196,11.42257394384199,0.2996014591769395,1.2209879929878926
380,0.31060601568044227,0.4726576847114573,0.6199773838305617,0.10435843691369606,nan,nan,nan,nan,nan,0.07784060333516876,0.021957613900005474,0.21754807692307693,0.27090464954250976,0.3589540093595136,0.05078125,1.4917197821603378,2.05376592673179,0.08660442073170732,0.050165703807812656,0.04523198533093771,0.0625,0.5410326317866667,0.6770552675787425,2.9414797883062427,2.1383803753301853,10.404345925471267,0.3148768815276384,0.14158124391030288
191,0.3475160582741926,0.4743306400789655,0.5896166235378499,0.18611568143175422,nan,nan,nan,nan,nan,0.21371481676367482,0.07261420500760626,0.5664663461538462,0.27913282581242377,0.37633283113739324,0.0361328125,1.3543092139319508,1.8642874726754628,0.07936356707317073,0.050165703807812656,0.04523198533093771,0.0625,0.7622822605130527,0.6909355187599796,0.5960866507608621,3.221320469251761,2.856588896153253,0.4595244127623159,0.36202361847781883
148,0.3621634935439481,0.4811630127781506,0.5893443939001528,0.21070955997314497,nan,nan,nan,nan,nan,0.16591725638364302,0.04067358201402328,0.4790264423076923,0.27090464954250976,0.3589540093595136,0.05078125,1.3306574928900499,1.7687131729728989,0.23551829268292682,0.1571726522963999,0.18903681125417554,0.07751225490196079,1.076676493667617,0.6614061459613438,3.1137293066813845,3.1528121239008606,4.050907938038587,0.13859655492525189,0.7272525886813401
152,0.3499161645450167,0.48435502012067444,0.6065721615530905,0.17881216653963414,nan,nan,nan,nan,nan,0.1702022746553901,0.0664081845175461,0.4296875,0.27220379644704584,0.3619446900258641,0.0478515625,1.4448483055724493,1.9527037863380141,0.17520960365853658,0.050165703807812656,0.04523198533093771,0.0625,1.374293707655491,0.6800615548514317,3.080226922248347,3.0910370676854253,3.8557985463516857,0.12050260195800651,0.7448455553627237
204,0.33431294576119747,0.4860425658775955,0.6239785841652301,0.141202520158509,nan,nan,nan,nan,nan,0.13007612235442764,0.03763541745004481,0.36117788461538464,0.2962031803162602,0.40609070244276424,0.021484375,1.4650202654508293,2.0064780667531124,0.11137576219512195,0.05287069538886498,0.045710150014999194,0.07077205882352941,2.0499418520883044,0.6970964320355552,0.7162673781110188,1.4563419645731608,5.232612740191081,0.2930091285366983,0.3862586870393337
182,0.35691963860168224,0.4942033169611756,0.6190066609243511,0.1821949570532364,nan,nan,nan,nan,nan,0.1416590113487194,0.026351462042053263,0.4299278846153846,0.2680105907937413,0.35373045211123777,0.0537109375,1.516977961894429,2.050712744213176,0.18264100609756098,0.050165703807812656,0.04523198533093771,0.0625,0.8590503640721173,0.6251546063514758,3.2116184990493477,3.4170342692271696,3.3200211772644277,0.12992517568235665,0.358386596312586
134,0.37698574310874566,0.49509908951288867,0.6024748589712006,0.22665966586710906,nan,nan,nan,nan,nan,0.17281259222107706,0.014125129109507842,0.56953125,0.2680105907937413,0.35373045211123777,0.0537109375,1.3893867873280252,1.8609189412836256,0.2105564024390244,0.1501863877087111,0.1811249133804308,0.07284007352941177,0.936607029635148,0.6372309660620021,3.310983315002985,3.4033277380978344,5.41042612336567,0.15472009878507562,0.6630644447228021
316,0.3417081240262149,0.5014038132675475,0.6465817125778498,0.13845906499179175,nan,nan,nan,nan,nan,0.1498908800385716,0.07311646282323098,0.3418269230769231,0.27220379644704584,0.3619446900258641,0.0478515625,1.5333548727767599,2.1060337121313664,0.1016577743902439,0.050165703807812656,0.04523198533093771,0.0625,0.6753541719296373,0.6867418776319651,0.7188214106366868,2.855942869409693,11.732415919165014,0.2822605529479823,0.34772644597646973
221,0.3655353869553359,0.5028359898391652,0.6276547197335555,0.1907891651031895,nan,nan,nan,nan,nan,0.18925469550335378,0.05988445832007988,0.5126802884615385,0.27090464954250976,0.3589540093595136,0.05078125,1.5010189105029847,2.046548425923691,0.13719512195121952,0.050165703807812656,0.04523198533093771,0.0625,1.2376997348945527,0.6694684884485682,1.028628176275155,1.489632908449982,8.045211576979318,0.37180880484184664,0.5012886297448054
242,0.37085734880689125,0.5049568918873748,0.626865567415087,0.20018520306809404,nan,nan,nan,nan,nan,0.14783949520902248,0.019282985600323765,0.46923076923076923,0.27090464954250976,0.3589540093595136,0.05078125,1.5407014317259347,2.0738265166114305,0.20788871951219512,0.06038199107203225,0.05539875808908044,0.07284007352941177,0.8373791473042073,0.6555393033099345,0.5544806387973907,1.661382356545754,8.582212027339711,0.3164276050929317,0.6898658697709122
319,0.3486100695296948,0.5097200459828206,0.6561836609402077,0.14356100858935272,nan,nan,nan,nan,nan,0.15902996389198343,0.09341118021800757,0.3230769230769231,0.27220379644704584,0.3619446900258641,0.0478515625,1.5574807197844407,2.124146788186022,0.1408155487804878,0.050165703807812656,0.04523198533093771,0.0625,0.6339258096136847,0.6807831286774233,2.3759557761820997,2.860635216155543,11.628787264713237,0.2729898085947567,0.34728902710942955
322,0.35211103222095425,0.5111174825428626,0.6556688010173246,0.14973918635670733,nan,nan,nan,nan,nan,0.1659702608691001,0.08798336521674013,0.3609375,0.27220379644704584,0.3619446900258641,0.0478515625,1.556130169047492,2.1275151634957568,0.12766768292682926,0.050165703807812656,0.04523198533093771,0.0625,0.6195025838795979,0.6808008618846139,0.9297954742239956,2.688015667712835,11.962227856730932,0.2740835556751153,0.40736876037721376
105,0.5354017386845026,0.5133348995668058,0.49327413673253595,0.5634868066524804,nan,nan,nan,nan,nan,0.13831889648426846,0.0075406858472066105,0.46526442307692306,0.2842327684513194,0.17409775083184714,0.5595703125,1.4145933475282293,1.7900724548322038,0.4758955792682927,0.21619458580340614,0.0013856554188862312,0.7532169117647058,0.6959397513715562,0.41569621676918384,2.1138506760876656,0.3831184680657572,14.154456360318367,0.10999593048966436,0.20667437472152614
178,0.39053520703653666,0.5200474301913882,0.6377858148776168,0.22570146847581668,nan,nan,nan,nan,nan,0.20222938816447958,0.036654797276425205,0.6161658653846154,0.2680105907937413,0.35373045211123777,0.0537109375,1.4087358342959064,1.91517986313622,0.14262576219512196,0.2012139075114255,0.24557814698658395,0.09030330882352941,0.8601026028443275,0.6280169413022714,0.5059004108580066,1.9948488551812562,6.301312400171303,0.35504261445660446,0.410713424053669
366,0.35970042295532756,0.5212514541307277,0.6681160279265459,0.154090019641182,nan,nan,nan,nan,nan,0.13809151264059846,0.03784734846606857,0.3887019230769231,0.28053873439095933,0.379472978147343,0.033203125,1.6162098656835404,2.2099117997618345,0.13195503048780488,0.050165703807812656,0.04523198533093771,0.0625,0.5644486006405997,0.6719617116561234,0.86711145794842,3.4943240916936666,10.392147428307883,0.2466097581289826,0.3203097974188115
301,0.37550628524593516,0.526696604213982,0.664142348730388,0.18308224292296657,nan,nan,nan,nan,nan,0.17463914593831925,0.06384576585210847,0.45162259615384615,0.27090464954250976,0.3589540093595136,0.05078125,1.600393808954828,2.180566576439198,0.14996189024390244,0.0608488124202709,0.053203043270732185,0.07996323529411764,0.6374962614122975,0.6441724833652199,0.6156374181953057,1.8607411823400657,11.074490297438485,0.2613973571978654,0.2775959758231228
188,0.3825524393352923,0.5307276299189587,0.6654323486313826,0.19396583313789867,nan,nan,nan,nan,nan,0.17404492601937482,0.03548981950404782,0.5204326923076923,0.27090464954250976,0.3589540093595136,0.05078125,1.6277952403061375,2.2220535803310315,0.14214939024390244,0.050165703807812656,0.04523198533093771,0.0625,1.1934127046052925,0.6651754179249053,0.5951539353054558,3.4141807203887393,3.6179939872250784,0.4366340089716472,0.4074338930020901
376,0.3709712927526145,0.5319364853998376,0.6782684787154948,0.1661065021106942,nan,nan,nan,nan,nan,0.16908563304599453,0.0671766170336231,0.4238581730769231,0.27090464954250976,0.3589540093595136,0.05078125,1.6375899552030333,2.241711303137905,0.12728658536585366,0.050165703807812656,0.04523198533093771,0.0625,0.543884938648464,0.6659607288637474,2.933292089650961,2.3016397842467633,9.795193396375973,0.30620739351795856,0.3062601333614139
353,0.3717176858342352,0.5357172014863556,0.6848076702610102,0.16299102954971859,nan,nan,nan,nan,nan,0.1660807295559821,0.06421975214760565,0.4207331730769231,0.27090464954250976,0.3589540093595136,0.05078125,1.6557177230391176,2.270824934205984,0.11794969512195122,0.050165703807812656,0.04523198533093771,0.0625,0.5513832184446206,0.6479989523861956,1.0507660725047172,2.088714414445873,9.235416924398052,0.268706051021807,0.25693961972061
66,0.4407005685958192,0.5472934379655634,0.6441960464835125,0.30503691667069033,nan,nan,nan,nan,nan,0.1730797616068149,0.035292435480310046,0.5175480769230769,0.2707397169521974,0.3302074787330763,0.1220703125,1.5595096292195039,2.067002505297549,0.29077743902439024,0.18584464408373716,0.14428176642311435,0.2897518382352941,0.6104445426548015,0.5448911707530778,2.3362606756736835,0.2368404749488629,13.65910939104822,0.24974705190637445,0.22847967692475218
392,0.3839947274164172,0.5493009708370757,0.6995793739467653,0.17360496306285178,nan,nan,nan,nan,nan,0.16398676844327142,0.04986993735904151,0.44927884615384617,0.27090464954250976,0.3589540093595136,0.05078125,1.7121467615547092,2.3442615637375686,0.13185975609756098,0.050165703807812656,0.04523198533093771,0.0625,1.6037979927292259,0.658813565959798,2.595404307257291,3.2191865301679763,9.292735114325952,0.32134032485234815,0.1265393582919355
287,0.4412938639972119,0.5494513853312232,0.6477764047257787,0.30363883684483406,nan,nan,nan,nan,nan,0.21245762873643903,0.043979141769476156,0.6336538461538461,0.25904761618381716,0.331807287657344,0.0771484375,1.454712123267095,1.9490969725739327,0.21875,0.27158817313754147,0.2662222169023619,0.28500306372549017,0.7188769314139982,0.5693186715453031,0.7522518625986978,3.0469187472340984,10.442358732552552,0.23658638332291385,0.3862135978947503
341,0.3863813223940322,0.5542597949142964,0.7068765881145365,0.17271781191369606,nan,nan,nan,nan,nan,0.17851777092144422,0.08165564852079109,0.4206730769230769,0.27090464954250976,0.3589540093595136,0.05078125,1.7174510553854192,2.3416647092469036,0.15691692073170732,0.050165703807812656,0.04523198533093771,0.0625,0.5633337705050575,0.6630751173481255,0.8603050895946023,3.0008448986697687,10.178773114906456,0.2642037625861121,0.2819683078382
336,0.39327600165232307,0.5578224969200222,0.7074102198906576,0.1838531894934334,nan,nan,nan,nan,nan,0.16821635440048968,0.040118280776070145,0.48846153846153845,0.27090464954250976,0.3589540093595136,0.05078125,1.7420032799292766,2.385336604096109,0.13366996951219512,0.050165703807812656,0.04523198533093771,0.0625,0.5228683092767836,0.6617506113700394,0.7658512384079637,2.9843847386504687,10.542532750274448,0.2507928735983037,1.0921632352196189
375,0.39428108330568595,0.5580768697531358,0.7069821301599081,0.18581371873620461,nan,nan,nan,nan,nan,0.19058615733377354,0.06343119719035983,0.5084735576923077,0.28053873439095933,0.379472978147343,0.033203125,1.6493234193487856,2.2609582748931776,0.12023628048780488,0.11185916793902438,0.12406607040875177,0.08134191176470588,1.8190559829111463,0.6883209159181426,1.0695087296002264,3.2832173925365824,9.874905188418577,0.26111992215675883,0.3044688363906723
65,0.4340193275711194,0.5597369327585412,0.6740256647471065,0.274015102787128,nan,nan,nan,nan,nan,0.12262083402097727,0.028664359937060492,0.35751201923076925,0.28658520460318704,0.3371567864444618,0.16015625,1.340482899983344,1.7734748404644862,0.2580030487804878,0.4892587924266566,0.5568066721424172,0.3203890931372549,0.628940583374803,0.5463345517228456,1.6698640342714302,0.22137013954641216,13.231130241432531,0.12072218035290393,0.22958693868374783
149,0.39620075634413593,0.5599492101083495,0.708811440803089,0.1877936333715006,nan,nan,nan,nan,nan,0.17051679835780442,0.05538217154707999,0.4583533653846154,0.27090464954250976,0.3589540093595136,0.05078125,1.6870899770907606,2.295195785000235,0.16682545731707318,0.11128541544232326,0.12571379730552706,0.07521446078431372,1.0699934604067898,0.6608851140795133,3.1087734504996867,3.13420622548299,4.07828174277058,0.18583560827575815,0.5178681548688273
97,0.5572250092148262,0.5599930376726803,0.5625094271798203,0.5537020639048302,nan,nan,nan,nan,nan,0.17986990599023642,0.001817868386330957,0.625,0.33485233741351983,0.30004327237892775,0.421875,1.4619742174751718,1.8376175630018257,0.5228658536585366,0.2632756898117934,0.11055900495219706,0.6450674019607843,0.5583953583250861,0.42362071891936476,2.11027998313883,0.6535027993484998,1.5563116316082728,0.30323871599066854,1.2584399996914344
107,0.4205486239777083,0.5660493001063507,0.6983226420414799,0.23536594526852722,nan,nan,nan,nan,nan,0.19178436366380425,0.052440416821633584,0.5401442307692308,0.26153905246713727,0.3298265484539922,0.0908203125,1.7607080804866484,2.3657916175593563,0.24799923780487804,0.050165703807812656,0.04523198533093771,0.0625,0.8947601832411939,0.5818230617231073,1.5346209299474047,0.3255846861187383,14.485919927672732,0.11173301776449991,0.20538230510835057
394,0.3926299016662354,0.5747033583694661,0.7402246826451301,0.16090004768030572,nan,nan,nan,nan,nan,0.18106639185939682,0.10092083321854009,0.3814302884615385,0.28053873439095933,0.379472978147343,0.033203125,1.7816790592115461,2.428039707286408,0.16577743902439024,0.055529248015961756,0.0524652119282288,0.06318933823529412,0.6224246904224973,0.6887452809655917,2.8143433148109045,3.1654619072495436,10.220305474364835,0.11508431550604697,0.11004525863402854
292,0.38810162982854773,0.5771870404691803,0.7490828683243008,0.147447470831379,nan,nan,nan,nan,nan,0.22765739768238957,0.17888862598611463,0.3495793269230769,0.27220379644704584,0.3619446900258641,0.0478515625,1.7587212639394731,2.410266171954287,0.12985899390243902,0.050165703807812656,0.04523198533093771,0.0625,0.5728631899952275,0.6800275277602778,0.8001814821633967,3.1131915962954166,10.323744609182278,0.262128684286571,0.38020792241794477
79,0.5445628502387087,0.5828409168694142,0.6176391592609645,0.4958453108905382,nan,nan,nan,nan,nan,0.2039071163170425,0.014724770536167164,0.6768629807692308,0.338447375486303,0.2597638256808242,0.53515625,1.2489933305003946,1.6729809066029913,0.18902439024390244,0.5400158451739167,0.5230871342238753,0.5823376225490197,1.0127419172835077,0.45668250798082927,1.4286947130829637,0.9713936365084831,4.243536373778426,0.07681803277168202,0.37279376256447944
235,0.4090690137025864,0.5836841816003311,0.7424252433255534,0.18683152728727515,nan,nan,nan,nan,nan,0.140674971568632,0.032786306349930926,0.4103966346153846,0.27090464954250976,0.3589540093595136,0.05078125,1.851006676360124,2.506729468855393,0.21169969512195122,0.07215042893005834,0.07123118873737577,0.0744485294117647,1.4587848691407832,0.655225860728447,1.0798465971296844,1.835961926913779,5.666663668560123,0.21746177326570496,0.41253713299950756
184,0.39915870750890414,0.5863495005184466,0.7565229487089395,0.16091588004221388,nan,nan,nan,nan,nan,0.13693937142929768,0.040080504616401336,0.37908653846153845,0.27090464954250976,0.3589540093595136,0.05078125,1.8873882772941661,2.5818252955289056,0.15129573170731708,0.050165703807812656,0.04523198533093771,0.0625,1.2019852877309491,0.6644131630154037,0.5083587078274504,3.423564911822333,3.6173812505452205,0.1227963833443449,0.46857895089016216
180,0.4409337566271611,0.588242181273961,0.7221589309528699,0.25345030707668853,nan,nan,nan,nan,nan,0.2125242080011952,0.03823100658628872,0.6482572115384615,0.2680105907937413,0.35373045211123777,0.0537109375,1.806815924884553,2.4329340631310568,0.24152057926829268,0.06561800141635449,0.06374020198289629,0.0703125,0.8553216074314643,0.6246941814614411,0.5098764956852166,1.924817283459475,3.07049400985301,0.38958453319960884,0.4095683690874804
371,0.3855003598248303,0.5899594612361282,0.7758313716100352,0.12527968530136024,nan,nan,nan,nan,nan,0.14093678110746674,0.09942687816583803,0.24471153846153845,0.2749167090085698,0.37043026761199765,0.0361328125,1.8938186510206634,2.5882363553313676,0.15777439024390244,0.050165703807812656,0.04523198533093771,0.0625,0.7811197817134515,0.687920370909572,0.8160869294637236,2.9451385479655032,9.81555140906234,0.2671492857880067,0.3339750698442725
216,0.4146567968758343,0.5900395810140366,0.7494784756851297,0.19144234433630392,nan,nan,nan,nan,nan,0.21536642948205684,0.08321973204411034,0.545733173076923,0.28053873439095933,0.379472978147343,0.033203125,1.8007713260803724,2.469784124805204,0.12823932926829268,0.06348183410275808,0.06543706774386131,0.05859375,1.059368667762713,0.6867146134139681,0.985334770563456,1.7391889214298297,7.21248397732319,0.3668559334383302,0.4585605087751371
280,0.39809882019949766,0.5991789103669669,0.7819789923373933,0.14217870544090055,nan,nan,nan,nan,nan,0.12373890177901758,0.03321042402908614,0.35006009615384615,0.29128965568853893,0.4015555179639545,0.015625,1.9315213801924984,2.647918042025595,0.1405297256097561,0.050165703807812656,0.04523198533093771,0.0625,0.6034008921664986,0.6993013190200708,3.3028923739142813,3.201764183344115,10.385132864637082,0.23872754749063319,0.3306635947770769
77,0.5494457003424001,0.600446938440383,0.6468117003476402,0.48453503367223993,nan,nan,nan,nan,nan,0.19351621687521217,0.01003328054837396,0.6522235576923077,0.25947042710170215,0.29763359794238303,0.1640625,1.6324057797268776,2.058348274544458,0.5675495426829268,0.3163953300577404,0.22123164835534634,0.5543045343137255,1.197717203774527,0.45508717126663834,2.234091855642595,0.9164870268777339,2.9051909834612726,0.06310010270089252,0.40133127570422145
389,0.4376474823824253,0.6067295348007663,0.7604404915447125,0.22245214294090054,nan,nan,nan,nan,nan,0.19464184428628573,0.04622454353926153,0.5656850961538461,0.2756747696804325,0.3468821775526054,0.09765625,1.9064358214285342,2.6034232597560454,0.1639672256097561,0.050165703807812656,0.04523198533093771,0.0625,0.6047139414278013,0.6337568070293902,2.735656703307695,2.2525056854458643,10.598122165935848,0.27603988751311814,0.1077471281061209
194,0.45227783313214076,0.6162455982903069,0.7653072029795489,0.24359158656720192,nan,nan,nan,nan,nan,0.16003038340814937,0.02178292138679374,0.5056490384615384,0.2620880013670518,0.3442669519138725,0.056640625,1.8367443590220576,2.5000244197040513,0.17854420731707318,0.20611964936396904,0.1951545189134782,0.23353247549019607,0.9489218915655943,0.6042786297598174,0.8321428903110863,1.5928248689041689,2.637213109996492,0.45761558170212496,0.43444105591318866
358,0.4323614302038082,0.617216323492796,0.785266226482785,0.19709156601782363,nan,nan,nan,nan,nan,0.16495320238331793,0.057737367952029696,0.43299278846153844,0.27090464954250976,0.3589540093595136,0.05078125,1.967389440629002,2.6606333266367,0.2342797256097561,0.06561800141635449,0.06374020198289629,0.0703125,0.5034724904228888,0.6554681013723112,0.9360311473695612,3.2251251757799753,9.195670592889668,0.2933489449372692,0.27257780646839225
52,0.6077210896531646,0.6202469323408605,0.6316340620569474,0.5917791080506429,nan,nan,nan,nan,nan,0.17026738708270076,0.005177226531165609,0.5829927884615385,0.3552061330873084,0.27736671132223173,0.5498046875,1.7402648878383813,2.242735172242026,0.4840891768292683,0.21524932135505148,0.0012571381323661622,0.7502297794117647,0.8,0.4,2.0,0.5,1.0,0.1,1.0
93,0.5318384075109674,0.6239882203693571,0.7077607775133475,0.4145568275093809,nan,nan,nan,nan,nan,0.17492725469684287,0.01259046426788768,0.5807692307692308,0.2532531411386558,0.32955439759411814,0.0625,1.8889333687367247,2.488523484524097,0.3899580792682927,0.17883911690520504,0.0003747636672870656,0.625,0.5627729858276235,0.526669716983921,2.126830463862225,0.6667602189883199,1.5439941567146795,0.14479720995228468,0.33307976203176587
217,0.41670076346872265,0.6291391127070977,0.822264884741984,0.1463246826198819,nan,nan,nan,nan,nan,0.14916224285983248,0.061303101542227,0.36881009615384613,0.2847080323430772,0.389997495280308,0.021484375,2.0194125033742245,2.772337565699524,0.1370998475609756,0.06327367225125645,0.06542137644587667,0.057904411764705885,1.0688974954051584,0.6998494112573853,0.6378569698309182,1.813217692887481,7.513492890383559,0.3715184157265674,0.5062914638189228
166,0.45353087355042915,0.6294836901844388,0.7894407962153565,0.22959092510714418,nan,nan,nan,nan,nan,0.1927574665779676,0.03315372243992385,0.5917668269230769,0.27090464954250976,0.3589540093595136,0.05078125,1.9230460540114893,2.6191318536648653,0.18283155487804878,0.13122659060578842,0.14652359939712337,0.09298406862745098,0.9969322410660487,0.6414892504484008,2.985645396606003,1.754337361394021,4.893146144004167,0.16183151400938364,0.895854790848597
255,0.41857478128671705,0.6295740987915951,0.8213916601596659,0.1500301953714178,nan,nan,nan,nan,nan,0.1865128195391326,0.11030063966247787,0.37704326923076925,0.28053873439095933,0.379472978147343,0.033203125,1.9489031397128644,2.67533939559801,0.1328125,0.10234170152342369,0.12045362723083237,0.05706188725490196,0.7788164668216562,0.6891365890363927,0.8836246278087848,3.3148122494841017,4.735750477113456,0.24279995256195325,0.4832725946702972
67,0.4754285464364408,0.6308841318973991,0.7722073914073613,0.2775759831224938,nan,nan,nan,nan,nan,0.11495370385872784,0.025742877709911276,0.33798076923076925,0.31601291077668925,0.3478868250873649,0.236328125,1.799279954280753,2.4343120579442736,0.21169969512195122,0.29328995867342667,0.2808878048878954,0.3242953431372549,0.6122636235338774,0.565622328707382,1.7522828494604168,0.7813493428996929,13.969942041762193,0.12193088943858055,0.22397251184771094
379,0.4215153424406849,0.63139318954924,0.822191232375199,0.15439808248434223,nan,nan,nan,nan,nan,0.13327291029265256,0.0448272667174059,0.3543870192307692,0.27220379644704584,0.3619446900258641,0.0478515625,1.834544724783682,2.524040968355691,0.11080411585365854,0.28555132667357946,0.3579520044018348,0.10454963235294118,0.5450926533953258,0.6658157571991704,3.36874156458911,2.1490897368113333,9.66072512378539,0.3122701898917892,0.10032438527387434
118,0.4698763491759699,0.6337542388251876,0.7827341385062944,0.26130448962242026,nan,nan,nan,nan,nan,0.1909189791692393,0.012671186221550387,0.6365384615384615,0.2620880013670518,0.3442669519138725,0.056640625,2.0318442709566464,2.728766430558817,0.2895388719512195,0.050165703807812656,0.04523198533093771,0.0625,0.8555496007442418,0.6048293244092382,1.208909110512138,2.3743723783000013,6.11868686535554,0.12678063427418204,1.9002404437851106
94,0.5158805766373548,0.6371233883702813,0.7473441263093052,0.36157154352272103,nan,nan,nan,nan,nan,0.12406196142433665,0.008494438301763614,0.4129807692307692,0.24520136630154282,0.3061725378221599,0.0927734375,1.9980090158375048,2.674308658757872,0.30725990853658536,0.181221209917741,0.0004008703554255901,0.6332720588235294,0.5619509060366865,0.477085879146307,1.8550645413048201,0.6654980473416923,1.5659151987821096,0.3301606721056728,0.26333578814722725
133,0.43686127606083464,0.6396425923446635,0.8239892435117806,0.17877596442687063,nan,nan,nan,nan,nan,0.11013507617267897,0.029333337410981302,0.31213942307692305,0.2680105907937413,0.35373045211123777,0.0537109375,2.0963018949101153,2.84328301872782,0.22884908536585366,0.08412280750211817,0.0696101657970831,0.12040441176470588,0.8803233973066686,0.6239270562102455,3.4530244659473417,3.464080887004572,5.463072876069945,0.13150125752169195,0.4331486127434609
75,0.5537345411870038,0.6490126444497349,0.7356291019613086,0.43247150067080065,nan,nan,nan,nan,nan,0.1569773770327531,0.004383712461238915,0.5384615384615384,0.2812244015917807,0.3042610372284929,0.2236328125,1.9599728041420892,2.6001357062867294,0.3595655487804878,0.1978759950323169,0.03373595186877299,0.6082261029411765,1.1860853549394563,0.4514330935401195,2.215839634265161,0.9473397338751379,1.9453082338722745,0.05679368136092903,0.4098477283465607
186,0.4626360535428145,0.6501174666985902,0.8205551150220223,0.22402334589000938,nan,nan,nan,nan,nan,0.17095250456064937,0.028828698692601386,0.5262620192307692,0.2680105907937413,0.35373045211123777,0.0537109375,2.111341067632157,2.8544293239533123,0.2536204268292683,0.050165703807812656,0.04523198533093771,0.0625,1.1869364327694174,0.6257124722150175,0.505783387209384,3.415029138330595,3.1201659482898694,0.12804791293805382,0.4078619018247553
374,0.4634515331307539,0.6539776145480751,0.8271831431092762,0.22096379314507228,nan,nan,nan,nan,nan,0.20172507821251323,0.05455453257444158,0.5696514423076923,0.27090464954250976,0.3589540093595136,0.05078125,2.0720514406082646,2.8320839070954724,0.1719702743902439,0.07122928982901311,0.06314012340767716,0.09145220588235294,1.7548757636961148,0.6670779467793443,1.0699508565096114,3.361792680381625,9.876400876041348,0.2784065139316661,0.3095717492790102
321,0.4427874635170574,0.6550580339079389,0.8480312797178311,0.17262491938320826,nan,nan,nan,nan,nan,0.17439295915912853,0.08275591205354914,0.4034855769230769,0.28053873439095933,0.379472978147343,0.033203125,2.1151347382738552,2.8846642433394947,0.1913109756097561,0.050165703807812656,0.04523198533093771,0.0625,0.6391917804475591,0.6796300314704522,2.362445100318242,2.8659858669757208,11.212358998726769,0.3029651197191926,0.40876053706286414
135,0.43526064354067073,0.658888318019661,0.8621862039096521,0.15064360329468326,nan,nan,nan,nan,nan,0.1497751233658435,0.05415632655833476,0.38882211538461536,0.27913282581242377,0.37633283113739324,0.0361328125,2.1468595791421845,2.957165910799058,0.12109375,0.059785743758192046,0.0610897471438218,0.05652573529411765,0.9567967500217426,0.6932897027226846,3.4473978541695502,3.483562690869879,5.641023624660693,0.1536024658965891,0.48054083746234627
252,0.44002561354397896,0.6597710646984168,0.8595396566569965,0.1603495848019672,nan,nan,nan,nan,nan,0.18299424704252382,0.10417271509030257,0.3800480769230769,0.27220379644704584,0.3619446900258641,0.0478515625,2.0780122639205754,2.8463360719278294,0.15720274390243902,0.1058739513835223,0.12570514958399004,0.05629595588235294,0.9083478865324367,0.6854143127148614,0.8164691862487614,3.3295544069458494,6.138061908640115,0.26621824449067155,0.48140987349683034
220,0.42568732064869824,0.6622161870967193,0.8772424293221925,0.12465058153303535,nan,nan,nan,nan,nan,0.11059576608160823,0.039233110975789964,0.28900240384615383,0.29128965568853893,0.4015555179639545,0.015625,2.1430445353063,2.9504910079654048,0.12442835365853659,0.1039347913104297,0.11769008038362117,0.06954656862745098,1.0471951167645623,0.6982676409513455,0.9093676649484806,1.4923034368490558,7.982110378067006,0.41084382783741275,0.5013408386686706
155,0.4508109179102102,0.6624231163737853,0.8547978422497625,0.18148630168384194,nan,nan,nan,nan,nan,0.15738153926892617,0.061127424207265836,0.39801682692307694,0.27220379644704584,0.3619446900258641,0.0478515625,1.9301867719577284,2.6346547734237467,0.16901676829268292,0.28992035782144054,0.36146448134217357,0.11106004901960784,1.3369761318823719,0.6777416411280773,3.0454449716756433,3.122822120664958,4.058594978517952,0.18713371311280066,0.7939464561903617
137,0.4525314086626144,0.6625233559565917,0.8534251262238437,0.18526893028846153,nan,nan,nan,nan,nan,0.14940153003749362,0.04476310359095259,0.4109975961538462,0.28053873439095933,0.379472978147343,0.033203125,2.169987455590101,2.9442324378261415,0.234375,0.050165703807812656,0.04523198533093771,0.0625,0.957872188300611,0.6854897279600202,0.7310928196328024,3.4967172609034423,4.612988730802407,0.42284464958234236,0.4855353693664505
30,0.5857566568411563,0.6631544127464382,0.7335160090239673,0.4872504220526156,nan,nan,nan,nan,nan,0.13735543220729748,0.009725489705601107,0.45643028846153844,0.32401928139476066,0.3044082439526649,0.373046875,2.010611215252512,2.607119420865712,0.5193407012195121,0.1806317221311826,0.012810881571890854,0.6001838235294118,0.5,0.5,2.0,0.5,15.0,0.1,1.0
311,0.43764886984327533,0.6652544767495837,0.8721686648462276,0.14796900650797373,nan,nan,nan,nan,nan,0.14686849698362747,0.06309185731554,0.3563100961538462,0.28053873439095933,0.379472978147343,0.033203125,2.1834449718159354,3.00087783859109,0.13986280487804878,0.050165703807812656,0.04523198533093771,0.0625,0.6682380979387277,0.6889459489205317,0.8379445905567546,3.427479216938075,12.035723964028968,0.285061399205395,0.3722683582620527
270,0.4579015533015025,0.6664426603238103,0.8560254848895442,0.19248559890947467,nan,nan,nan,nan,nan,0.1950160461774813,0.06910419541770457,0.5097956730769231,0.28053873439095933,0.379472978147343,0.033203125,2.1400501569189876,2.930292780662192,0.1644435975609756,0.050165703807812656,0.04523198533093771,0.0625,0.6567946032505887,0.6691952613510518,0.6653881775615683,3.221701756128158,9.681255253505684,0.2555556266522953,0.3644076999085764
300,0.4449536158071215,0.6684539697447449,0.8716361096880388,0.16049861988650996,nan,nan,nan,nan,nan,0.15322504916557741,0.07629391498565452,0.34555288461538464,0.27090464954250976,0.3589540093595136,0.05078125,2.1384007648285692,2.92558271710146,0.17044588414634146,0.11128541544232326,0.12571379730552706,0.07521446078431372,0.5301875572478325,0.6639271315307514,0.7129818001257056,3.119613504080553,11.125923650424323,0.20935960543000237,0.3105895861442369
325,0.4376818281951856,0.670550831158818,0.8822499247621197,0.14130309715056286,nan,nan,nan,nan,nan,0.17251548199500902,0.11404571325455108,0.31868990384615387,0.28053873439095933,0.379472978147343,0.033203125,2.1789834044414906,2.9902490223156475,0.15081935975609756,0.050165703807812656,0.04523198533093771,0.0625,0.5228276429596983,0.6984329946074602,0.6013793453960956,2.8683392631722406,10.602812886722624,0.2453329506647185,0.9151487490338482
249,0.44547343602904677,0.6732470049445017,0.8803138857767335,0.1555798028639223,nan,nan,nan,nan,nan,0.150833859186844,0.05662413363081237,0.38635817307692305,0.29128965568853893,0.4015555179639545,0.015625,2.1521640977949175,2.9424504686202013,0.17644817073170732,0.09870040710770675,0.12062542289196591,0.04388786764705882,0.8990852087092441,0.686369500923508,0.7754870548653696,3.3418230710370125,6.165252855101646,0.27254683430834137,0.4422658815775003
53,0.6177251554616063,0.6756420045165339,0.7282936854755587,0.5440128021189714,nan,nan,nan,nan,nan,0.18898186766331526,0.005127499344025964,0.6486177884615385,0.28875202365354774,0.2620653331149668,0.35546875,2.0404651007001524,2.645218214150945,0.5285823170731707,0.18436902604911987,0.0007636952922972182,0.6433823529411765,0.8,0.4,2.0,0.5,1.0,0.2,1.0
193,0.45080433340626447,0.6757389243663805,0.8802249161483039,0.16452394491157157,nan,nan,nan,nan,nan,0.1981850042520611,0.11303592902980863,0.4110576923076923,0.28053873439095933,0.379472978147343,0.033203125,1.9692234614941788,2.6995957729211186,0.14329268292682926,0.2550084973283224,0.3287949844949455,0.0705422794117647,0.94273321755046,0.686360644077211,3.152785505424654,3.2087622053109293,5.282886354235714,0.4664290946587367,0.43252265356310826
25,0.5673706705372569,0.6782949802659376,0.7791352618374653,0.4261942763371178,nan,nan,nan,nan,nan,0.17390944027870162,0.0048914856209514804,0.5964543269230769,0.274215313606981,0.32882331404977333,0.1376953125,2.0820953753845495,2.782197245050564,0.3318407012195122,0.18295979179351807,0.0006290026285723153,0.6387867647058824,0.5,0.5,2.0,0.5,1.0,0.2,0.3
78,0.4374851616945146,0.6803603078893102,0.9011558953391242,0.12837133926477487,nan,nan,nan,nan,nan,0.1143298060451951,0.056239613078657734,0.25955528846153847,0.27220379644704584,0.3619446900258641,0.0478515625,2.2847419252571872,3.1412072929210373,0.14357850609756098,0.050165703807812656,0.04523198533093771,0.0625,1.0297204869011392,0.6677263187527713,2.167516328580651,0.7443648706082413,3.5801293165859405,0.06528579333964842,0.14586453541021152
218,0.4595472289016183,0.6872962893395288,0.8943408897376292,0.16968478834427766,nan,nan,nan,nan,nan,0.1295106960717161,0.029560166808094833,0.37938701923076923,0.27090464954250976,0.3589540093595136,0.05078125,2.2986041079360766,3.1436173974519708,0.18607088414634146,0.050165703807812656,0.04523198533093771,0.0625,1.0806304382052498,0.6554106350915323,0.6551381554770576,1.4946938304745472,8.06650092395212,0.3660117411335877,0.5057231461903957
64,0.5191246590175933,0.6911549022490252,0.8475460324594175,0.30017707672304383,nan,nan,nan,nan,nan,0.13885601486778065,0.0363936131225852,0.39501201923076923,0.2532531411386558,0.32955439759411814,0.0625,2.0768565475470133,2.80710373973655,0.2512385670731707,0.29565390544265074,0.21713237938441687,0.4919577205882353,0.6152968106226615,0.5541911427175032,1.7473344202954353,0.21252976541109242,13.586274506510593,0.26865292241234173,0.23142341036522987
179,0.457367189901088,0.6979628228871889,0.9166861256018259,0.15115456610059597,nan,nan,nan,nan,nan,0.14975898137436472,0.057426997001033674,0.3805889423076923,0.29128965568853893,0.4015555179639545,0.015625,2.2786522255557937,3.13653079870494,0.13395579268292682,0.07215042893005834,0.07123118873737577,0.0744485294117647,0.8398445702259142,0.6974060888435065,3.227259637505925,1.937748848313233,6.244938025821411,0.36462337382125065,0.47716210570721695
343,0.4467421711051586,0.6980799954529602,0.9265689266782342,0.12685766738977486,nan,nan,nan,nan,nan,0.09597581308837977,0.027106522939116272,0.2681490384615385,0.28053873439095933,0.379472978147343,0.033203125,2.365639730524689,3.25446422029554,0.14357850609756098,0.050165703807812656,0.04523198533093771,0.0625,0.5406157769658474,0.6787202479776921,0.7940812233888246,3.3076899966657645,10.872126161043385,0.4448366030169578,0.2918630878721117
360,0.45906973077556185,0.6987589807219059,0.9166582988549459,0.15401068538930582,nan,nan,nan,nan,nan,0.18046864271358648,0.11001186902979025,0.3566105769230769,0.27090464954250976,0.3589540093595136,0.05078125,2.293496926823715,3.152435331699542,0.14615091463414634,0.050165703807812656,0.04523198533093771,0.0625,0.5171036052054796,0.6493347702335867,0.8849759594330306,2.2069667826546397,10.197922609831855,0.2912024573117304,0.2850548723758985
110,0.5437744395619617,0.699525008151205,0.8411164341414261,0.3455464431756521,nan,nan,nan,nan,nan,0.14984190317577237,0.019009433676850478,0.47692307692307695,0.2711941077735656,0.3304530008829919,0.123046875,1.622869751716911,2.1586411280134317,0.28344131097560976,0.7541942699385709,0.8563621739924304,0.4987745098039216,0.6788856342975145,0.5747345967726469,1.550103657972738,1.3984009601670409,14.362584411012,0.10985130363323732,1.6844713281927368
229,0.4728905270857897,0.7006226239986371,0.9076518030103163,0.18304967646943862,nan,nan,nan,nan,nan,0.15760714512039692,0.04528942624547873,0.4384014423076923,0.28053873439095933,0.379472978147343,0.033203125,2.0435164676708673,2.7925922620562873,0.17082698170731708,0.32082814881232463,0.41325254559215646,0.0897671568627451,1.4493374357555482,0.6722168157845243,0.6945958070028577,1.5655255454615402,7.731186617907921,0.3419538603034391,0.5568571324935278
160,0.4602352772289188,0.7053683141370903,0.9282165295081554,0.14824777570942776,nan,nan,nan,nan,nan,0.11913969758016413,0.027588845842998984,0.34801682692307695,0.27220379644704584,0.3619446900258641,0.0478515625,2.379964058713339,3.2781005968328207,0.13462271341463414,0.050165703807812656,0.04523198533093771,0.0625,1.2671566855070118,0.6789962401602141,0.680078265856618,3.0083419800762012,4.9724500801401135,0.14717318978675795,0.5883445901570824
90,0.6658252116185388,0.7138961836584685,0.7575970673311319,0.60464397447681,nan,nan,nan,nan,nan,0.2165910676071675,0.02116018695772684,0.7051682692307693,0.2920848110527046,0.25149686047378644,0.3935546875,1.8689580562858465,2.3618537788001848,0.63671875,0.47795079968815574,0.3958774430928298,0.6831341911764706,4.179368681024215,0.372168187004341,1.8708040591910362,0.10648223546669217,1.5528190814384,0.1378711162272021,0.2619545165978964
224,0.4882041866421812,0.7139440726105019,0.9191621507635205,0.20089887722795496,nan,nan,nan,nan,nan,0.19624728184692822,0.0547942715087764,0.5498798076923077,0.27090464954250976,0.3589540093595136,0.05078125,2.338458655244757,3.2176683368548544,0.1404344512195122,0.050165703807812656,0.04523198533093771,0.0625,1.24295495474193,0.6709809028447323,0.6435621016978929,1.5449443155772167,8.237720564075353,0.33268223340334246,0.5521291307207153
29,0.6049530468294004,0.716180573541226,0.8172965069156131,0.4633907401052588,nan,nan,nan,nan,nan,0.1836463264565426,0.003931780116082697,0.6329326923076923,0.33334480544528394,0.3190264776233974,0.369140625,2.163435449915646,2.919739507930685,0.2726753048780488,0.18429571234743192,0.026488261992286967,0.5788143382352942,0.5,0.5,2.0,0.5,1.0,0.2,1.0
222,0.4855844915450535,0.7165132073120931,0.9264484034639471,0.19167521693245776,nan,nan,nan,nan,nan,0.19532179314203946,0.05556589501423985,0.5447115384615384,0.28872415363260184,0.39327631508564254,0.02734375,2.3318411786659183,3.2117194184249684,0.13214557926829268,0.050165703807812656,0.04523198533093771,0.0625,1.2336984886909994,0.6987895994636548,0.6340477762530506,1.5433227708355772,8.121094409952244,0.4242471520164895,0.5062438528815619
296,0.48056859200747243,0.7200795543606643,0.9378167928635658,0.1757364581034102,nan,nan,nan,nan,nan,0.1385331259495981,0.018080991714052735,0.43966346153846153,0.27090464954250976,0.3589540093595136,0.05078125,2.396700573504099,3.3001597663203723,0.13805259146341464,0.07417986844645015,0.07407240406032431,0.0744485294117647,0.5767129197832629,0.6651189408691307,1.6477329166039831,3.0958235478182243,11.138520154448388,0.258938546510043,0.38497434025484484
365,0.5276489476963349,0.724391114422845,0.9032476296287634,0.2772498264080492,nan,nan,nan,nan,nan,0.14012012329746107,0.026865288001060868,0.4232572115384615,0.2532531411386558,0.32955439759411814,0.0625,2.1390772120190156,2.879387974875402,0.2883003048780488,0.3651139812362476,0.3771828580444721,0.3349417892156863,0.5789583204646214,0.5549811478541078,0.8856766301551036,3.3679736321443623,9.998517722790217,0.3088110235840811,0.316857829308963
293,0.5266720753914542,0.7263730244917976,0.9079193418557462,0.2725072310819262,nan,nan,nan,nan,nan,0.17068294197842115,0.012802272615943458,0.5653846153846154,0.2532531411386558,0.32955439759411814,0.0625,2.1921403265391155,2.939347066910859,0.3241234756097561,0.2894156883109982,0.3499736303020641,0.13802083333333334,0.5802440243600732,0.5681631291454765,0.7284233827700948,3.0707277746388844,10.937595653119105,0.22078001814648657,0.3201200996732925
372,0.4727286977847525,0.7275284927399595,0.9591646699719657,0.14843804965994373,nan,nan,nan,nan,nan,0.11021743097292908,0.03233324951594683,0.3049278846153846,0.28053873439095933,0.379472978147343,0.033203125,2.4691921017881366,3.3796204668936354,0.19312118902439024,0.050165703807812656,0.04523198533093771,0.0625,0.7868911979500156,0.6875928214218547,0.8132962000488969,3.3537734865118916,9.867505164411305,0.1771275911980859,0.3099819813721162
60,0.5434434194358058,0.727931780532706,0.8956484724389789,0.30864005076702355,nan,nan,nan,nan,nan,0.15876311119311848,0.005345278747288941,0.5423076923076923,0.2532531411386558,0.32955439759411814,0.0625,2.38009157988025,3.1261830898811303,0.5148628048780488,0.11961928991879985,0.12151112353337859,0.11488970588235294,0.8,0.5,2.0,0.5,1.0,0.1,1.0
167,0.502401128712158,0.730529463491336,0.937918858745134,0.21205597535684065,nan,nan,nan,nan,nan,0.181744343164484,0.058865157353354514,0.4889423076923077,0.27090464954250976,0.3589540093595136,0.05078125,2.3394988824370917,3.183301484192416,0.22999237804878048,0.12996997882125833,0.15055478407525183,0.07850796568627451,1.007486222271271,0.6400267199909102,3.3533422620304605,3.3411735023494544,4.948941512805243,0.163219992513854,0.5279156596254816
212,0.49111482409682383,0.7337083400966999,0.9542479000965872,0.18235944009698157,nan,nan,nan,nan,nan,0.21328753577541804,0.12095831931635444,0.4441105769230769,0.28053873439095933,0.379472978147343,0.033203125,2.3861886874521208,3.262424833164676,0.1955983231707317,0.054818402768301494,0.05413546975797502,0.05652573529411765,1.1210410944548845,0.6830276819291129,0.9578205439439077,1.338644248947485,7.272009663562604,0.3913147409753767,0.4562235101035352
359,0.49486306355118076,0.7346991130846778,0.9527318853878569,0.18961718232672992,nan,nan,nan,nan,nan,0.16912061825082755,0.07479771170500471,0.4049278846153846,0.27090464954250976,0.3589540093595136,0.05078125,2.4191652413025913,3.301389264652896,0.21360518292682926,0.07960594324278283,0.07578655583401359,0.08915441176470588,0.5202157759753312,0.6480399231717843,0.9041305886666012,3.149162935977202,10.01901826997737,0.29082797851933445,0.27121081228008653
241,0.5119647346407562,0.7349713039852689,0.9377045488439167,0.22813819183864914,nan,nan,nan,nan,nan,0.20296065291573043,0.05589972177433026,0.5706129807692307,0.27090464954250976,0.3589540093595136,0.05078125,2.4158542096750226,3.2907324789108854,0.22865853658536586,0.050165703807812656,0.04523198533093771,0.0625,0.8582818998313129,0.655250284845646,0.5536078744505311,1.332537070600007,8.732013585437603,0.3313210728154635,0.6675435406550421
354,0.4902872097215098,0.7352649935726505,0.9579720698009601,0.17849730300187616,nan,nan,nan,nan,nan,0.1555107587412427,0.04675352377620133,0.42740384615384613,0.27090464954250976,0.3589540093595136,0.05078125,2.464478862199037,3.380948760737188,0.17330411585365854,0.050165703807812656,0.04523198533093771,0.0625,0.5013754585349174,0.6514663824908099,0.997246549264718,3.040391042452056,9.416334836149819,0.28243558834108423,0.2575229942782222
58,0.6036596023986381,0.7410003917809175,0.8658556548557167,0.428862234093919,nan,nan,nan,nan,nan,0.20852537511245822,0.022055717465133785,0.6746995192307692,0.2625806664845061,0.30198793307830857,0.1640625,2.1753297048741986,2.914364025848268,0.3277439024390244,0.3175658206525069,0.22501494303115668,0.5489430147058824,0.8,0.5,2.0,0.5,15.0,0.1,0.3
268,0.48510051996361186,0.7418513011235431,0.9752611021780259,0.15832679848733583,nan,nan,nan,nan,nan,0.20342625414320561,0.12409964041587244,0.40174278846153844,0.28053873439095933,0.379472978147343,0.033203125,2.433274512152195,3.3522398048179505,0.13586128048780488,0.050165703807812656,0.04523198533093771,0.0625,0.7017116546681399,0.6983720834202467,0.7235249012859062,3.15530431394106,10.21318418743893,0.2755753701962198,0.37975591772030215
223,0.5030341934904206,0.7435468088618019,0.9621946410176031,0.19692722847229888,nan,nan,nan,nan,nan,0.16980066504008248,0.04461996951765389,0.48275240384615387,0.27090464954250976,0.3589540093595136,0.05078125,2.454016208490725,3.37632391139921,0.1482469512195122,0.07946571237389051,0.06888067379403494,0.10592830882352941,1.2315927770846258,0.6725650518171448,0.6332700249715961,1.5307533153722188,6.9340121638691725,0.4095665756017778,0.5101105308458131
68,0.5553146162142127,0.7461897146504921,0.9197125314107458,0.3123826727498574,nan,nan,nan,nan,nan,0.1569553288847794,0.03351149890022958,0.46556490384615384,0.33879368253462205,0.3786080305484708,0.2392578125,2.0464903981921254,2.763257289176292,0.2545731707317073,0.4425194489904415,0.5034733070179905,0.29013480392156865,0.6376655957337796,0.5465483200262509,1.7612647183898167,0.24947477228908688,13.674717695335138,0.25131572780388867,0.23712034640202706
201,0.513743329261567,0.7522234895224643,0.9690236352141892,0.21022312529315196,nan,nan,nan,nan,nan,0.16731588687292556,0.039939357006711154,0.4857572115384615,0.2620880013670518,0.3442669519138725,0.056640625,2.5293243660420672,3.4466562466052357,0.23599466463414634,0.050165703807812656,0.04523198533093771,0.0625,0.7559253012117453,0.6085799044235733,0.9707974802236712,3.3154544890433444,5.199564620799407,0.31033160137111776,0.38979870238110165
243,0.4981466565384023,0.7538665596659276,0.9863391988727688,0.17268496164882463,nan,nan,nan,nan,nan,0.14834222933277824,0.033207967219735665,0.4361778846153846,0.27090464954250976,0.3589540093595136,0.05078125,2.4903454084049,3.427489669327836,0.14748475609756098,0.1058739513835223,0.12570514958399004,0.05629595588235294,0.8442653710385412,0.6573058823555612,0.5590334554214911,1.6945363008739234,8.662722618879657,0.3258013094800484,0.5307560852799229
334,0.47715187700337747,0.7581477985911912,1.0135986363982945,0.11952070407343285,nan,nan,nan,nan,nan,0.09599645471451367,0.02437099813878065,0.27506009615384613,0.2901096685329155,0.3940441609460817,0.0302734375,2.596147366642753,3.5840727767144878,0.12633384146341464,0.05033770447458275,0.05190660979382761,0.04641544117647059,3.047780514363228,0.697287969747683,0.8440328835617803,2.5764471265577535,10.403872284724205,0.2516855246407133,0.3791410011518511
154,0.5173554104249123,0.7595821569082626,0.9797882900749446,0.2090668239915572,nan,nan,nan,nan,nan,0.1653129274622541,0.031077521524078767,0.5009014423076923,0.27090464954250976,0.3589540093595136,0.05078125,2.551945346820474,3.4838896440852487,0.22208460365853658,0.050165703807812656,0.04523198533093771,0.0625,1.3791314068787826,0.6728697365609808,3.05713515769102,3.1727536242502308,3.865184972755076,0.14733367848987608,0.7809863174686132
161,0.5102626589712507,0.764837591308414,0.9962693479785625,0.18625819963304271,nan,nan,nan,nan,nan,0.18264416522727844,0.06279317747203592,0.48227163461538464,0.27090464954250976,0.3589540093595136,0.05078125,2.542718007379761,3.5011161859414215,0.14672256097560976,0.0630835430841067,0.062214019141278776,0.06525735294117647,1.3164348656315181,0.6752351829434253,3.0122194997661325,3.0074230731996354,4.946708162694118,0.14548329744509772,0.5976959418057504
294,0.5195609099645154,0.7672072259622231,0.9923402405055937,0.20437468960379648,nan,nan,nan,nan,nan,0.1459199956031987,0.03258126307524739,0.42926682692307694,0.27090464954250976,0.3589540093595136,0.05078125,2.580774968874171,3.5146855661799363,0.2459984756097561,0.07122928982901311,0.06314012340767716,0.09145220588235294,0.5595407070051385,0.6645281332527916,0.8000269117130552,2.8870505967028968,10.768272292539729,0.2252101605006143,0.31031639683737267
99,0.7133375293293612,0.7681604650240564,0.8179994974737794,0.6435628838997489,nan,nan,nan,nan,nan,0.21107278032763133,0.0051893924586838315,0.72578125,0.4183635677752813,0.3212558698853937,0.6611328125,2.261534983618486,2.9450742819439286,0.5526867378048781,0.18167052837482764,0.0004784456071116252,0.6346507352941176,0.5573124817070344,0.4269424482827884,2.1312547435209646,0.36135992008030227,1.603061590593312,0.0853905629293371,1.1948986924803269
131,0.529295299326471,0.7718873346635755,0.9924255486063976,0.22054179980651967,nan,nan,nan,nan,nan,0.14905358819986372,0.022833677325963024,0.4646033653846154,0.2680105907937413,0.35373045211123777,0.0537109375,2.620319455852884,3.5479060796574524,0.3013528963414634,0.050165703807812656,0.04523198533093771,0.0625,0.9117704081919362,0.6294116979284715,3.4762879394035155,3.487390797624961,5.197681354855911,0.15569868470477163,0.44564601636362233
331,0.5049289115660422,0.7720971493243283,1.0149773654682246,0.16489660896458724,nan,nan,nan,nan,nan,0.12046423153365735,0.03679896260865874,0.32962740384615385,0.27913282581242377,0.37633283113739324,0.0361328125,2.638625836143419,3.6015456827959085,0.23132621951219512,0.050165703807812656,0.04523198533093771,0.0625,0.5924393007603492,0.6997819005098704,0.6452267939564007,2.9484965950628603,12.181140300504255,0.2496833084092228,0.31936485068922127
256,0.5000763673596036,0.7730617200134592,1.0212302224260548,0.15264046398196943,nan,nan,nan,nan,nan,0.18850182046540925,0.11481601019003443,0.37271634615384613,0.27220379644704584,0.3619446900258641,0.0478515625,2.5820839362993633,3.555923608380084,0.14748475609756098,0.049457326842018166,0.0522365811082372,0.04250919117647059,0.7607843699716953,0.688135919952602,0.8697847532186901,3.477305287129599,8.97383023801201,0.2316343832417729,0.48392218133156667
158,0.5076805962690536,0.7735265710814984,1.0152047300019025,0.16933117378048781,nan,nan,nan,nan,nan,0.1504430189976587,0.047807726596722125,0.40703125,0.27090464954250976,0.3589540093595136,0.05078125,2.6225929119780123,3.608825198720436,0.15701219512195122,0.050165703807812656,0.04523198533093771,0.0625,1.3061780522720192,0.6742561896044725,0.6679558812252281,2.9534208523630787,5.881531348178165,0.1467671801537367,0.5990849331913602
195,0.5495048931527621,0.7754310641919243,0.9808184924093443,0.261962493648374,nan,nan,nan,nan,nan,0.15631195914797544,0.027586742807165592,0.478125,0.2620880013670518,0.3442669519138725,0.056640625,2.3620059924996912,3.188553816328836,0.2956364329268293,0.32131830375297843,0.3628664585875031,0.21744791666666666,0.941442035814562,0.6064237718704693,3.3060591604476133,1.5759896429070874,2.6689407217367025,0.13920145846251547,0.43128400595654015
391,0.5168159989593668,0.7758469168435411,1.0113295694655178,0.1871402852885995,nan,nan,nan,nan,nan,0.1260441647137982,0.026918561368548234,0.3738581730769231,0.27090464954250976,0.3589540093595136,0.05078125,2.6367188728249813,3.598418617076925,0.23246951219512196,0.06971998029287559,0.06102709005708464,0.09145220588235294,0.6134422423226972,0.6632175505637314,2.5429529020208324,3.235722097461972,2.2322247399460573,0.28337707918384514,0.1263288292986495
284,0.5208292472225517,0.7858747518719436,1.0268252106441178,0.18349860494150755,nan,nan,nan,nan,nan,0.13978633814431732,0.04310471955589039,0.3814903846153846,0.27090464954250976,0.3589540093595136,0.05078125,2.661578729971934,3.6421019902533907,0.21027057926829268,0.07122928982901311,0.06314012340767716,0.09145220588235294,0.6017674073596447,0.6789975580175547,2.7750938171189308,3.262939100975376,10.723355302095747,0.2376515474840307,0.39067673268735215
145,0.5232585032621596,0.7878303925625316,1.028350291926506,0.18653064415259538,nan,nan,nan,nan,nan,0.1522410566146147,0.05128651772199901,0.40462740384615387,0.27090464954250976,0.3589540093595136,0.05078125,2.5652236002165543,3.5120066378641517,0.19826600609756098,0.16295226387644754,0.19115400276035985,0.09244791666666667,1.092016700226967,0.6562475652478197,0.5476671847991936,3.2724323929977084,4.086989030838982,0.1852949717451944,0.5033736860722903
362,0.5332424579219239,0.7891418460110743,1.0217776533648473,0.20755232762664166,nan,nan,nan,nan,nan,0.1582077991793056,0.06939957269718167,0.3802283653846154,0.27090464954250976,0.3589540093595136,0.05078125,2.6772892315146692,3.6135250460717563,0.3366996951219512,0.050165703807812656,0.04523198533093771,0.0625,0.5692951906077317,0.6722093290171653,0.9511154001260603,3.499507764356404,10.096588758503525,0.24150482446039956,0.3285687250082021
228,0.5372641909383677,0.8008468085170848,1.0404673699522817,0.20179540492909173,nan,nan,nan,nan,nan,0.1844498661570535,0.06048942800449023,0.49435096153846153,0.27090464954250976,0.3589540093595136,0.05078125,2.6240910624609226,3.608521694762364,0.16301448170731708,0.12394165590785335,0.13390434768275938,0.09903492647058823,0.8956083092170386,0.6720245192801049,1.2968626793608389,1.5849127165678414,7.865796609486563,0.42970750103585087,0.5595291071363867
127,0.5327825348188067,0.8008948308271875,1.0446332817438975,0.19154870353541276,nan,nan,nan,nan,nan,0.13140916759880014,0.04863629617678173,0.33834134615384615,0.2680105907937413,0.35373045211123777,0.0537109375,2.753993861108396,3.7309343933566326,0.3116425304878049,0.050165703807812656,0.04523198533093771,0.0625,0.9075252597037581,0.6344324395314683,3.3357330654394373,3.3527283386665667,5.051324057902742,0.15467593956485648,0.458580653137648
151,0.5255411843509898,0.8033357382979288,1.0558762418860552,0.17198447932761285,nan,nan,nan,nan,nan,0.13632895460204802,0.04165380567363643,0.3730168269230769,0.27090464954250976,0.3589540093595136,0.05078125,2.7339589201170993,3.751665963773695,0.18969131097560976,0.07215042893005834,0.07123118873737577,0.0744485294117647,1.1395013162764205,0.6729122049208313,3.116922001557178,3.103236573305867,4.134559919165654,0.11780665840229441,0.7334595888862269
288,0.531757348295184,0.8047353879471256,1.0528972421761635,0.18433075237453095,nan,nan,nan,nan,nan,0.1368293902046958,0.024614030901958774,0.41736778846153844,0.27220379644704584,0.3619446900258641,0.0478515625,2.759742661328948,3.779798262445893,0.20960365853658536,0.050165703807812656,0.04523198533093771,0.0625,0.7252020800040458,0.6796691071105121,0.8157597639697032,3.079696211203841,10.952182022366335,0.21278065282252268,0.39713154846225646
142,0.5804951490592588,0.8111130260355299,1.0207656414685036,0.2869814874530957,nan,nan,nan,nan,nan,0.23538174380469482,0.07013540286503422,0.6484975961538462,0.27090464954250976,0.3589540093595136,0.05078125,2.688000006987102,3.608741168318528,0.3861471036585366,0.050165703807812656,0.04523198533093771,0.0625,1.0993811302832308,0.6501752315453299,3.1771407834903393,3.280246807672213,4.674494101884168,0.13408601222272654,0.4998721578997522
170,0.5235708080376011,0.81162591786817,1.0734941995323237,0.15695521370778612,nan,nan,nan,nan,nan,0.13615826745172024,0.0375686898170237,0.38263221153846155,0.28053873439095933,0.379472978147343,0.033203125,2.7796409658221877,3.8317031448339898,0.14948551829268292,0.050165703807812656,0.04523198533093771,0.0625,1.0037926059872642,0.6974602163511099,3.3894545254169195,3.3459726186897156,4.427322281947908,0.16097582706904645,0.5298271651516798
28,0.6149129481104186,0.8127317811368375,0.9925670838881272,0.36314352425861296,nan,nan,nan,nan,nan,0.17280075875727907,0.004228754567882975,0.5942307692307692,0.28241428378327527,0.30436437229658536,0.2275390625,2.292233328537096,3.104629708732422,0.2612423780487805,0.5034787534696993,0.5570454999556181,0.36956188725490197,0.5,0.5,2.0,0.5,1.0,0.1,1.0
251,0.525332717527169,0.8199049551732316,1.0876978984878336,0.15042259688672607,nan,nan,nan,nan,nan,0.13729286270176358,0.05901289239785358,0.33299278846153846,0.27220379644704584,0.3619446900258641,0.0478515625,2.819957457736304,3.8846020261966787,0.15834603658536586,0.050165703807812656,0.04523198533093771,0.0625,0.911801585687771,0.6850331663930648,0.8775372975455803,3.496003738633822,6.049044115337162,0.39573608066000937,0.44059468386977363
100,0.6440626168431883,0.8222827514733729,0.9843010556826315,0.41723699095022626,nan,nan,nan,nan,nan,0.22223902279319757,0.03611059344893808,0.6875600961538462,0.2532531411386558,0.32955439759411814,0.0625,2.5241449494783414,3.3572404292696776,0.44140625,0.28949389248329693,0.21429880241779214,0.4774816176470588,0.562048329850788,0.5192785901872681,2.113673549112546,0.6312653259251957,1.4276342398787776,0.09052289232046189,0.3319476898252665
395,0.531291686046329,0.8304028755806699,1.1023221387937072,0.15060471754807692,nan,nan,nan,nan,nan,0.18722749079810183,0.11997906404041944,0.35534855769230766,0.27913282581242377,0.37633283113739324,0.0361328125,2.8050854819043414,3.8677446746660777,0.1484375,0.050165703807812656,0.04523198533093771,0.0625,0.6167446185070903,0.6903425523138258,0.8321291607100886,3.327792888206042,10.273537477211347,0.29761010327829635,0.12147423284344533
368,0.5870229670829895,0.8305174902203455,1.0518761476179417,0.2771208467263547,nan,nan,nan,nan,nan,0.2142162879677045,0.04156145700094015,0.6458533653846154,0.2532531411386558,0.32955439759411814,0.0625,2.703951103146083,3.6705163005020767,0.28753810975609756,0.1506494286289388,0.16587243537463192,0.11259191176470588,1.823233815018147,0.5384129109769553,0.7638967058268556,3.4959321178836533,9.959258162601866,0.24319675569485488,0.32923641559210903
214,0.5414070368145512,0.8328562157545087,1.0978100147908336,0.17047171816369605,nan,nan,nan,nan,nan,0.1647947874722875,0.06994347169197172,0.40192307692307694,0.28053873439095933,0.379472978147343,0.033203125,2.8402738673326025,3.8964291459729603,0.19988567073170732,0.04581747382218558,0.04539446335105981,0.046875,1.0655549881588173,0.6855208430611018,0.74372565496268,1.2672156758172222,7.168776573973525,0.38310172494789646,0.46053069929956114
273,0.5333558157271138,0.8333262009851637,1.1060265512197545,0.15157532539868668,nan,nan,nan,nan,nan,0.1573922901023024,0.08758478306630027,0.33191105769230766,0.27090464954250976,0.3589540093595136,0.05078125,2.85484216048803,3.932335427122266,0.16110899390243902,0.050165703807812656,0.04523198533093771,0.0625,0.6902250189380126,0.6729138621017194,0.6902560229088016,3.4933553265310335,9.344221434050786,0.24535584340096972,0.3600017133767777
328,0.5348328781784086,0.8366349472966088,1.1110004646767908,0.15072115384615387,nan,nan,nan,nan,nan,0.1925547996875797,0.12061037340876538,0.3724158653846154,0.28872415363260184,0.39327631508564254,0.02734375,2.815095132058441,3.8848831848818173,0.140625,0.050165703807812656,0.04523198533093771,0.0625,0.5898053903480633,0.6999077416113525,0.5866850990126591,2.667488690447954,11.105991668497946,0.3024823616958737,1.3484807982028326
210,0.5544392302566208,0.8381576882904083,1.0960835592302147,0.19334301094089137,nan,nan,nan,nan,nan,0.2685228112359144,0.16223001265335704,0.5342548076923077,0.28053873439095933,0.379472978147343,0.033203125,2.533575213504023,3.493346762320266,0.13414634146341464,0.2699939940307365,0.34928448379989385,0.07176776960784313,1.0604434556765199,0.6859703455011308,0.914399974837528,1.6857492165719252,7.51111126331632,0.3957928551978527,0.4540482016555321
196,0.5467935561618646,0.8397766411167376,1.106124900166622,0.17390599349202626,nan,nan,nan,nan,nan,0.19967833770030602,0.10551121124196683,0.43509615384615385,0.28053873439095933,0.379472978147343,0.033203125,2.828723788567872,3.89428342594624,0.16482469512195122,0.050165703807812656,0.04523198533093771,0.0625,0.9421490675060075,0.6876064684505225,0.8397236221953863,3.212841249897906,5.366640538399709,0.3920311648502527,0.4297225874359857
103,0.5987673728625601,0.8399795513182541,1.0592633499143396,0.2917700548280405,nan,nan,nan,nan,nan,0.11836191655224476,0.008302837019296485,0.3935096153846154,0.3224222965942707,0.36896934023197886,0.2060546875,2.8613094542637922,3.810444516457114,0.4884717987804878,0.05782453786270888,0.0493367059489689,0.07904411764705882,0.6874082712174107,0.5278153119217722,2.113221603399626,0.3702504078120784,14.465979455711,0.09131474720088217,0.20317367531130487
283,0.5422312991832979,0.8447334288507581,1.1197353649120854,0.15722858869743958,nan,nan,nan,nan,nan,0.10537960284948339,0.04279586706619978,0.26183894230769234,0.27090464954250976,0.3589540093595136,0.05078125,2.9231837506371487,4.008310909428594,0.21036585365853658,0.07946571237389051,0.06888067379403494,0.10592830882352941,0.6032376074192326,0.6752357230080606,2.732732774330924,3.2657821787823447,10.411184361710198,0.22981995819779763,0.34759659398270476
330,0.5313250517795993,0.8485280155274371,1.1368943462072896,0.12761218882780598,nan,nan,nan,nan,nan,0.11252384573648526,0.04493723018492551,0.2814903846153846,0.28053873439095933,0.379472978147343,0.033203125,2.902349074874597,4.002541753604923,0.15186737804878048,0.09870040710770675,0.12062542289196591,0.04388786764705882,0.5247085911824394,0.6971364168065083,0.578751393297382,2.957792062058234,10.537651546538957,0.24762967794432378,0.40765589902240523
315,0.5681653567912399,0.8555873339431649,1.1168800404449148,0.20235556768878987,nan,nan,nan,nan,nan,0.1623861546682689,0.04683580884326874,0.45126201923076925,0.27220379644704584,0.3619446900258641,0.0478515625,2.937593680849532,4.013507677579589,0.24780868902439024,0.050165703807812656,0.04523198533093771,0.0625,0.6549281768511304,0.6846353304060446,0.5003817509020587,3.408436657242242,11.343945591430657,0.2779007360127878,0.33842037932844066
187,0.5781787625064064,0.8620313302447529,1.120079119097795,0.21691185811214728,nan,nan,nan,nan,nan,0.1605311768055309,0.04005614752774322,0.46171875,0.27090464954250976,0.3589540093595136,0.05078125,2.6964633881617037,3.676954231231263,0.24523628048780488,0.32022610646926714,0.4043520882726602,0.10991115196078431,0.7481269120427398,0.6638848126796696,0.5851549944505933,3.417912120695539,2.967088001091337,0.4512840548746015,0.3697491405838988
263,0.542121341221345,0.869826321575341,1.1677399400789736,0.12504227531625925,nan,nan,nan,nan,nan,0.10150286022789769,0.0302049658575183,0.27974759615384615,0.2868317016634023,0.39179875732876324,0.0244140625,3.04925895599802,4.210044855470398,0.14729420731707318,0.04171176841204387,0.03891118165921435,0.04871323529411765,2.446130871595509,0.6992389344339578,0.7352059532705391,3.2638948629011137,9.847747318274822,0.2759581221891862,0.41280282614158675
234,0.606899859404289,0.8704017283402105,1.109948881918321,0.27153384439493433,nan,nan,nan,nan,nan,0.20742827313568474,0.06299573623611243,0.5685096153846154,0.27090464954250976,0.3589540093595136,0.05078125,2.9376559892662932,3.9541055800947618,0.39653201219512196,0.06561800141635449,0.06374020198289629,0.0703125,1.4195934824293341,0.6577988575184333,1.0794985926935237,1.307971062860315,6.547754979551391,0.34689865760570265,0.5409121830126059
286,0.5638877756720363,0.8889136431212155,1.184391704438651,0.15021848982762664,nan,nan,nan,nan,nan,0.17681734181319322,0.13182312469231666,0.2893028846153846,0.27913282581242377,0.37633283113739324,0.0361328125,3.049538701051432,4.184178876593956,0.21293826219512196,0.050165703807812656,0.04523198533093771,0.0625,0.5921289035979499,0.6983636998271847,3.3065701319250103,3.2743072660983747,10.592557345824073,0.23365414369551965,0.3889765566400454
385,0.5653171301977216,0.8934930703745161,1.191834834171602,0.1476386608818011,nan,nan,nan,nan,nan,0.11122031209363413,0.05222286000801084,0.2587139423076923,0.29128965568853893,0.4015555179639545,0.015625,3.121296609908079,4.268328973383505,0.2537157012195122,0.050165703807812656,0.04523198533093771,0.0625,1.6956902112942518,0.6803922105301076,2.8278837822870058,2.1751659674378847,10.96696745029839,0.25789308532016575,0.16350262952232392
114,0.63833541665732,0.9008227294473982,1.1394475592565603,0.3042606549244933,nan,nan,nan,nan,nan,0.16576985527525478,0.014457605077664318,0.5440504807692308,0.25940706080811676,0.32879488513136346,0.0859375,2.9290711339987525,3.9465456241836194,0.38538490853658536,0.2490428677074687,0.2679921226335934,0.20166973039215685,0.6780673003876475,0.5790125678037996,0.5268791235541879,3.205585684922042,14.501072445182118,0.12911541069502502,1.9101281263583714
125,0.6234646629559976,0.9040166770886546,1.1590639626637975,0.2663984631507974,nan,nan,nan,nan,nan,0.17889557585946003,0.017232652357090164,0.5830528846153846,0.2680105907937413,0.35373045211123777,0.0537109375,3.1189948378936045,4.220060760855924,0.3663300304878049,0.050165703807812656,0.04523198533093771,0.0625,0.8767227604468598,0.6121772928021862,3.4545446060428717,2.3131383342296585,5.375166989623662,0.153464315235729,0.4423179880144852
115,0.6270051446110433,0.9141162985613703,1.1751264385162132,0.26159094867426336,nan,nan,nan,nan,nan,0.09268456452069403,0.028003582636663932,0.25438701923076923,0.2532531411386558,0.32955439759411814,0.0625,2.7302050753422002,3.681966983527861,0.3508003048780488,0.5803224132439314,0.6609807903062098,0.3786764705882353,9.609933584233188,0.5896110789617706,1.6196717992037821,3.0733625532189417,5.968787437912358,0.4983391968754387,0.4549407898613686
239,0.6139266202353072,0.9162491451200039,1.1910878041060917,0.22915249765478424,nan,nan,nan,nan,nan,0.17961885994757618,0.07338948084968355,0.44519230769230766,0.27090464954250976,0.3589540093595136,0.05078125,3.164307367182117,4.286775740884232,0.3581364329268293,0.050165703807812656,0.04523198533093771,0.0625,0.9589963950813191,0.6557485044926439,1.3868154131582355,1.3182480249072237,6.501996322806823,0.35600805431187527,0.4172057327980266
363,0.632875684125952,0.9189729963536329,1.1790614620151612,0.26875183219981236,nan,nan,nan,nan,nan,0.1623702355718083,0.026164483646685433,0.5028846153846154,0.2532531411386558,0.32955439759411814,0.0625,3.210102904896255,4.315294981488903,0.44712271341463417,0.050165703807812656,0.04523198533093771,0.0625,0.575278993499641,0.5537604982435081,0.9206075464739262,2.3135011160897583,9.990964357838546,0.3103641533604973,0.3241377465376786
106,0.7043363771753828,0.9264777521966481,1.1284244567614345,0.4216109907846816,nan,nan,nan,nan,nan,0.17996349512770493,0.010939277794171495,0.6025240384615385,0.2532531411386558,0.32955439759411814,0.0625,2.995032494124923,3.9877863454334284,0.5131478658536586,0.2776618783953087,0.1854178062240204,0.5082720588235294,0.7105518081076226,0.5193318827542386,2.083696301547433,0.36452083334106067,6.105202355989971,0.11156187275421081,0.20294773036528657
95,0.7034480024243905,0.9293548051741791,1.1347246258558046,0.4159302534701146,nan,nan,nan,nan,nan,0.12391078389670561,0.008282789763080145,0.4129807692307692,0.30210888217248927,0.2827180600414849,0.3505859375,3.02955405731712,4.003342143658601,0.5950838414634146,0.2618454973104014,0.24455550996005213,0.3050704656862745,0.5633853364919937,0.479306692902078,1.866968568377215,0.6593810997856671,1.4963999533802699,0.13967042871142818,0.26756731267002837
164,0.6314431323037845,0.932052510278468,1.2053337629827257,0.24884937851782363,nan,nan,nan,nan,nan,0.1506450444682067,0.026768446870873985,0.46033653846153844,0.27090464954250976,0.3589540093595136,0.05078125,3.241042345686801,4.371872393717618,0.4139672256097561,0.06561800141635449,0.06374020198289629,0.0703125,1.008751755384504,0.6413811162420837,2.9774382070476872,3.027081680654601,6.817469201370086,0.1600797920440296,0.5310107189439346
69,0.6804289894502739,0.9321450322714692,1.1609777984725558,0.3600631167687526,nan,nan,nan,nan,nan,0.19138192058728007,0.009641419591422805,0.6457331730769231,0.2532531411386558,0.32955439759411814,0.0625,3.016239256080039,4.058634348755957,0.4102515243902439,0.2677058112799016,0.24608102794872494,0.32176776960784315,0.6286760913201946,0.5553316387415048,1.7605359231093989,0.24756573263571174,2.3781192631517785,0.25235966685823363,0.2390712334745288
71,0.7416412879441754,0.9390989195460608,1.1186058573659565,0.4903315749963212,nan,nan,nan,nan,nan,0.15996908108054264,0.005615367358913513,0.5458533653846154,0.2799735294618835,0.2700879412466368,0.3046875,2.9189919450003345,3.914180186415102,0.43102134146341464,0.3974611226414826,0.2845399344431737,0.6797640931372549,1.2681276774589914,0.4399681600191891,2.233550893848667,0.8304517007912818,2.029595864373955,0.23931376262076517,0.38080851903794627
307,0.6212261787629323,0.9425835567108425,1.234726627572579,0.2122258795565013,nan,nan,nan,nan,nan,0.16761605075767058,0.0714653556761234,0.40799278846153847,0.2749167090085698,0.37043026761199765,0.0361328125,3.2012533423208835,4.346007728029725,0.3393673780487805,0.12654812475624602,0.1510031589724699,0.06541053921568628,0.6627272345104434,0.6881693912073931,0.8347418577765141,3.4159521046860384,11.714978649197295,0.11381530736668724,0.40610030587006046
176,0.6304430239343847,0.9526358187446463,1.2455383594812477,0.22037946690314258,nan,nan,nan,nan,nan,0.14004553419642898,0.054765670951923674,0.3532451923076923,0.2680105907937413,0.35373045211123777,0.0537109375,3.3368691485720605,4.509917112878933,0.40424923780487804,0.06561800141635449,0.06374020198289629,0.0703125,0.8531280235233516,0.6216371463310706,3.2539853419342815,3.4262295667269362,6.352358025758049,0.13033740753989087,0.4732723542693641
57,0.7346683255908211,0.9555261541034403,1.1563059982058215,0.45357654384748736,nan,nan,nan,nan,nan,0.20127719620250198,0.011427497760425807,0.6759014423076923,0.2627422151753224,0.3264328512454514,0.103515625,2.9739321922462243,3.9604562886569092,0.5076219512195121,0.38415301278971276,0.32690735516049974,0.5272671568627451,0.8,0.5,2.0,0.5,1.0,0.2,0.3
213,0.6431897467361614,0.9598603047452895,1.2477426302081334,0.2401544910881801,nan,nan,nan,nan,nan,0.18079668867827264,0.050423056457273976,0.5067307692307692,0.28895375560922737,0.3935977578529183,0.02734375,3.3195250708858453,4.501717721191403,0.3640434451219512,0.050165703807812656,0.04523198533093771,0.0625,1.118923925231101,0.6848934603746314,0.910943120120074,1.4040033031035575,7.488471255125806,0.3927009913641306,0.4614437323164904
383,0.6288608460607534,0.9632802713867146,1.2672979307739518,0.203236122918621,nan,nan,nan,nan,nan,0.1618924413930501,0.04991864871950086,0.44182692307692306,0.27220379644704584,0.3619446900258641,0.0478515625,3.3688591438989497,4.612096399019505,0.26076600609756095,0.050165703807812656,0.04523198533093771,0.0625,1.5692861076371296,0.6774537711386492,3.111205975278371,3.293542629818077,11.027522546190903,0.2587456836809787,0.27826694553726206
355,0.6258741139540768,0.9750880385202457,1.2925552426713083,0.18142002814258912,nan,nan,nan,nan,nan,0.16208996720509083,0.09572403101020407,0.32800480769230766,0.27090464954250976,0.3589540093595136,0.05078125,3.4171918335255698,4.670310944984577,0.2843940548780488,0.050165703807812656,0.04523198533093771,0.0625,0.5136232256259653,0.6502233100128585,1.1326886613003901,3.224121028418429,9.485586311827458,0.2875303788660174,0.2996834378469066
76,0.7834304134559278,0.9808210292434685,1.1602670435957778,0.5322059933626945,nan,nan,nan,nan,nan,0.16673038278635374,0.006475420516279804,0.5673677884615385,0.28129882009691753,0.29889647313568457,0.2373046875,2.9934165044870586,3.913420301403833,0.6934070121951219,0.4818384096035438,0.42227597932731414,0.6307444852941176,1.0591323840020423,0.44070039617040146,2.1878084709262655,0.8876059421882139,2.5287029227497775,0.06324478983015974,0.3845163188979572
112,0.7119148700726614,0.9837687963621997,1.2309087293526886,0.36591896388597656,nan,nan,nan,nan,nan,0.14630779701322222,0.011104954280049543,0.48431490384615383,0.2669945224649814,0.3159798314509739,0.14453125,2.947609045874965,3.9284438227615355,0.4955221036585366,0.5741638200956302,0.6681063089181959,0.3393075980392157,0.7181821039674671,0.5194931436469798,0.8423499878706324,2.561214950389745,6.4461096422865225,0.10930374680755721,1.609255817909579
59,0.730245490495435,0.9857258868347936,1.217980792597847,0.40508862242716037,nan,nan,nan,nan,nan,0.12978734874952252,0.019731134403177676,0.4049278846153846,0.27369232973222146,0.32691926162511004,0.140625,3.1888293293856984,4.249422036749734,0.5373475609756098,0.3505945394717319,0.27585073761336587,0.5374540441176471,0.8,0.5,2.0,0.5,15.0,0.2,0.3
156,0.6501540635585206,0.9937813958949621,1.3061698798371812,0.21281018603941343,nan,nan,nan,nan,nan,0.11323093923553872,0.028691584160523382,0.32457932692307695,0.27220379644704584,0.3619446900258641,0.0478515625,3.541867466729174,4.785748599762306,0.4321646341463415,0.04782338116808966,0.048294645400031394,0.046645220588235295,1.3161860166913495,0.6809872490285626,0.6345166606413016,3.3989116467532634,3.7185086956747453,0.1447421012970228,0.42224751598431715
329,0.6399412196294029,1.0093602512625528,1.3451957345654164,0.169771543005394,nan,nan,nan,nan,nan,0.15283844863363524,0.07933440501016623,0.3365985576923077,0.2828498864072508,0.37919296597015106,0.0419921875,3.5515869662015125,4.87702358195041,0.2379954268292683,0.050165703807812656,0.04523198533093771,0.0625,0.590526386203919,0.6963398914815824,0.5917674337611485,2.8237315153787805,10.954782816366484,0.24860034106010323,0.4001879016534586
339,0.6660670436729568,1.0120663441526598,1.326611162770572,0.22570429760787994,nan,nan,nan,nan,nan,0.22222267818095143,0.1258232879148704,0.46322115384615387,0.27090464954250976,0.3589540093595136,0.05078125,3.504972345079366,4.776435368476966,0.32631478658536583,0.050165703807812656,0.04523198533093771,0.0625,0.5864625427042357,0.6679177625767895,0.7779406282863766,2.4888893620732024,12.215886260632109,0.4438599286090976,1.3292483765235485
348,0.6538297184348855,1.0131450641715323,1.339795378477575,0.19651927840642588,nan,nan,nan,nan,nan,0.21730522994114426,0.1306215526868327,0.43401442307692306,0.27220379644704584,0.3619446900258641,0.0478515625,3.5129055264901266,4.8213832858666645,0.24171112804878048,0.050165703807812656,0.04523198533093771,0.0625,0.5451600801639751,0.6783291246869656,0.9384881054084512,3.064859257383998,10.823635459098716,0.2667089627558533,0.29755688122782714
126,0.6717644488162905,1.0180228720319044,1.3328032567733716,0.2310719101782364,nan,nan,nan,nan,nan,0.1816024498252407,0.09508477590918314,0.3978966346153846,0.27090464954250976,0.3589540093595136,0.05078125,3.5694186849520544,4.831942256493852,0.41310975609756095,0.050165703807812656,0.04523198533093771,0.0625,0.9025784335263934,0.6480119485995016,0.7583576425917719,2.20303788267318,5.430133456378355,0.11706381769241526,0.1001862283285691
205,0.6922181302492357,1.0519501891817218,1.3789793336657998,0.2343773279715263,nan,nan,nan,nan,nan,0.14713115795128476,0.034252851901029405,0.42932692307692305,0.27090464954250976,0.3589540093595136,0.05078125,3.677969750393952,4.9980905773808,0.3776676829268293,0.11179519883914084,0.12461989602185601,0.07973345588235294,1.1146544869008586,0.6541827248624402,0.7713602211438766,1.4264792765742607,7.797823583110191,0.41451157073717265,0.4782999780600689
254,0.6856284420475666,1.0778347440568325,1.4343859277016198,0.18645678494486445,nan,nan,nan,nan,nan,0.18745310243218766,0.09570357417429348,0.4168269230769231,0.28053873439095933,0.379472978147343,0.033203125,3.7325782526817717,5.1345272366813095,0.22770579268292682,0.11076888672241135,0.12783992180353276,0.06809129901960784,0.7625874851733405,0.6880018602368685,0.805151644701635,3.352159712375222,4.693359420086704,0.29032196281992784,0.48136802650348337
349,0.7286192804369801,1.105722569574713,1.4485437415181066,0.2486696397162289,nan,nan,nan,nan,nan,0.19424302141722552,0.053622922291808005,0.5457932692307692,0.28053873439095933,0.379472978147343,0.033203125,3.897942818682855,5.315847080302338,0.35318216463414637,0.050165703807812656,0.04523198533093771,0.0625,0.5465406081905438,0.67650826635858,0.9588152861649566,3.056862700362513,9.49714464286658,0.2675032151028146,0.30051759215054136
364,0.7406476937619552,1.1150125947673262,1.4553443229540268,0.2641832743005739,nan,nan,nan,nan,nan,0.17342483099665476,0.04904476339531664,0.484375,0.27090464954250976,0.3589540093595136,0.05078125,3.9561467762953852,5.360213718520856,0.4459794207317073,0.059574122234754986,0.05316480054042168,0.07559742647058823,0.584871942046498,0.6734412298646144,0.9313117585762957,3.3739484862043585,10.260127816071776,0.2443131889878404,0.32415190951780004
388,0.7474005200358526,1.1193127275957715,1.457414734468425,0.2740577104141375,nan,nan,nan,nan,nan,0.18864818439193481,0.0533141889179395,0.5269831730769231,0.27090464954250976,0.3589540093595136,0.05078125,3.964827381059776,5.371680589581247,0.44769435975609756,0.05287069538886498,0.045710150014999194,0.07077205882352941,1.9092826302079473,0.6335390042944262,2.6515289789546705,2.2560487582620894,8.265951301030388,0.26749673569210464,0.11400382300094537
62,0.8409519189425564,1.1259030969918675,1.3849496224912412,0.47828678324343343,nan,nan,nan,nan,nan,0.18176837283762382,0.007528606588057915,0.6173677884615385,0.355640802486578,0.3533658734812091,0.361328125,3.547845301713582,4.732265434594137,0.5867949695121951,0.4183579109296863,0.4466385753015608,0.34765625,0.8,0.5,2.0,0.5,15.0,0.1,1.0
282,0.7363295512917508,1.1393492734890218,1.5057308391229043,0.2233953594043152,nan,nan,nan,nan,nan,0.1495578686413952,0.0806069776364148,0.32193509615384613,0.27090464954250976,0.3589540093595136,0.05078125,4.086768871964369,5.5381303841647505,0.45836509146341464,0.050165703807812656,0.04523198533093771,0.0625,0.7308800525968753,0.6748514576480715,0.7490099274183495,3.2402391191180175,10.110171893084708,0.2315137918324463,0.3275106837421089
113,0.8160091404373424,1.1512751503589693,1.4560624321059026,0.3893069459916354,nan,nan,nan,nan,nan,0.1750588095338303,0.0711400256550547,0.43485576923076924,0.2680105907937413,0.35373045211123777,0.0537109375,3.4120528571228927,4.576492902411074,0.500952743902439,0.7499783439854126,0.8228863482462442,0.5677083333333334,7.375189251872441,0.5991767442085528,1.1472306869445683,2.770093331856981,14.488315403495381,0.12746469135699154,1.7583953550610576
91,0.8673008016778293,1.1526786836069702,1.4121131217243712,0.5040925883134679,nan,nan,nan,nan,nan,0.18977235617984198,0.0173880294210095,0.6207331730769231,0.2549247429026706,0.32251964006373884,0.0859375,3.4281308893984788,4.561502147596894,0.594702743902439,0.73788674594689,0.7470426698158419,0.7149969362745098,3.37886963721041,0.4769084218039288,1.8741117738864934,0.6631215887212085,7.972226386138075,0.14240393450383643,0.26040334379300345
338,0.7548227702928662,1.1532971563188772,1.5155465981607055,0.24767355171430672,nan,nan,nan,nan,nan,0.1335809302157108,0.04345560999430278,0.35889423076923077,0.27090464954250976,0.3589540093595136,0.05078125,3.6717434866064287,5.029693930029488,0.2768673780487805,0.5369595589108597,0.6300828432595171,0.3041513480392157,6.430392336891347,0.6596943950424939,0.8530464481492045,3.3183053384398176,10.13215757591489,0.44982135626332237,0.37900019031955007
70,0.9254749894711819,1.2970597297579065,1.6348640391094744,0.45254895637898684,nan,nan,nan,nan,nan,0.16813038737245134,0.028339273090662608,0.5176081730769231,0.2532531411386558,0.32955439759411814,0.0625,4.588016273615314,6.18118772208583,0.6050876524390244,0.17883911690520504,0.0003747636672870656,0.625,0.6280558647033375,0.5421543487480736,2.2339423832049645,0.7938851597966988,2.6029478551999086,0.25523372570244174,0.23030394469524723
