/usr/local/lib/python3.12/dist-packages/samplomatic/__init__.py:20: UserWarning: 
You have imported samplomatic==0.17.1 which is in 
beta development. Please expect breaking changes between 
minor versions and pin your dependencies accordingly.
  _warn_once_per_version(
======================================================================
Fig 5: Detailed QAOA Analysis (N=256, VQA=2×2)
  solve_max_depth = 5
======================================================================

──────────────────────────────────────────────────
Analyzing: Kelvin-Helmholtz
──────────────────────────────────────────────────
  Computing Hamiltonian at multiple depths...
    Depth 0: H=0.0000 C=0.0000 K=0.0000
    Depth 1: H=15199.1245 C=3212.8307 K=14201.6374
    Depth 2: H=85.4787 C=153.9750 K=3280.7100
    Depth 3: H=54.1758 C=20.6400 K=0.0000
--- START LEVEL-BY-LEVEL VQA SCAN ---
Average Phi Dev: 8.568447475942937e-06
  Depth 0: 1 patch(es) to evaluate
Transpiling circuit (backend=state_vector, opt_level=0)
  IIIIIIIZ: (0.9727959155234203+0j)
  IIIZIIII: (0.9727959155234203+0j)
  IIZZIZIZ: (-0.1361662639310945+0j)
  IIIIIIZI: (0.9999708134612882+0j)
  IIZIIIII: (0.9999708134612882+0j)
  IIZZZIZI: (-0.13616626393093545+0j)
  IIIIIZII: (1+0j)
  IZIIIIII: (1+0j)
  ZZIIIZIZ: (-0.13616626393093542+0j)
  IIIIZIII: (0.9727876227585369+0j)
  ZIIIIIII: (0.9727876227585369+0j)
  ZZIIZIZI: (-0.13616626393109452+0j)

 

Information about the circuit: 
Number of qubits: 8
 Depth : 41

--- Starting Optimization Loop (method=COBYLA) ---
Iter 10: Cost = -7.757287536367015
Iter 20: Cost = -8.364824044928191
Iter 30: Cost = -8.403840616179398
Optimization success: True
Optimal Params: [-0.35762991 -0.06170097 -0.11361322  0.35173008]

--- Final Statevector (exact) ---
Marginals: [0.9975826679608127, 0.9980083111226477, 0.9978767322117038, 0.9978302280074601, 0.9978311501909529, 0.9980089392188095, 0.9980083837023129, 0.9978308759938508]

  ┌─ Depth 0 | Patch (0, 256, 0, 256) | eff_threshold=0.150
  │  θ-only  (before QAOA): [[0.837 0.856]
 [0.856 0.837]]
  │  QAOA    (after  QAOA): [[0.998 0.998]
 [0.998 0.998]]
  │  θ-only  refine: [[1 1]
 [1 1]]
  │  QAOA    refine: [[1 1]
 [1 1]]
  │  Agreement: 4/4 cells
  └─
  Depth 1: 4 patch(es) to evaluate
Transpiling circuit (backend=state_vector, opt_level=0)
  IIIIIIIZ: (0.03564426796811478+0j)
  IIIZIIII: (0.03564426796811478+0j)
  IIIIIIIZ: (-1.7162798415558193e-155+0j)
  IIIZIIII: (3.6638713280887925e-141+0j)
  IIZZIZIZ: (-0.10327166290568619+0j)
  IIIIIIZI: (0.8749506485138759+0j)
  IIZIIIII: (0.8749506485138759+0j)
  IIZIIIII: (4.982223743811294e-147+0j)
  IIZIZIZI: (-0.14055783820639906+0j)
  IIIIIZII: (-0.025834149157535905+0j)
  IZIIIIII: (-0.025834149157535905+0j)
  IIIIIZII: (-1.4359155265176652e-133+0j)
  ZZIIIZII: (0.023438453038479974+0j)
  IIIIZIII: (0.9916820609690463+0j)
  ZIIIIIII: (0.9916820609690463+0j)
  ZIIIZIII: (0.0072648382392777825+0j)

 

Information about the circuit: 
Number of qubits: 8
 Depth : 35

--- Starting Optimization Loop (method=COBYLA) ---
Iter 10: Cost = -2.8312965582122205
Iter 20: Cost = -3.4726815459293894
Iter 30: Cost = -3.4560163405107787
Optimization success: True
Optimal Params: [-0.30793053 -0.13955633  0.56905346  0.22429714]

--- Final Statevector (exact) ---
Marginals: [0.9795946940056476, 0.9766288323464186, 0.9653934298682545, 0.9256308054493142, 0.996244888657021, 0.9857705923063584, 0.9948195938625398, 0.9683861556663034]

  ┌─ Depth 1 | Patch (0, 128, 0, 128) | eff_threshold=0.320
  │  θ-only  (before QAOA): [[0.831 0.837]
 [0.755 0.77 ]]
  │  QAOA    (after  QAOA): [[0.988 0.981]
 [0.98  0.947]]
  │  θ-only  refine: [[1 1]
 [1 1]]
  │  QAOA    refine: [[1 1]
 [1 1]]
  │  Agreement: 4/4 cells
  └─
Transpiling circuit (backend=state_vector, opt_level=0)
  IIIIIIIZ: (0.006118238169167675+0j)
  IIIZIIII: (0.006118238169167675+0j)
  IIIIIIIZ: (-1.8449139887518584e-155+0j)
  IIIZIIII: (8.664911329202332e-142+0j)
  IIZZIZIZ: (-0.17670451713104307+0j)
  IIIIIIZI: (0.8360003115387442+0j)
  IIZIIIII: (0.8360003115387442+0j)
  IIZIIIII: (8.282800625168539e-143+0j)
  IIZIZIZI: (-0.10041926648404408+0j)
  IIIIIZII: (-0.050499527335491685+0j)
  IZIIIIII: (-0.050499527335491685+0j)
  IIIIIZII: (-4.140593842182276e-130+0j)
  ZZIIIZII: (0.06746821413031223+0j)
  IIIIZIII: (0.9565582987171654+0j)
  ZIIIIIII: (0.9565582987171654+0j)
  ZIIIZIII: (0.033961218416551316+0j)

 

Information about the circuit: 
Number of qubits: 8
 Depth : 35

--- Starting Optimization Loop (method=COBYLA) ---
Iter 10: Cost = -3.351290474359349
Iter 20: Cost = -3.3351908121548144
Optimization success: True
Optimal Params: [-0.26967961 -0.2529037  -0.06262599  0.29617702]

--- Final Statevector (exact) ---
Marginals: [0.7002665305665041, 0.9825615750086308, 0.5662657973865537, 0.9876893680219307, 0.8788353663100971, 0.9822321697413867, 0.8717518828535027, 0.9916091746489277]

  ┌─ Depth 1 | Patch (0, 128, 128, 256) | eff_threshold=0.320
  │  θ-only  (before QAOA): [[0.825 0.856]
 [0.778 0.736]]
  │  QAOA    (after  QAOA): [[0.79  0.982]
 [0.719 0.99 ]]
  │  θ-only  refine: [[1 1]
 [1 1]]
  │  QAOA    refine: [[1 1]
 [1 1]]
  │  Agreement: 4/4 cells
  │  Boundary activation: ['right']
  └─
Transpiling circuit (backend=state_vector, opt_level=0)
  IIIIIIIZ: (0.01973393589438887+0j)
  IIIZIIII: (0.01973393589438887+0j)
  IIIIIIIZ: (-5.407633276881281e-156+0j)
  IIIZIIII: (1.5255757131668051e-139+0j)
  IIZZIZIZ: (-0.12362945596242238+0j)
  IIIIIIZI: (0.8581028858952237+0j)
  IIZIIIII: (0.8581028858952237+0j)
  IIZIIIII: (7.783524184931997e-146+0j)
  IIZIZIZI: (-0.1568072752672647+0j)
  IIIIIZII: (-0.035259248320996195+0j)
  IZIIIIII: (-0.035259248320996195+0j)
  IIIIIZII: (-1.4273028101701598e-130+0j)
  ZZIIIZII: (0.050520836348730065+0j)
  IIIIZIII: (0.9610421432466868+0j)
  ZIIIIIII: (0.9610421432466868+0j)
  ZIIIZIII: (0.006782886536917788+0j)

 

Information about the circuit: 
Number of qubits: 8
 Depth : 35

--- Starting Optimization Loop (method=COBYLA) ---
Iter 10: Cost = -2.568865278970189
Iter 20: Cost = -2.6170936770818494
Optimization success: True
Optimal Params: [-0.14513635 -0.09294337  0.11528591  0.06263324]

--- Final Statevector (exact) ---
Marginals: [0.9494537095505049, 0.8603813804324913, 0.8960114429612378, 0.7524883765588859, 0.9646252726476678, 0.9667458452612587, 0.9141155428152934, 0.8574681922516547]

  ┌─ Depth 1 | Patch (128, 256, 0, 128) | eff_threshold=0.320
  │  θ-only  (before QAOA): [[0.829 0.856]
 [0.74  0.771]]
  │  QAOA    (after  QAOA): [[0.957 0.914]
 [0.905 0.805]]
  │  θ-only  refine: [[1 1]
 [1 1]]
  │  QAOA    refine: [[1 1]
 [1 1]]
  │  Agreement: 4/4 cells
  └─
Transpiling circuit (backend=state_vector, opt_level=0)
  IIIIIIIZ: (-0.01324739061203906+0j)
  IIIZIIII: (-0.01324739061203906+0j)
  IIIIIIIZ: (-1.589921985699136e-155+0j)
  IIIZIIII: (3.084966714806006e-147+0j)
  IIZZIZIZ: (-0.1616367427069833+0j)
  IIIIIIZI: (0.8824728650780553+0j)
  IIZIIIII: (0.8824728650780553+0j)
  IIZIIIII: (2.821862920157303e-141+0j)
  IIZIZIZI: (-0.07060279087674243+0j)
  IIIIIZII: (-0.03769967285720349+0j)
  IZIIIIII: (-0.03769967285720349+0j)
  IIIIIZII: (-6.144842993458348e-134+0j)
  ZZIIIZII: (0.07002889551200701+0j)
  IIIIZIII: (0.9899211315557838+0j)
  ZIIIIIII: (0.9899211315557838+0j)
  ZIIIZIII: (0.02278361962356703+0j)

 

Information about the circuit: 
Number of qubits: 8
 Depth : 35

--- Starting Optimization Loop (method=COBYLA) ---
Iter 10: Cost = -3.1174762771504287
Iter 20: Cost = -3.540867143540819
Optimization success: True
Optimal Params: [-0.3605161  -0.10538852  0.01274761  0.09505069]

--- Final Statevector (exact) ---
Marginals: [0.7271045198804216, 0.9782252497695336, 0.5913569756929499, 0.9953169327403111, 0.948040889746353, 0.9969830023209247, 0.7838301702202507, 0.9951549683131844]

  ┌─ Depth 1 | Patch (128, 256, 128, 256) | eff_threshold=0.320
  │  θ-only  (before QAOA): [[0.83  0.837]
 [0.778 0.747]]
  │  QAOA    (after  QAOA): [[0.838 0.988]
 [0.688 0.995]]
  │  θ-only  refine: [[1 1]
 [1 1]]
  │  QAOA    refine: [[1 1]
 [1 1]]
  │  Agreement: 4/4 cells
  │  Boundary activation: ['right']
  └─
  Depth 2: 16 patch(es) to evaluate
Transpiling circuit (backend=state_vector, opt_level=0)
  IIIIIIIZ: (-0.03080251486898091+0j)
  IIIZIIII: (-0.03080251486898091+0j)
  IZIZIIII: (-0.0023617500085296598+0j)
  IIIIIIIZ: (-5.038429016957357e-24+0j)
  IIIZIIII: (0.001224557884548433+0j)
  IIIIIIZI: (0.012661088916886682+0j)
  IIZIIIII: (0.012661088916886682+0j)
  IIZIIIII: (8.116072687113512e-115+0j)
  IIIIIZII: (-0.034383191886223775+0j)
  IZIIIIII: (-0.034383191886223775+0j)
  IZIIIIII: (-8.38609544440287e-05+0j)
  IIIIIZII: (-9.308408608138545e-24+0j)
  IIIIZIII: (0.004405412483092508+0j)
  ZIIIIIII: (0.004405412483092508+0j)

 

Information about the circuit: 
Number of qubits: 8
 Depth : 10

--- Starting Optimization Loop (method=COBYLA) ---
Iter 10: Cost = -0.1536388704652363
Iter 20: Cost = -0.15423461684609246
Optimization success: True
Optimal Params: [0.20656417 0.16726237 0.18816143 0.09307525]

--- Final Statevector (exact) ---
Marginals: [0.02909333902073319, 0.9780263733675373, 3.5616492041194e-05, 0.488037311466157, 0.0032263455018813, 0.9780259460229774, 3.92000475320046e-05, 0.4880373114723035]

  ┌─ Depth 2 | Patch (0, 64, 0, 64) | eff_threshold=0.490
  │  θ-only  (before QAOA): [[0.174 0.751]
 [0.132 0.831]]
  │  QAOA    (after  QAOA): [[0.016 0.978]
 [0.    0.488]]
  │  θ-only  refine: [[0 1]
 [0 1]]
  │  QAOA    refine: [[0 1]
 [0 0]]
  │  Agreement: 3/4 cells
  │  Boundary activation: ['top', 'right']
  └─
Transpiling circuit (backend=state_vector, opt_level=0)
  IIIIIIIZ: (0.6887987263669668+0j)
  IIIZIIII: (0.6887987263669668+0j)
  IIIIIIIZ: (6.063800413134547e-17+0j)
  IIIZIIII: (1.0056146194892064e-109+0j)
  IIIIIIZI: (0.22173391052948768+0j)
  IIZIIIII: (0.22173391052948768+0j)
  ZIZIIIII: (-0.0002362887067473287+0j)
  IIZIIIII: (-3.079566068447205e-05+0j)
  IIIIIZII: (0.6974848622775086+0j)
  IZIIIIII: (0.6974848622775086+0j)
  IIIIIZII: (1.5961893009705148e-21+0j)
  IIIIZIII: (0.2606824461147395+0j)
  ZIIIIIII: (0.2606824461147395+0j)
  ZIIIIIII: (-0.00037822974096789804+0j)

 

Information about the circuit: 
Number of qubits: 8
 Depth : 10

--- Starting Optimization Loop (method=COBYLA) ---
Iter 10: Cost = -0.9403607901144316
Optimization success: True
Optimal Params: [-0.01439295 -0.00752039  0.05609437  0.07283925]

--- Final Statevector (exact) ---
Marginals: [0.7292771985399761, 0.1449741020273484, 0.8525519594553702, 0.14000761246115906, 0.7292938070159384, 0.1527314840032612, 0.8525519593624293, 0.14000767693532962]

  ┌─ Depth 2 | Patch (0, 64, 64, 128) | eff_threshold=0.490
  │  θ-only  (before QAOA): [[0.748 0.142]
 [0.837 0.125]]
  │  QAOA    (after  QAOA): [[0.729 0.149]
 [0.853 0.14 ]]
  │  θ-only  refine: [[1 0]
 [1 0]]
  │  QAOA    refine: [[1 0]
 [1 0]]
  │  Agreement: 4/4 cells
  │  Boundary activation: ['left']
  └─
Transpiling circuit (backend=state_vector, opt_level=0)
  IIIIIIIZ: (-0.04301066340450979+0j)
  IIIZIIII: (-0.04301066340450979+0j)
  IZIZIIII: (-0.007871527083263673+0j)
  IIIIIIIZ: (-1.2270053029637428e-16+0j)
  IIIZIIII: (-0.008413332209581386+0j)
  IIIIIIZI: (-0.015971785379413888+0j)
  IIZIIIII: (-0.015971785379413888+0j)
  IIZIIIII: (3.991619184331539e-78+0j)
  IIZIZIZI: (0.18168753194280216+0j)
  IIIIIZII: (-0.03736081702831633+0j)
  IZIIIIII: (-0.03736081702831633+0j)
  IZIIIIII: (0.026478352504422896+0j)
  IIIIIZII: (-1.1728903674774216e-13+0j)
  ZZIIIZII: (-0.0433548394681442+0j)
  IIIIZIII: (-0.006429208457676527+0j)
  ZIIIIIII: (-0.006429208457676527+0j)
  ZIIIZIII: (-0.030521459365701813+0j)

 

Information about the circuit: 
Number of qubits: 8
 Depth : 22

--- Starting Optimization Loop (method=COBYLA) ---
Iter 10: Cost = -0.11397019664534727
Optimization success: True
Optimal Params: [0.02680152 0.00118751 0.10915994 0.18853172]

--- Final Statevector (exact) ---
Marginals: [0.11537655626681476, 0.730396345769046, 0.14532379574234294, 0.7364323196279868, 0.1153773883370385, 0.7303963457769439, 0.1433607557023348, 0.7364466752783205]

  ┌─ Depth 2 | Patch (64, 128, 0, 64) | eff_threshold=0.490
  │  θ-only  (before QAOA): [[0.134 0.755]
 [0.164 0.711]]
  │  QAOA    (after  QAOA): [[0.115 0.73 ]
 [0.144 0.736]]
  │  θ-only  refine: [[0 1]
 [0 1]]
  │  QAOA    refine: [[0 1]
 [0 1]]
  │  Agreement: 4/4 cells
  │  Boundary activation: ['right']
  └─
Transpiling circuit (backend=state_vector, opt_level=0)
  IIIIIIIZ: (0.3514846548675725+0j)
  IIIZIIII: (0.3514846548675725+0j)
  IIIIIIIZ: (7.072618353803182e-25+0j)
  IIIZIIII: (3.7113848326077414e-105+0j)
  IIIIIIZI: (0.14823786961057295+0j)
  IIZIIIII: (0.14823786961057295+0j)
  IIIIIIZI: (-6.117326235290626e-05+0j)
  ZIZIIIII: (-0.0022247723768105236+0j)
  IIZIIIII: (-0.0011302037860205856+0j)
  IIZIZIZI: (-0.05494583669988656+0j)
  IIIIIZII: (0.3374988744373097+0j)
  IZIIIIII: (0.3374988744373097+0j)
  IIIIIZII: (1.055855685350849e-23+0j)
  ZZIIIZII: (0.05914710331272716+0j)
  IIIIZIII: (0.13045461790847712+0j)
  ZIIIIIII: (0.13045461790847712+0j)
  IIIIZIII: (-0.0002508466640515285+0j)
  ZIIIIIII: (0.006568378898122013+0j)
  ZIIIZIII: (-0.06023382173798913+0j)

 

Information about the circuit: 
Number of qubits: 8
 Depth : 24

--- Starting Optimization Loop (method=COBYLA) ---
Iter 10: Cost = -0.36624600720600375
Optimization success: True
Optimal Params: [ 0.00182096 -0.06543152  0.12079186  0.24821942]

--- Final Statevector (exact) ---
Marginals: [0.8195981454949022, 0.22313636159630648, 0.6681788191185445, 0.16917949221025735, 0.8195981432885464, 0.22314460110699277, 0.6682162416036268, 0.21394281006769864]

  ┌─ Depth 2 | Patch (64, 128, 64, 128) | eff_threshold=0.490
  │  θ-only  (before QAOA): [[0.77  0.173]
 [0.725 0.177]]
  │  QAOA    (after  QAOA): [[0.82  0.223]
 [0.668 0.192]]
  │  θ-only  refine: [[1 0]
 [1 0]]
  │  QAOA    refine: [[1 0]
 [1 0]]
  │  Agreement: 4/4 cells
  │  Boundary activation: ['left']
  └─
Transpiling circuit (backend=state_vector, opt_level=0)
  IIIIIIIZ: (-0.0025636501145862136+0j)
  IIIZIIII: (-0.0025636501145862136+0j)
  IZIZIIII: (-4.0487575496286036e-05+0j)
  IIIIIIIZ: (-1.2579618138163921e-24+0j)
  IIIZIIII: (5.224688623267683e-06+0j)
  IIIIIIZI: (0.00013502308422370474+0j)
  IIZIIIII: (0.00013502308422370474+0j)
  IIZIIIII: (1.0485104653654491e-131+0j)
  IIZIZIZI: (0.14740835447941347+0j)
  IIIIIZII: (-0.0035570668968964163+0j)
  IZIIIIII: (-0.0035570668968964163+0j)
  IZIIIIII: (-2.985817467791624e-05+0j)
  IIIIIZII: (-2.3648970529186763e-22+0j)
  IIIIZIII: (-0.001084723850226474+0j)
  ZIIIIIII: (-0.001084723850226474+0j)
  ZIIIZIII: (-0.06801166531687029+0j)

 

Information about the circuit: 
Number of qubits: 8
 Depth : 19

--- Starting Optimization Loop (method=COBYLA) ---
Iter 10: Cost = -0.13988457203656413
Iter 20: Cost = -0.1382197587652281
Optimization success: True
Optimal Params: [0.26549348 0.15066518 0.30634157 0.87355246]

--- Final Statevector (exact) ---
Marginals: [0.241634604679763, 0.979918849989076, 0.005158572301877098, 0.9932126622287466, 0.09423035364419378, 0.9799106990175795, 0.0051586508204589645, 0.4399109003918302]

  ┌─ Depth 2 | Patch (0, 64, 128, 192) | eff_threshold=0.490
  │  θ-only  (before QAOA): [[0.154 0.74 ]
 [0.114 0.825]]
  │  QAOA    (after  QAOA): [[0.168 0.98 ]
 [0.005 0.717]]
  │  θ-only  refine: [[0 1]
 [0 1]]
  │  QAOA    refine: [[0 1]
 [0 1]]
  │  Agreement: 4/4 cells
  │  Boundary activation: ['top', 'right']
  └─
Transpiling circuit (backend=state_vector, opt_level=0)
  IIIIIIIZ: (0.046172970686338924+0j)
  IIIZIIII: (0.046172970686338924+0j)
  IIIIIIIZ: (2.9371293004134083e-17+0j)
  IIIZIIII: (1.4497314011273063e-109+0j)
  IIIIIIZI: (0.013863255107705204+0j)
  IIZIIIII: (0.013863255107705204+0j)
  IIIIIIZI: (-2.5260841191248123e-05+0j)
  ZIZIIIII: (-0.002017294046986972+0j)
  IIZIIIII: (0.0006365601463946463+0j)
  IIIIIZII: (0.055567521858020115+0j)
  IZIIIIII: (0.055567521858020115+0j)
  IIIIIZII: (2.812026865604813e-26+0j)
  IIIIZIII: (0.018698836797740533+0j)
  ZIIIIIII: (0.018698836797740533+0j)
  ZIIIIIII: (-8.782783216416146e-06+0j)

 

Information about the circuit: 
Number of qubits: 8
 Depth : 10

--- Starting Optimization Loop (method=COBYLA) ---
Iter 10: Cost = -0.08038145484885069
Optimization success: True
Optimal Params: [0.05       0.05       0.23505432 0.52010864]

--- Final Statevector (exact) ---
Marginals: [0.829399671717859, 0.09776171933304635, 0.9185279755511756, 0.0671677075791535, 0.8293884590275881, 0.0977606885247701, 0.7792975643933929, 0.06716561044973907]

  ┌─ Depth 2 | Patch (0, 64, 192, 256) | eff_threshold=0.490
  │  θ-only  (before QAOA): [[0.748 0.165]
 [0.856 0.126]]
  │  QAOA    (after  QAOA): [[0.829 0.098]
 [0.849 0.067]]
  │  θ-only  refine: [[1 0]
 [1 0]]
  │  QAOA    refine: [[1 0]
 [1 0]]
  │  Agreement: 4/4 cells
  │  Boundary activation: ['left']
  └─
Transpiling circuit (backend=state_vector, opt_level=0)
  IIIIIIIZ: (-0.08467949870072931+0j)
  IIIZIIII: (-0.08467949870072931+0j)
  IIIIIIIZ: (-7.429686995479988e-16+0j)
  IIIZIIII: (-0+0j)
  IIZZIZIZ: (-0.539877430316631+0j)
  IIIIIIZI: (-0.0029850511827037123+0j)
  IIZIIIII: (-0.0029850511827037123+0j)
  IIZIIIII: (4.880772942707939e-65+0j)
  IIIIIZII: (-0.08097458078511542+0j)
  IZIIIIII: (-0.08097458078511542+0j)
  IZIIIIII: (-0.011839092543920201+0j)
  IIIIIZII: (-1.5071380545843314e-11+0j)
  ZZIIIZII: (-0.3835209761138713+0j)
  IIIIZIII: (0.016839376879360265+0j)
  ZIIIIIII: (0.016839376879360265+0j)
  ZIIIZIII: (-0.024861815344441363+0j)

 

Information about the circuit: 
Number of qubits: 8
 Depth : 29

--- Starting Optimization Loop (method=COBYLA) ---
Iter 10: Cost = -0.12133072740212796
Optimization success: True
Optimal Params: [-0.0065683  -0.05487102  0.1156211   0.07876633]

--- Final Statevector (exact) ---
Marginals: [0.20974723422766195, 0.7251944268868781, 0.15866873385736646, 0.634082842096093, 0.2097472341303575, 0.8259944162281241, 0.195485555652474, 0.6350166028276694]

  ┌─ Depth 2 | Patch (64, 128, 128, 192) | eff_threshold=0.490
  │  θ-only  (before QAOA): [[0.163 0.778]
 [0.164 0.692]]
  │  QAOA    (after  QAOA): [[0.21  0.776]
 [0.177 0.635]]
  │  θ-only  refine: [[0 1]
 [0 1]]
  │  QAOA    refine: [[0 1]
 [0 1]]
  │  Agreement: 4/4 cells
  │  Boundary activation: ['right']
  └─
Transpiling circuit (backend=state_vector, opt_level=0)
  IIIIIIIZ: (0.6374197196291899+0j)
  IIIZIIII: (0.6374197196291899+0j)
  IIIIIIIZ: (5.186178019161247e-26+0j)
  IIIZIIII: (1.3333267128840545e-123+0j)
  IIZZIZIZ: (-0.2458739543951469+0j)
  IIIIIIZI: (0.3479269248247066+0j)
  IIZIIIII: (0.3479269248247066+0j)
  ZIZIIIII: (-0.017537894591305832+0j)
  IIZIIIII: (-0.02824026661614866+0j)
  IIIIIZII: (0.6312147886522411+0j)
  IZIIIIII: (0.6312147886522411+0j)
  IIIIIZII: (2.55909345267677e-26+0j)
  ZZIIIZII: (0.09683906675988248+0j)
  IIIIZIII: (0.34330309863841835+0j)
  ZIIIIIII: (0.34330309863841835+0j)
  IIIIZIII: (-0.00023798049704555166+0j)
  ZIIIIIII: (0.027774952614349577+0j)
  ZIIIZIII: (-0.021034926185065382+0j)

 

Information about the circuit: 
Number of qubits: 8
 Depth : 34

--- Starting Optimization Loop (method=COBYLA) ---
Iter 10: Cost = -0.1873473480639573
Optimization success: True
Optimal Params: [0.05       0.         0.03835887 0.12671773]

--- Final Statevector (exact) ---
Marginals: [0.7790148605316948, 0.11247779268131755, 0.7599608098452855, 0.14359735164006607, 0.6911384372655339, 0.11248284609263144, 0.7599454662338397, 0.1408568915958182]

  ┌─ Depth 2 | Patch (64, 128, 192, 256) | eff_threshold=0.490
  │  θ-only  (before QAOA): [[0.736 0.146]
 [0.716 0.177]]
  │  QAOA    (after  QAOA): [[0.735 0.112]
 [0.76  0.142]]
  │  θ-only  refine: [[1 0]
 [1 0]]
  │  QAOA    refine: [[1 0]
 [1 0]]
  │  Agreement: 4/4 cells
  │  Boundary activation: ['left']
  └─
Transpiling circuit (backend=state_vector, opt_level=0)
  IIIIIIIZ: (-0.01565182584620234+0j)
  IIIZIIII: (-0.01565182584620234+0j)
  IZIZIIII: (-0.00122186638274355+0j)
  IIIIIIIZ: (-4.9363974980309115e-17+0j)
  IIIZIIII: (0.00035380681968744516+0j)
  IIZZIZIZ: (-0.04047286681290868+0j)
  IIIIIIZI: (0.0033841020692254777+0j)
  IIZIIIII: (0.0033841020692254777+0j)
  IIZIIIII: (5.623383714212938e-103+0j)
  IIIIIZII: (-0.015900853312614788+0j)
  IZIIIIII: (-0.015900853312614788+0j)
  IZIIIIII: (-7.515290726804425e-06+0j)
  IIIIIZII: (-4.3070926218035215e-24+0j)
  IIIIZIII: (0.0009632985926516024+0j)
  ZIIIIIII: (0.0009632985926516024+0j)

 

Information about the circuit: 
Number of qubits: 8
 Depth : 25

--- Starting Optimization Loop (method=COBYLA) ---
Iter 10: Cost = -0.04567835843394149
Optimization success: True
Optimal Params: [ 0.04919672 -0.00054969  0.12894826  0.32275047]

--- Final Statevector (exact) ---
Marginals: [0.1326102312512074, 0.7963080628059703, 0.09437461531308505, 0.8635658474653868, 0.12920359982904978, 0.7963045876879501, 0.09437338561228772, 0.7903329474087435]

  ┌─ Depth 2 | Patch (128, 192, 0, 64) | eff_threshold=0.490
  │  θ-only  (before QAOA): [[0.164 0.756]
 [0.125 0.829]]
  │  QAOA    (after  QAOA): [[0.131 0.796]
 [0.094 0.827]]
  │  θ-only  refine: [[0 1]
 [0 1]]
  │  QAOA    refine: [[0 1]
 [0 1]]
  │  Agreement: 4/4 cells
  │  Boundary activation: ['right']
  └─
Transpiling circuit (backend=state_vector, opt_level=0)
  IIIIIIIZ: (0.8175367343027448+0j)
  IIIZIIII: (0.8175367343027448+0j)
  IIIIIIIZ: (7.336826413583467e-26+0j)
  IIIZIIII: (1.1854073098138413e-144+0j)
  IIZZIZIZ: (-0.0888953404064987+0j)
  IIIIIIZI: (0.43686169947541276+0j)
  IIZIIIII: (0.43686169947541276+0j)
  ZIZIIIII: (-4.77427363109376e-05+0j)
  IIZIIIII: (7.875659021838562e-06+0j)
  IIIIIZII: (0.8251086899176532+0j)
  IZIIIIII: (0.8251086899176532+0j)
  IIIIIZII: (5.731429410456779e-26+0j)
  IIIIZIII: (0.4540878176750471+0j)
  ZIIIIIII: (0.4540878176750471+0j)
  ZIIIIIII: (-2.6673962486069398e-05+0j)

 

Information about the circuit: 
Number of qubits: 8
 Depth : 26

--- Starting Optimization Loop (method=COBYLA) ---
Iter 10: Cost = -0.6806993073613833
Optimization success: True
Optimal Params: [0.         0.05       0.03117637 0.06235274]

--- Final Statevector (exact) ---
Marginals: [0.7750114913503855, 0.1525025927040408, 0.8888851874121013, 0.08504832719160439, 0.7750024824943768, 0.12575841862113912, 0.8196137401284428, 0.0850482974139423]

  ┌─ Depth 2 | Patch (128, 192, 64, 128) | eff_threshold=0.490
  │  θ-only  (before QAOA): [[0.732 0.156]
 [0.856 0.115]]
  │  QAOA    (after  QAOA): [[0.775 0.139]
 [0.854 0.085]]
  │  θ-only  refine: [[1 0]
 [1 0]]
  │  QAOA    refine: [[1 0]
 [1 0]]
  │  Agreement: 4/4 cells
  │  Boundary activation: ['left']
  └─
Transpiling circuit (backend=state_vector, opt_level=0)
  IIIIIIIZ: (-0.0387800559094259+0j)
  IIIZIIII: (-0.0387800559094259+0j)
  IZIZIIII: (-0.014183201069066882+0j)
  IIIIIIIZ: (-8.188005501343209e-25+0j)
  IIIZIIII: (-0.02352975027695476+0j)
  IIIIIIZI: (-0.014811516999056511+0j)
  IIZIIIII: (-0.014811516999056511+0j)
  IIZIIIII: (5.775464189353842e-117+0j)
  IIZIZIZI: (0.24157171150409398+0j)
  IIIIIZII: (-0.02814025392750865+0j)
  IZIIIIII: (-0.02814025392750865+0j)
  IZIIIIII: (0.015268129456680749+0j)
  IIIIIZII: (-4.875378704285349e-25+0j)
  ZZIIIZII: (-0.09494342985140024+0j)
  IIIIZIII: (-0.0016684668674963662+0j)
  ZIIIIIII: (-0.0016684668674963662+0j)
  ZIIIZIII: (-0.054622162024536416+0j)

 

Information about the circuit: 
Number of qubits: 8
 Depth : 22

--- Starting Optimization Loop (method=COBYLA) ---
Iter 10: Cost = -0.11619323283948159
Optimization success: True
Optimal Params: [0.0272134  0.06127017 0.10363809 0.21155838]

--- Final Statevector (exact) ---
Marginals: [0.0879630063792146, 0.8125352046438769, 0.11990534501247245, 0.7915276543886057, 0.08799599290412988, 0.6592973689021098, 0.11374363121720252, 0.7921373918876925]

  ┌─ Depth 2 | Patch (192, 256, 0, 64) | eff_threshold=0.490
  │  θ-only  (before QAOA): [[0.144 0.74 ]
 [0.176 0.716]]
  │  QAOA    (after  QAOA): [[0.088 0.736]
 [0.117 0.792]]
  │  θ-only  refine: [[0 1]
 [0 1]]
  │  QAOA    refine: [[0 1]
 [0 1]]
  │  Agreement: 4/4 cells
  │  Boundary activation: ['right']
  └─
Transpiling circuit (backend=state_vector, opt_level=0)
  IIIIIIIZ: (0.2589160361906222+0j)
  IIIZIIII: (0.2589160361906222+0j)
  IIIIIIIZ: (1.6020000269886823e-16+0j)
  IIIZIIII: (2.9680202138890985e-68+0j)
  IIZZIZIZ: (-0.0805215693224484+0j)
  IIIIIIZI: (0.09217288418148988+0j)
  IIZIIIII: (0.09217288418148988+0j)
  IIIIIIZI: (-2.7549628071501396e-05+0j)
  ZIZIIIII: (-0.00035260397720141587+0j)
  IIZIIIII: (-0.00025483051795462965+0j)
  IIZIZIZI: (-0.0887835935636442+0j)
  IIIIIZII: (0.2134986233183433+0j)
  IZIIIIII: (0.2134986233183433+0j)
  IIIIIZII: (2.918969821767761e-12+0j)
  ZZIIIZII: (0.10145390397185848+0j)
  IIIIZIII: (0.06799201673219875+0j)
  ZIIIIIII: (0.06799201673219875+0j)
  IIIIZIII: (-7.422787835107474e-05+0j)
  ZIIIIIII: (-0.004449115574445975+0j)
  ZIIIZIII: (-0.036132174111077164+0j)

 

Information about the circuit: 
Number of qubits: 8
 Depth : 38

--- Starting Optimization Loop (method=COBYLA) ---
Iter 10: Cost = -0.3130327408920625
Optimization success: True
Optimal Params: [0.05888422 0.05344415 0.14948499 0.18518531]

--- Final Statevector (exact) ---
Marginals: [0.85706077402314, 0.09004464480671523, 0.7993412178457732, 0.18864508042732597, 0.6714788189874323, 0.09012220684878212, 0.7992429238357311, 0.1407374509561961]

  ┌─ Depth 2 | Patch (192, 256, 64, 128) | eff_threshold=0.490
  │  θ-only  (before QAOA): [[0.771 0.164]
 [0.703 0.165]]
  │  QAOA    (after  QAOA): [[0.764 0.09 ]
 [0.799 0.165]]
  │  θ-only  refine: [[1 0]
 [1 0]]
  │  QAOA    refine: [[1 0]
 [1 0]]
  │  Agreement: 4/4 cells
  │  Boundary activation: ['left']
  └─
Transpiling circuit (backend=state_vector, opt_level=0)
  IIIIIIIZ: (-0.002155313021163982+0j)
  IIIZIIII: (-0.002155313021163982+0j)
  IZIZIIII: (-0.0001659699666623821+0j)
  IIIIIIIZ: (-7.800367661127526e-17+0j)
  IIIZIIII: (-2.6552678475943297e-05+0j)
  IIIIIIZI: (-0.0002244717625179243+0j)
  IIZIIIII: (-0.0002244717625179243+0j)
  IIZIIIII: (2.5857015786100584e-103+0j)
  IIZIZIZI: (0.0726485395798185+0j)
  IIIIIZII: (-0.0025344899739324456+0j)
  IZIIIIII: (-0.0025344899739324456+0j)
  IZIIIIII: (-0.00030147003849378983+0j)
  IIIIIZII: (-6.214334110755742e-20+0j)
  IIIIZIII: (-0.000815487391491299+0j)
  ZIIIIIII: (-0.000815487391491299+0j)
  ZIIIZIII: (-0.021387483021443318+0j)

 

Information about the circuit: 
Number of qubits: 8
 Depth : 19

--- Starting Optimization Loop (method=COBYLA) ---
Iter 10: Cost = -0.03187485057870871
Optimization success: True
Optimal Params: [0.05       0.05       0.54565405 1.0913081 ]

--- Final Statevector (exact) ---
Marginals: [0.14118330870691537, 0.8349569817434089, 0.06578564349411191, 0.7500842214055514, 0.09037916274859324, 0.8334620654650754, 0.06578608156770825, 0.7487503271393351]

  ┌─ Depth 2 | Patch (128, 192, 128, 192) | eff_threshold=0.490
  │  θ-only  (before QAOA): [[0.14  0.756]
 [0.124 0.83 ]]
  │  QAOA    (after  QAOA): [[0.116 0.834]
 [0.066 0.749]]
  │  θ-only  refine: [[0 1]
 [0 1]]
  │  QAOA    refine: [[0 1]
 [0 1]]
  │  Agreement: 4/4 cells
  │  Boundary activation: ['right']
  └─
Transpiling circuit (backend=state_vector, opt_level=0)
  IIIIIIIZ: (0.26827993695072155+0j)
  IIIZIIII: (0.26827993695072155+0j)
  IIIIIIIZ: (1.6696730546952137e-24+0j)
  IIIZIIII: (6.0321802800847094e-121+0j)
  IIIIIIZI: (0.09742458962701046+0j)
  IIZIIIII: (0.09742458962701046+0j)
  IIIIIIZI: (-7.311882502801893e-05+0j)
  ZIZIIIII: (-0.004086013038108552+0j)
  IIZIIIII: (0.0022710373866740704+0j)
  IIIIIZII: (0.26914293167738684+0j)
  IZIIIIII: (0.26914293167738684+0j)
  IIIIIZII: (2.081346834771706e-25+0j)
  IIIIZIII: (0.11556689158993756+0j)
  ZIIIIIII: (0.11556689158993756+0j)
  ZIIIIIII: (-0.00012398343591959736+0j)

 

Information about the circuit: 
Number of qubits: 8
 Depth : 10

--- Starting Optimization Loop (method=COBYLA) ---
Iter 10: Cost = -0.3879942500758303
Iter 20: Cost = -0.3306990691052939
Optimization success: True
Optimal Params: [-0.06489299 -0.06567871  0.05803283  0.14251284]

--- Final Statevector (exact) ---
Marginals: [0.6266521066070578, 0.2773820793646554, 0.9205063424222554, 0.23354107401915736, 0.6266979165704863, 0.2851315418686602, 0.9205063420819775, 0.23354289332066186]

  ┌─ Depth 2 | Patch (128, 192, 192, 256) | eff_threshold=0.490
  │  θ-only  (before QAOA): [[0.747 0.176]
 [0.837 0.133]]
  │  QAOA    (after  QAOA): [[0.627 0.281]
 [0.921 0.234]]
  │  θ-only  refine: [[1 0]
 [1 0]]
  │  QAOA    refine: [[1 0]
 [1 0]]
  │  Agreement: 4/4 cells
  │  Boundary activation: ['left']
  └─
Transpiling circuit (backend=state_vector, opt_level=0)
  IIIIIIIZ: (-0.11121991434537773+0j)
  IIIZIIII: (-0.11121991434537773+0j)
  IIIIIIIZ: (-1.2670077386736107e-23+0j)
  IIIZIIII: (-0+0j)
  IIZZIZIZ: (-0.40273936663243143+0j)
  IIIIIIZI: (0.0021155382963910364+0j)
  IIZIIIII: (0.0021155382963910364+0j)
  IIZIIIII: (1.3623560475291596e-99+0j)
  IIIIIZII: (-0.09506153315532065+0j)
  IZIIIIII: (-0.09506153315532065+0j)
  IZIIIIII: (0.017297221548769275+0j)
  IIIIIZII: (-4.775541973739675e-22+0j)
  ZZIIIZII: (-0.5019249444594497+0j)
  IIIIZIII: (0.03400561653319635+0j)
  ZIIIIIII: (0.03400561653319635+0j)

 

Information about the circuit: 
Number of qubits: 8
 Depth : 28

--- Starting Optimization Loop (method=COBYLA) ---
Iter 10: Cost = -0.12461771020440787
Optimization success: True
Optimal Params: [-0.00991972  0.05155676  0.02123852  0.05903388]

--- Final Statevector (exact) ---
Marginals: [0.1408664869851288, 0.7423883931731097, 0.18294037236159535, 0.7588588101075778, 0.14086648697568088, 0.7424756669716022, 0.16504262798610522, 0.7587194207035379]

  ┌─ Depth 2 | Patch (192, 256, 128, 192) | eff_threshold=0.490
  │  θ-only  (before QAOA): [[0.171 0.778]
 [0.175 0.722]]
  │  QAOA    (after  QAOA): [[0.141 0.742]
 [0.174 0.759]]
  │  θ-only  refine: [[0 1]
 [0 1]]
  │  QAOA    refine: [[0 1]
 [0 1]]
  │  Agreement: 4/4 cells
  │  Boundary activation: ['right']
  └─
Transpiling circuit (backend=state_vector, opt_level=0)
  IIIIIIIZ: (0.7427218893959318+0j)
  IIIZIIII: (0.7427218893959318+0j)
  IIIIIIIZ: (9.069821137080139e-17+0j)
  IIIZIIII: (3.8201352549735907e-81+0j)
  IIZZIZIZ: (-0.12759354453353988+0j)
  IIIIIIZI: (0.29144148931253827+0j)
  IIZIIIII: (0.29144148931253827+0j)
  ZIZIIIII: (-0.0101885683249928+0j)
  IIZIIIII: (-0.010643489593403554+0j)
  IIIIIZII: (0.740440235438539+0j)
  IZIIIIII: (0.740440235438539+0j)
  IIIIIZII: (6.443482119973143e-14+0j)
  ZZIIIZII: (0.057654080323827156+0j)
  IIIIZIII: (0.24867205608640874+0j)
  ZIIIIIII: (0.24867205608640874+0j)
  IIIIZIII: (-7.593546327813509e-05+0j)
  ZIIIIIII: (0.03517962020594248+0j)

 

Information about the circuit: 
Number of qubits: 8
 Depth : 33

--- Starting Optimization Loop (method=COBYLA) ---
Iter 10: Cost = -0.5812351102594296
Optimization success: True
Optimal Params: [-0.00461395 -0.00289264  0.09897439  0.09538779]

--- Final Statevector (exact) ---
Marginals: [0.7535577089188813, 0.14038155941390756, 0.7112577733567206, 0.1703678461912079, 0.7535577087183776, 0.14037856860284026, 0.7112712804292687, 0.17036235479626544]

  ┌─ Depth 2 | Patch (192, 256, 192, 256) | eff_threshold=0.490
  │  θ-only  (before QAOA): [[0.747 0.135]
 [0.718 0.165]]
  │  QAOA    (after  QAOA): [[0.754 0.14 ]
 [0.711 0.17 ]]
  │  θ-only  refine: [[1 0]
 [1 0]]
  │  QAOA    refine: [[1 0]
 [1 0]]
  │  Agreement: 4/4 cells
  │  Boundary activation: ['left']
  └─
  Depth 3: 42 patch(es) to evaluate
Transpiling circuit (backend=state_vector, opt_level=0)
  IIIIIIIZ: (0.01284767358725285+0j)
  IIIZIIII: (0.01284767358725285+0j)
  IIIIIIIZ: (2.0365554578619193e-88+0j)
  IIIZIIII: 0j
  IIIIIIZI: (0.029386827161981554+0j)
  IIZIIIII: (0.029386827161981554+0j)
  IIZIIIII: 0j
  IIIIIZII: (0.012374745444779808+0j)
  IZIIIIII: (0.012374745444779808+0j)
  IIIIIZII: (8.373264618734464e-94+0j)
  IIIIZIII: (0.03223862314352814+0j)
  ZIIIIIII: (0.03223862314352814+0j)

 

Information about the circuit: 
Number of qubits: 8
 Depth : 7

--- Starting Optimization Loop (method=COBYLA) ---
Iter 10: Cost = -0.05240951135664146
Iter 20: Cost = -0.05354678627161871
Optimization success: True
Optimal Params: [-0.05208549 -0.08260002  0.24716971  0.39021959]

--- Final Statevector (exact) ---
Marginals: [0.4981010741301329, 0.608032939536144, 0.5297057879550442, 0.8568617385942091, 0.4981010747331608, 0.6080337570005562, 0.2694597757409866, 0.8568617135317541]

  ┌─ Depth 3 | Patch (0, 32, 32, 64) | eff_threshold=0.660
  │  θ-only  (before QAOA): [[0.365 0.734]
 [0.396 0.751]]
  │  QAOA    (after  QAOA): [[0.498 0.608]
 [0.4   0.857]]
  │  θ-only  refine: [[0 1]
 [0 1]]
  │  QAOA    refine: [[0 0]
 [0 1]]
  │  Agreement: 3/4 cells
  │  Boundary activation: ['right']
  └─
Transpiling circuit (backend=state_vector, opt_level=0)
  IIIIIIIZ: (0.004994911217358229+0j)
  IIIZIIII: (0.004994911217358229+0j)
  IIIIIIIZ: (-3.733443409831066e-110+0j)
  IIIZIIII: 0j
  IIIIIIZI: (0.020112043636567052+0j)
  IIZIIIII: (0.020112043636567052+0j)
  IIZIIIII: 0j
  IIIIIZII: (0.004348339320950686+0j)
  IZIIIIII: (0.004348339320950686+0j)
  IIIIIZII: (-6.57938822030585e-106+0j)
  IIIIZIII: (0.02010203076039142+0j)
  ZIIIIIII: (0.02010203076039142+0j)

 

Information about the circuit: 
Number of qubits: 8
 Depth : 7

--- Starting Optimization Loop (method=COBYLA) ---
Iter 10: Cost = -0.08325075568375162
Iter 20: Cost = -0.08484063983973898
Optimization success: True
Optimal Params: [-0.2250497  -0.28635085  0.37192454  0.61515965]

--- Final Statevector (exact) ---
Marginals: [0.8657200563282494, 0.9921566869555006, 0.8620797297845919, 0.9983075184359554, 0.029663731296713146, 0.9921566746191718, 0.8620797192359718, 0.9983075183114598]

  ┌─ Depth 3 | Patch (32, 64, 32, 64) | eff_threshold=0.660
  │  θ-only  (before QAOA): [[0.4   0.831]
 [0.394 0.793]]
  │  QAOA    (after  QAOA): [[0.448 0.992]
 [0.862 0.998]]
  │  θ-only  refine: [[0 1]
 [0 1]]
  │  QAOA    refine: [[0 1]
 [1 1]]
  │  Agreement: 3/4 cells
  │  Boundary activation: ['bottom', 'right']
  └─
Transpiling circuit (backend=state_vector, opt_level=0)
  IIIIIIIZ: (0.9648038042124367+0j)
  IIIZIIII: (0.9648038042124367+0j)
  IIIIIIIZ: (4.1235871041589087e-73+0j)
  IIIZIIII: 0j
  IIIIIIZI: (0.6298706501839881+0j)
  IIZIIIII: (0.6298706501839881+0j)
  IIIIIIZI: (-0.01606414183941681+0j)
  IIZIIIII: 0j
  IIIIIZII: (0.9875464882747724+0j)
  IZIIIIII: (0.9875464882747724+0j)
  IIIIIZII: (5.773895446291022e-90+0j)
  IIIIZIII: (0.7036780566336825+0j)
  ZIIIIIII: (0.7036780566336825+0j)
  IIIIZIII: (-0.09784297409715542+0j)

 

Information about the circuit: 
Number of qubits: 8
 Depth : 7

--- Starting Optimization Loop (method=COBYLA) ---
Iter 10: Cost = -1.6530037580199897
Iter 20: Cost = -1.6239392211081993
Optimization success: True
Optimal Params: [ 0.02408415  0.16395707  0.15362711 -0.00081874]

--- Final Statevector (exact) ---
Marginals: [0.8780520559651527, 0.5220613011786287, 0.8822871415422587, 0.5568564120243352, 0.8776925354626429, 0.17761434252746522, 0.5788605200145547, 0.20868464758160604]

  ┌─ Depth 3 | Patch (0, 32, 64, 96) | eff_threshold=0.660
  │  θ-only  (before QAOA): [[0.741 0.34 ]
 [0.748 0.373]]
  │  QAOA    (after  QAOA): [[0.878 0.35 ]
 [0.731 0.383]]
  │  θ-only  refine: [[1 0]
 [1 0]]
  │  QAOA    refine: [[1 0]
 [1 0]]
  │  Agreement: 4/4 cells
  │  Boundary activation: ['left']
  └─
Transpiling circuit (backend=state_vector, opt_level=0)
  IIIIIIIZ: (0.14166245977326772+0j)
  IIIZIIII: (0.14166245977326772+0j)
  IIIIIIIZ: (7.824909448246105e-107+0j)
  IIIZIIII: 0j
  IIIIIIZI: (0.12127603005621265+0j)
  IIZIIIII: (0.12127603005621265+0j)
  IIIIIIZI: (-0.018785236216761366+0j)
  IIZIIIII: 0j
  IIIIIZII: (0.14930198700651773+0j)
  IZIIIIII: (0.14930198700651773+0j)
  IIIIIZII: (1.0147098813598637e-114+0j)
  IIIIZIII: (0.12168218576684948+0j)
  ZIIIIIII: (0.12168218576684948+0j)
  IIIIZIII: (-0.0002416205255294471+0j)

 

Information about the circuit: 
Number of qubits: 8
 Depth : 7

--- Starting Optimization Loop (method=COBYLA) ---
Iter 10: Cost = -0.3612829445335446
Iter 20: Cost = -0.3691062619875072
Optimization success: True
Optimal Params: [-0.18057852 -0.15335189  0.0599508   0.103157  ]

--- Final Statevector (exact) ---
Marginals: [0.4624537135781632, 0.1208256814853547, 0.9931726611831072, 0.12710065656403116, 0.9752557518152135, 0.7283894306494326, 0.993172660799644, 0.7367521024978204]

  ┌─ Depth 3 | Patch (32, 64, 64, 96) | eff_threshold=0.660
  │  θ-only  (before QAOA): [[0.777 0.404]
 [0.837 0.413]]
  │  QAOA    (after  QAOA): [[0.719 0.425]
 [0.993 0.432]]
  │  θ-only  refine: [[1 0]
 [1 0]]
  │  QAOA    refine: [[1 0]
 [1 0]]
  │  Agreement: 4/4 cells
  │  Boundary activation: ['left']
  └─
Transpiling circuit (backend=state_vector, opt_level=0)
  IIIIIIIZ: (0.06648348156382468+0j)
  IIIZIIII: (0.06648348156382468+0j)
  IIIIIIIZ: (-3.229925939848769e-91+0j)
  IIIZIIII: 0j
  IIIIIIZI: (0.36360168003424664+0j)
  IIZIIIII: (0.36360168003424664+0j)
  IIZIIIII: 0j
  IIIIIZII: (0.06664685700800359+0j)
  IZIIIIII: (0.06664685700800359+0j)
  IIIIIZII: (-9.575358226646357e-77+0j)
  IIIIZIII: (0.3387971282046224+0j)
  ZIIIIIII: (0.3387971282046224+0j)

 

Information about the circuit: 
Number of qubits: 8
 Depth : 7

--- Starting Optimization Loop (method=COBYLA) ---
Iter 10: Cost = -1.0731027172601513
Iter 20: Cost = -1.0470419165741431
Optimization success: True
Optimal Params: [-0.33498984 -0.04118743  0.19471962  0.08849744]

--- Final Statevector (exact) ---
Marginals: [0.7345874701637239, 0.9767298061870622, 0.7069278053170401, 0.39086160354948596, 0.7345872404371654, 0.9767298035495706, 0.7069157361543038, 0.975941976427444]

  ┌─ Depth 3 | Patch (64, 96, 32, 64) | eff_threshold=0.660
  │  θ-only  (before QAOA): [[0.37  0.755]
 [0.34  0.751]]
  │  QAOA    (after  QAOA): [[0.735 0.977]
 [0.707 0.683]]
  │  θ-only  refine: [[0 1]
 [0 1]]
  │  QAOA    refine: [[1 1]
 [1 1]]
  │  Agreement: 2/4 cells
  └─
Transpiling circuit (backend=state_vector, opt_level=0)
  IIIIIIIZ: (0.020479571353821235+0j)
  IIIZIIII: (0.020479571353821235+0j)
  IIIIIIIZ: (2.8441915308186925e-54+0j)
  IIIZIIII: 0j
  IIIIIIZI: (0.05985379033183372+0j)
  IIZIIIII: (0.05985379033183372+0j)
  IIZIIIII: 0j
  IIIIIZII: (0.02178220501044838+0j)
  IZIIIIII: (0.02178220501044838+0j)
  IIIIIZII: (4.1364588284034297e-44+0j)
  IIIIZIII: (0.05424060933460114+0j)
  ZIIIIIII: (0.05424060933460114+0j)

 

Information about the circuit: 
Number of qubits: 8
 Depth : 7

--- Starting Optimization Loop (method=COBYLA) ---
Iter 10: Cost = -0.048725000625172
Optimization success: True
Optimal Params: [0.         0.05       0.12551079 0.25102158]

--- Final Statevector (exact) ---
Marginals: [0.2622718147074278, 0.75557143174028, 0.24023062867717698, 0.6912986845369937, 0.2622728841259212, 0.6651956904633795, 0.2387824657625035, 0.6912131319986881]

  ┌─ Depth 3 | Patch (96, 128, 32, 64) | eff_threshold=0.660
  │  θ-only  (before QAOA): [[0.307 0.711]
 [0.283 0.644]]
  │  QAOA    (after  QAOA): [[0.262 0.71 ]
 [0.24  0.691]]
  │  θ-only  refine: [[0 1]
 [0 0]]
  │  QAOA    refine: [[0 1]
 [0 1]]
  │  Agreement: 3/4 cells
  │  Boundary activation: ['right']
  └─
Transpiling circuit (backend=state_vector, opt_level=0)
  IIIIIIIZ: (0.10102798375747757+0j)
  IIIZIIII: (0.10102798375747757+0j)
  IIIIIIIZ: (8.487867069145296e-100+0j)
  IIIZIIII: 0j
  IIIIIIZI: (0.0743620417163717+0j)
  IIZIIIII: (0.0743620417163717+0j)
  IIZIIIII: 0j
  IIIIIZII: (0.0969781096132817+0j)
  IZIIIIII: (0.0969781096132817+0j)
  IIIIIZII: (8.04721392824212e-95+0j)
  IIIIZIII: (0.07503643839654585+0j)
  ZIIIIIII: (0.07503643839654585+0j)

 

Information about the circuit: 
Number of qubits: 8
 Depth : 7

--- Starting Optimization Loop (method=COBYLA) ---
Iter 10: Cost = -0.22574558682318685
Iter 20: Cost = -0.23033404835521007
Optimization success: True
Optimal Params: [-0.17920091 -0.22045336  0.30922471  0.31218785]

--- Final Statevector (exact) ---
Marginals: [0.988437250742113, 0.08651414278687643, 0.36057785086438765, 0.7631983390041707, 0.9884372459813571, 0.7899064259910525, 0.9819455093582944, 0.10312362147311115]

  ┌─ Depth 3 | Patch (64, 96, 64, 96) | eff_threshold=0.660
  │  θ-only  (before QAOA): [[0.77  0.411]
 [0.746 0.38 ]]
  │  QAOA    (after  QAOA): [[0.988 0.438]
 [0.671 0.433]]
  │  θ-only  refine: [[1 0]
 [1 0]]
  │  QAOA    refine: [[1 0]
 [1 0]]
  │  Agreement: 4/4 cells
  │  Boundary activation: ['left']
  └─
Transpiling circuit (backend=state_vector, opt_level=0)
  IIIIIIIZ: (-0.00013598737345379513+0j)
  IIIZIIII: (-0.00013598737345379513+0j)
  IIIIIIZZ: (-7.188736241547384e-05+0j)
  IIIIIIIZ: (1.3167892851896378e-05+0j)
  IIIZIIII: (-0+0j)
  IIIIIIZI: (-0.0005735086932396781+0j)
  IIZIIIII: (-0.0005735086932396781+0j)
  IIZIIIII: (-0+0j)
  IIIIIZII: (3.8616519341832015e-05+0j)
  IZIIIIII: (3.8616519341832015e-05+0j)
  IIIIZZII: (-0.0006329459746841392+0j)
  IZIIIIII: (0.003627170316491046+0j)
  IIIIIZII: (0.0003812805233165708+0j)
  IIIIZIII: (-0.0004149049501275316+0j)
  ZIIIIIII: (-0.0004149049501275316+0j)

 

Information about the circuit: 
Number of qubits: 8
 Depth : 9

--- Starting Optimization Loop (method=COBYLA) ---
Iter 10: Cost = -0.0031286362991185483
Iter 20: Cost = -0.0031861382361374068
Optimization success: True
Optimal Params: [0.39184378 0.39269908 0.55753589 0.59699339]

--- Final Statevector (exact) ---
Marginals: [0.8589192886298515, 0.22508410623618114, 0.12139468431125006, 0.2096605170920836, 0.1398094956147209, 0.22508408757620074, 0.848673646636423, 0.7889453770420375]

  ┌─ Depth 3 | Patch (64, 96, 96, 128) | eff_threshold=0.660
  │  θ-only  (before QAOA): [[0.153 0.082]
 [0.173 0.092]]
  │  QAOA    (after  QAOA): [[0.499 0.225]
 [0.485 0.499]]
  │  θ-only  refine: [[0 0]
 [0 0]]
  │  QAOA    refine: [[0 0]
 [0 0]]
  │  Agreement: 4/4 cells
  └─
Transpiling circuit (backend=state_vector, opt_level=0)
  IIIIIIIZ: (0.0002120329780574627+0j)
  IIIZIIII: (0.0002120329780574627+0j)
  IIIIIIIZ: (4.8842263224743524e-86+0j)
  IIIZIIII: 0j
  IIIIIIZI: (0.00015770129740803887+0j)
  IIZIIIII: (0.00015770129740803887+0j)
  IIZIIIII: 0j
  IIIIIZII: (0.00020686458378515703+0j)
  IZIIIIII: (0.00020686458378515703+0j)
  IIIIIZII: (6.909150807975603e-104+0j)
  IIIIZIII: (0.00016806449165499492+0j)
  ZIIIIIII: (0.00016806449165499492+0j)

 

Information about the circuit: 
Number of qubits: 8
 Depth : 7

--- Starting Optimization Loop (method=COBYLA) ---
Iter 10: Cost = -0.00024746284070996486
Optimization success: True
Optimal Params: [0.05       0.05       0.87756675 1.75513349]

--- Final Statevector (exact) ---
Marginals: [0.8092135121582121, 0.2730635441029846, 0.7936189919341524, 0.32028523119655394, 0.6317938833814395, 0.4642890125644048, 0.7936184674216423, 0.40908573945971216]

  ┌─ Depth 3 | Patch (96, 128, 64, 96) | eff_threshold=0.660
  │  θ-only  (before QAOA): [[0.725 0.366]
 [0.707 0.417]]
  │  QAOA    (after  QAOA): [[0.721 0.369]
 [0.794 0.365]]
  │  θ-only  refine: [[1 0]
 [1 0]]
  │  QAOA    refine: [[1 0]
 [1 0]]
  │  Agreement: 4/4 cells
  │  Boundary activation: ['left']
  └─
Transpiling circuit (backend=state_vector, opt_level=0)
  IIIIIIIZ: (0.0011790739967853646+0j)
  IIIZIIII: (0.0011790739967853646+0j)
  IIIIIIZZ: (-0.001698210954864327+0j)
  IIIIIIIZ: (0.0011937476306506558+0j)
  IIIZIIII: 0j
  IIIIIIZI: (-0.0006373968751052461+0j)
  IIZIIIII: (-0.0006373968751052461+0j)
  IIZIIIII: (-0+0j)
  IIIIIZII: (0.0011919234001573722+0j)
  IZIIIIII: (0.0011919234001573722+0j)
  IIIIZZII: (-0.0007342083796473172+0j)
  IZIIIIII: (0.0018471319813115176+0j)
  IIIIIZII: (0.0004947853499651005+0j)
  IIIIZIII: (-0.000646354281845314+0j)
  ZIIIIIII: (-0.000646354281845314+0j)

 

Information about the circuit: 
Number of qubits: 8
 Depth : 9

--- Starting Optimization Loop (method=COBYLA) ---
Iter 10: Cost = 0.0021302699443411077
Optimization success: True
Optimal Params: [0.05       0.         0.29709452 0.59418904]

--- Final Statevector (exact) ---
Marginals: [0.14076341674724213, 0.06620381087375969, 0.13922886443707702, 0.09876052241932072, 0.2169242827675141, 0.12424756788821777, 0.1688313314246288, 0.07276968200711714]

  ┌─ Depth 3 | Patch (96, 128, 96, 128) | eff_threshold=0.660
  │  θ-only  (before QAOA): [[0.177 0.093]
 [0.176 0.089]]
  │  QAOA    (after  QAOA): [[0.179 0.095]
 [0.154 0.086]]
  │  θ-only  refine: [[0 0]
 [0 0]]
  │  QAOA    refine: [[0 0]
 [0 0]]
  │  Agreement: 4/4 cells
  └─
Transpiling circuit (backend=state_vector, opt_level=0)
  IIIIIIIZ: (-0.00019920223208501898+0j)
  IIIZIIII: (-0.00019920223208501898+0j)
  IIIIIIIZ: (-1.7754741372864143e-06+0j)
  IIIZIIII: (-0+0j)
  IIIIIIZI: (-0.00014433948634169167+0j)
  IIZIIIII: (-0.00014433948634169167+0j)
  IIIIIIZI: (0.08371386357537514+0j)
  IIZIIIII: 0j
  IIIIIZII: (-0.00021090655337369153+0j)
  IZIIIIII: (-0.00021090655337369153+0j)
  IIIIIZII: (-1.1778292350107982e-10+0j)
  IIIIZIII: (-0.00017005713558177689+0j)
  ZIIIIIII: (-0.00017005713558177689+0j)
  IIIIZIII: (-0.0010231426414664575+0j)

 

Information about the circuit: 
Number of qubits: 8
 Depth : 7

--- Starting Optimization Loop (method=COBYLA) ---
Iter 10: Cost = -0.055983058223560166
Iter 20: Cost = -0.05881211079487831
Optimization success: True
Optimal Params: [-0.39269908 -0.39269908  0.56233998  1.14625749]

--- Final Statevector (exact) ---
Marginals: [0.5245858044148479, 0.8482666331674993, 0.6856413756811566, 0.8188714056456488, 0.6630450588895661, 0.6181590828594612, 0.6856413777883532, 0.8188737879945529]

  ┌─ Depth 3 | Patch (0, 32, 128, 160) | eff_threshold=0.660
  │  θ-only  (before QAOA): [[0.068 0.154]
 [0.036 0.115]]
  │  QAOA    (after  QAOA): [[0.594 0.733]
 [0.686 0.819]]
  │  θ-only  refine: [[0 0]
 [0 0]]
  │  QAOA    refine: [[0 1]
 [1 1]]
  │  Agreement: 1/4 cells
  └─
Transpiling circuit (backend=state_vector, opt_level=0)
  IIIIIIIZ: (0.0021311271066898328+0j)
  IIIZIIII: (0.0021311271066898328+0j)
  IIIIIIIZ: (6.350664096629356e-123+0j)
  IIIZIIII: 0j
  IIIIIIZI: (0.007086242678231085+0j)
  IIZIIIII: (0.007086242678231085+0j)
  IIZIIIII: 0j
  IIIIIZII: (0.0020404377584507384+0j)
  IZIIIIII: (0.0020404377584507384+0j)
  IIIIIZII: (-3.1064115082133275e-129+0j)
  IIIIZIII: (0.0075060363390888+0j)
  ZIIIIIII: (0.0075060363390888+0j)

 

Information about the circuit: 
Number of qubits: 8
 Depth : 7

--- Starting Optimization Loop (method=COBYLA) ---
Iter 10: Cost = -0.01365147568395814
Optimization success: True
Optimal Params: [0.09403887 0.05998844 0.66339502 1.13430201]

--- Final Statevector (exact) ---
Marginals: [0.2930049108541237, 0.8561213033248616, 0.3023788200533793, 0.8617965581186878, 0.4098907762028519, 0.8561208214095517, 0.3023788200441582, 0.595896561527623]

  ┌─ Depth 3 | Patch (0, 32, 160, 192) | eff_threshold=0.660
  │  θ-only  (before QAOA): [[0.441 0.733]
 [0.451 0.74 ]]
  │  QAOA    (after  QAOA): [[0.351 0.856]
 [0.302 0.729]]
  │  θ-only  refine: [[0 1]
 [0 1]]
  │  QAOA    refine: [[0 1]
 [0 1]]
  │  Agreement: 4/4 cells
  │  Boundary activation: ['right']
  └─
Transpiling circuit (backend=state_vector, opt_level=0)
  IIIIIIIZ: (0.0012570189981714348+0j)
  IIIZIIII: (0.0012570189981714348+0j)
  IIIIIIIZ: (-4.1103825080758846e-123+0j)
  IIIZIIII: 0j
  IIIIIIZI: (0.006351935676074757+0j)
  IIZIIIII: (0.006351935676074757+0j)
  IIZIIIII: 0j
  IIIIIZII: (0.0010007293784629334+0j)
  IZIIIIII: (0.0010007293784629334+0j)
  IIIIIZII: (-1.0640356116879263e-110+0j)
  IIIIZIII: (0.006089123792308301+0j)
  ZIIIIIII: (0.006089123792308301+0j)

 

Information about the circuit: 
Number of qubits: 8
 Depth : 7

--- Starting Optimization Loop (method=COBYLA) ---
Iter 10: Cost = -0.013599569163228298
Optimization success: True
Optimal Params: [0.        0.        0.6675014 1.3850028]

--- Final Statevector (exact) ---
Marginals: [0.4483849348534724, 0.7640594764103412, 0.41506294573735664, 0.8253157732320682, 0.4483849348534724, 0.7640594764103411, 0.4150629457373567, 0.8253157732320681]

  ┌─ Depth 3 | Patch (32, 64, 160, 192) | eff_threshold=0.660
  │  θ-only  (before QAOA): [[0.448 0.764]
 [0.415 0.825]]
  │  QAOA    (after  QAOA): [[0.448 0.764]
 [0.415 0.825]]
  │  θ-only  refine: [[0 1]
 [0 1]]
  │  QAOA    refine: [[0 1]
 [0 1]]
  │  Agreement: 4/4 cells
  │  Boundary activation: ['right']
  └─
Transpiling circuit (backend=state_vector, opt_level=0)
  IIIIIIIZ: (0.18039783649733476+0j)
  IIIZIIII: (0.18039783649733476+0j)
  IIIIIIIZ: (3.236869053182066e-45+0j)
  IIIZIIII: 0j
  IIIIIIZI: (0.10709656274930701+0j)
  IIZIIIII: (0.10709656274930701+0j)
  IIIIIIZI: (0.003428834036724646+0j)
  IIZIIIII: 0j
  IIIIIZII: (0.18631844742939266+0j)
  IZIIIIII: (0.18631844742939266+0j)
  IIIIIZII: (4.3929155596375926e-63+0j)
  IIIIZIII: (0.1143438019616677+0j)
  ZIIIIIII: (0.1143438019616677+0j)
  IIIIZIII: (0.0003267813445272862+0j)

 

Information about the circuit: 
Number of qubits: 8
 Depth : 7

--- Starting Optimization Loop (method=COBYLA) ---
Iter 10: Cost = -0.36435207320310903
Optimization success: True
Optimal Params: [0.14364501 0.13157456 0.12315208 0.23824594]

--- Final Statevector (exact) ---
Marginals: [0.8741557363111362, 0.32577815718590997, 0.9375383985652329, 0.6220050871131031, 0.8740948688742674, 0.08956140181519935, 0.485636731364265, 0.6222119291328134]

  ┌─ Depth 3 | Patch (0, 32, 192, 224) | eff_threshold=0.660
  │  θ-only  (before QAOA): [[0.647 0.299]
 [0.748 0.351]]
  │  QAOA    (after  QAOA): [[0.874 0.208]
 [0.712 0.622]]
  │  θ-only  refine: [[0 0]
 [1 0]]
  │  QAOA    refine: [[1 0]
 [1 0]]
  │  Agreement: 3/4 cells
  │  Boundary activation: ['left']
  └─
Transpiling circuit (backend=state_vector, opt_level=0)
  IIIIIIIZ: (0.2795195286174336+0j)
  IIIZIIII: (0.2795195286174336+0j)
  IIIIIIIZ: (4.215048749132389e-103+0j)
  IIIZIIII: 0j
  IIIIIIZI: (0.19095147710825064+0j)
  IIZIIIII: (0.19095147710825064+0j)
  IIIIIIZI: (-0.02071385969415741+0j)
  IIZIIIII: 0j
  IIIIIZII: (0.2919686291597878+0j)
  IZIIIIII: (0.2919686291597878+0j)
  IIIIIZII: (3.446001922865875e-128+0j)
  IIIIZIII: (0.2107019690659597+0j)
  ZIIIIIII: (0.2107019690659597+0j)
  IIIIZIII: (-0.029948394989334128+0j)

 

Information about the circuit: 
Number of qubits: 8
 Depth : 7

--- Starting Optimization Loop (method=COBYLA) ---
Iter 10: Cost = -0.7316689328620205
Optimization success: True
Optimal Params: [0.07207949 0.03915181 0.13074169 0.15161844]

--- Final Statevector (exact) ---
Marginals: [0.9000524159330666, 0.5247361711473804, 0.9241899196327144, 0.5672281642993647, 0.733266271119995, 0.5247601835510696, 0.7703019133981933, 0.35190399775172454]

  ┌─ Depth 3 | Patch (32, 64, 192, 224) | eff_threshold=0.660
  │  θ-only  (before QAOA): [[0.825 0.414]
 [0.856 0.461]]
  │  QAOA    (after  QAOA): [[0.817 0.525]
 [0.847 0.46 ]]
  │  θ-only  refine: [[1 0]
 [1 0]]
  │  QAOA    refine: [[1 0]
 [1 0]]
  │  Agreement: 4/4 cells
  │  Boundary activation: ['left']
  └─
Transpiling circuit (backend=state_vector, opt_level=0)
  IIIIIIIZ: (-0.001569425779847425+0j)
  IIIZIIII: (-0.001569425779847425+0j)
  IIIIIIIZ: (-0+0j)
  IIIZIIII: (-0+0j)
  IIIIIIZI: (-0.0010440647116089772+0j)
  IIZIIIII: (-0.0010440647116089772+0j)
  IIIIIIZI: (0.008387171608777512+0j)
  IIZIIIII: (-0+0j)
  IIIIIZII: (-0.0015515150499109817+0j)
  IZIIIIII: (-0.0015515150499109817+0j)
  IIIIIZII: (-0+0j)
  IIIIZIII: (-0.0009568443258682721+0j)
  ZIIIIIII: (-0.0009568443258682721+0j)
  IIIIZIII: (0.21039089220617832+0j)

 

Information about the circuit: 
Number of qubits: 8
 Depth : 7

--- Starting Optimization Loop (method=COBYLA) ---
Iter 10: Cost = -0.028555303324899847
Iter 20: Cost = -0.15389501686479315
Iter 30: Cost = -0.1454695619586872
Optimization success: True
Optimal Params: [ 0.39269908  0.39269908 -0.66644209 -0.65348068]

--- Final Statevector (exact) ---
Marginals: [0.2240043369357463, 0.14568274798132494, 0.7803415334800957, 0.8628673376099393, 0.22400433704286155, 0.14564261573806214, 0.7803418534942351, 0.8688667200704067]

  ┌─ Depth 3 | Patch (64, 96, 128, 160) | eff_threshold=0.660
  │  θ-only  (before QAOA): [[0.083 0.147]
 [0.086 0.163]]
  │  QAOA    (after  QAOA): [[0.224 0.146]
 [0.78  0.866]]
  │  θ-only  refine: [[0 0]
 [0 0]]
  │  QAOA    refine: [[0 0]
 [1 1]]
  │  Agreement: 2/4 cells
  │  Boundary activation: ['bottom']
  └─
Transpiling circuit (backend=state_vector, opt_level=0)
  IIIIIIIZ: (0.013923937851230297+0j)
  IIIZIIII: (0.013923937851230297+0j)
  IIIIIIIZ: (-2.29344629095213e-73+0j)
  IIIZIIII: 0j
  IIIIIIZI: (0.08266804718066839+0j)
  IIZIIIII: (0.08266804718066839+0j)
  IIZIIIII: 0j
  IIIIIZII: (0.01647556475975252+0j)
  IZIIIIII: (0.01647556475975252+0j)
  IIIIIZII: (1.3866144152898048e-49+0j)
  IIIIZIII: (0.07179345170522758+0j)
  ZIIIIIII: (0.07179345170522758+0j)

 

Information about the circuit: 
Number of qubits: 8
 Depth : 7

--- Starting Optimization Loop (method=COBYLA) ---
Iter 10: Cost = -0.11727655157315378
Optimization success: True
Optimal Params: [0.05       0.         0.11475825 0.22951651]

--- Final Statevector (exact) ---
Marginals: [0.3122881251838193, 0.8182917393849443, 0.34010332101547563, 0.7033177761967908, 0.312288125818021, 0.7353554332969028, 0.3555570395090495, 0.6085270654214695]

  ┌─ Depth 3 | Patch (64, 96, 160, 192) | eff_threshold=0.660
  │  θ-only  (before QAOA): [[0.359 0.778]
 [0.309 0.657]]
  │  QAOA    (after  QAOA): [[0.312 0.777]
 [0.348 0.656]]
  │  θ-only  refine: [[0 1]
 [0 0]]
  │  QAOA    refine: [[0 1]
 [0 0]]
  │  Agreement: 4/4 cells
  │  Boundary activation: ['right']
  └─
Transpiling circuit (backend=state_vector, opt_level=0)
  IIIIIIIZ: (-0.0027629392940317758+0j)
  IIIZIIII: (-0.0027629392940317758+0j)
  IIIIIIIZ: (-0+0j)
  IIIZIIII: (-0+0j)
  IIIIIIZI: (-0.001621983777315125+0j)
  IIZIIIII: (-0.001621983777315125+0j)
  IIIIIIZI: (0.3468473936340943+0j)
  IIZIIIII: 0j
  IIIIIZII: (-0.002814887273522402+0j)
  IZIIIIII: (-0.002814887273522402+0j)
  IIIIIZII: (-0+0j)
  IIIIZIII: (-0.0017041164121101098+0j)
  ZIIIIIII: (-0.0017041164121101098+0j)
  IIIIZIII: (0.3039338564485246+0j)

 

Information about the circuit: 
Number of qubits: 8
 Depth : 7

--- Starting Optimization Loop (method=COBYLA) ---
Iter 10: Cost = -0.4574021733037134
Iter 20: Cost = -0.44758105663869474
Optimization success: True
Optimal Params: [ 0.38432261  0.39269908  0.26871174 -0.61931605]

--- Final Statevector (exact) ---
Marginals: [0.7721769623152799, 0.8370094853868891, 0.5532354073149971, 0.8458745852877453, 0.7721769951080149, 0.8642452731383224, 0.31979679448476106, 0.14138173414254324]

  ┌─ Depth 3 | Patch (96, 128, 128, 160) | eff_threshold=0.660
  │  θ-only  (before QAOA): [[0.085 0.164]
 [0.077 0.159]]
  │  QAOA    (after  QAOA): [[0.772 0.851]
 [0.437 0.494]]
  │  θ-only  refine: [[0 0]
 [0 0]]
  │  QAOA    refine: [[1 1]
 [0 0]]
  │  Agreement: 2/4 cells
  │  Boundary activation: ['top']
  └─
Transpiling circuit (backend=state_vector, opt_level=0)
  IIIIIIIZ: (0.03280775595667895+0j)
  IIIZIIII: (0.03280775595667895+0j)
  IIIIIIIZ: (1.5962069204549197e-42+0j)
  IIIZIIII: 0j
  IIIIIIZI: (0.0744897142194508+0j)
  IIZIIIII: (0.0744897142194508+0j)
  IIZIIIII: 0j
  IIIIIZII: (0.033220591500432016+0j)
  IZIIIIII: (0.033220591500432016+0j)
  IIIIIZII: (1.675125634717515e-49+0j)
  IIIIZIII: (0.07343727928133724+0j)
  ZIIIIIII: (0.07343727928133724+0j)

 

Information about the circuit: 
Number of qubits: 8
 Depth : 7

--- Starting Optimization Loop (method=COBYLA) ---
Iter 10: Cost = -0.17790023958780674
Iter 20: Cost = -0.19073120195178825
Optimization success: True
Optimal Params: [0.39269908 0.27630658 0.16446544 0.31190991]

--- Final Statevector (exact) ---
Marginals: [0.7953937823596916, 0.9992633541022286, 0.898188209790411, 0.9929838394192557, 0.8866537804913676, 0.059792063867288095, 0.021168725871067263, 0.9813510971350348]

  ┌─ Depth 3 | Patch (96, 128, 160, 192) | eff_threshold=0.660
  │  θ-only  (before QAOA): [[0.281 0.628]
 [0.298 0.692]]
  │  QAOA    (after  QAOA): [[0.841 0.53 ]
 [0.46  0.987]]
  │  θ-only  refine: [[0 0]
 [0 1]]
  │  QAOA    refine: [[1 0]
 [0 1]]
  │  Agreement: 3/4 cells
  └─
Transpiling circuit (backend=state_vector, opt_level=0)
  IIIIIIIZ: (0.13887849854891993+0j)
  IIIZIIII: (0.13887849854891993+0j)
  IIIIIIIZ: (6.310785685052215e-132+0j)
  IIIZIIII: 0j
  IIIIIIZI: (0.13335603732580695+0j)
  IIZIIIII: (0.13335603732580695+0j)
  IIIIIIZI: (-4.993043271000498e-05+0j)
  IIZIIIII: 0j
  IIIIIZII: (0.13784794991960359+0j)
  IZIIIIII: (0.13784794991960359+0j)
  IIIIIZII: (6.671638914554363e-129+0j)
  IIIIZIII: (0.13385166446069305+0j)
  ZIIIIIII: (0.13385166446069305+0j)

 

Information about the circuit: 
Number of qubits: 8
 Depth : 7

--- Starting Optimization Loop (method=COBYLA) ---
Iter 10: Cost = -0.3409597125637031
Iter 20: Cost = -0.35493502037377367
Optimization success: True
Optimal Params: [-0.20633519 -0.17267186  0.37820737  0.06461858]

--- Final Statevector (exact) ---
Marginals: [0.37060192972377093, 0.1601033220268129, 0.36436629388461533, 0.8158439049415539, 0.9725492743305161, 0.819134703614715, 0.9704901140917785, 0.8158402086027107]

  ┌─ Depth 3 | Patch (64, 96, 192, 224) | eff_threshold=0.660
  │  θ-only  (before QAOA): [[0.736 0.47 ]
 [0.731 0.466]]
  │  QAOA    (after  QAOA): [[0.672 0.49 ]
 [0.667 0.816]]
  │  θ-only  refine: [[1 0]
 [1 0]]
  │  QAOA    refine: [[1 0]
 [1 1]]
  │  Agreement: 3/4 cells
  └─
Transpiling circuit (backend=state_vector, opt_level=0)
  IIIIIIIZ: (3.215072157115061e-05+0j)
  IIIZIIII: (3.215072157115061e-05+0j)
  IIIIIIIZ: (1.7016145511212287e-109+0j)
  IIIZIIII: 0j
  IIIIIIZI: (3.040945008902198e-05+0j)
  IIZIIIII: (3.040945008902198e-05+0j)
  IIZIIIII: 0j
  IIIIIZII: (3.1609555315965285e-05+0j)
  IZIIIIII: (3.1609555315965285e-05+0j)
  IIIIIZII: (2.9924610990352523e-93+0j)
  IIIIZIII: (2.889550988521846e-05+0j)
  ZIIIIIII: (2.889550988521846e-05+0j)

 

Information about the circuit: 
Number of qubits: 8
 Depth : 7

--- Starting Optimization Loop (method=COBYLA) ---
Iter 10: Cost = -6.630418733612984e-05
Iter 20: Cost = -6.483854586872601e-05
Optimization success: True
Optimal Params: [-0.15442469 -0.30590414  0.7999624   1.89988205]

--- Final Statevector (exact) ---
Marginals: [0.26903982860476117, 0.8513768990231395, 0.27187412810177425, 0.8253745135817391, 0.989052925675078, 0.8513768965057018, 0.2718848363395029, 0.8253745135833341]

  ┌─ Depth 3 | Patch (96, 128, 192, 224) | eff_threshold=0.660
  │  θ-only  (before QAOA): [[0.713 0.43 ]
 [0.716 0.395]]
  │  QAOA    (after  QAOA): [[0.629 0.851]
 [0.272 0.825]]
  │  θ-only  refine: [[1 0]
 [1 0]]
  │  QAOA    refine: [[0 1]
 [0 1]]
  │  Agreement: 0/4 cells
  │  Boundary activation: ['right']
  └─
Transpiling circuit (backend=state_vector, opt_level=0)
  IIIIIIIZ: (0.01676390303142347+0j)
  IIIZIIII: (0.01676390303142347+0j)
  IIIIIIIZ: (1.7944858527241203e-44+0j)
  IIIZIIII: 0j
  IIIIIIZI: (0.03970144715912992+0j)
  IIZIIIII: (0.03970144715912992+0j)
  IIZIIIII: 0j
  IIIIIZII: (0.015413899335128487+0j)
  IZIIIIII: (0.015413899335128487+0j)
  IIIIIZII: (3.515839776320974e-64+0j)
  IIIIZIII: (0.04351859711618438+0j)
  ZIIIIIII: (0.04351859711618438+0j)

 

Information about the circuit: 
Number of qubits: 8
 Depth : 7

--- Starting Optimization Loop (method=COBYLA) ---
Iter 10: Cost = -0.0865101499656481
Iter 20: Cost = -0.08767763657174793
Optimization success: True
Optimal Params: [0.25856665 0.23991105 0.26248689 0.20033364]

--- Final Statevector (exact) ---
Marginals: [0.024818877900875246, 0.9774678447464102, 0.8111012231734458, 0.9994704145485582, 0.006028503579946937, 0.9773008343285758, 0.8123959933987112, 0.2782016311334824]

  ┌─ Depth 3 | Patch (128, 160, 32, 64) | eff_threshold=0.660
  │  θ-only  (before QAOA): [[0.297 0.635]
 [0.342 0.756]]
  │  QAOA    (after  QAOA): [[0.015 0.977]
 [0.812 0.639]]
  │  θ-only  refine: [[0 0]
 [0 1]]
  │  QAOA    refine: [[0 1]
 [1 0]]
  │  Agreement: 1/4 cells
  │  Boundary activation: ['bottom', 'right']
  └─
Transpiling circuit (backend=state_vector, opt_level=0)
  IIIIIIIZ: (0.0006703060489735353+0j)
  IIIZIIII: (0.0006703060489735353+0j)
  IIIIIIIZ: (-9.682667487332567e-103+0j)
  IIIZIIII: 0j
  IIIIIIZI: (0.00451749361007601+0j)
  IIZIIIII: (0.00451749361007601+0j)
  IIZIIIII: 0j
  IIIIIZII: (0.0006761878430268184+0j)
  IZIIIIII: (0.0006761878430268184+0j)
  IIIIIZII: (-1.935813195279879e-119+0j)
  IIIIZIII: (0.005100611475095172+0j)
  ZIIIIIII: (0.005100611475095172+0j)

 

Information about the circuit: 
Number of qubits: 8
 Depth : 7

--- Starting Optimization Loop (method=COBYLA) ---
Iter 10: Cost = -0.011501057737049415
Optimization success: True
Optimal Params: [0.05       0.         0.67519156 1.35038313]

--- Final Statevector (exact) ---
Marginals: [0.44809944708836763, 0.8644926263471715, 0.49094507422980355, 0.8281017081144197, 0.4481953100348971, 0.7892306947900702, 0.3922674109473976, 0.7466072457974565]

  ┌─ Depth 3 | Patch (160, 192, 32, 64) | eff_threshold=0.660
  │  θ-only  (before QAOA): [[0.399 0.829]
 [0.442 0.789]]
  │  QAOA    (after  QAOA): [[0.448 0.827]
 [0.442 0.787]]
  │  θ-only  refine: [[0 1]
 [0 1]]
  │  QAOA    refine: [[0 1]
 [0 1]]
  │  Agreement: 4/4 cells
  │  Boundary activation: ['right']
  └─
Transpiling circuit (backend=state_vector, opt_level=0)
  IIIIIIIZ: (0.006142426016592151+0j)
  IIIZIIII: (0.006142426016592151+0j)
  IIIIIIIZ: (1.3616293107777048e-125+0j)
  IIIZIIII: 0j
  IIIIIIZI: (0.005866782129011037+0j)
  IIZIIIII: (0.005866782129011037+0j)
  IIZIIIII: 0j
  IIIIIZII: (0.006247899178671185+0j)
  IZIIIIII: (0.006247899178671185+0j)
  IIIIIZII: (6.14796047464751e-133+0j)
  IIIIZIII: (0.006047559923100152+0j)
  ZIIIIIII: (0.006047559923100152+0j)
  IIIIZIII: (-9.857946087127476e-07+0j)

 

Information about the circuit: 
Number of qubits: 8
 Depth : 7

--- Starting Optimization Loop (method=COBYLA) ---
Iter 10: Cost = -0.013641320028263059
Iter 20: Cost = -0.013697264438057924
Optimization success: True
Optimal Params: [-0.18086528 -0.0946693   0.41845802  1.20335516]

--- Final Statevector (exact) ---
Marginals: [0.46029445527355717, 0.7252595763085514, 0.46630165539958235, 0.7360822298243908, 0.46029800327928355, 0.6096264388130991, 0.9298293580512341, 0.7360822233947151]

  ┌─ Depth 3 | Patch (128, 160, 64, 96) | eff_threshold=0.660
  │  θ-only  (before QAOA): [[0.727 0.458]
 [0.732 0.47 ]]
  │  QAOA    (after  QAOA): [[0.46  0.667]
 [0.698 0.736]]
  │  θ-only  refine: [[1 0]
 [1 0]]
  │  QAOA    refine: [[0 1]
 [1 1]]
  │  Agreement: 1/4 cells
  └─
Transpiling circuit (backend=state_vector, opt_level=0)
  IIIIIIIZ: (0.2141730356081584+0j)
  IIIZIIII: (0.2141730356081584+0j)
  IIIIIIIZ: (1.3105118674678077e-130+0j)
  IIIZIIII: 0j
  IIIIIIZI: (0.19836011906297507+0j)
  IIZIIIII: (0.19836011906297507+0j)
  IIIIIIZI: (-0.028621679869309313+0j)
  IIZIIIII: 0j
  IIIIIZII: (0.23702341932985682+0j)
  IZIIIIII: (0.23702341932985682+0j)
  IIIIIZII: (3.438983648496047e-115+0j)
  IIIIZIII: (0.19185398474435758+0j)
  ZIIIIIII: (0.19185398474435758+0j)
  IIIIZIII: (-0.035182655287863254+0j)

 

Information about the circuit: 
Number of qubits: 8
 Depth : 7

--- Starting Optimization Loop (method=COBYLA) ---
Iter 10: Cost = -0.9077979777274452
Iter 20: Cost = -0.8901328013715306
Optimization success: True
Optimal Params: [-0.15160323 -0.25128228 -0.03473587  0.07177255]

--- Final Statevector (exact) ---
Marginals: [0.443240058301826, 0.8376325547489737, 0.49338245470362097, 0.8101947438950625, 0.9986570621629653, 0.8376232553221307, 0.9998091555370752, 0.8101833431232808]

  ┌─ Depth 3 | Patch (160, 192, 64, 96) | eff_threshold=0.660
  │  θ-only  (before QAOA): [[0.819 0.468]
 [0.856 0.432]]
  │  QAOA    (after  QAOA): [[0.721 0.838]
 [0.747 0.81 ]]
  │  θ-only  refine: [[1 0]
 [1 0]]
  │  QAOA    refine: [[1 1]
 [1 1]]
  │  Agreement: 2/4 cells
  └─
Transpiling circuit (backend=state_vector, opt_level=0)
  IIIIIIIZ: (0.002533234655012937+0j)
  IIIZIIII: (0.002533234655012937+0j)
  IIIIIIIZ: (-1.1097166466077215e-128+0j)
  IIIZIIII: 0j
  IIIIIIZI: (0.011873712572569023+0j)
  IIZIIIII: (0.011873712572569023+0j)
  IIZIIIII: 0j
  IIIIIZII: (0.002822128398747958+0j)
  IZIIIIII: (0.002822128398747958+0j)
  IIIIIZII: (-7.840861529318718e-127+0j)
  IIIIZIII: (0.011892769234018925+0j)
  ZIIIIIII: (0.011892769234018925+0j)

 

Information about the circuit: 
Number of qubits: 8
 Depth : 7

--- Starting Optimization Loop (method=COBYLA) ---
Iter 10: Cost = -0.020348519926697842
Optimization success: True
Optimal Params: [0.05       0.         0.52203662 1.04407324]

--- Final Statevector (exact) ---
Marginals: [0.4997043780811365, 0.7822609066641399, 0.39768723326931893, 0.7799994615183198, 0.4010743047519791, 0.6946489682276391, 0.39768742566944987, 0.6921271677137871]

  ┌─ Depth 3 | Patch (192, 224, 32, 64) | eff_threshold=0.660
  │  θ-only  (before QAOA): [[0.45  0.74 ]
 [0.447 0.737]]
  │  QAOA    (after  QAOA): [[0.45  0.738]
 [0.398 0.736]]
  │  θ-only  refine: [[0 1]
 [0 1]]
  │  QAOA    refine: [[0 1]
 [0 1]]
  │  Agreement: 4/4 cells
  │  Boundary activation: ['right']
  └─
Transpiling circuit (backend=state_vector, opt_level=0)
  IIIIIIIZ: (4.359634867261696e-06+0j)
  IIIZIIII: (4.359634867261696e-06+0j)
  IIIIIIIZ: (7.162906126573254e-106+0j)
  IIIZIIII: 0j
  IIIIIIZI: (1.3877414583627773e-05+0j)
  IIZIIIII: (1.3877414583627773e-05+0j)
  IIZIIIII: 0j
  IIIIIZII: (4.464408086913264e-06+0j)
  IZIIIIII: (4.464408086913264e-06+0j)
  IIIIIZII: (1.2648049734066378e-86+0j)
  IIIIZIII: (1.3125685421390596e-05+0j)
  ZIIIIIII: (1.3125685421390596e-05+0j)

 

Information about the circuit: 
Number of qubits: 8
 Depth : 7

--- Starting Optimization Loop (method=COBYLA) ---
Iter 10: Cost = -2.1717069268459538e-05
Optimization success: True
Optimal Params: [-5.08421771e-04  5.18086629e-02  9.62881728e-01  1.82066482e+00]

--- Final Statevector (exact) ---
Marginals: [0.3671605208351747, 0.7612985602528805, 0.32120172412172865, 0.7600179068164703, 0.3671604754695144, 0.668954037306046, 0.3212017241220595, 0.7600179032461069]

  ┌─ Depth 3 | Patch (224, 256, 32, 64) | eff_threshold=0.660
  │  θ-only  (before QAOA): [[0.417 0.716]
 [0.37  0.715]]
  │  QAOA    (after  QAOA): [[0.367 0.715]
 [0.321 0.76 ]]
  │  θ-only  refine: [[0 1]
 [0 1]]
  │  QAOA    refine: [[0 1]
 [0 1]]
  │  Agreement: 4/4 cells
  │  Boundary activation: ['right']
  └─
Transpiling circuit (backend=state_vector, opt_level=0)
  IIIIIIIZ: (0.28717337020467937+0j)
  IIIZIIII: (0.28717337020467937+0j)
  IIIIIIIZ: (1.5258604106863547e-72+0j)
  IIIZIIII: 0j
  IIIIIIZI: (0.195132330432715+0j)
  IIZIIIII: (0.195132330432715+0j)
  IIIIIIZI: (-5.369559757837294e-05+0j)
  IIZIIIII: 0j
  IIIIIZII: (0.25879835024449016+0j)
  IZIIIIII: (0.25879835024449016+0j)
  IIIIIZII: (6.341031153885847e-50+0j)
  IIIIZIII: (0.17201658629278807+0j)
  ZIIIIIII: (0.17201658629278807+0j)
  IIIIZIII: (0.0017383519127590471+0j)

 

Information about the circuit: 
Number of qubits: 8
 Depth : 7

--- Starting Optimization Loop (method=COBYLA) ---
Iter 10: Cost = -0.217292659772849
Optimization success: True
Optimal Params: [0.         0.         0.14874045 0.1974809 ]

--- Final Statevector (exact) ---
Marginals: [0.7710753555515618, 0.3708411588733251, 0.6620597735794471, 0.31279973443137926, 0.7710753555515617, 0.3708411588733251, 0.6620597735794471, 0.3127997344313791]

  ┌─ Depth 3 | Patch (192, 224, 64, 96) | eff_threshold=0.660
  │  θ-only  (before QAOA): [[0.771 0.371]
 [0.662 0.313]]
  │  QAOA    (after  QAOA): [[0.771 0.371]
 [0.662 0.313]]
  │  θ-only  refine: [[1 0]
 [1 0]]
  │  QAOA    refine: [[1 0]
 [1 0]]
  │  Agreement: 4/4 cells
  │  Boundary activation: ['left']
  └─
Transpiling circuit (backend=state_vector, opt_level=0)
  IIIIIIIZ: (0.22168326710960054+0j)
  IIIZIIII: (0.22168326710960054+0j)
  IIIIIIIZ: (5.49348344239952e-44+0j)
  IIIZIIII: 0j
  IIIIIIZI: (0.13576171177567384+0j)
  IIZIIIII: (0.13576171177567384+0j)
  IIIIIIZI: (0.006431744902673162+0j)
  IIZIIIII: 0j
  IIIIIZII: (0.22929661069895568+0j)
  IZIIIIII: (0.22929661069895568+0j)
  IIIIIZII: (2.8117616293811052e-50+0j)
  IIIIZIII: (0.13987327204919878+0j)
  ZIIIIIII: (0.13987327204919878+0j)
  IIIIZIII: (0.0037128887472576595+0j)

 

Information about the circuit: 
Number of qubits: 8
 Depth : 7

--- Starting Optimization Loop (method=COBYLA) ---
Iter 10: Cost = -0.6059871437340149
Iter 20: Cost = -0.6305602867963747
Optimization success: True
Optimal Params: [ 0.37564514  0.37227667 -0.09102969 -0.30800969]

--- Final Statevector (exact) ---
Marginals: [0.9835057909071683, 0.7424919884191894, 0.9672362617506493, 0.9408581508379629, 0.0400047604561199, 0.930291522335249, 0.9679003970340079, 0.08284830387826825]

  ┌─ Depth 3 | Patch (224, 256, 64, 96) | eff_threshold=0.660
  │  θ-only  (before QAOA): [[0.648 0.28 ]
 [0.703 0.302]]
  │  QAOA    (after  QAOA): [[0.512 0.836]
 [0.968 0.512]]
  │  θ-only  refine: [[0 0]
 [1 0]]
  │  QAOA    refine: [[0 1]
 [1 0]]
  │  Agreement: 3/4 cells
  └─
Transpiling circuit (backend=state_vector, opt_level=0)
  IIIIIIIZ: (0.00016336052612673857+0j)
  IIIZIIII: (0.00016336052612673857+0j)
  IIIIIIZZ: (-4.824371499064173e-05+0j)
  IIIIIIIZ: (2.001778048712266e-05+0j)
  IIIZIIII: 0j
  IIIIIIZI: (-0.00022183664008078102+0j)
  IIZIIIII: (-0.00022183664008078102+0j)
  IIZIIIII: (-0+0j)
  IIIIIZII: (0.0001575455406792057+0j)
  IZIIIIII: (0.0001575455406792057+0j)
  IIIIZZII: (-5.251364366919473e-06+0j)
  IIIIIZII: (1.738003825976359e-06+0j)
  IIIIZIII: (-0.0002524568863068728+0j)
  ZIIIIIII: (-0.0002524568863068728+0j)

 

Information about the circuit: 
Number of qubits: 8
 Depth : 9

--- Starting Optimization Loop (method=COBYLA) ---
Iter 10: Cost = -0.00038746676123487927
Optimization success: True
Optimal Params: [-0.01733469 -0.03963855  0.30062911  0.65232391]

--- Final Statevector (exact) ---
Marginals: [0.13319034441589395, 0.05826832688739813, 0.12065865372546304, 0.07600240874627952, 0.12493856394290946, 0.05826832645449827, 0.2006091131066056, 0.09297515919601339]

  ┌─ Depth 3 | Patch (224, 256, 96, 128) | eff_threshold=0.660
  │  θ-only  (before QAOA): [[0.165 0.088]
 [0.16  0.079]]
  │  QAOA    (after  QAOA): [[0.129 0.058]
 [0.161 0.084]]
  │  θ-only  refine: [[0 0]
 [0 0]]
  │  QAOA    refine: [[0 0]
 [0 0]]
  │  Agreement: 4/4 cells
  └─
Transpiling circuit (backend=state_vector, opt_level=0)
  IIIIIIIZ: (0.0856143701046131+0j)
  IIIZIIII: (0.0856143701046131+0j)
  IIIIIIIZ: (-7.208528401405081e-71+0j)
  IIIZIIII: 0j
  IIIIIIZI: (0.27199401386938155+0j)
  IIZIIIII: (0.27199401386938155+0j)
  IIZIIIII: 0j
  IIIIIZII: (0.07714446458948603+0j)
  IZIIIIII: (0.07714446458948603+0j)
  IIIIIZII: (-2.601693952703261e-86+0j)
  IIIIZIII: (0.30051264927251414+0j)
  ZIIIIIII: (0.30051264927251414+0j)

 

Information about the circuit: 
Number of qubits: 8
 Depth : 7

--- Starting Optimization Loop (method=COBYLA) ---
Iter 10: Cost = -0.6336363994900172
Optimization success: True
Optimal Params: [0.11269013 0.10489623 0.10284662 0.03375584]

--- Final Statevector (exact) ---
Marginals: [0.5459745185749441, 0.9061330587544716, 0.5755835980982822, 0.9127499606224473, 0.15107353480074423, 0.9025939929262964, 0.17089743379721234, 0.5515943212227805]

  ┌─ Depth 3 | Patch (128, 160, 160, 192) | eff_threshold=0.660
  │  θ-only  (before QAOA): [[0.332 0.746]
 [0.36  0.756]]
  │  QAOA    (after  QAOA): [[0.349 0.904]
 [0.373 0.732]]
  │  θ-only  refine: [[0 1]
 [0 1]]
  │  QAOA    refine: [[0 1]
 [0 1]]
  │  Agreement: 4/4 cells
  │  Boundary activation: ['right']
  └─
Transpiling circuit (backend=state_vector, opt_level=0)
  IIIIIIIZ: (0.0049603988868079+0j)
  IIIZIIII: (0.0049603988868079+0j)
  IIIIIIIZ: (-4.582977794749182e-101+0j)
  IIIZIIII: 0j
  IIIIIIZI: (0.027699995860356097+0j)
  IIZIIIII: (0.027699995860356097+0j)
  IIZIIIII: 0j
  IIIIIZII: (0.005362455581712102+0j)
  IZIIIIII: (0.005362455581712102+0j)
  IIIIIZII: (-1.0997257728885293e-111+0j)
  IIIIZIII: (0.02928790034360806+0j)
  ZIIIIIII: (0.02928790034360806+0j)

 

Information about the circuit: 
Number of qubits: 8
 Depth : 7

--- Starting Optimization Loop (method=COBYLA) ---
Iter 10: Cost = -0.07773454153883602
Iter 20: Cost = -0.07630181859952678
Optimization success: True
Optimal Params: [-0.11251395 -0.1302734   0.41068351  0.60295657]

--- Final Statevector (exact) ---
Marginals: [0.17343664416123908, 0.5227749394373434, 0.18224977513861346, 0.9669286741439546, 0.6282549132252334, 0.9248962727320678, 0.6392892549453759, 0.9669286647503335]

  ┌─ Depth 3 | Patch (160, 192, 160, 192) | eff_threshold=0.660
  │  θ-only  (before QAOA): [[0.388 0.753]
 [0.399 0.83 ]]
  │  QAOA    (after  QAOA): [[0.401 0.724]
 [0.411 0.967]]
  │  θ-only  refine: [[0 1]
 [0 1]]
  │  QAOA    refine: [[0 1]
 [0 1]]
  │  Agreement: 4/4 cells
  │  Boundary activation: ['right']
  └─
Transpiling circuit (backend=state_vector, opt_level=0)
  IIIIIIIZ: (0.09055735302871037+0j)
  IIIZIIII: (0.09055735302871037+0j)
  IIIIIIIZ: (5.604547607302156e-88+0j)
  IIIZIIII: 0j
  IIIIIIZI: (0.06553971515487714+0j)
  IIZIIIII: (0.06553971515487714+0j)
  IIIIIIZI: (6.613596268882015e-07+0j)
  IIZIIIII: 0j
  IIIIIZII: (0.09265945822143964+0j)
  IZIIIIII: (0.09265945822143964+0j)
  IIIIIZII: (4.886410321200891e-100+0j)
  IIIIZIII: (0.07084379907542605+0j)
  ZIIIIIII: (0.07084379907542605+0j)

 

Information about the circuit: 
Number of qubits: 8
 Depth : 7

--- Starting Optimization Loop (method=COBYLA) ---
Iter 10: Cost = -0.11482595109981882
Optimization success: True
Optimal Params: [0.04816706 0.00978997 0.21637424 0.4335378 ]

--- Final Statevector (exact) ---
Marginals: [0.7936714639085144, 0.31106078090079975, 0.7953861700970133, 0.34997223162037083, 0.7936558188599283, 0.31106077950864264, 0.695065902236902, 0.4634101355777547]

  ┌─ Depth 3 | Patch (128, 160, 192, 224) | eff_threshold=0.660
  │  θ-only  (before QAOA): [[0.745 0.366]
 [0.747 0.406]]
  │  QAOA    (after  QAOA): [[0.794 0.311]
 [0.745 0.407]]
  │  θ-only  refine: [[1 0]
 [1 0]]
  │  QAOA    refine: [[1 0]
 [1 0]]
  │  Agreement: 4/4 cells
  │  Boundary activation: ['left']
  └─
Transpiling circuit (backend=state_vector, opt_level=0)
  IIIIIIIZ: (0.0004148897914674546+0j)
  IIIZIIII: (0.0004148897914674546+0j)
  IIIIIIZZ: (-0.000857182991221145+0j)
  IIIIIIIZ: (0.0005743862445429823+0j)
  IIIZIIII: 0j
  IIIIIIZI: (-0.0002387341101703558+0j)
  IIZIIIII: (-0.0002387341101703558+0j)
  IIZIIIII: (-0+0j)
  IIIIIZII: (0.00031859782736698357+0j)
  IZIIIIII: (0.00031859782736698357+0j)
  IIIIZZII: (-0.0001845812884203834+0j)
  IZIIIIII: (-8.556703752692027e-05+0j)
  IIIIIZII: (6.151990676777353e-05+0j)
  IIIIZIII: (-0.00029519168117950737+0j)
  ZIIIIIII: (-0.00029519168117950737+0j)

 

Information about the circuit: 
Number of qubits: 8
 Depth : 9

--- Starting Optimization Loop (method=COBYLA) ---
Iter 10: Cost = -6.540476514608107e-05
Optimization success: True
Optimal Params: [0.         0.         0.4344418  0.76888361]

--- Final Statevector (exact) ---
Marginals: [0.17588785320877548, 0.09264368461768505, 0.15983832603668313, 0.08542937775028404, 0.1758878532087757, 0.09264368461768499, 0.1598383260366831, 0.08542937775028404]

  ┌─ Depth 3 | Patch (128, 160, 224, 256) | eff_threshold=0.660
  │  θ-only  (before QAOA): [[0.176 0.093]
 [0.16  0.085]]
  │  QAOA    (after  QAOA): [[0.176 0.093]
 [0.16  0.085]]
  │  θ-only  refine: [[0 0]
 [0 0]]
  │  QAOA    refine: [[0 0]
 [0 0]]
  │  Agreement: 4/4 cells
  └─
Transpiling circuit (backend=state_vector, opt_level=0)
  IIIIIIIZ: (0.13519569525456035+0j)
  IIIZIIII: (0.13519569525456035+0j)
  IIIIIIIZ: (9.080101989857983e-112+0j)
  IIIZIIII: 0j
  IIIIIIZI: (0.09806026470717051+0j)
  IIZIIIII: (0.09806026470717051+0j)
  IIIIIIZI: (-2.1484283058045156e-05+0j)
  IIZIIIII: 0j
  IIIIIZII: (0.14221790990186609+0j)
  IZIIIIII: (0.14221790990186609+0j)
  IIIIIZII: (6.392957819511891e-113+0j)
  IIIIZIII: (0.10381220519346006+0j)
  ZIIIIIII: (0.10381220519346006+0j)
  IIIIZIII: (-0.00291968194432033+0j)

 

Information about the circuit: 
Number of qubits: 8
 Depth : 7

--- Starting Optimization Loop (method=COBYLA) ---
Iter 10: Cost = -0.3888824074626864
Iter 20: Cost = -0.4999214694875346
Optimization success: True
Optimal Params: [-0.39269908 -0.12580852  0.18062623  0.33524726]

--- Final Statevector (exact) ---
Marginals: [0.348953309554343, 0.8793008375080706, 0.9886056535173, 0.876956671171689, 0.9906689905100947, 0.03336588902869897, 0.9886056522408151, 0.8769082947178286]

  ┌─ Depth 3 | Patch (160, 192, 192, 224) | eff_threshold=0.660
  │  θ-only  (before QAOA): [[0.829 0.414]
 [0.837 0.41 ]]
  │  QAOA    (after  QAOA): [[0.67  0.456]
 [0.989 0.877]]
  │  θ-only  refine: [[1 0]
 [1 0]]
  │  QAOA    refine: [[1 0]
 [1 1]]
  │  Agreement: 3/4 cells
  │  Boundary activation: ['bottom']
  └─
Transpiling circuit (backend=state_vector, opt_level=0)
  IIIIIIIZ: (-1.0826807522445065e-05+0j)
  IIIZIIII: (-1.0826807522445065e-05+0j)
  IIIIIIZZ: (-3.1956540310881104e-06+0j)
  IIIIIIIZ: (-6.601047157725968e-07+0j)
  IIIZIIII: (-0+0j)
  IIIIIIZI: (-3.358959066159602e-05+0j)
  IIZIIIII: (-3.358959066159602e-05+0j)
  IIZIIIII: (-0+0j)
  IIIIIZII: (-1.9811596948046848e-05+0j)
  IZIIIIII: (-1.9811596948046848e-05+0j)
  IZIIIIII: (-2.349539052592262e-06+0j)
  IIIIIZII: (-2.1287577169513444e-08+0j)
  IIIIZIII: (-4.284447174160754e-05+0j)
  ZIIIIIII: (-4.284447174160754e-05+0j)

 

Information about the circuit: 
Number of qubits: 8
 Depth : 9

--- Starting Optimization Loop (method=COBYLA) ---
Iter 10: Cost = -0.0001878061792635184
Optimization success: True
Optimal Params: [ 0.12227445 -0.00268852  0.8315168   1.44180136]

--- Final Statevector (exact) ---
Marginals: [0.06327745331703481, 0.14100392675757797, 0.04611725459133491, 0.011207678948494513, 0.2243448834086096, 0.14102737509068058, 0.04611725450469998, 0.011207675331035732]

  ┌─ Depth 3 | Patch (160, 192, 224, 256) | eff_threshold=0.660
  │  θ-only  (before QAOA): [[0.133 0.069]
 [0.109 0.05 ]]
  │  QAOA    (after  QAOA): [[0.144 0.141]
 [0.046 0.011]]
  │  θ-only  refine: [[0 0]
 [0 0]]
  │  QAOA    refine: [[0 0]
 [0 0]]
  │  Agreement: 4/4 cells
  └─
Transpiling circuit (backend=state_vector, opt_level=0)
  IIIIIIIZ: (0.013959969072880968+0j)
  IIIZIIII: (0.013959969072880968+0j)
  IIIIIIIZ: (4.622874028696257e-95+0j)
  IIIZIIII: 0j
  IIIIIIZI: (0.05347451643933946+0j)
  IIZIIIII: (0.05347451643933946+0j)
  IIZIIIII: 0j
  IIIIIZII: (0.015660629841297083+0j)
  IZIIIIII: (0.015660629841297083+0j)
  IIIIIZII: (2.665059746781894e-92+0j)
  IIIIZIII: (0.051958335290630916+0j)
  ZIIIIIII: (0.051958335290630916+0j)

 

Information about the circuit: 
Number of qubits: 8
 Depth : 7

--- Starting Optimization Loop (method=COBYLA) ---
Iter 10: Cost = -0.1424271454226434
Iter 20: Cost = -0.137858933991003
Optimization success: True
Optimal Params: [-0.27484656 -0.20955152  0.41848558  0.18084462]

--- Final Statevector (exact) ---
Marginals: [0.039315503016943594, 0.9994549209733377, 0.8293360344415979, 0.2674851216029793, 0.8461020901479697, 0.9994548827761973, 0.4608183810725915, 0.9960088314496367]

  ┌─ Depth 3 | Patch (192, 224, 160, 192) | eff_threshold=0.660
  │  θ-only  (before QAOA): [[0.399 0.778]
 [0.376 0.733]]
  │  QAOA    (after  QAOA): [[0.443 0.999]
 [0.645 0.632]]
  │  θ-only  refine: [[0 1]
 [0 1]]
  │  QAOA    refine: [[0 1]
 [0 0]]
  │  Agreement: 3/4 cells
  │  Boundary activation: ['right']
  └─
Transpiling circuit (backend=state_vector, opt_level=0)
  IIIIIIIZ: (-0.005448141500168156+0j)
  IIIZIIII: (-0.005448141500168156+0j)
  IIIIIIZZ: (-0.00030592616449139174+0j)
  IIIIIIIZ: (-0.0008861777861983555+0j)
  IIIZIIII: (-0+0j)
  IIIIIIZI: (-0.0030980773120246447+0j)
  IIZIIIII: (-0.0030980773120246447+0j)
  IIIIIIZI: (0.3502224273807126+0j)
  IIZIIIII: 0j
  IIIIIZII: (-0.005448062671260417+0j)
  IZIIIIII: (-0.005448062671260417+0j)
  IIIIZZII: (-0.00013878290195494877+0j)
  IIIIIZII: (-0.00038207702829590575+0j)
  IIIIZIII: (-0.00312072419738333+0j)
  ZIIIIIII: (-0.00312072419738333+0j)
  IIIIZIII: (0.35453759471855256+0j)
  ZIIIIIII: (0.0013543245016161248+0j)

 

Information about the circuit: 
Number of qubits: 8
 Depth : 10

--- Starting Optimization Loop (method=COBYLA) ---
Iter 10: Cost = -0.01374127709959191
Iter 20: Cost = -0.5251515656762181
Iter 30: Cost = -0.5425102919909551
Optimization success: True
Optimal Params: [-0.39269908 -0.39269908 -0.26230279  0.42547545]

--- Final Statevector (exact) ---
Marginals: [0.2129847622994131, 0.8731399700313522, 0.43588635099204714, 0.8714860248376274, 0.2129855377663082, 0.14749771259458647, 0.5997093863545021, 0.44121513633763465]

  ┌─ Depth 3 | Patch (224, 256, 128, 160) | eff_threshold=0.660
  │  θ-only  (before QAOA): [[0.091 0.175]
 [0.086 0.174]]
  │  QAOA    (after  QAOA): [[0.213 0.51 ]
 [0.518 0.656]]
  │  θ-only  refine: [[0 0]
 [0 0]]
  │  QAOA    refine: [[0 0]
 [0 0]]
  │  Agreement: 4/4 cells
  │  Boundary activation: ['bottom', 'right']
  └─
Transpiling circuit (backend=state_vector, opt_level=0)
  IIIIIIIZ: (6.6550946875399385e-06+0j)
  IIIZIIII: (6.6550946875399385e-06+0j)
  IIIIIIIZ: (2.8568164282954596e-81+0j)
  IIIZIIII: 0j
  IIIIIIZI: (1.4686469833782764e-05+0j)
  IIZIIIII: (1.4686469833782764e-05+0j)
  IIZIIIII: 0j
  IIIIIZII: (6.685172513738277e-06+0j)
  IZIIIIII: (6.685172513738277e-06+0j)
  IIIIIZII: (1.1891048703167019e-98+0j)
  IIIIZIII: (1.5505710193975492e-05+0j)
  ZIIIIIII: (1.5505710193975492e-05+0j)

 

Information about the circuit: 
Number of qubits: 8
 Depth : 7

--- Starting Optimization Loop (method=COBYLA) ---
Iter 10: Cost = -2.7521190511519242e-05
Iter 20: Cost = -2.8932451035608202e-05
Iter 30: Cost = -2.8918742508737244e-05
Optimization success: True
Optimal Params: [0.06817661 0.28747503 0.83610754 1.72393322]

--- Final Statevector (exact) ---
Marginals: [0.07537004734481369, 0.960805651763009, 0.10911520112046977, 0.9553790229973826, 0.6755038992195281, 0.37610681537180507, 0.5179522163745252, 0.9553789928730193]

  ┌─ Depth 3 | Patch (224, 256, 160, 192) | eff_threshold=0.660
  │  θ-only  (before QAOA): [[0.351 0.722]
 [0.407 0.71 ]]
  │  QAOA    (after  QAOA): [[0.375 0.668]
 [0.314 0.955]]
  │  θ-only  refine: [[0 1]
 [0 1]]
  │  QAOA    refine: [[0 1]
 [0 1]]
  │  Agreement: 4/4 cells
  │  Boundary activation: ['right']
  └─
Transpiling circuit (backend=state_vector, opt_level=0)
  IIIIIIIZ: (0.9541219063856159+0j)
  IIIZIIII: (0.9541219063856159+0j)
  IIIIIIIZ: (5.464182795833731e-95+0j)
  IIIZIIII: 0j
  IIIIIIZI: (0.8070594081906186+0j)
  IIZIIIII: (0.8070594081906186+0j)
  IIIIIIZI: (-0.12621136667652322+0j)
  IIZIIIII: 0j
  IIIIIZII: (0.9550765041082466+0j)
  IZIIIIII: (0.9550765041082466+0j)
  IIIIIZII: (2.4206695874647903e-79+0j)
  IIIIZIII: (0.770529430413471+0j)
  ZIIIIIII: (0.770529430413471+0j)
  IIIIZIII: (-0.04406054345355785+0j)

 

Information about the circuit: 
Number of qubits: 8
 Depth : 7

--- Starting Optimization Loop (method=COBYLA) ---
Iter 10: Cost = -4.3350956768117985
Iter 20: Cost = -4.630381335653677
Optimization success: True
Optimal Params: [-0.31403681 -0.32121297  0.03338787 -0.06933195]

--- Final Statevector (exact) ---
Marginals: [0.9885568136343641, 0.9298676502136063, 0.15767462512417096, 0.9104325230830557, 0.9885568148939321, 0.9296804798519902, 0.9890000485175481, 0.9104112627801493]

  ┌─ Depth 3 | Patch (192, 224, 192, 224) | eff_threshold=0.660
  │  θ-only  (before QAOA): [[0.747 0.384]
 [0.745 0.35 ]]
  │  QAOA    (after  QAOA): [[0.989 0.93 ]
 [0.573 0.91 ]]
  │  θ-only  refine: [[1 0]
 [1 0]]
  │  QAOA    refine: [[1 1]
 [0 1]]
  │  Agreement: 1/4 cells
  │  Boundary activation: ['top']
  └─
Transpiling circuit (backend=state_vector, opt_level=0)
  IIIIIIIZ: (0.15997262212088467+0j)
  IIIZIIII: (0.15997262212088467+0j)
  IIIIIIIZ: (2.0081728773840997e-55+0j)
  IIIZIIII: 0j
  IIIIIIZI: (0.10129187424524805+0j)
  IIZIIIII: (0.10129187424524805+0j)
  IIIIIIZI: (0.0016894270431030245+0j)
  IIZIIIII: 0j
  IIIIIZII: (0.1525229193332697+0j)
  IZIIIIII: (0.1525229193332697+0j)
  IIIIIZII: (7.925209419582272e-45+0j)
  IIIIZIII: (0.0905357817646789+0j)
  ZIIIIIII: (0.0905357817646789+0j)
  IIIIZIII: (0.005828264761964262+0j)

 

Information about the circuit: 
Number of qubits: 8
 Depth : 7

--- Starting Optimization Loop (method=COBYLA) ---
Iter 10: Cost = -0.09961056316066327
Optimization success: True
Optimal Params: [0.         0.         0.15785988 0.31571975]

--- Final Statevector (exact) ---
Marginals: [0.7178972653828596, 0.31438955788800504, 0.6631074190174754, 0.2821051296946811, 0.7178972653828594, 0.314389557888005, 0.6631074190174755, 0.2821051296946811]

  ┌─ Depth 3 | Patch (224, 256, 192, 224) | eff_threshold=0.660
  │  θ-only  (before QAOA): [[0.718 0.314]
 [0.663 0.282]]
  │  QAOA    (after  QAOA): [[0.718 0.314]
 [0.663 0.282]]
  │  θ-only  refine: [[1 0]
 [1 0]]
  │  QAOA    refine: [[1 0]
 [1 0]]
  │  Agreement: 4/4 cells
  │  Boundary activation: ['left']
  └─
Transpiling circuit (backend=state_vector, opt_level=0)
  IIIIIIIZ: (-1.8248871108698293e-05+0j)
  IIIZIIII: (-1.8248871108698293e-05+0j)
  IIIIIIZZ: (-1.379661464770371e-05+0j)
  IIIIIIIZ: (3.4638651274880983e-06+0j)
  IIIZIIII: (-0+0j)
  IIIIIIZI: (-0.0002822308160534622+0j)
  IIZIIIII: (-0.0002822308160534622+0j)
  IIZIIIII: (-0+0j)
  IIIIIZII: (3.964407274999246e-05+0j)
  IZIIIIII: (3.964407274999246e-05+0j)
  IIIIZZII: (-3.3673863799689005e-05+0j)
  IZIIIIII: (0.004233033180629461+0j)
  IIIIIZII: (1.3869438204004596e-05+0j)
  IIIIZIII: (-0.0002178093686602836+0j)
  ZIIIIIII: (-0.0002178093686602836+0j)

 

Information about the circuit: 
Number of qubits: 8
 Depth : 9

--- Starting Optimization Loop (method=COBYLA) ---
Iter 10: Cost = 0.001737189604534213
Optimization success: True
Optimal Params: [-0.00978439 -0.0621595   0.29359577  0.7273799 ]

--- Final Statevector (exact) ---
Marginals: [0.21160343767154213, 0.11704429918532161, 0.21948701828925846, 0.12989191210289197, 0.21160350726622715, 0.11704429956924325, 0.22143243180114827, 0.12989191291341387]

  ┌─ Depth 3 | Patch (224, 256, 224, 256) | eff_threshold=0.660
  │  θ-only  (before QAOA): [[0.156 0.075]
 [0.165 0.086]]
  │  QAOA    (after  QAOA): [[0.212 0.117]
 [0.22  0.13 ]]
  │  θ-only  refine: [[0 0]
 [0 0]]
  │  QAOA    refine: [[0 0]
 [0 0]]
  │  Agreement: 4/4 cells
  └─
  Depth 4: 153 patch(es) to evaluate
Transpiling circuit (backend=state_vector, opt_level=0)
  IIIIIIIZ: (0.006867949499470424+0j)
  IIIZIIII: (0.006867949499470424+0j)
  IIIIIIIZ: (2.6622150060586538e-11+0j)
  IIIZIIII: 0j
  IIIIIIZI: (0.011611533569973657+0j)
  IIZIIIII: (0.011611533569973657+0j)
  IIZIIIII: 0j
  IIIIIZII: (0.0064989449113750436+0j)
  IZIIIIII: (0.0064989449113750436+0j)
  IIIIIZII: (8.522423728989415e-12+0j)
  IIIIZIII: (0.011435443338454277+0j)
  ZIIIIIII: (0.011435443338454277+0j)

 

Information about the circuit: 
Number of qubits: 8
 Depth : 7

--- Starting Optimization Loop (method=COBYLA) ---
Iter 10: Cost = 0.019673322788942793
Iter 20: Cost = -0.033797520060805955
Optimization success: True
Optimal Params: [-0.39269908 -0.39269908 -0.06199422  0.87316499]

--- Final Statevector (exact) ---
Marginals: [0.9242810939990551, 0.9756553957330849, 0.9222959319592426, 0.9814112729638769, 0.9242810952134457, 0.9756553963693033, 0.0776876962124167, 0.01868411607030346]

  ┌─ Depth 4 | Patch (0, 16, 32, 48) | eff_threshold=0.830
  │  θ-only  (before QAOA): [[0.235 0.346]
 [0.232 0.365]]
  │  QAOA    (after  QAOA): [[0.924 0.976]
 [0.5   0.5  ]]
  │  θ-only  refine: [[0 0]
 [0 0]]
  │  QAOA    refine: [[1 1]
 [0 0]]
  │  Agreement: 2/4 cells
  │  Boundary activation: ['top']
  └─
Transpiling circuit (backend=state_vector, opt_level=0)
  IIIIIIIZ: (9.436148890021504e-169+0j)
  IIIZIIII: 0j
  IIZIIIII: 0j
  IIIIIZII: (3.3425859494251097e-175+0j)

 

Information about the circuit: 
Number of qubits: 8
 Depth : 5

--- Null Hamiltonian detected (all coefficients zero). Skipping optimization — returning θ-init marginals. ---

--- Final Statevector (exact) ---
Marginals: [0.561802079209855, 0.7284576580979191, 0.6089136219921797, 0.7340053114235024, 0.5618020792098551, 0.728457658097919, 0.6089136219921799, 0.7340053114235024]

  ┌─ Depth 4 | Patch (0, 16, 48, 64) | eff_threshold=0.830
  │  θ-only  (before QAOA): [[0.562 0.728]
 [0.609 0.734]]
  │  QAOA    (after  QAOA): [[0.562 0.728]
 [0.609 0.734]]
  │  θ-only  refine: [[0 0]
 [0 0]]
  │  QAOA    refine: [[0 0]
 [0 0]]
  │  Agreement: 4/4 cells
  └─
Transpiling circuit (backend=state_vector, opt_level=0)
  IIIIIIIZ: (0.027293097953367082+0j)
  IIIZIIII: (0.027293097953367082+0j)
  IIIIIIIZ: (3.2540948906077655e-13+0j)
  IIIZIIII: 0j
  IIIIIIZI: (0.06036730176831423+0j)
  IIZIIIII: (0.06036730176831423+0j)
  IIZIIIII: 0j
  IIIIIZII: (0.022971882162845767+0j)
  IZIIIIII: (0.022971882162845767+0j)
  IIIIIZII: (-3.013923140207192e-13+0j)
  IIIIZIII: (0.05771768508569538+0j)
  ZIIIIIII: (0.05771768508569538+0j)

 

Information about the circuit: 
Number of qubits: 8
 Depth : 7

--- Starting Optimization Loop (method=COBYLA) ---
Iter 10: Cost = 0.10692598500214454
Optimization success: True
Optimal Params: [-0.00488891  0.          0.11833077  0.23765822]

--- Final Statevector (exact) ---
Marginals: [0.23108405755138034, 0.3884142522028646, 0.22387776416113994, 0.4006038355854419, 0.2228929716874378, 0.3789064771764964, 0.21577990648188736, 0.39104261577353133]

  ┌─ Depth 4 | Patch (16, 32, 32, 48) | eff_threshold=0.830
  │  θ-only  (before QAOA): [[0.227 0.384]
 [0.22  0.396]]
  │  QAOA    (after  QAOA): [[0.227 0.384]
 [0.22  0.396]]
  │  θ-only  refine: [[0 0]
 [0 0]]
  │  QAOA    refine: [[0 0]
 [0 0]]
  │  Agreement: 4/4 cells
  └─
Transpiling circuit (backend=state_vector, opt_level=0)
  IIIIIIIZ: (5.013655546105877e-181+0j)
  IIIZIIII: 0j
  IIZIIIII: 0j
  IIIIIZII: (6.748149405743309e-197+0j)

 

Information about the circuit: 
Number of qubits: 8
 Depth : 5

--- Null Hamiltonian detected (all coefficients zero). Skipping optimization — returning θ-init marginals. ---

--- Final Statevector (exact) ---
Marginals: [0.5942913647748445, 0.7339597404817683, 0.5872589680876943, 0.7508712593522836, 0.5942913647748445, 0.7339597404817685, 0.5872589680876945, 0.7508712593522835]

  ┌─ Depth 4 | Patch (16, 32, 48, 64) | eff_threshold=0.830
  │  θ-only  (before QAOA): [[0.594 0.734]
 [0.587 0.751]]
  │  QAOA    (after  QAOA): [[0.594 0.734]
 [0.587 0.751]]
  │  θ-only  refine: [[0 0]
 [0 0]]
  │  QAOA    refine: [[0 0]
 [0 0]]
  │  Agreement: 4/4 cells
  └─
Transpiling circuit (backend=state_vector, opt_level=0)
  IIIIIIIZ: (0.0006454259574759905+0j)
  IIIZIIII: (0.0006454259574759905+0j)
  IIIIIIIZ: (-8.203847754029169e-12+0j)
  IIIZIIII: 0j
  IIIIIIZI: (0.0034480406658284643+0j)
  IIZIIIII: (0.0034480406658284643+0j)
  IIZIIIII: 0j
  IIIIIZII: (0.00032715305136141003+0j)
  IZIIIIII: (0.00032715305136141003+0j)
  IIIIIZII: (-1.0908594760960324e-10+0j)
  IIIIZIII: (0.0032200644298379937+0j)
  ZIIIIIII: (0.0032200644298379937+0j)

 

Information about the circuit: 
Number of qubits: 8
 Depth : 7

--- Starting Optimization Loop (method=COBYLA) ---
Iter 10: Cost = -0.004575001110551317
Iter 20: Cost = -0.006801768670212371
Optimization success: True
Optimal Params: [-0.39269908 -0.39269908  0.36502756  0.1313597 ]

--- Final Statevector (exact) ---
Marginals: [0.908490959335937, 0.9897981592256646, 0.9026996516134287, 0.989772933324421, 0.09154601272791264, 0.010298820199279439, 0.8946511713868056, 0.989086448740503]

  ┌─ Depth 4 | Patch (32, 48, 32, 48) | eff_threshold=0.830
  │  θ-only  (before QAOA): [[0.212 0.4  ]
 [0.204 0.399]]
  │  QAOA    (after  QAOA): [[0.5   0.5  ]
 [0.899 0.989]]
  │  θ-only  refine: [[0 0]
 [0 0]]
  │  QAOA    refine: [[0 0]
 [1 1]]
  │  Agreement: 2/4 cells
  │  Boundary activation: ['bottom']
  └─
Transpiling circuit (backend=state_vector, opt_level=0)
  IIIIIIIZ: (2.738885899921228e-213+0j)
  IIIZIIII: 0j
  IIZIIIII: 0j
  IIIIIZII: (1.0182764861381942e-220+0j)

 

Information about the circuit: 
Number of qubits: 8
 Depth : 5

--- Null Hamiltonian detected (all coefficients zero). Skipping optimization — returning θ-init marginals. ---

--- Final Statevector (exact) ---
Marginals: [0.6183004481646095, 0.8014235294545109, 0.6426380745079033, 0.8310900099316183, 0.6183004481646095, 0.801423529454511, 0.6426380745079034, 0.8310900099316183]

  ┌─ Depth 4 | Patch (32, 48, 48, 64) | eff_threshold=0.830
  │  θ-only  (before QAOA): [[0.618 0.801]
 [0.643 0.831]]
  │  QAOA    (after  QAOA): [[0.618 0.801]
 [0.643 0.831]]
  │  θ-only  refine: [[0 0]
 [0 1]]
  │  QAOA    refine: [[0 0]
 [0 1]]
  │  Agreement: 4/4 cells
  └─
Transpiling circuit (backend=state_vector, opt_level=0)
  IIIIIIIZ: (-2.4087701839931356e-06+0j)
  IIIZIIII: (-2.4087701839931356e-06+0j)
  IIIIIIIZ: (-2.6019288157115496e-09+0j)
  IIIZIIII: 0j
  IIIIIIZI: (1.4102175343925726e-05+0j)
  IIZIIIII: (1.4102175343925726e-05+0j)
  IIZIIIII: 0j
  IIIIIZII: (-3.3158574681393667e-06+0j)
  IZIIIIII: (-3.3158574681393667e-06+0j)
  IZIIIIII: (0.002088431895292244+0j)
  IIIIIZII: (-1.9118892830589532e-08+0j)
  IIIIZIII: (1.3307080845874288e-05+0j)
  ZIIIIIII: (1.3307080845874288e-05+0j)

 

Information about the circuit: 
Number of qubits: 8
 Depth : 7

--- Starting Optimization Loop (method=COBYLA) ---
Iter 10: Cost = -0.0016152210819714373
Iter 20: Cost = -0.0016636957273708692
Iter 30: Cost = -0.001688217772788519
Optimization success: True
Optimal Params: [-0.39269908 -0.39269908  0.91272368 -0.73315453]

--- Final Statevector (exact) ---
Marginals: [0.8975977922822833, 0.9887052021347931, 0.8939450032867977, 0.9862636358373253, 0.8948173948835445, 0.9884942112889358, 0.8939437788566243, 0.9862636358426852]

  ┌─ Depth 4 | Patch (48, 64, 32, 48) | eff_threshold=0.830
  │  θ-only  (before QAOA): [[0.197 0.394]
 [0.192 0.384]]
  │  QAOA    (after  QAOA): [[0.896 0.989]
 [0.894 0.986]]
  │  θ-only  refine: [[0 0]
 [0 0]]
  │  QAOA    refine: [[1 1]
 [1 1]]
  │  Agreement: 0/4 cells
  └─
Transpiling circuit (backend=state_vector, opt_level=0)
  IIIIIIIZ: (2.592671979664448e-223+0j)
  IIIZIIII: 0j
  IIZIIIII: 0j
  IIIIIZII: (5.464616843575351e-222+0j)

 

Information about the circuit: 
Number of qubits: 8
 Depth : 5

--- Null Hamiltonian detected (all coefficients zero). Skipping optimization — returning θ-init marginals. ---

--- Final Statevector (exact) ---
Marginals: [0.6511488259956428, 0.7930881522940727, 0.6509457790334412, 0.7465718692464433, 0.651148825995643, 0.7930881522940726, 0.650945779033441, 0.7465718692464431]

  ┌─ Depth 4 | Patch (48, 64, 48, 64) | eff_threshold=0.830
  │  θ-only  (before QAOA): [[0.651 0.793]
 [0.651 0.747]]
  │  QAOA    (after  QAOA): [[0.651 0.793]
 [0.651 0.747]]
  │  θ-only  refine: [[0 0]
 [0 0]]
  │  QAOA    refine: [[0 0]
 [0 0]]
  │  Agreement: 4/4 cells
  └─
Transpiling circuit (backend=state_vector, opt_level=0)
  IIIIIIIZ: (3.4438632287496455e-149+0j)
  IIIZIIII: 0j
  IIZIIIII: 0j
  IIIIIZII: (3.1080609060469187e-171+0j)

 

Information about the circuit: 
Number of qubits: 8
 Depth : 5

--- Null Hamiltonian detected (all coefficients zero). Skipping optimization — returning θ-init marginals. ---

--- Final Statevector (exact) ---
Marginals: [0.7273122011390659, 0.5267578962325701, 0.7409302713090979, 0.5709529629777765, 0.7273122011390657, 0.5267578962325702, 0.740930271309098, 0.5709529629777764]

  ┌─ Depth 4 | Patch (0, 16, 64, 80) | eff_threshold=0.830
  │  θ-only  (before QAOA): [[0.727 0.527]
 [0.741 0.571]]
  │  QAOA    (after  QAOA): [[0.727 0.527]
 [0.741 0.571]]
  │  θ-only  refine: [[0 0]
 [0 0]]
  │  QAOA    refine: [[0 0]
 [0 0]]
  │  Agreement: 4/4 cells
  └─
Transpiling circuit (backend=state_vector, opt_level=0)
  IIIIIIIZ: (1.0218839516551841e-05+0j)
  IIIZIIII: (1.0218839516551841e-05+0j)
  IIIIIIIZ: (2.8430142037910734e-06+0j)
  IIIZIIII: 0j
  IIIIIIZI: (6.051489241957079e-06+0j)
  IIZIIIII: (6.051489241957079e-06+0j)
  IIIIIIZI: (-0.11449611002840465+0j)
  IIZIIIII: 0j
  IIIIIZII: (1.096722638518208e-05+0j)
  IZIIIIII: (1.096722638518208e-05+0j)
  IIIIIZII: (1.800034779413073e-06+0j)
  IIIIZIII: (6.2097703524106e-06+0j)
  ZIIIIIII: (6.2097703524106e-06+0j)
  IIIIZIII: (-0.3975029464534692+0j)

 

Information about the circuit: 
Number of qubits: 8
 Depth : 7

--- Starting Optimization Loop (method=COBYLA) ---
Iter 10: Cost = -0.45285283564866974
Iter 20: Cost = -0.4631690106114699
Optimization success: True
Optimal Params: [-0.29714143 -0.16973841  0.53372568  0.72184268]

--- Final Statevector (exact) ---
Marginals: [0.019080968072335287, 0.005829657760942907, 0.024018866004408324, 0.06509771415077097, 0.6634384690850823, 0.6345382012263141, 0.7855880057925501, 0.6404877487654621]

  ┌─ Depth 4 | Patch (0, 16, 80, 96) | eff_threshold=0.830
  │  θ-only  (before QAOA): [[0.324 0.202]
 [0.34  0.198]]
  │  QAOA    (after  QAOA): [[0.341 0.32 ]
 [0.405 0.353]]
  │  θ-only  refine: [[0 0]
 [0 0]]
  │  QAOA    refine: [[0 0]
 [0 0]]
  │  Agreement: 4/4 cells
  └─
Transpiling circuit (backend=state_vector, opt_level=0)
  IIIIIIIZ: (7.893376588425533e-200+0j)
  IIIZIIII: 0j
  IIZIIIII: 0j
  IIIIIZII: (3.9434637802388475e-215+0j)

 

Information about the circuit: 
Number of qubits: 8
 Depth : 5

--- Null Hamiltonian detected (all coefficients zero). Skipping optimization — returning θ-init marginals. ---

--- Final Statevector (exact) ---
Marginals: [0.7479106218113082, 0.6116156762275349, 0.7483872977564883, 0.6428389754705041, 0.7479106218113082, 0.6116156762275345, 0.7483872977564885, 0.6428389754705041]

  ┌─ Depth 4 | Patch (16, 32, 64, 80) | eff_threshold=0.830
  │  θ-only  (before QAOA): [[0.748 0.612]
 [0.748 0.643]]
  │  QAOA    (after  QAOA): [[0.748 0.612]
 [0.748 0.643]]
  │  θ-only  refine: [[0 0]
 [0 0]]
  │  QAOA    refine: [[0 0]
 [0 0]]
  │  Agreement: 4/4 cells
  └─
Transpiling circuit (backend=state_vector, opt_level=0)
  IIIIIIIZ: (6.69061097384546e-07+0j)
  IIIZIIII: 0j
  IIIIIIZI: (-0.6617547108929778+0j)
  IIZIIIII: 0j
  IIIIIZII: (2.5978767036164335e-07+0j)
  IIIIZIII: (-0.7946127326265978+0j)
  ZIIIIIII: (0.00042410860709394665+0j)

 

Information about the circuit: 
Number of qubits: 8
 Depth : 5

--- Starting Optimization Loop (method=COBYLA) ---
Iter 10: Cost = -1.2895413962022653
Iter 20: Cost = -1.4281467495377127
Iter 30: Cost = -1.4549939911642278
Iter 40: Cost = -1.4549882229987467
Optimization success: False
Optimal Params: [-0.39269908  0.16350609  0.29138913  1.06917263]

--- Final Statevector (exact) ---
Marginals: [0.15904780347761796, 0.004692287561677726, 0.17242314509352166, 0.0005340465002340919, 0.5828209476724857, 0.40071509343691497, 0.6005035565152792, 0.4008136352450497]

  ┌─ Depth 4 | Patch (16, 32, 80, 96) | eff_threshold=0.830
  │  θ-only  (before QAOA): [[0.356 0.194]
 [0.373 0.194]]
  │  QAOA    (after  QAOA): [[0.371 0.203]
 [0.386 0.201]]
  │  θ-only  refine: [[0 0]
 [0 0]]
  │  QAOA    refine: [[0 0]
 [0 0]]
  │  Agreement: 4/4 cells
  └─
Transpiling circuit (backend=state_vector, opt_level=0)
  IIIIIIIZ: (1.2135550610978644e-225+0j)
  IIIZIIII: 0j
  IIZIIIII: 0j
  IIIIIZII: (5.520701910422742e-228+0j)

 

Information about the circuit: 
Number of qubits: 8
 Depth : 5

--- Null Hamiltonian detected (all coefficients zero). Skipping optimization — returning θ-init marginals. ---

--- Final Statevector (exact) ---
Marginals: [0.7451885605273473, 0.6594780620773485, 0.7773073619149392, 0.661185659184353, 0.7451885605273473, 0.6594780620773485, 0.7773073619149393, 0.661185659184353]

  ┌─ Depth 4 | Patch (32, 48, 64, 80) | eff_threshold=0.830
  │  θ-only  (before QAOA): [[0.745 0.659]
 [0.777 0.661]]
  │  QAOA    (after  QAOA): [[0.745 0.659]
 [0.777 0.661]]
  │  θ-only  refine: [[0 0]
 [0 0]]
  │  QAOA    refine: [[0 0]
 [0 0]]
  │  Agreement: 4/4 cells
  └─
Transpiling circuit (backend=state_vector, opt_level=0)
  IIIIIIIZ: (0.000531465329109091+0j)
  IIIZIIII: (0.000531465329109091+0j)
  IIIIIIIZ: (3.6508557336905615e-08+0j)
  IIIZIIII: 0j
  IIIIIIZI: (0.0002855176992751153+0j)
  IIZIIIII: (0.0002855176992751153+0j)
  IIIIIIZI: (-0.8960096271944543+0j)
  IIZIIIII: 0j
  IIIIIZII: (0.0005501653322095266+0j)
  IZIIIIII: (0.0005501653322095266+0j)
  IIIIIZII: (5.082529280862035e-09+0j)
  IIIIZIII: (0.0002944482607690496+0j)
  ZIIIIIII: (0.0002944482607690496+0j)
  IIIIZIII: (-0.9332733289523373+0j)
  ZIIIIIII: (0.000465520842301054+0j)

 

Information about the circuit: 
Number of qubits: 8
 Depth : 7

--- Starting Optimization Loop (method=COBYLA) ---
Iter 10: Cost = -1.507767782091375
Iter 20: Cost = -1.77780004258834
Iter 30: Cost = -1.7962163181383446
Optimization success: True
Optimal Params: [-0.39269908  0.18227874  0.23897932  0.63995813]

--- Final Statevector (exact) ---
Marginals: [0.20046375547510686, 0.012923725732947772, 0.21191593192729205, 0.011799980826876524, 0.5990109150245045, 0.38450515329414053, 0.612843891857847, 0.3893794141722717]

  ┌─ Depth 4 | Patch (32, 48, 80, 96) | eff_threshold=0.830
  │  θ-only  (before QAOA): [[0.39  0.196]
 [0.404 0.2  ]]
  │  QAOA    (after  QAOA): [[0.4   0.199]
 [0.412 0.201]]
  │  θ-only  refine: [[0 0]
 [0 0]]
  │  QAOA    refine: [[0 0]
 [0 0]]
  │  Agreement: 4/4 cells
  │  Boundary activation: ['left']
  └─
Transpiling circuit (backend=state_vector, opt_level=0)
  IIIIIIIZ: (8.016286481051094e-231+0j)
  IIIZIIII: 0j
  IIZIIIII: 0j
  IIIIIZII: (1.8055893284172888e-224+0j)

 

Information about the circuit: 
Number of qubits: 8
 Depth : 5

--- Null Hamiltonian detected (all coefficients zero). Skipping optimization — returning θ-init marginals. ---

--- Final Statevector (exact) ---
Marginals: [0.8368061634709619, 0.6567611480475191, 0.8135449640242928, 0.6361392687492734, 0.8368061634709618, 0.6567611480475191, 0.813544964024293, 0.6361392687492736]

  ┌─ Depth 4 | Patch (48, 64, 64, 80) | eff_threshold=0.830
  │  θ-only  (before QAOA): [[0.837 0.657]
 [0.814 0.636]]
  │  QAOA    (after  QAOA): [[0.837 0.657]
 [0.814 0.636]]
  │  θ-only  refine: [[1 0]
 [0 0]]
  │  QAOA    refine: [[1 0]
 [0 0]]
  │  Agreement: 4/4 cells
  └─
Transpiling circuit (backend=state_vector, opt_level=0)
  IIIIIIIZ: (0.0039772308718867165+0j)
  IIIZIIII: (0.0039772308718867165+0j)
  IIIIIIIZ: (1.8062730474721758e-10+0j)
  IIIZIIII: 0j
  IIIIIIZI: (0.0021600469217222897+0j)
  IIZIIIII: (0.0021600469217222897+0j)
  IIIIIIZI: (-0.7665906617140703+0j)
  IIZIIIII: 0j
  IIIIIZII: (0.004026362333298942+0j)
  IZIIIIII: (0.004026362333298942+0j)
  IIIIIZII: (1.9445625202524975e-11+0j)
  IIIIZIII: (0.0022159952051101495+0j)
  ZIIIIIII: (0.0022159952051101495+0j)
  IIIIZIII: (-0.47432593178259835+0j)
  ZIIIIIII: (1.3355353001945876e-05+0j)

 

Information about the circuit: 
Number of qubits: 8
 Depth : 7

--- Starting Optimization Loop (method=COBYLA) ---
Iter 10: Cost = -0.9490150966959058
Iter 20: Cost = -1.164923876985319
Iter 30: Cost = -1.2142326283073877
Optimization success: True
Optimal Params: [-0.3907906  -0.0718259   0.03839998  0.69366791]

--- Final Statevector (exact) ---
Marginals: [0.05399377902033954, 0.00940589950542297, 0.0545048058212223, 0.004380034064756335, 0.8403368344067521, 0.6460923092261774, 0.8411623091844875, 0.6548650362004027]

  ┌─ Depth 4 | Patch (48, 64, 80, 96) | eff_threshold=0.830
  │  θ-only  (before QAOA): [[0.412 0.206]
 [0.413 0.213]]
  │  QAOA    (after  QAOA): [[0.447 0.328]
 [0.448 0.33 ]]
  │  θ-only  refine: [[0 0]
 [0 0]]
  │  QAOA    refine: [[0 0]
 [0 0]]
  │  Agreement: 4/4 cells
  └─
Transpiling circuit (backend=state_vector, opt_level=0)
  IIIIIIIZ: (-1.2299438460227392e-07+0j)
  IIIZIIII: 0j
  IIZIIIII: 0j
  IZIIIIII: (0.003912596110445312+0j)
  IIIIIZII: (-2.3667523789481816e-07+0j)

 

Information about the circuit: 
Number of qubits: 8
 Depth : 5

--- Starting Optimization Loop (method=COBYLA) ---
Iter 10: Cost = -0.0030487901383861754
Iter 20: Cost = -0.0030869966825431685
Iter 30: Cost = -0.0031481350843138296
Optimization success: True
Optimal Params: [-0.39269908 -0.39269908  1.10696428  1.42155073]

--- Final Statevector (exact) ---
Marginals: [0.8921719224298825, 0.9827140521373917, 0.8922500960031321, 0.02159211373303006, 0.8921719228287494, 0.9827140521566742, 0.8921869403446487, 0.9784078864289668]

  ┌─ Depth 4 | Patch (64, 80, 32, 48) | eff_threshold=0.830
  │  θ-only  (before QAOA): [[0.19  0.37 ]
 [0.19  0.355]]
  │  QAOA    (after  QAOA): [[0.892 0.983]
 [0.892 0.5  ]]
  │  θ-only  refine: [[0 0]
 [0 0]]
  │  QAOA    refine: [[1 1]
 [1 0]]
  │  Agreement: 1/4 cells
  │  Boundary activation: ['top']
  └─
Transpiling circuit (backend=state_vector, opt_level=0)
  IIIIIIIZ: (1.181030909620332e-215+0j)
  IIIZIIII: 0j
  IIZIIIII: 0j
  IIIIIZII: (4.464109446629442e-203+0j)

 

Information about the circuit: 
Number of qubits: 8
 Depth : 5

--- Null Hamiltonian detected (all coefficients zero). Skipping optimization — returning θ-init marginals. ---

--- Final Statevector (exact) ---
Marginals: [0.6395395154518024, 0.7542517826970311, 0.6131143080802083, 0.7548402646083648, 0.6395395154518025, 0.7542517826970313, 0.6131143080802083, 0.7548402646083648]

  ┌─ Depth 4 | Patch (64, 80, 48, 64) | eff_threshold=0.830
  │  θ-only  (before QAOA): [[0.64  0.754]
 [0.613 0.755]]
  │  QAOA    (after  QAOA): [[0.64  0.754]
 [0.613 0.755]]
  │  θ-only  refine: [[0 0]
 [0 0]]
  │  QAOA    refine: [[0 0]
 [0 0]]
  │  Agreement: 4/4 cells
  └─
Transpiling circuit (backend=state_vector, opt_level=0)
  IIIIIIIZ: (-3.137046856262039e-07+0j)
  IIIZIIII: 0j
  IIIIIIZI: (2.160699627163104e-06+0j)
  IIZIIIII: (2.160699627163104e-06+0j)
  IIZIIIII: 0j
  IZIIIIII: (0.0012634052820991108+0j)
  IIIIIZII: (-2.2030656987575556e-07+0j)
  IIIIZIII: (2.2713616964732063e-06+0j)
  ZIIIIIII: (2.2713616964732063e-06+0j)

 

Information about the circuit: 
Number of qubits: 8
 Depth : 7

--- Starting Optimization Loop (method=COBYLA) ---
Iter 10: Cost = -0.0010186919034502536
Iter 20: Cost = -0.0010062075680902865
Optimization success: True
Optimal Params: [-0.39269908 -0.39269908 -0.44019781  0.55293001]

--- Final Statevector (exact) ---
Marginals: [0.8952493794055065, 0.02624237382004722, 0.8990660723454343, 0.03084111777887823, 0.8952493926464468, 0.9737576261868136, 0.8990663120131138, 0.9691588822205751]

  ┌─ Depth 4 | Patch (80, 96, 32, 48) | eff_threshold=0.830
  │  θ-only  (before QAOA): [[0.194 0.34 ]
 [0.199 0.327]]
  │  QAOA    (after  QAOA): [[0.895 0.5  ]
 [0.899 0.5  ]]
  │  θ-only  refine: [[0 0]
 [0 0]]
  │  QAOA    refine: [[1 0]
 [1 0]]
  │  Agreement: 2/4 cells
  │  Boundary activation: ['left']
  └─
Transpiling circuit (backend=state_vector, opt_level=0)
  IIIIIIIZ: (5.225232546746203e-177+0j)
  IIIZIIII: 0j
  IIZIIIII: 0j
  IIIIIZII: (2.443419485242072e-155+0j)

 

Information about the circuit: 
Number of qubits: 8
 Depth : 5

--- Null Hamiltonian detected (all coefficients zero). Skipping optimization — returning θ-init marginals. ---

--- Final Statevector (exact) ---
Marginals: [0.5763343560331867, 0.7511755525275758, 0.5346324577937946, 0.737768136725868, 0.5763343560331867, 0.751175552527576, 0.5346324577937945, 0.7377681367258678]

  ┌─ Depth 4 | Patch (80, 96, 48, 64) | eff_threshold=0.830
  │  θ-only  (before QAOA): [[0.576 0.751]
 [0.535 0.738]]
  │  QAOA    (after  QAOA): [[0.576 0.751]
 [0.535 0.738]]
  │  θ-only  refine: [[0 0]
 [0 0]]
  │  QAOA    refine: [[0 0]
 [0 0]]
  │  Agreement: 4/4 cells
  └─
Transpiling circuit (backend=state_vector, opt_level=0)
  IIIIIIIZ: (1.134794461134555e-05+0j)
  IIIZIIII: (1.134794461134555e-05+0j)
  IIIIIIZZ: (-1.0358412424906896e-06+0j)
  IIIIIIIZ: (-9.436288175958635e-08+0j)
  IIIZIIII: 0j
  IIIIIIZI: (3.290613920963393e-05+0j)
  IIZIIIII: (3.290613920963393e-05+0j)
  IIZIIIII: 0j
  IIIIIZII: (1.4106522060212782e-05+0j)
  IZIIIIII: (1.4106522060212782e-05+0j)
  IIIIZZII: (-1.1182457954312627e-06+0j)
  IZIIIIII: (0.00019691328851475547+0j)
  IIIIIZII: (1.1617077431071109e-07+0j)
  IIIIZIII: (3.438096999426174e-05+0j)
  ZIIIIIII: (3.438096999426174e-05+0j)

 

Information about the circuit: 
Number of qubits: 8
 Depth : 9

--- Starting Optimization Loop (method=COBYLA) ---
Iter 10: Cost = -8.394365725015509e-05
Iter 20: Cost = -0.00020029515305761014
Optimization success: True
Optimal Params: [-0.39269908 -0.39269908  0.49984999  1.3176256 ]

--- Final Statevector (exact) ---
Marginals: [0.9026603263441585, 0.03859658036064917, 0.905123709244704, 0.04505619247189516, 0.9026608142133691, 0.9614034188989847, 0.9051659674347292, 0.9549438066593813]

  ┌─ Depth 4 | Patch (96, 112, 32, 48) | eff_threshold=0.830
  │  θ-only  (before QAOA): [[0.204 0.307]
 [0.207 0.293]]
  │  QAOA    (after  QAOA): [[0.903 0.5  ]
 [0.905 0.5  ]]
  │  θ-only  refine: [[0 0]
 [0 0]]
  │  QAOA    refine: [[1 0]
 [1 0]]
  │  Agreement: 2/4 cells
  │  Boundary activation: ['left']
  └─
Transpiling circuit (backend=state_vector, opt_level=0)
  IIIIIIIZ: (6.522338116128905e-126+0j)
  IIIZIIII: 0j
  IIZIIIII: 0j
  IIIIIZII: (9.069987327229746e-108+0j)

 

Information about the circuit: 
Number of qubits: 8
 Depth : 5

--- Null Hamiltonian detected (all coefficients zero). Skipping optimization — returning θ-init marginals. ---

--- Final Statevector (exact) ---
Marginals: [0.49378399038726456, 0.7114398797949194, 0.46021825413022543, 0.6777295121227672, 0.4937839903872645, 0.7114398797949195, 0.4602182541302254, 0.6777295121227673]

  ┌─ Depth 4 | Patch (96, 112, 48, 64) | eff_threshold=0.830
  │  θ-only  (before QAOA): [[0.494 0.711]
 [0.46  0.678]]
  │  QAOA    (after  QAOA): [[0.494 0.711]
 [0.46  0.678]]
  │  θ-only  refine: [[0 0]
 [0 0]]
  │  QAOA    refine: [[0 0]
 [0 0]]
  │  Agreement: 4/4 cells
  │  Boundary activation: ['right']
  └─
Transpiling circuit (backend=state_vector, opt_level=0)
  IIIIIIIZ: (8.304455161806023e-05+0j)
  IIIZIIII: (8.304455161806023e-05+0j)
  IIIIIIZZ: (-4.265106451443608e-06+0j)
  IIIIIIIZ: (1.0091372508001266e-06+0j)
  IIIZIIII: 0j
  IIIIIIZI: (0.00015312923379048093+0j)
  IIZIIIII: (0.00015312923379048093+0j)
  IIZIIIII: 0j
  IIIIIZII: (8.726459332045866e-05+0j)
  IZIIIIII: (8.726459332045866e-05+0j)
  IIIIZZII: (-5.457010970736051e-06+0j)
  IZIIIIII: (0.00016389061558432156+0j)
  IIIIIZII: (1.5801463431872227e-06+0j)
  IIIIZIII: (0.00015382755827442104+0j)
  ZIIIIIII: (0.00015382755827442104+0j)

 

Information about the circuit: 
Number of qubits: 8
 Depth : 9

--- Starting Optimization Loop (method=COBYLA) ---
Iter 10: Cost = -0.0003899993373146322
Iter 20: Cost = -0.00041309010888953494
Optimization success: True
Optimal Params: [-0.39269908 -0.39269908  1.34624382 -0.21522784]

--- Final Statevector (exact) ---
Marginals: [0.9059540755630369, 0.049715259067151685, 0.8911402867485366, 0.05210733328451468, 0.9060125145999135, 0.9502847393455617, 0.9059838678479913, 0.9478926648173506]

  ┌─ Depth 4 | Patch (112, 128, 32, 48) | eff_threshold=0.830
  │  θ-only  (before QAOA): [[0.208 0.283]
 [0.208 0.278]]
  │  QAOA    (after  QAOA): [[0.906 0.5  ]
 [0.899 0.5  ]]
  │  θ-only  refine: [[0 0]
 [0 0]]
  │  QAOA    refine: [[1 0]
 [1 0]]
  │  Agreement: 2/4 cells
  │  Boundary activation: ['left']
  └─
Transpiling circuit (backend=state_vector, opt_level=0)
  IIIIIIIZ: (1.3224369924867405e-91+0j)
  IIIZIIII: 0j
  IIZIIIII: 0j
  IIIIIZII: (4.467408915464385e-85+0j)

 

Information about the circuit: 
Number of qubits: 8
 Depth : 5

--- Null Hamiltonian detected (all coefficients zero). Skipping optimization — returning θ-init marginals. ---

--- Final Statevector (exact) ---
Marginals: [0.4438158980572087, 0.6442654979533718, 0.43406816904204915, 0.6189712347593287, 0.4438158980572088, 0.6442654979533718, 0.4340681690420491, 0.6189712347593287]

  ┌─ Depth 4 | Patch (112, 128, 48, 64) | eff_threshold=0.830
  │  θ-only  (before QAOA): [[0.444 0.644]
 [0.434 0.619]]
  │  QAOA    (after  QAOA): [[0.444 0.644]
 [0.434 0.619]]
  │  θ-only  refine: [[0 0]
 [0 0]]
  │  QAOA    refine: [[0 0]
 [0 0]]
  │  Agreement: 4/4 cells
  └─
Transpiling circuit (backend=state_vector, opt_level=0)
  IIIIIIIZ: (2.5061153208411944e-212+0j)
  IIIZIIII: 0j
  IIZIIIII: 0j
  IIIIIZII: (1.5481279031917878e-194+0j)

 

Information about the circuit: 
Number of qubits: 8
 Depth : 5

--- Null Hamiltonian detected (all coefficients zero). Skipping optimization — returning θ-init marginals. ---

--- Final Statevector (exact) ---
Marginals: [0.7702402986742355, 0.6064242516150528, 0.7453608336110223, 0.6105672516307905, 0.7702402986742355, 0.6064242516150526, 0.7453608336110222, 0.6105672516307904]

  ┌─ Depth 4 | Patch (64, 80, 64, 80) | eff_threshold=0.830
  │  θ-only  (before QAOA): [[0.77  0.606]
 [0.745 0.611]]
  │  QAOA    (after  QAOA): [[0.77  0.606]
 [0.745 0.611]]
  │  θ-only  refine: [[0 0]
 [0 0]]
  │  QAOA    refine: [[0 0]
 [0 0]]
  │  Agreement: 4/4 cells
  └─
Transpiling circuit (backend=state_vector, opt_level=0)
  IIIIIIIZ: (0.5483499232693448+0j)
  IIIZIIII: (0.5483499232693448+0j)
  IIIIIIIZ: (2.2958189103519363e-12+0j)
  IIIZIIII: 0j
  IIIIIIZI: (0.3173739522071856+0j)
  IIZIIIII: (0.3173739522071856+0j)
  IIIIIIZI: (-0.13501972054955064+0j)
  IIZIIIII: 0j
  IIIIIZII: (0.5391519707241631+0j)
  IZIIIIII: (0.5391519707241631+0j)
  IIIIIZII: (1.0847892577743838e-12+0j)
  IIIIZIII: (0.31820122362879066+0j)
  ZIIIIIII: (0.31820122362879066+0j)
  IIIIZIII: (0.016281204463964298+0j)

 

Information about the circuit: 
Number of qubits: 8
 Depth : 7

--- Starting Optimization Loop (method=COBYLA) ---
Iter 10: Cost = 0.8596929090807063
Iter 20: Cost = -0.7125018838334999
Iter 30: Cost = -0.5182775512155968
Optimization success: True
Optimal Params: [-0.38021196 -0.39269908  0.69054099 -0.02597977]

--- Final Statevector (exact) ---
Marginals: [0.13355997865189748, 0.09075680992140349, 0.13083749114083484, 0.7974334488084346, 0.8619776122446173, 0.870731488220095, 0.864133398024234, 0.8747856341296824]

  ┌─ Depth 4 | Patch (64, 80, 80, 96) | eff_threshold=0.830
  │  θ-only  (before QAOA): [[0.411 0.221]
 [0.4   0.228]]
  │  QAOA    (after  QAOA): [[0.498 0.481]
 [0.497 0.836]]
  │  θ-only  refine: [[0 0]
 [0 0]]
  │  QAOA    refine: [[0 0]
 [0 1]]
  │  Agreement: 3/4 cells
  └─
Transpiling circuit (backend=state_vector, opt_level=0)
  IIIIIIIZ: (5.553643486581582e-189+0j)
  IIIZIIII: 0j
  IIZIIIII: 0j
  IIIIIZII: (6.687508749774026e-179+0j)

 

Information about the circuit: 
Number of qubits: 8
 Depth : 5

--- Null Hamiltonian detected (all coefficients zero). Skipping optimization — returning θ-init marginals. ---

--- Final Statevector (exact) ---
Marginals: [0.7455445877205921, 0.63319366267001, 0.7399921902974902, 0.5810132911848136, 0.745544587720592, 0.6331936626700099, 0.7399921902974905, 0.5810132911848139]

  ┌─ Depth 4 | Patch (80, 96, 64, 80) | eff_threshold=0.830
  │  θ-only  (before QAOA): [[0.746 0.633]
 [0.74  0.581]]
  │  QAOA    (after  QAOA): [[0.746 0.633]
 [0.74  0.581]]
  │  θ-only  refine: [[0 0]
 [0 0]]
  │  QAOA    refine: [[0 0]
 [0 0]]
  │  Agreement: 4/4 cells
  └─
Transpiling circuit (backend=state_vector, opt_level=0)
  IIIIIIIZ: (0.20206513652318378+0j)
  IIIZIIII: (0.20206513652318378+0j)
  IIIIIIIZ: (1.3799838825719353e-11+0j)
  IIIZIIII: 0j
  IIIIIIZI: (0.13020204939909943+0j)
  IIZIIIII: (0.13020204939909943+0j)
  IIIIIIZI: (0.10722305515168745+0j)
  IIZIIIII: 0j
  IIIIIZII: (0.1915795540675904+0j)
  IZIIIIII: (0.1915795540675904+0j)
  IIIIIZII: (5.7751975911520313e-11+0j)
  IIIIZIII: (0.12728677651868067+0j)
  ZIIIIIII: (0.12728677651868067+0j)
  IIIIZIII: (0.06376612427340035+0j)

 

Information about the circuit: 
Number of qubits: 8
 Depth : 7

--- Starting Optimization Loop (method=COBYLA) ---
Iter 10: Cost = -0.6606636964344961
Iter 20: Cost = -0.6928012653808401
Optimization success: True
Optimal Params: [-0.39269908 -0.39269908 -0.02898878  0.47767335]

--- Final Statevector (exact) ---
Marginals: [0.017280139260484956, 0.8331567164568106, 0.9743355742596786, 0.9191336415058722, 0.980489975392121, 0.9202528056799404, 0.974323282336927, 0.11787136973904547]

  ┌─ Depth 4 | Patch (80, 96, 80, 96) | eff_threshold=0.830
  │  θ-only  (before QAOA): [[0.38  0.233]
 [0.356 0.235]]
  │  QAOA    (after  QAOA): [[0.499 0.877]
 [0.974 0.519]]
  │  θ-only  refine: [[0 0]
 [0 0]]
  │  QAOA    refine: [[0 1]
 [1 0]]
  │  Agreement: 2/4 cells
  └─
Transpiling circuit (backend=state_vector, opt_level=0)
  IIIIIIIZ: (-0.001200937159241043+0j)
  IIIZIIII: (-0.001200937159241043+0j)
  IIIIIIIZ: (-0+0j)
  IIIZIIII: (-0+0j)
  IIIIIIZI: (-0.002500341838688625+0j)
  IIZIIIII: (-0.002500341838688625+0j)
  IIIIIIZI: (-0.00025450785887100644+0j)
  IIZIIIII: (-0+0j)
  IIIIIZII: (-0.0007218565616401939+0j)
  IZIIIIII: (-0.0007218565616401939+0j)
  IZIIIIII: (0.0002442366463083933+0j)
  IIIIIZII: 0j
  IIIIZIII: (-0.002005446178518124+0j)
  ZIIIIIII: (-0.002005446178518124+0j)
  IIIIZIII: (-0.0016729418248485881+0j)
  ZIIIIIII: (-0.00010171375740444697+0j)

 

Information about the circuit: 
Number of qubits: 8
 Depth : 7

--- Starting Optimization Loop (method=COBYLA) ---
Iter 10: Cost = -0.01351623666113383
Optimization success: True
Optimal Params: [0.12967959 0.19345891 0.27731274 0.6756408 ]

--- Final Statevector (exact) ---
Marginals: [0.42015947450969526, 5.043287983009089e-05, 0.024896541018646474, 0.0007091066900904703, 0.0034749451256848546, 5.018632452340789e-05, 0.006100026019834718, 0.0007073381658874012]

  ┌─ Depth 4 | Patch (64, 80, 96, 112) | eff_threshold=0.830
  │  θ-only  (before QAOA): [[0.139 0.105]
 [0.153 0.117]]
  │  QAOA    (after  QAOA): [[0.212 0.   ]
 [0.015 0.001]]
  │  θ-only  refine: [[0 0]
 [0 0]]
  │  QAOA    refine: [[0 0]
 [0 0]]
  │  Agreement: 4/4 cells
  └─
Transpiling circuit (backend=state_vector, opt_level=0)
  IIIIIIIZ: (-0.11642111113577978+0j)
  IIIZIIII: (-0.11642111113577978+0j)
  IIIIIIIZ: (-0+0j)
  IIIZIIII: (-0+0j)
  IIIIIIZI: (-0.13994829492208516+0j)
  IIZIIIII: (-0.13994829492208516+0j)
  IIZIIIII: (-0+0j)
  IIIIIZII: (-0.10955091617433643+0j)
  IZIIIIII: (-0.10955091617433643+0j)
  IZIIIIII: (-0.0014433371894928134+0j)
  IIIIIZII: (-0+0j)
  IIIIZIII: (-0.13493861783392347+0j)
  ZIIIIIII: (-0.13493861783392347+0j)

 

Information about the circuit: 
Number of qubits: 8
 Depth : 7

--- Starting Optimization Loop (method=COBYLA) ---
Iter 10: Cost = -0.9986816480473207
Optimization success: True
Optimal Params: [0.06361429 0.17909936 0.11425834 0.16888659]

--- Final Statevector (exact) ---
Marginals: [0.0011784143752869148, 0.0025489787100228412, 0.0024373991528549507, 0.0016365640064303932, 0.0011783990744834852, 0.0025489780588181664, 0.002442201076419681, 0.001636561878512114]

  ┌─ Depth 4 | Patch (64, 80, 112, 128) | eff_threshold=0.830
  │  θ-only  (before QAOA): [[0.073 0.037]
 [0.082 0.041]]
  │  QAOA    (after  QAOA): [[0.001 0.003]
 [0.002 0.002]]
  │  θ-only  refine: [[0 0]
 [0 0]]
  │  QAOA    refine: [[0 0]
 [0 0]]
  │  Agreement: 4/4 cells
  └─
Transpiling circuit (backend=state_vector, opt_level=0)
  IIIIIIIZ: (0.0015280006742845712+0j)
  IIIZIIII: (0.0015280006742845712+0j)
  IIIIIIIZ: 0j
  IIIZIIII: 0j
  IIIIIIZI: (-0.0016573575511097246+0j)
  IIZIIIII: (-0.0016573575511097246+0j)
  IIIIIIZI: (-0.009019990237118773+0j)
  IIZIIIII: (-0+0j)
  IIIIIZII: (0.002448809878342437+0j)
  IZIIIIII: (0.002448809878342437+0j)
  IZIIIIII: (0.0004031785397457326+0j)
  IIIIIZII: 0j
  IIIIZIII: (-0.0008003574469880112+0j)
  ZIIIIIII: (-0.0008003574469880112+0j)
  IIIIZIII: (-0.017861600542142433+0j)
  ZIIIIIII: (-3.7510143348861825e-05+0j)

 

Information about the circuit: 
Number of qubits: 8
 Depth : 7

--- Starting Optimization Loop (method=COBYLA) ---
Iter 10: Cost = -0.025617543704203462
Iter 20: Cost = -0.025703324895982125
Optimization success: True
Optimal Params: [0.15689387 0.27510041 0.44506926 0.45939085]

--- Final Statevector (exact) ---
Marginals: [0.009397998144970424, 0.004581779251525459, 1.3067778022121265e-05, 0.00352175167678909, 0.00021616498412317664, 0.004549806280961087, 0.5533757319590555, 0.5199529833988981]

  ┌─ Depth 4 | Patch (80, 96, 96, 112) | eff_threshold=0.830
  │  θ-only  (before QAOA): [[0.164 0.127]
 [0.173 0.133]]
  │  QAOA    (after  QAOA): [[0.005 0.005]
 [0.277 0.262]]
  │  θ-only  refine: [[0 0]
 [0 0]]
  │  QAOA    refine: [[0 0]
 [0 0]]
  │  Agreement: 4/4 cells
  └─
Transpiling circuit (backend=state_vector, opt_level=0)
  IIIIIIIZ: (-0.19632752519823035+0j)
  IIIZIIII: (-0.19632752519823035+0j)
  IIIIIIIZ: (-0+0j)
  IIIZIIII: (-0+0j)
  IIIIIIZI: (-0.2596315531221201+0j)
  IIZIIIII: (-0.2596315531221201+0j)
  IIZIIIII: (-0+0j)
  IIIIIZII: (-0.18705952040477217+0j)
  IZIIIIII: (-0.18705952040477217+0j)
  IIIIIZII: (-0+0j)
  IIIIZIII: (-0.2523400650611717+0j)
  ZIIIIIII: (-0.2523400650611717+0j)

 

Information about the circuit: 
Number of qubits: 8
 Depth : 7

--- Starting Optimization Loop (method=COBYLA) ---
Iter 10: Cost = -1.6200772944255681
Optimization success: True
Optimal Params: [0.05       0.05       0.045224   0.14044799]

--- Final Statevector (exact) ---
Marginals: [0.040377643219195944, 0.012977172239616579, 0.04308684355714254, 0.014419709219770973, 0.040377637667331996, 0.012977171227091982, 0.15806713301310693, 0.09884605376876546]

  ┌─ Depth 4 | Patch (80, 96, 112, 128) | eff_threshold=0.830
  │  θ-only  (before QAOA): [[0.089 0.045]
 [0.092 0.048]]
  │  QAOA    (after  QAOA): [[0.04  0.013]
 [0.101 0.057]]
  │  θ-only  refine: [[0 0]
 [0 0]]
  │  QAOA    refine: [[0 0]
 [0 0]]
  │  Agreement: 4/4 cells
  └─
Transpiling circuit (backend=state_vector, opt_level=0)
  IIIIIIIZ: (1.4067923987391835e-183+0j)
  IIIZIIII: 0j
  IIZIIIII: 0j
  IIIIIZII: (5.448962060521802e-187+0j)

 

Information about the circuit: 
Number of qubits: 8
 Depth : 5

--- Null Hamiltonian detected (all coefficients zero). Skipping optimization — returning θ-init marginals. ---

--- Final Statevector (exact) ---
Marginals: [0.7249884876539814, 0.5775495419974201, 0.7109631051674146, 0.6056719636700421, 0.7249884876539812, 0.5775495419974199, 0.7109631051674143, 0.6056719636700418]

  ┌─ Depth 4 | Patch (96, 112, 64, 80) | eff_threshold=0.830
  │  θ-only  (before QAOA): [[0.725 0.578]
 [0.711 0.606]]
  │  QAOA    (after  QAOA): [[0.725 0.578]
 [0.711 0.606]]
  │  θ-only  refine: [[0 0]
 [0 0]]
  │  QAOA    refine: [[0 0]
 [0 0]]
  │  Agreement: 4/4 cells
  └─
Transpiling circuit (backend=state_vector, opt_level=0)
  IIIIIIIZ: (0.5454162569328375+0j)
  IIIZIIII: (0.5454162569328375+0j)
  IIIIIIIZ: (3.481947481236402e-09+0j)
  IIIZIIII: 0j
  IIIIIIZI: (0.379459815841406+0j)
  IIZIIIII: (0.379459815841406+0j)
  IIIIIIZI: (0.3439523633846407+0j)
  IIZIIIII: 0j
  IIIIIZII: (0.5497606614344869+0j)
  IZIIIIII: (0.5497606614344869+0j)
  IIIIIZII: (2.0851664121400305e-09+0j)
  IIIIZIII: (0.3687959613769608+0j)
  ZIIIIIII: (0.3687959613769608+0j)
  IIIIZIII: (0.31628010794358385+0j)

 

Information about the circuit: 
Number of qubits: 8
 Depth : 7

--- Starting Optimization Loop (method=COBYLA) ---
Iter 10: Cost = -0.3481937756835617
Iter 20: Cost = -2.5567423375899283
Iter 30: Cost = -2.567300432211817
Optimization success: True
Optimal Params: [-0.39269908 -0.39269908 -0.12293493  0.28995163]

--- Final Statevector (exact) ---
Marginals: [0.9680794926101154, 0.9099972046417663, 0.9763309404521521, 0.9114639509812589, 0.9680886653084592, 0.0754709088313528, 0.9780798944294681, 0.07321285032916908]

  ┌─ Depth 4 | Patch (96, 112, 80, 96) | eff_threshold=0.830
  │  θ-only  (before QAOA): [[0.341 0.236]
 [0.366 0.236]]
  │  QAOA    (after  QAOA): [[0.968 0.493]
 [0.977 0.492]]
  │  θ-only  refine: [[0 0]
 [0 0]]
  │  QAOA    refine: [[1 0]
 [1 0]]
  │  Agreement: 2/4 cells
  │  Boundary activation: ['left']
  └─
Transpiling circuit (backend=state_vector, opt_level=0)
  IIIIIIIZ: (4.184025142111255e-200+0j)
  IIIZIIII: 0j
  IIZIIIII: 0j
  IIIIIZII: (8.259650311630702e-212+0j)

 

Information about the circuit: 
Number of qubits: 8
 Depth : 5

--- Null Hamiltonian detected (all coefficients zero). Skipping optimization — returning θ-init marginals. ---

--- Final Statevector (exact) ---
Marginals: [0.7024450742869757, 0.6376393793291179, 0.7073632923670079, 0.6674810318896818, 0.7024450742869757, 0.6376393793291179, 0.7073632923670081, 0.6674810318896817]

  ┌─ Depth 4 | Patch (112, 128, 64, 80) | eff_threshold=0.830
  │  θ-only  (before QAOA): [[0.702 0.638]
 [0.707 0.667]]
  │  QAOA    (after  QAOA): [[0.702 0.638]
 [0.707 0.667]]
  │  θ-only  refine: [[0 0]
 [0 0]]
  │  QAOA    refine: [[0 0]
 [0 0]]
  │  Agreement: 4/4 cells
  └─
Transpiling circuit (backend=state_vector, opt_level=0)
  IIIIIIIZ: (0.27561937621903515+0j)
  IIIZIIII: (0.27561937621903515+0j)
  IIIIIIIZ: (4.831769194141103e-12+0j)
  IIIZIIII: 0j
  IIIIIIZI: (0.15142739831977273+0j)
  IIZIIIII: (0.15142739831977273+0j)
  IIIIIIZI: (0.07778609244713024+0j)
  IIZIIIII: 0j
  IIIIIZII: (0.2916564121683361+0j)
  IZIIIIII: (0.2916564121683361+0j)
  IIIIIZII: (3.028770775790922e-13+0j)
  IIIIZIII: (0.15911972370846195+0j)
  ZIIIIIII: (0.15911972370846195+0j)
  IIIIZIII: (0.1280009694008725+0j)
  ZIIIIIII: (6.704915810689659e-06+0j)

 

Information about the circuit: 
Number of qubits: 8
 Depth : 7

--- Starting Optimization Loop (method=COBYLA) ---
Iter 10: Cost = -1.3089457162509306
Iter 20: Cost = -1.2935123112248967
Optimization success: True
Optimal Params: [-0.39269908 -0.39269908  0.47151859  0.16877123]

--- Final Statevector (exact) ---
Marginals: [0.9644771097790126, 0.9082132660093857, 0.9638035834703633, 0.8987018748402044, 0.9851672133422851, 0.08258223290404224, 0.8171708932709709, 0.61720512460823]

  ┌─ Depth 4 | Patch (112, 128, 80, 96) | eff_threshold=0.830
  │  θ-only  (before QAOA): [[0.403 0.235]
 [0.417 0.234]]
  │  QAOA    (after  QAOA): [[0.975 0.495]
 [0.89  0.758]]
  │  θ-only  refine: [[0 0]
 [0 0]]
  │  QAOA    refine: [[1 0]
 [1 0]]
  │  Agreement: 2/4 cells
  │  Boundary activation: ['left']
  └─
Transpiling circuit (backend=state_vector, opt_level=0)
  IIIIIIIZ: (0.006348762922988822+0j)
  IIIZIIII: (0.006348762922988822+0j)
  IIIIIIIZ: 0j
  IIIZIIII: 0j
  IIIIIIZI: (0.001152325151973112+0j)
  IIZIIIII: (0.001152325151973112+0j)
  IIIIIIZI: (-0.02979504612797271+0j)
  IIZIIIII: (-0+0j)
  IIIIIZII: (0.006719995003633532+0j)
  IZIIIIII: (0.006719995003633532+0j)
  IZIIIIII: (0.001552265970776563+0j)
  IIIIIZII: 0j
  IIIIZIII: (0.0013528137849697253+0j)
  ZIIIIIII: (0.0013528137849697253+0j)
  IIIIZIII: (-0.025770203566650857+0j)
  ZIIIIIII: (-0.0003291358755267004+0j)

 

Information about the circuit: 
Number of qubits: 8
 Depth : 7

--- Starting Optimization Loop (method=COBYLA) ---
Iter 10: Cost = -0.03907139540112819
Iter 20: Cost = -0.04322616538517457
Optimization success: True
Optimal Params: [0.27553048 0.27985498 0.18170545 0.38254309]

--- Final Statevector (exact) ---
Marginals: [0.01461708606935679, 0.03192763722520374, 0.01452398452317903, 0.03201615583289914, 0.6976208964183642, 0.6438504745996174, 0.6989100243157159, 0.6435687818657848]

  ┌─ Depth 4 | Patch (96, 112, 96, 112) | eff_threshold=0.830
  │  θ-only  (before QAOA): [[0.177 0.135]
 [0.177 0.135]]
  │  QAOA    (after  QAOA): [[0.356 0.338]
 [0.357 0.338]]
  │  θ-only  refine: [[0 0]
 [0 0]]
  │  QAOA    refine: [[0 0]
 [0 0]]
  │  Agreement: 4/4 cells
  └─
Transpiling circuit (backend=state_vector, opt_level=0)
  IIIIIIIZ: (0.0041404045109666495+0j)
  IIIZIIII: (0.0041404045109666495+0j)
  IIIIIIIZ: 0j
  IIIZIIII: 0j
  IIIIIIZI: (0.0003857849269134948+0j)
  IIZIIIII: (0.0003857849269134948+0j)
  IIIIIIZI: (-0.00915507898467988+0j)
  IIZIIIII: (-0+0j)
  IIIIIZII: (0.0036819520895817613+0j)
  IZIIIIII: (0.0036819520895817613+0j)
  IZIIIIII: (0.0014084961175726343+0j)
  IIIIIZII: 0j
  IIIIZIII: (-0.00019953429183445636+0j)
  ZIIIIIII: (-0.00019953429183445636+0j)
  IIIIZIII: (-0.002171438216459028+0j)
  ZIIIIIII: (-0.00026411344034521115+0j)

 

Information about the circuit: 
Number of qubits: 8
 Depth : 7

--- Starting Optimization Loop (method=COBYLA) ---
Iter 10: Cost = 0.002363917345653931
Optimization success: True
Optimal Params: [0.         0.05       0.21927888 0.48855775]

--- Final Statevector (exact) ---
Marginals: [0.13922950789615438, 0.09873095967470127, 0.13270802443383964, 0.09042624654188207, 0.21519575586383435, 0.16598891274349523, 0.1616277239898056, 0.10028384696612493]

  ┌─ Depth 4 | Patch (112, 128, 96, 112) | eff_threshold=0.830
  │  θ-only  (before QAOA): [[0.176 0.131]
 [0.168 0.121]]
  │  QAOA    (after  QAOA): [[0.177 0.132]
 [0.147 0.095]]
  │  θ-only  refine: [[0 0]
 [0 0]]
  │  QAOA    refine: [[0 0]
 [0 0]]
  │  Agreement: 4/4 cells
  └─
Transpiling circuit (backend=state_vector, opt_level=0)
  IIIIIIIZ: (-0.6590443350930758+0j)
  IIIZIIII: (-0.6590443350930758+0j)
  IIIIIIIZ: (-0+0j)
  IIIZIIII: (-0+0j)
  IIIIIIZI: (-0.5920332202881583+0j)
  IIZIIIII: (-0.5920332202881583+0j)
  IIZIIIII: (-0+0j)
  IIIIIZII: (-0.6630358721658981+0j)
  IZIIIIII: (-0.6630358721658981+0j)
  IIIIIZII: (-0+0j)
  IIIIZIII: (-0.6086871850645035+0j)
  ZIIIIIII: (-0.6086871850645035+0j)
  ZIIIIIII: (-1.0086669598361072e-05+0j)

 

Information about the circuit: 
Number of qubits: 8
 Depth : 7

--- Starting Optimization Loop (method=COBYLA) ---
Iter 10: Cost = -4.710632490676164
Optimization success: True
Optimal Params: [0.04439812 0.0725189  0.07295093 0.09441316]

--- Final Statevector (exact) ---
Marginals: [0.052168620357927534, 0.022293799572291734, 0.0038255177666701168, 0.10420955323013185, 0.02688959532800777, 0.046425977969159433, 0.0037911208477522285, 0.013922989648363852]

  ┌─ Depth 4 | Patch (0, 16, 128, 144) | eff_threshold=0.830
  │  θ-only  (before QAOA): [[0.036 0.068]
 [0.03  0.053]]
  │  QAOA    (after  QAOA): [[0.04  0.034]
 [0.004 0.059]]
  │  θ-only  refine: [[0 0]
 [0 0]]
  │  QAOA    refine: [[0 0]
 [0 0]]
  │  Agreement: 4/4 cells
  └─
Transpiling circuit (backend=state_vector, opt_level=0)
  IIIIIIIZ: (-0.0025414357361635063+0j)
  IIIZIIII: (-0.0025414357361635063+0j)
  IIIIIIIZ: (-0+0j)
  IIIZIIII: (-0+0j)
  IIIIIIZI: (-0.0017820089675448043+0j)
  IIZIIIII: (-0.0017820089675448043+0j)
  IIIIIIZI: (0.21340094680037844+0j)
  IIZIIIII: 0j
  IIIIIZII: (-0.002866094936559826+0j)
  IZIIIIII: (-0.002866094936559826+0j)
  IIIIIZII: (-0+0j)
  IIIIZIII: (-0.002137618587623023+0j)
  ZIIIIIII: (-0.002137618587623023+0j)
  IIIIZIII: (-0.035059430261379886+0j)
  ZIIIIIII: (-0.0005433300908111618+0j)

 

Information about the circuit: 
Number of qubits: 8
 Depth : 7

--- Starting Optimization Loop (method=COBYLA) ---
Iter 10: Cost = -0.0862613854433081
Iter 20: Cost = -0.10630543831056732
Iter 30: Cost = -0.10652844485126398
Optimization success: True
Optimal Params: [-0.39269908 -0.39211997  0.47394641  0.60848069]

--- Final Statevector (exact) ---
Marginals: [0.8050533044909832, 0.8287762328534258, 0.4449912481113708, 0.8415537343887727, 0.7102834409539456, 0.6167941991599177, 0.7785867790643224, 0.8425095362116656]

  ┌─ Depth 4 | Patch (0, 16, 144, 160) | eff_threshold=0.830
  │  θ-only  (before QAOA): [[0.104 0.154]
 [0.085 0.136]]
  │  QAOA    (after  QAOA): [[0.758 0.723]
 [0.612 0.842]]
  │  θ-only  refine: [[0 0]
 [0 0]]
  │  QAOA    refine: [[0 0]
 [0 1]]
  │  Agreement: 3/4 cells
  └─
Transpiling circuit (backend=state_vector, opt_level=0)
  IIIIIIIZ: (-0+0j)
  IIIZIIII: (-0+0j)
  IIZIIIII: (-0+0j)
  IIIIIZII: (-0+0j)

 

Information about the circuit: 
Number of qubits: 8
 Depth : 5

--- Null Hamiltonian detected (all coefficients zero). Skipping optimization — returning θ-init marginals. ---

--- Final Statevector (exact) ---
Marginals: [0.022538626462756523, 0.03574009738869268, 0.021816680684262183, 0.01726370294636368, 0.022538626462756523, 0.03574009738869267, 0.02181668068426219, 0.017263702946363677]

  ┌─ Depth 4 | Patch (16, 32, 128, 144) | eff_threshold=0.830
  │  θ-only  (before QAOA): [[0.023 0.036]
 [0.022 0.017]]
  │  QAOA    (after  QAOA): [[0.023 0.036]
 [0.022 0.017]]
  │  θ-only  refine: [[0 0]
 [0 0]]
  │  QAOA    refine: [[0 0]
 [0 0]]
  │  Agreement: 4/4 cells
  └─
Transpiling circuit (backend=state_vector, opt_level=0)
  IIIIIIIZ: (-0.0012392097668646755+0j)
  IIIZIIII: (-0.0012392097668646755+0j)
  IIIIIIIZ: (-0+0j)
  IIIZIIII: (-0+0j)
  IIIIIIZI: (-0.001052311056224194+0j)
  IIZIIIII: (-0.001052311056224194+0j)
  IIIIIIZI: (-0.10523428711580758+0j)
  IIZIIIII: (-0+0j)
  IIIIIZII: (-0.0013740154504529624+0j)
  IZIIIIII: (-0.0013740154504529624+0j)
  IIIIIZII: (-0+0j)
  IIIIZIII: (-0.0011993168554634425+0j)
  ZIIIIIII: (-0.0011993168554634425+0j)
  IIIIZIII: (-0.0038274911909465725+0j)

 

Information about the circuit: 
Number of qubits: 8
 Depth : 7

--- Starting Optimization Loop (method=COBYLA) ---
Iter 10: Cost = -0.11280902801184288
Iter 20: Cost = -0.11433099132618763
Optimization success: True
Optimal Params: [0.2473592  0.15224087 0.8135796  1.64342778]

--- Final Statevector (exact) ---
Marginals: [0.27286408528706824, 0.013628992352100982, 0.31484128368316644, 0.008092078105167148, 0.02151934951643077, 0.002894363774205907, 0.04083450975567384, 0.008072029598622396]

  ┌─ Depth 4 | Patch (16, 32, 144, 160) | eff_threshold=0.830
  │  θ-only  (before QAOA): [[0.062 0.115]
 [0.038 0.093]]
  │  QAOA    (after  QAOA): [[0.147 0.008]
 [0.178 0.008]]
  │  θ-only  refine: [[0 0]
 [0 0]]
  │  QAOA    refine: [[0 0]
 [0 0]]
  │  Agreement: 4/4 cells
  └─
Transpiling circuit (backend=state_vector, opt_level=0)
  IIIIIIIZ: (0.02097488173029415+0j)
  IIIZIIII: (0.02097488173029415+0j)
  IIIIIIIZ: (8.378279240000244e-17+0j)
  IIIZIIII: 0j
  IIIIIIZI: (0.045247175672880356+0j)
  IIZIIIII: (0.045247175672880356+0j)
  IIZIIIII: 0j
  IIIIIZII: (0.017568566600763006+0j)
  IZIIIIII: (0.017568566600763006+0j)
  IZIIIIII: (5.672762363242837e-05+0j)
  IIIIIZII: (-4.779356429594792e-17+0j)
  IIIIZIII: (0.044363261064775186+0j)
  ZIIIIIII: (0.044363261064775186+0j)

 

Information about the circuit: 
Number of qubits: 8
 Depth : 7

--- Starting Optimization Loop (method=COBYLA) ---
Iter 10: Cost = -0.19563903315287434
Iter 20: Cost = -0.2048339453124515
Iter 30: Cost = -0.1994128572306842
Optimization success: True
Optimal Params: [-0.39269908 -0.39269908  0.50664457  0.41718221]

--- Final Statevector (exact) ---
Marginals: [0.9220159803258805, 0.9929346909650629, 0.9198430244343423, 0.9952012698593526, 0.6062147221950442, 0.6835827136392059, 0.919843335978265, 0.9952505399179901]

  ┌─ Depth 4 | Patch (0, 16, 160, 176) | eff_threshold=0.830
  │  θ-only  (before QAOA): [[0.232 0.424]
 [0.229 0.441]]
  │  QAOA    (after  QAOA): [[0.764 0.838]
 [0.92  0.995]]
  │  θ-only  refine: [[0 0]
 [0 0]]
  │  QAOA    refine: [[0 1]
 [1 1]]
  │  Agreement: 1/4 cells
  └─
Transpiling circuit (backend=state_vector, opt_level=0)
  IIIIIIIZ: (1.0148166882014519e-225+0j)
  IIIZIIII: 0j
  IIZIIIII: 0j
  IIIIIZII: (9.333206741995027e-239+0j)

 

Information about the circuit: 
Number of qubits: 8
 Depth : 5

--- Null Hamiltonian detected (all coefficients zero). Skipping optimization — returning θ-init marginals. ---

--- Final Statevector (exact) ---
Marginals: [0.6788792476552827, 0.7210421323387737, 0.6996203250619409, 0.7329671525114233, 0.6788792476552827, 0.7210421323387739, 0.6996203250619412, 0.7329671525114232]

  ┌─ Depth 4 | Patch (0, 16, 176, 192) | eff_threshold=0.830
  │  θ-only  (before QAOA): [[0.679 0.721]
 [0.7   0.733]]
  │  QAOA    (after  QAOA): [[0.679 0.721]
 [0.7   0.733]]
  │  θ-only  refine: [[0 0]
 [0 0]]
  │  QAOA    refine: [[0 0]
 [0 0]]
  │  Agreement: 4/4 cells
  └─
Transpiling circuit (backend=state_vector, opt_level=0)
  IIIIIIIZ: (0.02673365762391988+0j)
  IIIZIIII: (0.02673365762391988+0j)
  IIIIIIIZ: (-2.111640464040641e-16+0j)
  IIIZIIII: 0j
  IIIIIIZI: (0.22047706388622315+0j)
  IIZIIIII: (0.22047706388622315+0j)
  IIZIIIII: 0j
  IIIIIZII: (0.0018689178652700666+0j)
  IZIIIIII: (0.0018689178652700666+0j)
  IZIIIIII: (0.0006319944047195729+0j)
  IIIIIZII: (-3.2388151351780393e-15+0j)
  IIIIZIII: (0.2124689920128117+0j)
  ZIIIIIII: (0.2124689920128117+0j)

 

Information about the circuit: 
Number of qubits: 8
 Depth : 7

--- Starting Optimization Loop (method=COBYLA) ---
Iter 10: Cost = -0.9095910691666462
Iter 20: Cost = -0.9067242620846447
Optimization success: True
Optimal Params: [-0.39269908 -0.39269908  0.07762293  0.00489578]

--- Final Statevector (exact) ---
Marginals: [0.9169612279987596, 0.9971739364644454, 0.9132485911430944, 0.9972917484098323, 0.9169613466706341, 0.9971869759742265, 0.9132485761195863, 0.9972917488017199]

  ┌─ Depth 4 | Patch (16, 32, 160, 176) | eff_threshold=0.830
  │  θ-only  (before QAOA): [[0.224 0.45 ]
 [0.219 0.451]]
  │  QAOA    (after  QAOA): [[0.917 0.997]
 [0.913 0.997]]
  │  θ-only  refine: [[0 0]
 [0 0]]
  │  QAOA    refine: [[1 1]
 [1 1]]
  │  Agreement: 0/4 cells
  └─
Transpiling circuit (backend=state_vector, opt_level=0)
  IIIIIIIZ: (1.4242464833646574e-250+0j)
  IIIZIIII: 0j
  IIZIIIII: 0j
  IIIIIZII: (1.0017856535376168e-252+0j)

 

Information about the circuit: 
Number of qubits: 8
 Depth : 5

--- Null Hamiltonian detected (all coefficients zero). Skipping optimization — returning θ-init marginals. ---

--- Final Statevector (exact) ---
Marginals: [0.7095722324222344, 0.7395688385756617, 0.710163501134551, 0.7401530133595052, 0.7095722324222346, 0.7395688385756617, 0.7101635011345511, 0.7401530133595053]

  ┌─ Depth 4 | Patch (16, 32, 176, 192) | eff_threshold=0.830
  │  θ-only  (before QAOA): [[0.71 0.74]
 [0.71 0.74]]
  │  QAOA    (after  QAOA): [[0.71 0.74]
 [0.71 0.74]]
  │  θ-only  refine: [[0 0]
 [0 0]]
  │  QAOA    refine: [[0 0]
 [0 0]]
  │  Agreement: 4/4 cells
  └─
Transpiling circuit (backend=state_vector, opt_level=0)
  IIIIIIIZ: (-0.0024853146000266267+0j)
  IIIZIIII: (-0.0024853146000266267+0j)
  IIIIIIIZ: (-2.9869329060688874e-12+0j)
  IIIZIIII: 0j
  IIIIIIZI: (0.006805945160880178+0j)
  IIZIIIII: (0.006805945160880178+0j)
  IIZIIIII: 0j
  IIIIIZII: (-0.0030392928637459305+0j)
  IZIIIIII: (-0.0030392928637459305+0j)
  IZIIIIII: (0.00859325596635247+0j)
  IIIIIZII: (-1.7761183442890143e-10+0j)
  IIIIZIII: (0.0060965920869259106+0j)
  ZIIIIIII: (0.0060965920869259106+0j)

 

Information about the circuit: 
Number of qubits: 8
 Depth : 7

--- Starting Optimization Loop (method=COBYLA) ---
Iter 10: Cost = -0.02377917526376389
Iter 20: Cost = -0.023723287101452408
Optimization success: True
Optimal Params: [-0.39269908 -0.39269908  0.60977184  0.40820292]

--- Final Statevector (exact) ---
Marginals: [0.9063943477724938, 0.9972911634648609, 0.8974752575958442, 0.9958598517083874, 0.9063943477572032, 0.9972911635355375, 0.8974602999241248, 0.9958598517084023]

  ┌─ Depth 4 | Patch (32, 48, 160, 176) | eff_threshold=0.830
  │  θ-only  (before QAOA): [[0.209 0.448]
 [0.197 0.436]]
  │  QAOA    (after  QAOA): [[0.906 0.997]
 [0.897 0.996]]
  │  θ-only  refine: [[0 0]
 [0 0]]
  │  QAOA    refine: [[1 1]
 [1 1]]
  │  Agreement: 0/4 cells
  └─
Transpiling circuit (backend=state_vector, opt_level=0)
  IIIIIIIZ: (4.460364757682727e-248+0j)
  IIIZIIII: 0j
  IIZIIIII: 0j
  IIIIIZII: (1.2151667780399238e-240+0j)

 

Information about the circuit: 
Number of qubits: 8
 Depth : 5

--- Null Hamiltonian detected (all coefficients zero). Skipping optimization — returning θ-init marginals. ---

--- Final Statevector (exact) ---
Marginals: [0.7058471180532907, 0.7376365285306559, 0.6885038246008444, 0.764059476410341, 0.7058471180532906, 0.7376365285306559, 0.6885038246008444, 0.7640594764103408]

  ┌─ Depth 4 | Patch (32, 48, 176, 192) | eff_threshold=0.830
  │  θ-only  (before QAOA): [[0.706 0.738]
 [0.689 0.764]]
  │  QAOA    (after  QAOA): [[0.706 0.738]
 [0.689 0.764]]
  │  θ-only  refine: [[0 0]
 [0 0]]
  │  QAOA    refine: [[0 0]
 [0 0]]
  │  Agreement: 4/4 cells
  └─
Transpiling circuit (backend=state_vector, opt_level=0)
  IIIIIIIZ: (-1.1625957540248475e-08+0j)
  IIIZIIII: 0j
  IIZIIIII: 0j
  IIIIIZII: (-1.0266037209489454e-07+0j)

 

Information about the circuit: 
Number of qubits: 8
 Depth : 5

--- Starting Optimization Loop (method=COBYLA) ---
Iter 10: Cost = -1.1428632963514301e-07
Iter 20: Cost = -1.1428632963514301e-07
Optimization success: True
Optimal Params: [0.27804178 0.16559727 0.30404939 0.66887438]

--- Final Statevector (exact) ---
Marginals: [1.1958406589893996e-05, 0.06431690564286542, 1.1913290666890272e-05, 0.05161911418480563, 1.1958406589863052e-05, 0.06431690564286549, 1.1913289712481621e-05, 0.051619114184805664]

  ┌─ Depth 4 | Patch (48, 64, 160, 176) | eff_threshold=0.830
  │  θ-only  (before QAOA): [[0.187 0.415]
 [0.182 0.388]]
  │  QAOA    (after  QAOA): [[0.    0.064]
 [0.    0.052]]
  │  θ-only  refine: [[0 0]
 [0 0]]
  │  QAOA    refine: [[0 0]
 [0 0]]
  │  Agreement: 4/4 cells
  └─
Transpiling circuit (backend=state_vector, opt_level=0)
  IIIIIIIZ: (5.971886920910895e-224+0j)
  IIIZIIII: 0j
  IIZIIIII: 0j
  IIIIIZII: (2.6665663578342943e-205+0j)

 

Information about the circuit: 
Number of qubits: 8
 Depth : 5

--- Null Hamiltonian detected (all coefficients zero). Skipping optimization — returning θ-init marginals. ---

--- Final Statevector (exact) ---
Marginals: [0.6585078365524809, 0.8089925929635107, 0.6178092706350272, 0.8253157732320675, 0.658507836552481, 0.8089925929635107, 0.6178092706350271, 0.8253157732320677]

  ┌─ Depth 4 | Patch (48, 64, 176, 192) | eff_threshold=0.830
  │  θ-only  (before QAOA): [[0.659 0.809]
 [0.618 0.825]]
  │  QAOA    (after  QAOA): [[0.659 0.809]
 [0.618 0.825]]
  │  θ-only  refine: [[0 0]
 [0 0]]
  │  QAOA    refine: [[0 0]
 [0 0]]
  │  Agreement: 4/4 cells
  └─
Transpiling circuit (backend=state_vector, opt_level=0)
  IIIIIIIZ: (1.4390090030283482e-92+0j)
  IIIZIIII: 0j
  IIZIIIII: 0j
  IIIIIZII: (1.1603123729398566e-106+0j)

 

Information about the circuit: 
Number of qubits: 8
 Depth : 5

--- Null Hamiltonian detected (all coefficients zero). Skipping optimization — returning θ-init marginals. ---

--- Final Statevector (exact) ---
Marginals: [0.6312170045258596, 0.43552026573929686, 0.6470236091288114, 0.4548686481963374, 0.6312170045258598, 0.43552026573929675, 0.6470236091288113, 0.45486864819633777]

  ┌─ Depth 4 | Patch (0, 16, 192, 208) | eff_threshold=0.830
  │  θ-only  (before QAOA): [[0.631 0.436]
 [0.647 0.455]]
  │  QAOA    (after  QAOA): [[0.631 0.436]
 [0.647 0.455]]
  │  θ-only  refine: [[0 0]
 [0 0]]
  │  QAOA    refine: [[0 0]
 [0 0]]
  │  Agreement: 4/4 cells
  └─
Transpiling circuit (backend=state_vector, opt_level=0)
  IIIIIIIZ: (0.00012848198292433113+0j)
  IIIZIIII: (0.00012848198292433113+0j)
  IIIIIIZZ: (-9.01189217179836e-06+0j)
  IIIIIIIZ: (2.7565574605472742e-05+0j)
  IIIZIIII: 0j
  IIIIIIZI: (8.68216019130185e-05+0j)
  IIZIIIII: (8.68216019130185e-05+0j)
  IIIIIIZI: (0.11768682431122399+0j)
  IIZIIIII: 0j
  IIIIIZII: (0.00013322831183330665+0j)
  IZIIIIII: (0.00013322831183330665+0j)
  IIIIZZII: (-8.272717180730339e-06+0j)
  IIIIIZII: (2.858515588342244e-05+0j)
  IIIIZIII: (8.694162161054458e-05+0j)
  ZIIIIIII: (8.694162161054458e-05+0j)
  IIIIZIII: (0.14623829797730098+0j)
  ZIIIIIII: (8.773198198359682e-06+0j)

 

Information about the circuit: 
Number of qubits: 8
 Depth : 10

--- Starting Optimization Loop (method=COBYLA) ---
Iter 10: Cost = 0.0665819697824561
Iter 20: Cost = -0.09822422206849246
Iter 30: Cost = -0.10674385075291645
Optimization success: True
Optimal Params: [ 0.39269908  0.39269908 -0.223381    1.07042935]

--- Final Statevector (exact) ---
Marginals: [0.9506215886431395, 0.46171322335802095, 0.957797110148658, 0.8778481259648542, 0.04937843409111874, 0.0951681922275266, 0.9577971146884213, 0.9018772865629859]

  ┌─ Depth 4 | Patch (0, 16, 208, 224) | eff_threshold=0.830
  │  θ-only  (before QAOA): [[0.283 0.207]
 [0.299 0.203]]
  │  QAOA    (after  QAOA): [[0.5   0.278]
 [0.958 0.89 ]]
  │  θ-only  refine: [[0 0]
 [0 0]]
  │  QAOA    refine: [[0 0]
 [1 1]]
  │  Agreement: 2/4 cells
  │  Boundary activation: ['bottom']
  └─
Transpiling circuit (backend=state_vector, opt_level=0)
  IIIIIIIZ: (4.349387440778337e-133+0j)
  IIIZIIII: 0j
  IIZIIIII: 0j
  IIIIIZII: (8.729446310744246e-153+0j)

 

Information about the circuit: 
Number of qubits: 8
 Depth : 5

--- Null Hamiltonian detected (all coefficients zero). Skipping optimization — returning θ-init marginals. ---

--- Final Statevector (exact) ---
Marginals: [0.6823747409744803, 0.4932459676547193, 0.7482319120864784, 0.5411810012411007, 0.6823747409744805, 0.4932459676547193, 0.7482319120864782, 0.5411810012411008]

  ┌─ Depth 4 | Patch (16, 32, 192, 208) | eff_threshold=0.830
  │  θ-only  (before QAOA): [[0.682 0.493]
 [0.748 0.541]]
  │  QAOA    (after  QAOA): [[0.682 0.493]
 [0.748 0.541]]
  │  θ-only  refine: [[0 0]
 [0 0]]
  │  QAOA    refine: [[0 0]
 [0 0]]
  │  Agreement: 4/4 cells
  └─
Transpiling circuit (backend=state_vector, opt_level=0)
  IIIIIIIZ: (0.0004961375417407154+0j)
  IIIZIIII: (0.0004961375417407154+0j)
  IIIIIIZZ: (-1.8073107615392868e-06+0j)
  IIIIIIIZ: (7.277267249855158e-06+0j)
  IIIZIIII: 0j
  IIIIIIZI: (0.00028651576149590934+0j)
  IIZIIIII: (0.00028651576149590934+0j)
  IIIIIIZI: (0.04992537365246101+0j)
  IIZIIIII: 0j
  IIIIIZII: (0.0005346859922571317+0j)
  IZIIIIII: (0.0005346859922571317+0j)
  IIIIIZII: (3.2343818527202327e-06+0j)
  IIIIZIII: (0.0002979868108161251+0j)
  ZIIIIIII: (0.0002979868108161251+0j)
  IIIIZIII: (-0.12451769515874316+0j)

 

Information about the circuit: 
Number of qubits: 8
 Depth : 10

--- Starting Optimization Loop (method=COBYLA) ---
Iter 10: Cost = -0.04077129363562984
Optimization success: True
Optimal Params: [0.         0.05       0.43968632 0.77937264]

--- Final Statevector (exact) ---
Marginals: [0.3696340841153868, 0.23704243842919476, 0.3994366501877623, 0.23037143665871224, 0.3696340849409726, 0.23813477118266133, 0.3994366322547169, 0.23200354779825788]

  ┌─ Depth 4 | Patch (16, 32, 208, 224) | eff_threshold=0.830
  │  θ-only  (before QAOA): [[0.322 0.197]
 [0.351 0.191]]
  │  QAOA    (after  QAOA): [[0.37  0.238]
 [0.399 0.231]]
  │  θ-only  refine: [[0 0]
 [0 0]]
  │  QAOA    refine: [[0 0]
 [0 0]]
  │  Agreement: 4/4 cells
  └─
Transpiling circuit (backend=state_vector, opt_level=0)
  IIIIIIIZ: (8.932363829931881e-189+0j)
  IIIZIIII: 0j
  IIZIIIII: 0j
  IIIIIZII: (1.5435810714466204e-214+0j)

 

Information about the circuit: 
Number of qubits: 8
 Depth : 5

--- Null Hamiltonian detected (all coefficients zero). Skipping optimization — returning θ-init marginals. ---

--- Final Statevector (exact) ---
Marginals: [0.7958716321645567, 0.5910946184529862, 0.8246550319234875, 0.6367594681760799, 0.7958716321645567, 0.5910946184529863, 0.8246550319234879, 0.6367594681760798]

  ┌─ Depth 4 | Patch (32, 48, 192, 208) | eff_threshold=0.830
  │  θ-only  (before QAOA): [[0.796 0.591]
 [0.825 0.637]]
  │  QAOA    (after  QAOA): [[0.796 0.591]
 [0.825 0.637]]
  │  θ-only  refine: [[0 0]
 [0 0]]
  │  QAOA    refine: [[0 0]
 [0 0]]
  │  Agreement: 4/4 cells
  └─
Transpiling circuit (backend=state_vector, opt_level=0)
  IIIIIIIZ: (1.5006056951290854e-06+0j)
  IIIZIIII: (1.5006056951290854e-06+0j)
  IIIIIIIZ: (3.2462159941222185e-07+0j)
  IIIZIIII: 0j
  IIIIIIZI: (-0.47067451495927476+0j)
  IIZIIIII: 0j
  IIIIIZII: (1.6119186948977563e-06+0j)
  IZIIIIII: (1.6119186948977563e-06+0j)
  IIIIIZII: (2.0673926554436076e-08+0j)
  IIIIZIII: (-0.6434624458610148+0j)

 

Information about the circuit: 
Number of qubits: 8
 Depth : 7

--- Starting Optimization Loop (method=COBYLA) ---
Iter 10: Cost = -0.9202797592949411
Iter 20: Cost = -1.0835757416324332
Optimization success: True
Optimal Params: [-0.39269908 -0.02332165  0.23525972  0.55374571]

--- Final Statevector (exact) ---
Marginals: [0.06180115235324694, 0.009461688943636307, 0.07809903796833859, 0.017535375210670803, 0.06180121125349295, 0.0009976117696847103, 0.8061844043872747, 0.4579196056291536]

  ┌─ Depth 4 | Patch (32, 48, 208, 224) | eff_threshold=0.830
  │  θ-only  (before QAOA): [[0.383 0.187]
 [0.414 0.191]]
  │  QAOA    (after  QAOA): [[0.062 0.005]
 [0.442 0.238]]
  │  θ-only  refine: [[0 0]
 [0 0]]
  │  QAOA    refine: [[0 0]
 [0 0]]
  │  Agreement: 4/4 cells
  │  Boundary activation: ['bottom']
  └─
Transpiling circuit (backend=state_vector, opt_level=0)
  IIIIIIIZ: (2.4434783800949037e-243+0j)
  IIIZIIII: 0j
  IIZIIIII: 0j
  IIIIIZII: (2.1174395974023485e-248+0j)

 

Information about the circuit: 
Number of qubits: 8
 Depth : 5

--- Null Hamiltonian detected (all coefficients zero). Skipping optimization — returning θ-init marginals. ---

--- Final Statevector (exact) ---
Marginals: [0.8560032064033792, 0.6738209718118652, 0.7879982518937166, 0.699586448708788, 0.8560032064033791, 0.6738209718118651, 0.787998251893717, 0.699586448708788]

  ┌─ Depth 4 | Patch (48, 64, 192, 208) | eff_threshold=0.830
  │  θ-only  (before QAOA): [[0.856 0.674]
 [0.788 0.7  ]]
  │  QAOA    (after  QAOA): [[0.856 0.674]
 [0.788 0.7  ]]
  │  θ-only  refine: [[1 0]
 [0 0]]
  │  QAOA    refine: [[1 0]
 [0 0]]
  │  Agreement: 4/4 cells
  └─
Transpiling circuit (backend=state_vector, opt_level=0)
  IIIIIIIZ: (0.7979413596331392+0j)
  IIIZIIII: (0.7979413596331392+0j)
  IIIIIIIZ: (1.357619960755719e-10+0j)
  IIIZIIII: 0j
  IIIIIIZI: (0.42522216280682945+0j)
  IIZIIIII: (0.42522216280682945+0j)
  IIIIIIZI: (-0.7585713758273401+0j)
  IIZIIIII: 0j
  IIIIIZII: (0.8343601246096585+0j)
  IZIIIIII: (0.8343601246096585+0j)
  IIIIIZII: (1.2314884769515991e-12+0j)
  IIIIZIII: (0.4499978452255556+0j)
  ZIIIIIII: (0.4499978452255556+0j)
  IIIIZIII: (-0.8614798088319165+0j)

 

Information about the circuit: 
Number of qubits: 8
 Depth : 7

--- Starting Optimization Loop (method=COBYLA) ---
Iter 10: Cost = 0.25320686616949784
Iter 20: Cost = -0.1092407486335428
Optimization success: True
Optimal Params: [-0.14897182 -0.01144627 -0.2127883   0.06996595]

--- Final Statevector (exact) ---
Marginals: [0.29627272737162796, 0.09036287126832017, 0.3146626004362166, 0.10639325058777792, 0.591457855112564, 0.3078755917165511, 0.6103084896354614, 0.3522465978582713]

  ┌─ Depth 4 | Patch (48, 64, 208, 224) | eff_threshold=0.830
  │  θ-only  (before QAOA): [[0.441 0.2  ]
 [0.461 0.211]]
  │  QAOA    (after  QAOA): [[0.444 0.199]
 [0.462 0.229]]
  │  θ-only  refine: [[0 0]
 [0 0]]
  │  QAOA    refine: [[0 0]
 [0 0]]
  │  Agreement: 4/4 cells
  │  Boundary activation: ['left']
  └─
Transpiling circuit (backend=state_vector, opt_level=0)
  IIIIIIIZ: (-0.6578824102512256+0j)
  IIIZIIII: (-0.6578824102512256+0j)
  IIIIIIIZ: (-0+0j)
  IIIZIIII: (-0+0j)
  IIIIIIZI: (-0.5739257235824945+0j)
  IIZIIIII: (-0.5739257235824945+0j)
  IIZIIIII: (-0+0j)
  IIIIIZII: (-0.6597411495081258+0j)
  IZIIIIII: (-0.6597411495081258+0j)
  IIIIIZII: (-0+0j)
  IIIIZIII: (-0.5673509684861682+0j)
  ZIIIIIII: (-0.5673509684861682+0j)

 

Information about the circuit: 
Number of qubits: 8
 Depth : 7

--- Starting Optimization Loop (method=COBYLA) ---
Iter 10: Cost = -4.433648634471098
Optimization success: True
Optimal Params: [0.05       0.05       0.02702734 0.05405468]

--- Final Statevector (exact) ---
Marginals: [0.010601954832440814, 0.13827540737948937, 0.011253037290867575, 0.14608191796764197, 0.010601954526982385, 0.03259587046252137, 0.011253036267707232, 0.036675812264059825]

  ┌─ Depth 4 | Patch (64, 80, 128, 144) | eff_threshold=0.830
  │  θ-only  (before QAOA): [[0.04  0.077]
 [0.042 0.083]]
  │  QAOA    (after  QAOA): [[0.011 0.085]
 [0.011 0.091]]
  │  θ-only  refine: [[0 0]
 [0 0]]
  │  QAOA    refine: [[0 0]
 [0 0]]
  │  Agreement: 4/4 cells
  └─
Transpiling circuit (backend=state_vector, opt_level=0)
  IIIIIIIZ: (-0.7248827260212709+0j)
  IIIZIIII: (-0.7248827260212709+0j)
  IIIIIIIZ: (-0+0j)
  IIIZIIII: (-0+0j)
  IIIIIIZI: (-0.604842508535233+0j)
  IIZIIIII: (-0.604842508535233+0j)
  IIZIIIII: (-0+0j)
  IIIIIZII: (-0.7306166896236085+0j)
  IZIIIIII: (-0.7306166896236085+0j)
  IIIIIZII: (-0+0j)
  IIIIZIII: (-0.6052305596527839+0j)
  ZIIIIIII: (-0.6052305596527839+0j)

 

Information about the circuit: 
Number of qubits: 8
 Depth : 7

--- Starting Optimization Loop (method=COBYLA) ---
Iter 10: Cost = -4.715305567902518
Optimization success: True
Optimal Params: [-0.03074144 -0.03552578  0.09043562  0.04266736]

--- Final Statevector (exact) ---
Marginals: [0.07188859470403329, 0.05276440715288446, 0.019436002709118713, 0.0529276120838133, 0.07188859651796621, 0.12605851450404, 0.019437350187943903, 0.052904136339079186]

  ┌─ Depth 4 | Patch (80, 96, 128, 144) | eff_threshold=0.830
  │  θ-only  (before QAOA): [[0.042 0.086]
 [0.041 0.086]]
  │  QAOA    (after  QAOA): [[0.072 0.089]
 [0.019 0.053]]
  │  θ-only  refine: [[0 0]
 [0 0]]
  │  QAOA    refine: [[0 0]
 [0 0]]
  │  Agreement: 4/4 cells
  └─
Transpiling circuit (backend=state_vector, opt_level=0)
  IIIIIIIZ: (-0.006986362210523122+0j)
  IIIZIIII: (-0.006986362210523122+0j)
  IIIIIIIZ: (-0+0j)
  IIIZIIII: (-0+0j)
  IIIIIIZI: (-0.0041990153368071815+0j)
  IIZIIIII: (-0.0041990153368071815+0j)
  IIIIIIZI: (0.21429538824712424+0j)
  IIZIIIII: (-0+0j)
  IIIIIZII: (-0.006725469848055204+0j)
  IZIIIIII: (-0.006725469848055204+0j)
  IIIIIZII: (-0+0j)
  IIIIZIII: (-0.003802634163899785+0j)
  ZIIIIIII: (-0.003802634163899785+0j)
  IIIIZIII: (0.2943240475743157+0j)

 

Information about the circuit: 
Number of qubits: 8
 Depth : 7

--- Starting Optimization Loop (method=COBYLA) ---
Iter 10: Cost = 0.31281325934907633
Optimization success: True
Optimal Params: [-4.49161945e-05 -1.30351790e-03  2.56423051e-01  5.31139377e-01]

--- Final Statevector (exact) ---
Marginals: [0.12423341059691595, 0.15847424409032995, 0.12596284622806136, 0.16222559950473206, 0.1260178742875172, 0.15850214895381537, 0.12596280600722004, 0.16183301736920724]

  ┌─ Depth 4 | Patch (80, 96, 144, 160) | eff_threshold=0.830
  │  θ-only  (before QAOA): [[0.125 0.158]
 [0.127 0.163]]
  │  QAOA    (after  QAOA): [[0.125 0.158]
 [0.126 0.162]]
  │  θ-only  refine: [[0 0]
 [0 0]]
  │  QAOA    refine: [[0 0]
 [0 0]]
  │  Agreement: 4/4 cells
  └─
Transpiling circuit (backend=state_vector, opt_level=0)
  IIIIIIIZ: (-2.4173941967741046e-05+0j)
  IIIZIIII: (-2.4173941967741046e-05+0j)
  IIIIIIIZ: (-3.3817399540299086e-07+0j)
  IIIZIIII: 0j
  IIIIIIZI: (0.00012428520683155952+0j)
  IIZIIIII: (0.00012428520683155952+0j)
  IIZIIIII: 0j
  IIIIIZII: (2.85851284918158e-06+0j)
  IZIIIIII: (2.85851284918158e-06+0j)
  IIIIZZII: (-2.010252147589246e-06+0j)
  IIIIIZII: (-9.801340471432201e-08+0j)
  IIIIZIII: (0.00013318945278558412+0j)
  ZIIIIIII: (0.00013318945278558412+0j)

 

Information about the circuit: 
Number of qubits: 8
 Depth : 9

--- Starting Optimization Loop (method=COBYLA) ---
Iter 10: Cost = -0.00044299394219908566
Iter 20: Cost = -0.0004607417200243159
Optimization success: True
Optimal Params: [-0.39269908 -0.39269908  0.66871383  0.54490597]

--- Final Statevector (exact) ---
Marginals: [0.888257734413247, 0.97985126531136, 0.8934080652937311, 0.9708883934290444, 0.8882577345154897, 0.9798512653113602, 0.8934262496742724, 0.9708883932413135]

  ┌─ Depth 4 | Patch (64, 80, 160, 176) | eff_threshold=0.830
  │  θ-only  (before QAOA): [[0.185 0.359]
 [0.191 0.332]]
  │  QAOA    (after  QAOA): [[0.888 0.98 ]
 [0.893 0.971]]
  │  θ-only  refine: [[0 0]
 [0 0]]
  │  QAOA    refine: [[1 1]
 [1 1]]
  │  Agreement: 0/4 cells
  └─
Transpiling circuit (backend=state_vector, opt_level=0)
  IIIIIIIZ: (2.4289648470526526e-167+0j)
  IIIZIIII: 0j
  IIZIIIII: 0j
  IIIIIZII: (3.4063109417203294e-140+0j)

 

Information about the circuit: 
Number of qubits: 8
 Depth : 5

--- Null Hamiltonian detected (all coefficients zero). Skipping optimization — returning θ-init marginals. ---

--- Final Statevector (exact) ---
Marginals: [0.5697700768518368, 0.7782134951001176, 0.5191299392453501, 0.7177811141307205, 0.5697700768518366, 0.7782134951001174, 0.51912993924535, 0.7177811141307207]

  ┌─ Depth 4 | Patch (64, 80, 176, 192) | eff_threshold=0.830
  │  θ-only  (before QAOA): [[0.57  0.778]
 [0.519 0.718]]
  │  QAOA    (after  QAOA): [[0.57  0.778]
 [0.519 0.718]]
  │  θ-only  refine: [[0 0]
 [0 0]]
  │  QAOA    refine: [[0 0]
 [0 0]]
  │  Agreement: 4/4 cells
  │  Boundary activation: ['right']
  └─
Transpiling circuit (backend=state_vector, opt_level=0)
  IIIIIIIZ: (1.2409697861927242e-05+0j)
  IIIZIIII: (1.2409697861927242e-05+0j)
  IIIIIIZZ: (-4.03581860881487e-06+0j)
  IIIIIIIZ: (6.646054972297954e-07+0j)
  IIIZIIII: 0j
  IIIIIIZI: (2.8247384643222207e-05+0j)
  IIZIIIII: (2.8247384643222207e-05+0j)
  IIZIIIII: 0j
  IIIIIZII: (1.5438853297730228e-05+0j)
  IZIIIIII: (1.5438853297730228e-05+0j)
  IIIIZZII: (-3.6290378632640555e-06+0j)
  IZIIIIII: (6.378669216386506e-06+0j)
  IIIIIZII: (9.981611791614391e-07+0j)
  IIIIZIII: (3.038541161502673e-05+0j)
  ZIIIIIII: (3.038541161502673e-05+0j)

 

Information about the circuit: 
Number of qubits: 8
 Depth : 9

--- Starting Optimization Loop (method=COBYLA) ---
Iter 10: Cost = -3.2241643691803044e-05
Iter 20: Cost = -4.339718457146669e-05
Optimization success: True
Optimal Params: [-0.39269908 -0.39269908  0.81303606  1.13935721]

--- Final Statevector (exact) ---
Marginals: [0.8987648990275323, 0.9618849918391764, 0.23120694895971422, 0.8562667638183934, 0.8988123086783633, 0.9618849917552288, 0.09718280010947067, 0.07930313103424332]

  ┌─ Depth 4 | Patch (80, 96, 160, 176) | eff_threshold=0.830
  │  θ-only  (before QAOA): [[0.198 0.309]
 [0.204 0.291]]
  │  QAOA    (after  QAOA): [[0.899 0.962]
 [0.164 0.468]]
  │  θ-only  refine: [[0 0]
 [0 0]]
  │  QAOA    refine: [[1 1]
 [0 0]]
  │  Agreement: 2/4 cells
  │  Boundary activation: ['top']
  └─
Transpiling circuit (backend=state_vector, opt_level=0)
  IIIIIIIZ: (4.4639408482998575e-112+0j)
  IIIZIIII: 0j
  IIZIIIII: 0j
  IIIIIZII: (1.8964412762737626e-100+0j)

 

Information about the circuit: 
Number of qubits: 8
 Depth : 5

--- Null Hamiltonian detected (all coefficients zero). Skipping optimization — returning θ-init marginals. ---

--- Final Statevector (exact) ---
Marginals: [0.47205589695079875, 0.6567052945609376, 0.43582602335008624, 0.6244582836742173, 0.47205589695079875, 0.6567052945609376, 0.4358260233500863, 0.6244582836742176]

  ┌─ Depth 4 | Patch (80, 96, 176, 192) | eff_threshold=0.830
  │  θ-only  (before QAOA): [[0.472 0.657]
 [0.436 0.624]]
  │  QAOA    (after  QAOA): [[0.472 0.657]
 [0.436 0.624]]
  │  θ-only  refine: [[0 0]
 [0 0]]
  │  QAOA    refine: [[0 0]
 [0 0]]
  │  Agreement: 4/4 cells
  └─
Transpiling circuit (backend=state_vector, opt_level=0)
  IIIIIIIZ: (-0.27174631133276883+0j)
  IIIZIIII: (-0.27174631133276883+0j)
  IIIIIIIZ: (-0+0j)
  IIIZIIII: (-0+0j)
  IIIIIIZI: (-0.22430277009219302+0j)
  IIZIIIII: (-0.22430277009219302+0j)
  IIIIIIZI: (-0.2886269463673159+0j)
  IIZIIIII: (-0+0j)
  IIIIIZII: (-0.27270351385203756+0j)
  IZIIIIII: (-0.27270351385203756+0j)
  IIIIIZII: (-0+0j)
  IIIIZIII: (-0.2263212041105905+0j)
  ZIIIIIII: (-0.2263212041105905+0j)
  IIIIZIII: (-0.20434516658715915+0j)

 

Information about the circuit: 
Number of qubits: 8
 Depth : 7

--- Starting Optimization Loop (method=COBYLA) ---
Iter 10: Cost = -2.465414793062258
Iter 20: Cost = -2.465034090340128
Optimization success: True
Optimal Params: [-0.18246787 -0.09519523  0.13935924  0.0991913 ]

--- Final Statevector (exact) ---
Marginals: [0.006306124416366062, 0.00271043719014643, 0.007106852372715368, 0.001517873938084655, 0.006307267407066096, 0.0007748914094153047, 0.007109344226096648, 0.0005015616473843871]

  ┌─ Depth 4 | Patch (96, 112, 128, 144) | eff_threshold=0.830
  │  θ-only  (before QAOA): [[0.04  0.085]
 [0.038 0.082]]
  │  QAOA    (after  QAOA): [[0.006 0.002]
 [0.007 0.001]]
  │  θ-only  refine: [[0 0]
 [0 0]]
  │  QAOA    refine: [[0 0]
 [0 0]]
  │  Agreement: 4/4 cells
  └─
Transpiling circuit (backend=state_vector, opt_level=0)
  IIIIIIIZ: (-0.0021616723536336192+0j)
  IIIZIIII: (-0.0021616723536336192+0j)
  IIIIIIIZ: (-0+0j)
  IIIZIIII: (-0+0j)
  IIIIIIZI: (-0.0011491172539810882+0j)
  IIZIIIII: (-0.0011491172539810882+0j)
  IIIIIIZI: (0.2752091962117182+0j)
  IIZIIIII: 0j
  IIIIIZII: (-0.002226124737502748+0j)
  IZIIIIII: (-0.002226124737502748+0j)
  IIIIIZII: (-0+0j)
  IIIIZIII: (-0.0011984198092946008+0j)
  ZIIIIIII: (-0.0011984198092946008+0j)
  IIIIZIII: (0.2941354606645978+0j)

 

Information about the circuit: 
Number of qubits: 8
 Depth : 7

--- Starting Optimization Loop (method=COBYLA) ---
Iter 10: Cost = 0.19979274796617533
Iter 20: Cost = -0.3265698717648592
Iter 30: Cost = -0.4093157349807421
Iter 40: Cost = -0.3814287141474453
Optimization success: False
Optimal Params: [ 0.39269908  0.39269908 -0.29728884  0.27016739]

--- Final Statevector (exact) ---
Marginals: [0.8326898784447294, 0.8508036035738503, 0.8293561614724949, 0.8668359847561806, 0.8326881460840891, 0.8699334790268755, 0.8293719887011577, 0.8693566538910789]

  ┌─ Depth 4 | Patch (96, 112, 144, 160) | eff_threshold=0.830
  │  θ-only  (before QAOA): [[0.127 0.164]
 [0.124 0.163]]
  │  QAOA    (after  QAOA): [[0.833 0.86 ]
 [0.829 0.868]]
  │  θ-only  refine: [[0 0]
 [0 0]]
  │  QAOA    refine: [[1 1]
 [0 1]]
  │  Agreement: 1/4 cells
  └─
Transpiling circuit (backend=state_vector, opt_level=0)
  IIIIIIIZ: (-0.027647099434226604+0j)
  IIIZIIII: (-0.027647099434226604+0j)
  IIIIIIIZ: (-0+0j)
  IIIZIIII: (-0+0j)
  IIIIIIZI: (-0.02383846093440044+0j)
  IIZIIIII: (-0.02383846093440044+0j)
  IIIIIIZI: (-1.4101662791231027+0j)
  IIZIIIII: (-0+0j)
  IIIIIZII: (-0.02745322035668276+0j)
  IZIIIIII: (-0.02745322035668276+0j)
  IIIIIZII: (-0+0j)
  IIIIZIII: (-0.024056627548096256+0j)
  ZIIIIIII: (-0.024056627548096256+0j)
  IIIIZIII: (-0.3453153379178625+0j)
  ZIIIIIII: (-0.0013814185138618534+0j)

 

Information about the circuit: 
Number of qubits: 8
 Depth : 7

--- Starting Optimization Loop (method=COBYLA) ---
Iter 10: Cost = -1.77808185307387
Optimization success: True
Optimal Params: [-0.04746069  0.0650368   0.33521168  0.71486156]

--- Final Statevector (exact) ---
Marginals: [0.04239137983302929, 0.03573346128824745, 0.0363448450659258, 0.08778089613635566, 0.04239142672004833, 0.08623015378142183, 0.03059480048716543, 0.06311772555617612]

  ┌─ Depth 4 | Patch (112, 128, 128, 144) | eff_threshold=0.830
  │  θ-only  (before QAOA): [[0.036 0.077]
 [0.034 0.07 ]]
  │  QAOA    (after  QAOA): [[0.042 0.061]
 [0.033 0.075]]
  │  θ-only  refine: [[0 0]
 [0 0]]
  │  QAOA    refine: [[0 0]
 [0 0]]
  │  Agreement: 4/4 cells
  └─
Transpiling circuit (backend=state_vector, opt_level=0)
  IIIIIIIZ: (-0.006592230103612574+0j)
  IIIZIIII: (-0.006592230103612574+0j)
  IIIIIIIZ: (-0+0j)
  IIIZIIII: (-0+0j)
  IIIIIIZI: (-0.004038427160055572+0j)
  IIZIIIII: (-0.004038427160055572+0j)
  IIIIIIZI: (0.3035122626768926+0j)
  IIZIIIII: 0j
  IIIIIZII: (-0.007085524023883101+0j)
  IZIIIIII: (-0.007085524023883101+0j)
  IZIIIIII: (-2.507879543579552e-05+0j)
  IIIIIZII: (-0+0j)
  IIIIZIII: (-0.0045754179644461514+0j)
  ZIIIIIII: (-0.0045754179644461514+0j)
  IIIIZIII: (0.15122131759285512+0j)
  ZIIIIIII: (-0.000129516769477108+0j)

 

Information about the circuit: 
Number of qubits: 8
 Depth : 7

--- Starting Optimization Loop (method=COBYLA) ---
Iter 10: Cost = -0.3050341390774617
Iter 20: Cost = -0.32335556394906784
Optimization success: True
Optimal Params: [ 0.39269908  0.39269908 -0.02531163  0.18670847]

--- Final Statevector (exact) ---
Marginals: [0.821905836365879, 0.8633947062964666, 0.5904797491174456, 0.8575195319944665, 0.8219212028471706, 0.865292051455279, 0.2277231341618991, 0.15441413523677]

  ┌─ Depth 4 | Patch (112, 128, 144, 160) | eff_threshold=0.830
  │  θ-only  (before QAOA): [[0.117 0.159]
 [0.108 0.151]]
  │  QAOA    (after  QAOA): [[0.822 0.864]
 [0.409 0.506]]
  │  θ-only  refine: [[0 0]
 [0 0]]
  │  QAOA    refine: [[0 1]
 [0 0]]
  │  Agreement: 3/4 cells
  │  Boundary activation: ['top']
  └─
Transpiling circuit (backend=state_vector, opt_level=0)
  IIIIIIIZ: (0.0001272475924013084+0j)
  IIIZIIII: (0.0001272475924013084+0j)
  IIIIIIZZ: (-8.273673042434981e-06+0j)
  IIIIIIIZ: (2.4220922304733708e-06+0j)
  IIIZIIII: 0j
  IIIIIIZI: (0.00021627006502462784+0j)
  IIZIIIII: (0.00021627006502462784+0j)
  IIZIIIII: 0j
  IIIIIZII: (0.0001299658335485189+0j)
  IZIIIIII: (0.0001299658335485189+0j)
  IIIIZZII: (-6.718064461766878e-06+0j)
  IIIIIZII: (1.8820480100075609e-06+0j)
  IIIIZIII: (0.00022147016763338334+0j)
  ZIIIIIII: (0.00022147016763338334+0j)

 

Information about the circuit: 
Number of qubits: 8
 Depth : 9

--- Starting Optimization Loop (method=COBYLA) ---
Iter 10: Cost = -0.0010775726974119981
Iter 20: Cost = -0.0010730832980442623
Optimization success: True
Optimal Params: [0.39269908 0.39269908 0.26579406 0.27908829]

--- Final Statevector (exact) ---
Marginals: [0.825994159413584, 0.6952316024285001, 0.9060609407547755, 0.9486608660073919, 0.9055089559461378, 0.9491598939965984, 0.9060062842348722, 0.9486604957393006]

  ┌─ Depth 4 | Patch (96, 112, 160, 176) | eff_threshold=0.830
  │  θ-only  (before QAOA): [[0.208 0.281]
 [0.208 0.279]]
  │  QAOA    (after  QAOA): [[0.866 0.822]
 [0.906 0.949]]
  │  θ-only  refine: [[0 0]
 [0 0]]
  │  QAOA    refine: [[1 0]
 [1 1]]
  │  Agreement: 1/4 cells
  └─
Transpiling circuit (backend=state_vector, opt_level=0)
  IIIIIIIZ: (1.0311875194152151e-84+0j)
  IIIZIIII: 0j
  IIZIIIII: 0j
  IIIIIZII: (1.1566502431145334e-86+0j)

 

Information about the circuit: 
Number of qubits: 8
 Depth : 5

--- Null Hamiltonian detected (all coefficients zero). Skipping optimization — returning θ-init marginals. ---

--- Final Statevector (exact) ---
Marginals: [0.4196290681087263, 0.6105377792705567, 0.4446861933818407, 0.6277763673121841, 0.41962906810872624, 0.6105377792705569, 0.4446861933818409, 0.6277763673121841]

  ┌─ Depth 4 | Patch (96, 112, 176, 192) | eff_threshold=0.830
  │  θ-only  (before QAOA): [[0.42  0.611]
 [0.445 0.628]]
  │  QAOA    (after  QAOA): [[0.42  0.611]
 [0.445 0.628]]
  │  θ-only  refine: [[0 0]
 [0 0]]
  │  QAOA    refine: [[0 0]
 [0 0]]
  │  Agreement: 4/4 cells
  └─
Transpiling circuit (backend=state_vector, opt_level=0)
  IIIIIIIZ: (3.21199793407503e-05+0j)
  IIIZIIII: (3.21199793407503e-05+0j)
  IIIIIIZZ: (-1.5546757395224396e-06+0j)
  IIIIIIIZ: (2.958295351309888e-07+0j)
  IIIZIIII: 0j
  IIIIIIZI: (5.874057530538317e-05+0j)
  IIZIIIII: (5.874057530538317e-05+0j)
  IIZIIIII: 0j
  IIIIIZII: (2.9747855287761724e-05+0j)
  IZIIIIII: (2.9747855287761724e-05+0j)
  IIIIZZII: (-1.453769581148664e-06+0j)
  IIIIIZII: (3.990562376068005e-08+0j)
  IIIIZIII: (5.788069556118061e-05+0j)
  ZIIIIIII: (5.788069556118061e-05+0j)

 

Information about the circuit: 
Number of qubits: 8
 Depth : 9

--- Starting Optimization Loop (method=COBYLA) ---
Iter 10: Cost = -0.0001741119996660609
Iter 20: Cost = -0.00017314408526904136
Iter 30: Cost = -0.0001777885956318525
Optimization success: True
Optimal Params: [0.39269908 0.39269908 0.38949808 0.82844989]

--- Final Statevector (exact) ---
Marginals: [0.9059101732112567, 0.9519645697591059, 0.9042587698084651, 0.9572999777685379, 0.9057651613009847, 0.9519637421422131, 0.10957070900157453, 0.1657932856983063]

  ┌─ Depth 4 | Patch (112, 128, 160, 176) | eff_threshold=0.830
  │  θ-only  (before QAOA): [[0.208 0.286]
 [0.206 0.298]]
  │  QAOA    (after  QAOA): [[0.906 0.952]
 [0.507 0.562]]
  │  θ-only  refine: [[0 0]
 [0 0]]
  │  QAOA    refine: [[1 1]
 [0 0]]
  │  Agreement: 2/4 cells
  │  Boundary activation: ['top']
  └─
Transpiling circuit (backend=state_vector, opt_level=0)
  IIIIIIIZ: (8.576055081612766e-98+0j)
  IIIZIIII: 0j
  IIZIIIII: 0j
  IIIIIZII: (1.2904033142867745e-112+0j)

 

Information about the circuit: 
Number of qubits: 8
 Depth : 5

--- Null Hamiltonian detected (all coefficients zero). Skipping optimization — returning θ-init marginals. ---

--- Final Statevector (exact) ---
Marginals: [0.44714663201072447, 0.6573677913984275, 0.47243139555490316, 0.6921073221055444, 0.44714663201072463, 0.6573677913984275, 0.47243139555490293, 0.6921073221055445]

  ┌─ Depth 4 | Patch (112, 128, 176, 192) | eff_threshold=0.830
  │  θ-only  (before QAOA): [[0.447 0.657]
 [0.472 0.692]]
  │  QAOA    (after  QAOA): [[0.447 0.657]
 [0.472 0.692]]
  │  θ-only  refine: [[0 0]
 [0 0]]
  │  QAOA    refine: [[0 0]
 [0 0]]
  │  Agreement: 4/4 cells
  │  Boundary activation: ['right']
  └─
Transpiling circuit (backend=state_vector, opt_level=0)
  IIIIIIIZ: (1.1935088923622842e-251+0j)
  IIIZIIII: 0j
  IIZIIIII: 0j
  IIIIIZII: (3.4065084868240114e-252+0j)

 

Information about the circuit: 
Number of qubits: 8
 Depth : 5

--- Null Hamiltonian detected (all coefficients zero). Skipping optimization — returning θ-init marginals. ---

--- Final Statevector (exact) ---
Marginals: [0.7362569495719405, 0.7129286448854395, 0.7319036455924884, 0.7150223021057257, 0.7362569495719405, 0.7129286448854397, 0.7319036455924887, 0.7150223021057257]

  ┌─ Depth 4 | Patch (64, 80, 192, 208) | eff_threshold=0.830
  │  θ-only  (before QAOA): [[0.736 0.713]
 [0.732 0.715]]
  │  QAOA    (after  QAOA): [[0.736 0.713]
 [0.732 0.715]]
  │  θ-only  refine: [[0 0]
 [0 0]]
  │  QAOA    refine: [[0 0]
 [0 0]]
  │  Agreement: 4/4 cells
  └─
Transpiling circuit (backend=state_vector, opt_level=0)
  IIIIIIIZ: (0.8863861546608903+0j)
  IIIZIIII: (0.8863861546608903+0j)
  IIIIIIIZ: (7.461461176733402e-16+0j)
  IIIZIIII: 0j
  IIIIIIZI: (0.49804339344009196+0j)
  IIZIIIII: (0.49804339344009196+0j)
  IIIIIIZI: (-0.4613947397018595+0j)
  IIZIIIII: 0j
  IIIIIZII: (0.8948607126567245+0j)
  IZIIIIII: (0.8948607126567245+0j)
  IIIIIZII: (2.7657344425149175e-17+0j)
  IIIIZIII: (0.5100083602545282+0j)
  ZIIIIIII: (0.5100083602545282+0j)
  IIIIZIII: (-0.4338967296643277+0j)

 

Information about the circuit: 
Number of qubits: 8
 Depth : 7

--- Starting Optimization Loop (method=COBYLA) ---
Iter 10: Cost = -2.553504114114232
Iter 20: Cost = -2.6604047989883566
Optimization success: True
Optimal Params: [-0.39269908 -0.39269908 -0.09746198  0.11856655]

--- Final Statevector (exact) ---
Marginals: [0.0006426939752240013, 0.09930576364742574, 0.9985631414313214, 0.9185961563613898, 0.998543549618236, 0.9152980366867334, 0.9985631414312854, 0.9206587378314945]

  ┌─ Depth 4 | Patch (64, 80, 208, 224) | eff_threshold=0.830
  │  θ-only  (before QAOA): [[0.469 0.223]
 [0.47  0.231]]
  │  QAOA    (after  QAOA): [[0.5   0.507]
 [0.999 0.92 ]]
  │  θ-only  refine: [[0 0]
 [0 0]]
  │  QAOA    refine: [[0 0]
 [1 1]]
  │  Agreement: 2/4 cells
  │  Boundary activation: ['bottom']
  └─
Transpiling circuit (backend=state_vector, opt_level=0)
  IIIIIIIZ: (7.595739245825394e-247+0j)
  IIIZIIII: 0j
  IIZIIIII: 0j
  IIIIIZII: (1.0585564194009616e-237+0j)

 

Information about the circuit: 
Number of qubits: 8
 Depth : 5

--- Null Hamiltonian detected (all coefficients zero). Skipping optimization — returning θ-init marginals. ---

--- Final Statevector (exact) ---
Marginals: [0.7305461492376477, 0.7134431884585981, 0.7228547247566333, 0.7024686713903415, 0.7305461492376476, 0.7134431884585983, 0.7228547247566333, 0.7024686713903417]

  ┌─ Depth 4 | Patch (80, 96, 192, 208) | eff_threshold=0.830
  │  θ-only  (before QAOA): [[0.731 0.713]
 [0.723 0.702]]
  │  QAOA    (after  QAOA): [[0.731 0.713]
 [0.723 0.702]]
  │  θ-only  refine: [[0 0]
 [0 0]]
  │  QAOA    refine: [[0 0]
 [0 0]]
  │  Agreement: 4/4 cells
  └─
Transpiling circuit (backend=state_vector, opt_level=0)
  IIIIIIIZ: (0.4539597648548511+0j)
  IIIZIIII: (0.4539597648548511+0j)
  IIIIIIIZ: (1.3248560888704797e-17+0j)
  IIIZIIII: 0j
  IIIIIIZI: (0.267682207132152+0j)
  IIZIIIII: (0.267682207132152+0j)
  IIIIIIZI: (-0.28239364430326314+0j)
  IIZIIIII: 0j
  IIIIIZII: (0.44506972853511007+0j)
  IZIIIIII: (0.44506972853511007+0j)
  IIIIIZII: (2.018570345189514e-17+0j)
  IIIIZIII: (0.26702219502662966+0j)
  ZIIIIIII: (0.26702219502662966+0j)
  IIIIZIII: (-0.017793261645600047+0j)

 

Information about the circuit: 
Number of qubits: 8
 Depth : 7

--- Starting Optimization Loop (method=COBYLA) ---
Iter 10: Cost = -2.334504648668698
Iter 20: Cost = -2.4397780914237006
Optimization success: True
Optimal Params: [-0.39269908 -0.39269908 -0.2372773   0.26942839]

--- Final Statevector (exact) ---
Marginals: [0.9977770827487408, 0.9213411429503261, 0.9963800571132266, 0.9217428609228842, 0.9977770827486978, 0.9210577908407613, 0.9963800571132253, 0.9215479143607488]

  ┌─ Depth 4 | Patch (80, 96, 208, 224) | eff_threshold=0.830
  │  θ-only  (before QAOA): [[0.466 0.233]
 [0.451 0.234]]
  │  QAOA    (after  QAOA): [[0.998 0.921]
 [0.996 0.922]]
  │  θ-only  refine: [[0 0]
 [0 0]]
  │  QAOA    refine: [[1 1]
 [1 1]]
  │  Agreement: 0/4 cells
  └─
Transpiling circuit (backend=state_vector, opt_level=0)
  IIIIIIIZ: (5.786128213633576e-221+0j)
  IIIZIIII: 0j
  IIZIIIII: 0j
  IIIIIZII: (1.8623095998732542e-208+0j)

 

Information about the circuit: 
Number of qubits: 8
 Depth : 5

--- Null Hamiltonian detected (all coefficients zero). Skipping optimization — returning θ-init marginals. ---

--- Final Statevector (exact) ---
Marginals: [0.7131952097176623, 0.6826710016053903, 0.7037086525861908, 0.6561318741202599, 0.7131952097176625, 0.6826710016053904, 0.7037086525861905, 0.6561318741202596]

  ┌─ Depth 4 | Patch (96, 112, 192, 208) | eff_threshold=0.830
  │  θ-only  (before QAOA): [[0.713 0.683]
 [0.704 0.656]]
  │  QAOA    (after  QAOA): [[0.713 0.683]
 [0.704 0.656]]
  │  θ-only  refine: [[0 0]
 [0 0]]
  │  QAOA    refine: [[0 0]
 [0 0]]
  │  Agreement: 4/4 cells
  └─
Transpiling circuit (backend=state_vector, opt_level=0)
  IIIIIIIZ: (0.21409059718181436+0j)
  IIIZIIII: (0.21409059718181436+0j)
  IIIIIIIZ: (8.547139212486639e-15+0j)
  IIIZIIII: 0j
  IIIIIIZI: (0.13201530176290577+0j)
  IIZIIIII: (0.13201530176290577+0j)
  IIIIIIZI: (0.07633109309799312+0j)
  IIZIIIII: 0j
  IIIIIZII: (0.20572299847973832+0j)
  IZIIIIII: (0.20572299847973832+0j)
  IIIIIZII: (2.8846400470128823e-13+0j)
  IIIIZIII: (0.12263925033962028+0j)
  ZIIIIIII: (0.12263925033962028+0j)
  IIIIZIII: (0.051355371632151495+0j)

 

Information about the circuit: 
Number of qubits: 8
 Depth : 7

--- Starting Optimization Loop (method=COBYLA) ---
Iter 10: Cost = -1.373144044628994
Iter 20: Cost = -1.3834711333629002
Optimization success: True
Optimal Params: [-0.39269908 -0.39269908 -0.02107306 -0.05150715]

--- Final Statevector (exact) ---
Marginals: [0.9948515078790602, 0.9232140732154223, 0.9915523248424993, 0.9237126077901943, 0.9948515078790595, 0.9233057644086253, 0.9915523248424982, 0.9237660115128332]

  ┌─ Depth 4 | Patch (96, 112, 208, 224) | eff_threshold=0.830
  │  θ-only  (before QAOA): [[0.43  0.234]
 [0.409 0.235]]
  │  QAOA    (after  QAOA): [[0.995 0.923]
 [0.992 0.924]]
  │  θ-only  refine: [[0 0]
 [0 0]]
  │  QAOA    refine: [[1 1]
 [1 1]]
  │  Agreement: 0/4 cells
  └─
Transpiling circuit (backend=state_vector, opt_level=0)
  IIIIIIIZ: (2.564217289169715e-193+0j)
  IIIZIIII: 0j
  IIZIIIII: 0j
  IIIIIZII: (3.5985816139186507e-186+0j)

 

Information about the circuit: 
Number of qubits: 8
 Depth : 5

--- Null Hamiltonian detected (all coefficients zero). Skipping optimization — returning θ-init marginals. ---

--- Final Statevector (exact) ---
Marginals: [0.7049752291837028, 0.6253674183546232, 0.7160766748548523, 0.5944020160268105, 0.7049752291837028, 0.625367418354623, 0.7160766748548522, 0.5944020160268104]

  ┌─ Depth 4 | Patch (112, 128, 192, 208) | eff_threshold=0.830
  │  θ-only  (before QAOA): [[0.705 0.625]
 [0.716 0.594]]
  │  QAOA    (after  QAOA): [[0.705 0.625]
 [0.716 0.594]]
  │  θ-only  refine: [[0 0]
 [0 0]]
  │  QAOA    refine: [[0 0]
 [0 0]]
  │  Agreement: 4/4 cells
  └─
Transpiling circuit (backend=state_vector, opt_level=0)
  IIIIIIIZ: (0.6892898992374334+0j)
  IIIZIIII: (0.6892898992374334+0j)
  IIIIIIIZ: (2.397187587102237e-10+0j)
  IIIZIIII: 0j
  IIIIIIZI: (0.3735954398217033+0j)
  IIZIIIII: (0.3735954398217033+0j)
  IIIIIIZI: (0.3225490465415887+0j)
  IIZIIIII: 0j
  IIIIIZII: (0.6216565689050948+0j)
  IZIIIIII: (0.6216565689050948+0j)
  IIIIIZII: (2.5127369426376653e-09+0j)
  IIIIZIII: (0.3604810585152222+0j)
  ZIIIIIII: (0.3604810585152222+0j)
  IIIIZIII: (0.28671440006855+0j)

 

Information about the circuit: 
Number of qubits: 8
 Depth : 7

--- Starting Optimization Loop (method=COBYLA) ---
Iter 10: Cost = -4.232687435715185
Iter 20: Cost = -4.2494659293541135
Iter 30: Cost = -4.215148231614696
Optimization success: True
Optimal Params: [-0.39269908 -0.39269908  0.19561465 -0.2303496 ]

--- Final Statevector (exact) ---
Marginals: [0.9854738847168709, 0.9170879172776556, 0.9744709350319588, 0.9184117972560926, 0.9854738847193037, 0.9223478573663675, 0.9744709354220855, 0.9227983516369267]

  ┌─ Depth 4 | Patch (112, 128, 208, 224) | eff_threshold=0.830
  │  θ-only  (before QAOA): [[0.395 0.236]
 [0.353 0.236]]
  │  QAOA    (after  QAOA): [[0.985 0.92 ]
 [0.974 0.921]]
  │  θ-only  refine: [[0 0]
 [0 0]]
  │  QAOA    refine: [[1 1]
 [1 1]]
  │  Agreement: 0/4 cells
  └─
Transpiling circuit (backend=state_vector, opt_level=0)
  IIIIIIIZ: (1.3023009581289378e-89+0j)
  IIIZIIII: 0j
  IIZIIIII: 0j
  IIIIIZII: (1.5460192130880793e-104+0j)

 

Information about the circuit: 
Number of qubits: 8
 Depth : 5

--- Null Hamiltonian detected (all coefficients zero). Skipping optimization — returning θ-init marginals. ---

--- Final Statevector (exact) ---
Marginals: [0.4212594911979619, 0.6132584798844849, 0.4481844282237834, 0.6351556919415283, 0.4212594911979618, 0.6132584798844848, 0.44818442822378335, 0.6351556919415285]

  ┌─ Depth 4 | Patch (128, 144, 48, 64) | eff_threshold=0.830
  │  θ-only  (before QAOA): [[0.421 0.613]
 [0.448 0.635]]
  │  QAOA    (after  QAOA): [[0.421 0.613]
 [0.448 0.635]]
  │  θ-only  refine: [[0 0]
 [0 0]]
  │  QAOA    refine: [[0 0]
 [0 0]]
  │  Agreement: 4/4 cells
  └─
Transpiling circuit (backend=state_vector, opt_level=0)
  IIIIIIIZ: (3.289408175496262e-05+0j)
  IIIZIIII: (3.289408175496262e-05+0j)
  IIIIIIZZ: (-3.0486816548513616e-06+0j)
  IIIIIIIZ: (2.5153807723440493e-07+0j)
  IIIZIIII: 0j
  IIIIIIZI: (7.299512628556133e-05+0j)
  IIZIIIII: (7.299512628556133e-05+0j)
  IIZIIIII: 0j
  IIIIIZII: (2.3854236676343338e-05+0j)
  IZIIIIII: (2.3854236676343338e-05+0j)
  IIIIZZII: (-2.0618147537907124e-06+0j)
  IZIIIIII: (0.00010495678560266905+0j)
  IIIIIZII: (-3.5748325791622464e-07+0j)
  IIIIZIII: (6.722359916969452e-05+0j)
  ZIIIIIII: (6.722359916969452e-05+0j)

 

Information about the circuit: 
Number of qubits: 8
 Depth : 9

--- Starting Optimization Loop (method=COBYLA) ---
Iter 10: Cost = -0.00042745235512080097
Iter 20: Cost = -0.000430805294713546
Optimization success: True
Optimal Params: [0.39269908 0.39269908 0.42561397 1.2838613 ]

--- Final Statevector (exact) ---
Marginals: [0.7941424123506436, 0.9650750190084298, 0.8897767794679581, 0.9743007970789828, 0.8963177986161686, 0.9650750188430233, 0.890737605939891, 0.9743007444053235]

  ┌─ Depth 4 | Patch (144, 160, 32, 48) | eff_threshold=0.830
  │  θ-only  (before QAOA): [[0.195 0.316]
 [0.188 0.342]]
  │  QAOA    (after  QAOA): [[0.845 0.965]
 [0.89  0.974]]
  │  θ-only  refine: [[0 0]
 [0 0]]
  │  QAOA    refine: [[1 1]
 [1 1]]
  │  Agreement: 0/4 cells
  └─
Transpiling circuit (backend=state_vector, opt_level=0)
  IIIIIIIZ: (6.0917456845469174e-124+0j)
  IIIZIIII: 0j
  IIZIIIII: 0j
  IIIIIZII: (4.2945274148963157e-147+0j)

 

Information about the circuit: 
Number of qubits: 8
 Depth : 5

--- Null Hamiltonian detected (all coefficients zero). Skipping optimization — returning θ-init marginals. ---

--- Final Statevector (exact) ---
Marginals: [0.4894223853959528, 0.6924925096861352, 0.5387481662607557, 0.7557840739361417, 0.4894223853959528, 0.6924925096861354, 0.5387481662607556, 0.7557840739361414]

  ┌─ Depth 4 | Patch (144, 160, 48, 64) | eff_threshold=0.830
  │  θ-only  (before QAOA): [[0.489 0.692]
 [0.539 0.756]]
  │  QAOA    (after  QAOA): [[0.489 0.692]
 [0.539 0.756]]
  │  θ-only  refine: [[0 0]
 [0 0]]
  │  QAOA    refine: [[0 0]
 [0 0]]
  │  Agreement: 4/4 cells
  │  Boundary activation: ['right']
  └─
Transpiling circuit (backend=state_vector, opt_level=0)
  IIIIIIIZ: (-2.755543110058869e-07+0j)
  IIIZIIII: 0j
  IIZIIIII: 0j
  IZIIIIII: (0.0007987722829431265+0j)
  IIIIIZII: (-6.853463393786089e-08+0j)

 

Information about the circuit: 
Number of qubits: 8
 Depth : 5

--- Starting Optimization Loop (method=COBYLA) ---
Iter 10: Cost = 2.305771049531948e-05
Iter 20: Cost = -0.0005197715245571929
Iter 30: Cost = -0.0005010562358789801
Optimization success: True
Optimal Params: [-0.39269908 -0.39269908  0.36785734  1.02946134]

--- Final Statevector (exact) ---
Marginals: [0.11460498675975903, 0.017110732950353747, 0.11375715765874485, 0.01034725740261217, 0.11386892565931528, 0.0171108497596372, 0.8256604188849404, 0.9893674874626841]

  ┌─ Depth 4 | Patch (160, 176, 32, 48) | eff_threshold=0.830
  │  θ-only  (before QAOA): [[0.182 0.37 ]
 [0.183 0.399]]
  │  QAOA    (after  QAOA): [[0.114 0.017]
 [0.47  0.5  ]]
  │  θ-only  refine: [[0 0]
 [0 0]]
  │  QAOA    refine: [[0 0]
 [0 0]]
  │  Agreement: 4/4 cells
  │  Boundary activation: ['bottom']
  └─
Transpiling circuit (backend=state_vector, opt_level=0)
  IIIIIIIZ: (7.294916777195705e-185+0j)
  IIIZIIII: 0j
  IIZIIIII: 0j
  IIIIIZII: (1.4681178479167495e-211+0j)

 

Information about the circuit: 
Number of qubits: 8
 Depth : 5

--- Null Hamiltonian detected (all coefficients zero). Skipping optimization — returning θ-init marginals. ---

--- Final Statevector (exact) ---
Marginals: [0.588987076062953, 0.8001835209887732, 0.6345565524875082, 0.8285029981185028, 0.5889870760629529, 0.8001835209887731, 0.6345565524875083, 0.8285029981185028]

  ┌─ Depth 4 | Patch (160, 176, 48, 64) | eff_threshold=0.830
  │  θ-only  (before QAOA): [[0.589 0.8  ]
 [0.635 0.829]]
  │  QAOA    (after  QAOA): [[0.589 0.8  ]
 [0.635 0.829]]
  │  θ-only  refine: [[0 0]
 [0 0]]
  │  QAOA    refine: [[0 0]
 [0 0]]
  │  Agreement: 4/4 cells
  │  Boundary activation: ['right']
  └─
Transpiling circuit (backend=state_vector, opt_level=0)
  IIIIIIIZ: (-0.002279857190642353+0j)
  IIIZIIII: (-0.002279857190642353+0j)
  IIIIIIIZ: (-4.509585593643571e-09+0j)
  IIIZIIII: 0j
  IIIIIIZI: (0.002861182669972003+0j)
  IIZIIIII: (0.002861182669972003+0j)
  IIZIIIII: 0j
  IIIIIZII: (-0.0024492215315198252+0j)
  IZIIIIII: (-0.0024492215315198252+0j)
  IZIIIIII: (0.0030268430790574745+0j)
  IIIIIZII: (-1.0497403587085859e-10+0j)
  IIIIZIII: (0.0032026668593246265+0j)
  ZIIIIIII: (0.0032026668593246265+0j)

 

Information about the circuit: 
Number of qubits: 8
 Depth : 7

--- Starting Optimization Loop (method=COBYLA) ---
Iter 10: Cost = -0.001959420404490658
Optimization success: True
Optimal Params: [0.         0.         0.28812951 0.47625902]

--- Final Statevector (exact) ---
Marginals: [0.19011277838121007, 0.4236563608881001, 0.20125086924067115, 0.4415498455719498, 0.19011277838121013, 0.42365636088810005, 0.20125086924067126, 0.44154984557195004]

  ┌─ Depth 4 | Patch (176, 192, 32, 48) | eff_threshold=0.830
  │  θ-only  (before QAOA): [[0.19  0.424]
 [0.201 0.442]]
  │  QAOA    (after  QAOA): [[0.19  0.424]
 [0.201 0.442]]
  │  θ-only  refine: [[0 0]
 [0 0]]
  │  QAOA    refine: [[0 0]
 [0 0]]
  │  Agreement: 4/4 cells
  │  Boundary activation: ['right']
  └─
Transpiling circuit (backend=state_vector, opt_level=0)
  IIIIIIIZ: (2.2662894181744066e-232+0j)
  IIIZIIII: 0j
  IIZIIIII: 0j
  IIIIIZII: (1.1788106048557737e-242+0j)

 

Information about the circuit: 
Number of qubits: 8
 Depth : 5

--- Null Hamiltonian detected (all coefficients zero). Skipping optimization — returning θ-init marginals. ---

--- Final Statevector (exact) ---
Marginals: [0.6712700840242172, 0.7887972603367391, 0.6963396020360718, 0.75155126797447, 0.6712700840242172, 0.788797260336739, 0.6963396020360717, 0.7515512679744701]

  ┌─ Depth 4 | Patch (176, 192, 48, 64) | eff_threshold=0.830
  │  θ-only  (before QAOA): [[0.671 0.789]
 [0.696 0.752]]
  │  QAOA    (after  QAOA): [[0.671 0.789]
 [0.696 0.752]]
  │  θ-only  refine: [[0 0]
 [0 0]]
  │  QAOA    refine: [[0 0]
 [0 0]]
  │  Agreement: 4/4 cells
  └─
Transpiling circuit (backend=state_vector, opt_level=0)
  IIIIIIIZ: (1.0182566472098325e-229+0j)
  IIIZIIII: 0j
  IIZIIIII: 0j
  IIIIIZII: (5.6743059284748685e-241+0j)

 

Information about the circuit: 
Number of qubits: 8
 Depth : 5

--- Null Hamiltonian detected (all coefficients zero). Skipping optimization — returning θ-init marginals. ---

--- Final Statevector (exact) ---
Marginals: [0.717377622633058, 0.6918982902673674, 0.7271271069254723, 0.7086086100221543, 0.7173776226330579, 0.6918982902673674, 0.7271271069254721, 0.7086086100221545]

  ┌─ Depth 4 | Patch (128, 144, 64, 80) | eff_threshold=0.830
  │  θ-only  (before QAOA): [[0.717 0.692]
 [0.727 0.709]]
  │  QAOA    (after  QAOA): [[0.717 0.692]
 [0.727 0.709]]
  │  θ-only  refine: [[0 0]
 [0 0]]
  │  QAOA    refine: [[0 0]
 [0 0]]
  │  Agreement: 4/4 cells
  └─
Transpiling circuit (backend=state_vector, opt_level=0)
  IIIIIIIZ: (0.05234197521304598+0j)
  IIIZIIII: (0.05234197521304598+0j)
  IIIIIIIZ: (1.1306583429604599e-16+0j)
  IIIZIIII: 0j
  IIIIIIZI: (0.03203253640288929+0j)
  IIZIIIII: (0.03203253640288929+0j)
  IIIIIIZI: (0.018182224814569378+0j)
  IIZIIIII: 0j
  IIIIIZII: (0.05446710692916874+0j)
  IZIIIIII: (0.05446710692916874+0j)
  IIIIIZII: (2.2391369258779584e-17+0j)
  IIIIZIII: (0.03428678155387093+0j)
  ZIIIIIII: (0.03428678155387093+0j)
  IIIIZIII: (-0.10315555742645642+0j)
  ZIIIIIII: (1.4473176079072914e-05+0j)

 

Information about the circuit: 
Number of qubits: 8
 Depth : 7

--- Starting Optimization Loop (method=COBYLA) ---
Iter 10: Cost = -0.21717280060615024
Iter 20: Cost = -0.21718353389506143
Optimization success: True
Optimal Params: [-0.39269908 -0.39164268  0.67131313  0.32571088]

--- Final Statevector (exact) ---
Marginals: [0.993868980896562, 0.9207174528650544, 0.995748930826389, 0.9188098918188006, 0.7748717369406517, 0.7514458736023084, 0.9958327284609608, 0.9213572308693148]

  ┌─ Depth 4 | Patch (128, 144, 80, 96) | eff_threshold=0.830
  │  θ-only  (before QAOA): [[0.439 0.234]
 [0.458 0.233]]
  │  QAOA    (after  QAOA): [[0.884 0.836]
 [0.996 0.92 ]]
  │  θ-only  refine: [[0 0]
 [0 0]]
  │  QAOA    refine: [[1 1]
 [1 1]]
  │  Agreement: 0/4 cells
  └─
Transpiling circuit (backend=state_vector, opt_level=0)
  IIIIIIIZ: (3.901288080180559e-251+0j)
  IIIZIIII: 0j
  IIZIIIII: 0j
  IIIIIZII: (7.77934060043099e-253+0j)

 

Information about the circuit: 
Number of qubits: 8
 Depth : 5

--- Null Hamiltonian detected (all coefficients zero). Skipping optimization — returning θ-init marginals. ---

--- Final Statevector (exact) ---
Marginals: [0.7323473817307264, 0.7156152944762383, 0.7324761300332718, 0.7157187077934379, 0.7323473817307264, 0.7156152944762382, 0.7324761300332718, 0.715718707793438]

  ┌─ Depth 4 | Patch (144, 160, 64, 80) | eff_threshold=0.830
  │  θ-only  (before QAOA): [[0.732 0.716]
 [0.732 0.716]]
  │  QAOA    (after  QAOA): [[0.732 0.716]
 [0.732 0.716]]
  │  θ-only  refine: [[0 0]
 [0 0]]
  │  QAOA    refine: [[0 0]
 [0 0]]
  │  Agreement: 4/4 cells
  └─
Transpiling circuit (backend=state_vector, opt_level=0)
  IIIIIIIZ: (0.8808994788900031+0j)
  IIIZIIII: (0.8808994788900031+0j)
  IIIIIIIZ: (7.316732223000735e-18+0j)
  IIIZIIII: 0j
  IIIIIIZI: (0.5208806790443636+0j)
  IIZIIIII: (0.5208806790443636+0j)
  IIIIIIZI: (-0.23065040713808677+0j)
  IIZIIIII: 0j
  IIIIIZII: (0.8924475514757592+0j)
  IZIIIIII: (0.8924475514757592+0j)
  IIIIIZII: (4.530674020619899e-17+0j)
  IIIIZIII: (0.52086996767203+0j)
  ZIIIIIII: (0.52086996767203+0j)
  IIIIZIII: (-0.42059310316456433+0j)
  ZIIIIIII: (0.00011166315926354248+0j)

 

Information about the circuit: 
Number of qubits: 8
 Depth : 7

--- Starting Optimization Loop (method=COBYLA) ---
Iter 10: Cost = -4.618992961074215
Iter 20: Cost = -4.7503212992601735
Optimization success: True
Optimal Params: [-0.39269908 -0.39269908 -0.0049479  -0.02841027]

--- Final Statevector (exact) ---
Marginals: [0.998539935047107, 0.9221041777838962, 0.9986044615558177, 0.9205746691447949, 0.9985199570919303, 0.9219643457322445, 0.9986044611200946, 0.9203798321482525]

  ┌─ Depth 4 | Patch (144, 160, 80, 96) | eff_threshold=0.830
  │  θ-only  (before QAOA): [[0.469 0.232]
 [0.47  0.23 ]]
  │  QAOA    (after  QAOA): [[0.999 0.922]
 [0.999 0.92 ]]
  │  θ-only  refine: [[0 0]
 [0 0]]
  │  QAOA    refine: [[1 1]
 [1 1]]
  │  Agreement: 0/4 cells
  └─
Transpiling circuit (backend=state_vector, opt_level=0)
  IIIIIIIZ: (6.643601545037844e-251+0j)
  IIIZIIII: 0j
  IIZIIIII: 0j
  IIIIIZII: (7.297869517866267e-248+0j)

 

Information about the circuit: 
Number of qubits: 8
 Depth : 5

--- Null Hamiltonian detected (all coefficients zero). Skipping optimization — returning θ-init marginals. ---

--- Final Statevector (exact) ---
Marginals: [0.7544675160913812, 0.709808545722119, 0.8190017597672854, 0.6914338670900435, 0.7544675160913813, 0.709808545722119, 0.8190017597672855, 0.6914338670900433]

  ┌─ Depth 4 | Patch (160, 176, 64, 80) | eff_threshold=0.830
  │  θ-only  (before QAOA): [[0.754 0.71 ]
 [0.819 0.691]]
  │  QAOA    (after  QAOA): [[0.754 0.71 ]
 [0.819 0.691]]
  │  θ-only  refine: [[0 0]
 [0 0]]
  │  QAOA    refine: [[0 0]
 [0 0]]
  │  Agreement: 4/4 cells
  └─
Transpiling circuit (backend=state_vector, opt_level=0)
  IIIIIIIZ: (0.8929084037709617+0j)
  IIIZIIII: (0.8929084037709617+0j)
  IIIIIIIZ: (1.8927180828456476e-14+0j)
  IIIZIIII: 0j
  IIIIIIZI: (0.5030549301275635+0j)
  IIZIIIII: (0.5030549301275635+0j)
  IIIIIIZI: (-0.5436230107326321+0j)
  IIZIIIII: 0j
  IIIIIZII: (0.8781481187057221+0j)
  IZIIIIII: (0.8781481187057221+0j)
  IIIIIZII: (2.0121101082156944e-12+0j)
  IIIIZIII: (0.4879311842745192+0j)
  ZIIIIIII: (0.4879311842745192+0j)
  IIIIZIII: (-0.39149138069781847+0j)
  ZIIIIIII: (0.0014853479693899432+0j)

 

Information about the circuit: 
Number of qubits: 8
 Depth : 7

--- Starting Optimization Loop (method=COBYLA) ---
Iter 10: Cost = -4.304358838482851
Iter 20: Cost = -4.364358787397137
Optimization success: True
Optimal Params: [-0.39269908 -0.39269908 -0.05085076  0.03625446]

--- Final Statevector (exact) ---
Marginals: [0.9984241221892858, 0.9131644426014427, 0.9974038574672531, 0.9047965716966682, 0.9984241219715705, 0.9129392624001127, 0.9974038574672172, 0.904589221603113]

  ┌─ Depth 4 | Patch (160, 176, 80, 96) | eff_threshold=0.830
  │  θ-only  (before QAOA): [[0.468 0.218]
 [0.455 0.207]]
  │  QAOA    (after  QAOA): [[0.998 0.913]
 [0.997 0.905]]
  │  θ-only  refine: [[0 0]
 [0 0]]
  │  QAOA    refine: [[1 1]
 [1 1]]
  │  Agreement: 0/4 cells
  └─
Transpiling circuit (backend=state_vector, opt_level=0)
  IIIIIIIZ: (1.6292881803190773e-231+0j)
  IIIZIIII: 0j
  IIZIIIII: 0j
  IIIIIZII: (3.338042581681751e-208+0j)

 

Information about the circuit: 
Number of qubits: 8
 Depth : 5

--- Null Hamiltonian detected (all coefficients zero). Skipping optimization — returning θ-init marginals. ---

--- Final Statevector (exact) ---
Marginals: [0.8560238245208047, 0.6608844265838526, 0.8214929287521632, 0.6199167382715238, 0.8560238245208047, 0.6608844265838525, 0.8214929287521631, 0.6199167382715238]

  ┌─ Depth 4 | Patch (176, 192, 64, 80) | eff_threshold=0.830
  │  θ-only  (before QAOA): [[0.856 0.661]
 [0.821 0.62 ]]
  │  QAOA    (after  QAOA): [[0.856 0.661]
 [0.821 0.62 ]]
  │  θ-only  refine: [[1 0]
 [0 0]]
  │  QAOA    refine: [[1 0]
 [0 0]]
  │  Agreement: 4/4 cells
  └─
Transpiling circuit (backend=state_vector, opt_level=0)
  IIIIIIIZ: (0.00039308956425806584+0j)
  IIIZIIII: (0.00039308956425806584+0j)
  IIIIIIIZ: (1.3362534820419576e-09+0j)
  IIIZIIII: 0j
  IIIIIIZI: (0.00021014960981130277+0j)
  IIZIIIII: (0.00021014960981130277+0j)
  IIIIIIZI: (-0.6368689924317174+0j)
  IIZIIIII: 0j
  IIIIIZII: (0.0003736270493022384+0j)
  IZIIIIII: (0.0003736270493022384+0j)
  IIIIIZII: (4.081416619243443e-08+0j)
  IIIIZIII: (0.00019774408322115498+0j)
  ZIIIIIII: (0.00019774408322115498+0j)
  IIIIZIII: (-0.5999184873572734+0j)
  ZIIIIIII: (0.00021169214451416025+0j)

 

Information about the circuit: 
Number of qubits: 8
 Depth : 7

--- Starting Optimization Loop (method=COBYLA) ---
Iter 10: Cost = -1.0781673615900662
Iter 20: Cost = -1.180006541382383
Iter 30: Cost = -1.2344138224268124
Iter 40: Cost = -1.233184479547634
Optimization success: False
Optimal Params: [ 0.38771951  0.05818817 -0.09609474  0.63637777]

--- Final Statevector (exact) ---
Marginals: [0.07179157311982183, 0.0008791588019944746, 0.057289823820567264, 0.0003736561565891519, 0.07179157311979896, 0.0001663135242260515, 0.05728982381996761, 1.87129582846383e-05]

  ┌─ Depth 4 | Patch (176, 192, 80, 96) | eff_threshold=0.830
  │  θ-only  (before QAOA): [[0.432 0.196]
 [0.403 0.189]]
  │  QAOA    (after  QAOA): [[0.072 0.001]
 [0.057 0.   ]]
  │  θ-only  refine: [[0 0]
 [0 0]]
  │  QAOA    refine: [[0 0]
 [0 0]]
  │  Agreement: 4/4 cells
  └─
Transpiling circuit (backend=state_vector, opt_level=0)
  IIIIIIIZ: (-0.06671345549740222+0j)
  IIIZIIII: (-0.06671345549740222+0j)
  IIIIIIIZ: (-6.253461408779022e-14+0j)
  IIIZIIII: 0j
  IIIIIIZI: (0.17159197414495403+0j)
  IIZIIIII: (0.17159197414495403+0j)
  IIZIIIII: 0j
  IIIIIZII: (-0.04814431525277425+0j)
  IZIIIIII: (-0.04814431525277425+0j)
  IZIIIIII: (6.433310010441689e-06+0j)
  IIIIIZII: (-1.885034159725893e-15+0j)
  IIIIZIII: (0.19005877291475512+0j)
  ZIIIIIII: (0.19005877291475512+0j)

 

Information about the circuit: 
Number of qubits: 8
 Depth : 7

--- Starting Optimization Loop (method=COBYLA) ---
Iter 10: Cost = -0.1729921813406049
Iter 20: Cost = -0.29720201212680797
Optimization success: True
Optimal Params: [-0.3540372  -0.16827347 -0.24403424 -0.11621247]

--- Final Statevector (exact) ---
Marginals: [0.009195436566935857, 0.045970029304759796, 0.6586846771835497, 0.9027284085883267, 0.7103965552069145, 0.9029348172881531, 0.7185299979330331, 0.9027284085881724]

  ┌─ Depth 4 | Patch (192, 208, 32, 48) | eff_threshold=0.830
  │  θ-only  (before QAOA): [[0.214 0.45 ]
 [0.221 0.45 ]]
  │  QAOA    (after  QAOA): [[0.36  0.474]
 [0.689 0.903]]
  │  θ-only  refine: [[0 0]
 [0 0]]
  │  QAOA    refine: [[0 0]
 [0 1]]
  │  Agreement: 3/4 cells
  │  Boundary activation: ['bottom']
  └─
Transpiling circuit (backend=state_vector, opt_level=0)
  IIIIIIIZ: (4.325685454309436e-251+0j)
  IIIZIIII: 0j
  IIZIIIII: 0j
  IIIIIZII: (4.689083509134735e-252+0j)

 

Information about the circuit: 
Number of qubits: 8
 Depth : 5

--- Null Hamiltonian detected (all coefficients zero). Skipping optimization — returning θ-init marginals. ---

--- Final Statevector (exact) ---
Marginals: [0.7083968312040245, 0.7390848292097716, 0.7095180179026513, 0.7396522002289945, 0.7083968312040246, 0.7390848292097715, 0.709518017902651, 0.7396522002289944]

  ┌─ Depth 4 | Patch (192, 208, 48, 64) | eff_threshold=0.830
  │  θ-only  (before QAOA): [[0.708 0.739]
 [0.71  0.74 ]]
  │  QAOA    (after  QAOA): [[0.708 0.739]
 [0.71  0.74 ]]
  │  θ-only  refine: [[0 0]
 [0 0]]
  │  QAOA    refine: [[0 0]
 [0 0]]
  │  Agreement: 4/4 cells
  └─
Transpiling circuit (backend=state_vector, opt_level=0)
  IIIIIIIZ: (0.013581078635909436+0j)
  IIIZIIII: (0.013581078635909436+0j)
  IIIIIIIZ: (-1.2463713864121974e-16+0j)
  IIIZIIII: 0j
  IIIIIIZI: (0.12910634341288646+0j)
  IIZIIIII: (0.12910634341288646+0j)
  IIZIIIII: 0j
  IIIIIZII: (0.028006745129193857+0j)
  IZIIIIII: (0.028006745129193857+0j)
  IIIIIZII: (-1.973865905103226e-17+0j)
  IIIIZIII: (0.13357494806127845+0j)
  ZIIIIIII: (0.13357494806127845+0j)

 

Information about the circuit: 
Number of qubits: 8
 Depth : 7

--- Starting Optimization Loop (method=COBYLA) ---
Iter 10: Cost = -0.5397168511710055
Iter 20: Cost = -0.5900627870154127
Iter 30: Cost = -0.5909289104159607
Optimization success: True
Optimal Params: [-0.39269908 -0.39269908  0.1036449   0.07258277]

--- Final Statevector (exact) ---
Marginals: [0.8758113009908127, 0.9967866958949397, 0.921216151682971, 0.9952782265479224, 0.9184723251449225, 0.9967866958949836, 0.9212097309806332, 0.9952782265479236]

  ┌─ Depth 4 | Patch (208, 224, 32, 48) | eff_threshold=0.830
  │  θ-only  (before QAOA): [[0.226 0.447]
 [0.231 0.435]]
  │  QAOA    (after  QAOA): [[0.897 0.997]
 [0.921 0.995]]
  │  θ-only  refine: [[0 0]
 [0 0]]
  │  QAOA    refine: [[1 1]
 [1 1]]
  │  Agreement: 0/4 cells
  └─
Transpiling circuit (backend=state_vector, opt_level=0)
  IIIIIIIZ: (1.3453063611321147e-245+0j)
  IIIZIIII: 0j
  IIZIIIII: 0j
  IIIIIZII: (4.586557184339669e-235+0j)

 

Information about the circuit: 
Number of qubits: 8
 Depth : 5

--- Null Hamiltonian detected (all coefficients zero). Skipping optimization — returning θ-init marginals. ---

--- Final Statevector (exact) ---
Marginals: [0.7064071349729367, 0.7372485692715143, 0.6920492583336236, 0.7283095361054975, 0.7064071349729368, 0.7372485692715142, 0.6920492583336235, 0.7283095361054974]

  ┌─ Depth 4 | Patch (208, 224, 48, 64) | eff_threshold=0.830
  │  θ-only  (before QAOA): [[0.706 0.737]
 [0.692 0.728]]
  │  QAOA    (after  QAOA): [[0.706 0.737]
 [0.692 0.728]]
  │  θ-only  refine: [[0 0]
 [0 0]]
  │  QAOA    refine: [[0 0]
 [0 0]]
  │  Agreement: 4/4 cells
  └─
Transpiling circuit (backend=state_vector, opt_level=0)
  IIIIIIIZ: (0.02566362414812567+0j)
  IIIZIIII: (0.02566362414812567+0j)
  IIIIIIIZ: (3.831186089180046e-15+0j)
  IIIZIIII: 0j
  IIIIIIZI: (0.05653037010402195+0j)
  IIZIIIII: (0.05653037010402195+0j)
  IIZIIIII: 0j
  IIIIIZII: (0.0293649705402288+0j)
  IZIIIIII: (0.0293649705402288+0j)
  IIIIIZII: (6.436017716059426e-14+0j)
  IIIIZIII: (0.05748068633885616+0j)
  ZIIIIIII: (0.05748068633885616+0j)

 

Information about the circuit: 
Number of qubits: 8
 Depth : 7

--- Starting Optimization Loop (method=COBYLA) ---
Iter 10: Cost = -0.316740399679903
Iter 20: Cost = -0.31555728727616567
Optimization success: True
Optimal Params: [-0.39269908 -0.39269908  0.45587156  0.2730715 ]

--- Final Statevector (exact) ---
Marginals: [0.9229390229352457, 0.9917549794177813, 0.9241078792469666, 0.989059411156125, 0.9229201803104841, 0.9917549794177832, 0.9241077253434651, 0.989059411156129]

  ┌─ Depth 4 | Patch (224, 240, 32, 48) | eff_threshold=0.830
  │  θ-only  (before QAOA): [[0.234 0.417]
 [0.236 0.403]]
  │  QAOA    (after  QAOA): [[0.923 0.992]
 [0.924 0.989]]
  │  θ-only  refine: [[0 0]
 [0 0]]
  │  QAOA    refine: [[1 1]
 [1 1]]
  │  Agreement: 0/4 cells
  └─
Transpiling circuit (backend=state_vector, opt_level=0)
  IIIIIIIZ: (5.6973044925555384e-216+0j)
  IIIZIIII: 0j
  IIZIIIII: 0j
  IIIIIZII: (1.1407004839953336e-201+0j)

 

Information about the circuit: 
Number of qubits: 8
 Depth : 5

--- Null Hamiltonian detected (all coefficients zero). Skipping optimization — returning θ-init marginals. ---

--- Final Statevector (exact) ---
Marginals: [0.66786182383235, 0.7162635887267793, 0.6365229981680676, 0.7060291356168089, 0.6678618238323502, 0.7162635887267791, 0.6365229981680678, 0.7060291356168089]

  ┌─ Depth 4 | Patch (224, 240, 48, 64) | eff_threshold=0.830
  │  θ-only  (before QAOA): [[0.668 0.716]
 [0.637 0.706]]
  │  QAOA    (after  QAOA): [[0.668 0.716]
 [0.637 0.706]]
  │  θ-only  refine: [[0 0]
 [0 0]]
  │  QAOA    refine: [[0 0]
 [0 0]]
  │  Agreement: 4/4 cells
  └─
Transpiling circuit (backend=state_vector, opt_level=0)
  IIIIIIIZ: (0.17308071912732653+0j)
  IIIZIIII: (0.17308071912732653+0j)
  IIIIIIIZ: (6.182244821681357e-11+0j)
  IIIZIIII: 0j
  IIIIIIZI: (0.2864961242876918+0j)
  IIZIIIII: (0.2864961242876918+0j)
  IIZIIIII: 0j
  IIIIIZII: (0.1756788433707902+0j)
  IZIIIIII: (0.1756788433707902+0j)
  IIIIIZII: (2.7562265662427317e-10+0j)
  IIIIZIII: (0.28731145062827074+0j)
  ZIIIIIII: (0.28731145062827074+0j)

 

Information about the circuit: 
Number of qubits: 8
 Depth : 7

--- Starting Optimization Loop (method=COBYLA) ---
Iter 10: Cost = -1.659872828574262
Iter 20: Cost = -1.6715327701096483
Optimization success: True
Optimal Params: [-0.39269908 -0.39269908  0.09083747  0.11045913]

--- Final Statevector (exact) ---
Marginals: [0.9241350397018202, 0.9804050875756957, 0.9241095127165992, 0.97228489316178, 0.9241348592358348, 0.9804050875757023, 0.9241095058961466, 0.9722848977113572]

  ┌─ Depth 4 | Patch (240, 256, 32, 48) | eff_threshold=0.830
  │  θ-only  (before QAOA): [[0.237 0.37 ]
 [0.237 0.343]]
  │  QAOA    (after  QAOA): [[0.924 0.98 ]
 [0.924 0.972]]
  │  θ-only  refine: [[0 0]
 [0 0]]
  │  QAOA    refine: [[1 1]
 [1 1]]
  │  Agreement: 0/4 cells
  └─
Transpiling circuit (backend=state_vector, opt_level=0)
  IIIIIIIZ: (7.575084118842729e-184+0j)
  IIIZIIII: 0j
  IIZIIIII: 0j
  IIIIIZII: (8.09244980631314e-177+0j)

 

Information about the circuit: 
Number of qubits: 8
 Depth : 5

--- Null Hamiltonian detected (all coefficients zero). Skipping optimization — returning θ-init marginals. ---

--- Final Statevector (exact) ---
Marginals: [0.6019011495525913, 0.705017355940697, 0.5702971362057677, 0.714909541516945, 0.6019011495525912, 0.7050173559406973, 0.5702971362057676, 0.7149095415169447]

  ┌─ Depth 4 | Patch (240, 256, 48, 64) | eff_threshold=0.830
  │  θ-only  (before QAOA): [[0.602 0.705]
 [0.57  0.715]]
  │  QAOA    (after  QAOA): [[0.602 0.705]
 [0.57  0.715]]
  │  θ-only  refine: [[0 0]
 [0 0]]
  │  QAOA    refine: [[0 0]
 [0 0]]
  │  Agreement: 4/4 cells
  └─
Transpiling circuit (backend=state_vector, opt_level=0)
  IIIIIIIZ: (3.9062775940181833e-172+0j)
  IIIZIIII: 0j
  IIZIIIII: 0j
  IIIIIZII: (1.7051499158808038e-146+0j)

 

Information about the circuit: 
Number of qubits: 8
 Depth : 5

--- Null Hamiltonian detected (all coefficients zero). Skipping optimization — returning θ-init marginals. ---

--- Final Statevector (exact) ---
Marginals: [0.7710753555515614, 0.5718876693880274, 0.7096684594026573, 0.5218624675803574, 0.7710753555515614, 0.5718876693880275, 0.7096684594026572, 0.5218624675803573]

  ┌─ Depth 4 | Patch (192, 208, 64, 80) | eff_threshold=0.830
  │  θ-only  (before QAOA): [[0.771 0.572]
 [0.71  0.522]]
  │  QAOA    (after  QAOA): [[0.771 0.572]
 [0.71  0.522]]
  │  θ-only  refine: [[0 0]
 [0 0]]
  │  QAOA    refine: [[0 0]
 [0 0]]
  │  Agreement: 4/4 cells
  └─
Transpiling circuit (backend=state_vector, opt_level=0)
  IIIIIIIZ: (7.196710727869362e-06+0j)
  IIIZIIII: (7.196710727869362e-06+0j)
  IIIIIIIZ: (1.0414922574572837e-06+0j)
  IIIZIIII: 0j
  IIIIIIZI: (3.7831474100112466e-06+0j)
  IIZIIIII: (3.7831474100112466e-06+0j)
  IIIIIIZI: (-0.3410076715053332+0j)
  IIZIIIII: 0j
  IIIIIZII: (6.679891159005544e-06+0j)
  IZIIIIII: (6.679891159005544e-06+0j)
  IIIIIZII: (3.7113865547872543e-06+0j)
  IIIIZIII: (3.547481187402181e-06+0j)
  ZIIIIIII: (3.547481187402181e-06+0j)
  IIIIZIII: (-0.02208113379929708+0j)

 

Information about the circuit: 
Number of qubits: 8
 Depth : 7

--- Starting Optimization Loop (method=COBYLA) ---
Iter 10: Cost = -0.3249313891572942
Iter 20: Cost = -0.3390675342627295
Iter 30: Cost = -0.3324071083162197
Optimization success: True
Optimal Params: [0.24397797 0.1942946  0.42730935 0.6344443 ]

--- Final Statevector (exact) ---
Marginals: [0.046138352030025497, 0.037190797830690896, 0.033466468806129905, 0.0004968086611169285, 0.04613835202286065, 0.00013750928227232516, 0.03346646877874673, 0.000318881851507543]

  ┌─ Depth 4 | Patch (192, 208, 80, 96) | eff_threshold=0.830
  │  θ-only  (before QAOA): [[0.371 0.189]
 [0.34  0.194]]
  │  QAOA    (after  QAOA): [[0.046 0.019]
 [0.033 0.   ]]
  │  θ-only  refine: [[0 0]
 [0 0]]
  │  QAOA    refine: [[0 0]
 [0 0]]
  │  Agreement: 4/4 cells
  └─
Transpiling circuit (backend=state_vector, opt_level=0)
  IIIIIIIZ: (1.9452473690502453e-121+0j)
  IIIZIIII: 0j
  IIZIIIII: 0j
  IIIIIZII: (3.8298426163601043e-101+0j)

 

Information about the circuit: 
Number of qubits: 8
 Depth : 5

--- Null Hamiltonian detected (all coefficients zero). Skipping optimization — returning θ-init marginals. ---

--- Final Statevector (exact) ---
Marginals: [0.6620597735794469, 0.47695506630499024, 0.6390677270155101, 0.44401608050835234, 0.6620597735794469, 0.4769550663049903, 0.6390677270155098, 0.4440160805083523]

  ┌─ Depth 4 | Patch (208, 224, 64, 80) | eff_threshold=0.830
  │  θ-only  (before QAOA): [[0.662 0.477]
 [0.639 0.444]]
  │  QAOA    (after  QAOA): [[0.662 0.477]
 [0.639 0.444]]
  │  θ-only  refine: [[0 0]
 [0 0]]
  │  QAOA    refine: [[0 0]
 [0 0]]
  │  Agreement: 4/4 cells
  └─
Transpiling circuit (backend=state_vector, opt_level=0)
  IIIIIIIZ: (0.0005369907458845078+0j)
  IIIZIIII: (0.0005369907458845078+0j)
  IIIIIIZZ: (-3.8126297687870356e-06+0j)
  IIIIIIIZ: (1.447340634930747e-05+0j)
  IIIZIIII: 0j
  IIIIIIZI: (0.0003086597333378076+0j)
  IIZIIIII: (0.0003086597333378076+0j)
  IIIIIIZI: (0.10166127203107544+0j)
  IIZIIIII: 0j
  IIIIIZII: (0.0005004874043970801+0j)
  IZIIIIII: (0.0005004874043970801+0j)
  IIIIZZII: (-5.090427072821048e-06+0j)
  IIIIIZII: (1.6742375821139417e-05+0j)
  IIIIZIII: (0.00029925343611271596+0j)
  ZIIIIIII: (0.00029925343611271596+0j)
  IIIIZIII: (0.0946196359407713+0j)

 

Information about the circuit: 
Number of qubits: 8
 Depth : 10

--- Starting Optimization Loop (method=COBYLA) ---
Iter 10: Cost = -0.04962041942740501
Iter 20: Cost = -0.08742575552226847
Optimization success: True
Optimal Params: [-0.39269908 -0.39269908  0.77366817  1.23860543]

--- Final Statevector (exact) ---
Marginals: [0.9636326886874281, 0.8730727104615645, 0.3896172974262785, 0.5369081986743425, 0.9636327309227758, 0.8998560726923273, 0.6638408063249517, 0.09857764210832688]

  ┌─ Depth 4 | Patch (208, 224, 80, 96) | eff_threshold=0.830
  │  θ-only  (before QAOA): [[0.313 0.2  ]
 [0.292 0.205]]
  │  QAOA    (after  QAOA): [[0.964 0.886]
 [0.527 0.318]]
  │  θ-only  refine: [[0 0]
 [0 0]]
  │  QAOA    refine: [[1 1]
 [0 0]]
  │  Agreement: 2/4 cells
  │  Boundary activation: ['top']
  └─
Transpiling circuit (backend=state_vector, opt_level=0)
  IIIIIIIZ: (1.1564516598332967e-90+0j)
  IIIZIIII: 0j
  IIZIIIII: 0j
  IIIIIZII: (1.0482176811909629e-93+0j)

 

Information about the circuit: 
Number of qubits: 8
 Depth : 5

--- Null Hamiltonian detected (all coefficients zero). Skipping optimization — returning θ-init marginals. ---

--- Final Statevector (exact) ---
Marginals: [0.6318827955845312, 0.44495556850999074, 0.6484460572758841, 0.4539005015700698, 0.6318827955845311, 0.4449555685099907, 0.6484460572758844, 0.45390050157006995]

  ┌─ Depth 4 | Patch (224, 240, 64, 80) | eff_threshold=0.830
  │  θ-only  (before QAOA): [[0.632 0.445]
 [0.648 0.454]]
  │  QAOA    (after  QAOA): [[0.632 0.445]
 [0.648 0.454]]
  │  θ-only  refine: [[0 0]
 [0 0]]
  │  QAOA    refine: [[0 0]
 [0 0]]
  │  Agreement: 4/4 cells
  └─
Transpiling circuit (backend=state_vector, opt_level=0)
  IIIIIIIZ: (0.0004819530459084024+0j)
  IIIZIIII: (0.0004819530459084024+0j)
  IIIIIIZZ: (-1.8553320626723234e-05+0j)
  IIIIIIIZ: (5.508916812854406e-05+0j)
  IIIZIIII: 0j
  IIIIIIZI: (0.0003236591750006205+0j)
  IIZIIIII: (0.0003236591750006205+0j)
  IIIIIIZI: (0.24486899331203002+0j)
  IIZIIIII: 0j
  IIIIIZII: (0.0004700538305730817+0j)
  IZIIIIII: (0.0004700538305730817+0j)
  IIIIZZII: (-1.61065262714788e-05+0j)
  IIIIIZII: (4.7001183387109724e-05+0j)
  IIIIZIII: (0.0003248863799681256+0j)
  ZIIIIIII: (0.0003248863799681256+0j)
  IIIIZIII: (0.2411793622768773+0j)

 

Information about the circuit: 
Number of qubits: 8
 Depth : 10

--- Starting Optimization Loop (method=COBYLA) ---
Iter 10: Cost = -0.29335337120068095
Iter 20: Cost = -0.3442617773282108
Iter 30: Cost = -0.33300844576195293
Optimization success: True
Optimal Params: [ 0.39269908  0.39269908 -1.42034389 -0.11065746]

--- Final Statevector (exact) ---
Marginals: [0.9306942519506007, 0.8869734733581269, 0.9479007896709483, 0.8056461805998719, 0.43719463170575906, 0.9055329652832432, 0.9479012128366203, 0.9061525391156303]

  ┌─ Depth 4 | Patch (224, 240, 80, 96) | eff_threshold=0.830
  │  θ-only  (before QAOA): [[0.28  0.208]
 [0.278 0.208]]
  │  QAOA    (after  QAOA): [[0.684 0.896]
 [0.948 0.856]]
  │  θ-only  refine: [[0 0]
 [0 0]]
  │  QAOA    refine: [[0 1]
 [1 1]]
  │  Agreement: 1/4 cells
  └─
Transpiling circuit (backend=state_vector, opt_level=0)
  IIIIIIIZ: (9.423345848317272e-105+0j)
  IIIZIIII: 0j
  IIZIIIII: 0j
  IIIIIZII: (3.1190488762527577e-121+0j)

 

Information about the circuit: 
Number of qubits: 8
 Depth : 5

--- Null Hamiltonian detected (all coefficients zero). Skipping optimization — returning θ-init marginals. ---

--- Final Statevector (exact) ---
Marginals: [0.6745077488412426, 0.45464146808157685, 0.703238533458259, 0.4854853149190305, 0.6745077488412426, 0.45464146808157696, 0.7032385334582587, 0.4854853149190307]

  ┌─ Depth 4 | Patch (240, 256, 64, 80) | eff_threshold=0.830
  │  θ-only  (before QAOA): [[0.675 0.455]
 [0.703 0.485]]
  │  QAOA    (after  QAOA): [[0.675 0.455]
 [0.703 0.485]]
  │  θ-only  refine: [[0 0]
 [0 0]]
  │  QAOA    refine: [[0 0]
 [0 0]]
  │  Agreement: 4/4 cells
  │  Boundary activation: ['left']
  └─
Transpiling circuit (backend=state_vector, opt_level=0)
  IIIIIIIZ: (0.00011173754049435093+0j)
  IIIZIIII: (0.00011173754049435093+0j)
  IIIIIIZZ: (-3.2640894646423797e-06+0j)
  IIIIIIIZ: (1.032390651743519e-05+0j)
  IIIZIIII: 0j
  IIIIIIZI: (7.645258259050652e-05+0j)
  IIZIIIII: (7.645258259050652e-05+0j)
  IIIIIIZI: (0.08213460225669646+0j)
  IIZIIIII: 0j
  IIIIIZII: (0.00011619399146702694+0j)
  IZIIIIII: (0.00011619399146702694+0j)
  IIIIZZII: (-2.3874938729236194e-06+0j)
  IIIIIZII: (8.550597072227078e-06+0j)
  IIIIZIII: (7.737530153841765e-05+0j)
  ZIIIIIII: (7.737530153841765e-05+0j)
  IIIIZIII: (0.03583449952087241+0j)

 

Information about the circuit: 
Number of qubits: 8
 Depth : 10

--- Starting Optimization Loop (method=COBYLA) ---
Iter 10: Cost = -0.08945155078229254
Iter 20: Cost = -0.09351784896867117
Optimization success: True
Optimal Params: [0.38697194 0.38813694 0.59171403 1.31047325]

--- Final Statevector (exact) ---
Marginals: [0.9477224601467498, 0.8837016101601061, 0.9549239844262338, 0.8953148023234012, 0.9477219786172957, 0.8998720956527451, 0.3182928524123551, 0.12380898661101687]

  ┌─ Depth 4 | Patch (240, 256, 80, 96) | eff_threshold=0.830
  │  θ-only  (before QAOA): [[0.287 0.208]
 [0.302 0.206]]
  │  QAOA    (after  QAOA): [[0.948 0.892]
 [0.637 0.51 ]]
  │  θ-only  refine: [[0 0]
 [0 0]]
  │  QAOA    refine: [[1 1]
 [0 0]]
  │  Agreement: 2/4 cells
  │  Boundary activation: ['top']
  └─
Transpiling circuit (backend=state_vector, opt_level=0)
  IIIIIIIZ: (0.002809269398206267+0j)
  IIIZIIII: (0.002809269398206267+0j)
  IIIIIIIZ: 0j
  IIIZIIII: 0j
  IIIIIIZI: (-0.002676768540338019+0j)
  IIZIIIII: (-0.002676768540338019+0j)
  IIIIIIZI: (-0.0016594935360798606+0j)
  IIZIIIII: (-0+0j)
  IIIIIZII: (0.0018764066203862206+0j)
  IZIIIIII: (0.0018764066203862206+0j)
  IIIIIZII: 0j
  IIIIZIII: (-0.003791517384442632+0j)
  ZIIIIIII: (-0.003791517384442632+0j)
  IIIIZIII: (-0.0003841285273744096+0j)
  ZIIIIIII: (-1.0038242258250984e-05+0j)

 

Information about the circuit: 
Number of qubits: 8
 Depth : 7

--- Starting Optimization Loop (method=COBYLA) ---
Iter 10: Cost = -0.005196181765036395
Optimization success: True
Optimal Params: [-0.00186375  0.02452887  0.29498732  0.53415614]

--- Final Statevector (exact) ---
Marginals: [0.17712132520792148, 0.13454733427540957, 0.16900078477854638, 0.11615269864936398, 0.17711791885403919, 0.13454831493434513, 0.13775852728723667, 0.099780418125282]

  ┌─ Depth 4 | Patch (240, 256, 96, 112) | eff_threshold=0.830
  │  θ-only  (before QAOA): [[0.16  0.119]
 [0.152 0.11 ]]
  │  QAOA    (after  QAOA): [[0.177 0.135]
 [0.153 0.108]]
  │  θ-only  refine: [[0 0]
 [0 0]]
  │  QAOA    refine: [[0 0]
 [0 0]]
  │  Agreement: 4/4 cells
  └─
Transpiling circuit (backend=state_vector, opt_level=0)
  IIIIIIIZ: (2.2102914793520522e-06+0j)
  IIIZIIII: (2.2102914793520522e-06+0j)
  IIIIIIIZ: (-1.5530779765572683e-07+0j)
  IIIZIIII: 0j
  IIIIIIZI: (6.231872222192423e-06+0j)
  IIZIIIII: (6.231872222192423e-06+0j)
  IIZIIIII: 0j
  IIIIIZII: (1.646786186416208e-06+0j)
  IZIIIIII: (1.646786186416208e-06+0j)
  IIIIIZII: (-2.808145965537547e-07+0j)
  IIIIZIII: (5.927858833163549e-06+0j)
  ZIIIIIII: (5.927858833163549e-06+0j)

 

Information about the circuit: 
Number of qubits: 8
 Depth : 7

--- Starting Optimization Loop (method=COBYLA) ---
Iter 10: Cost = 1.3519124193752512e-05
Optimization success: True
Optimal Params: [-0.00668838 -0.01165786  0.3253216   0.65114153]

--- Final Statevector (exact) ---
Marginals: [0.1870035916004168, 0.29763658891432593, 0.182012683287549, 0.31467981662581135, 0.21623478028026621, 0.3298907576972556, 0.21115908197247274, 0.34922713444709935]

  ┌─ Depth 4 | Patch (128, 144, 160, 176) | eff_threshold=0.830
  │  θ-only  (before QAOA): [[0.202 0.315]
 [0.196 0.332]]
  │  QAOA    (after  QAOA): [[0.202 0.314]
 [0.197 0.332]]
  │  θ-only  refine: [[0 0]
 [0 0]]
  │  QAOA    refine: [[0 0]
 [0 0]]
  │  Agreement: 4/4 cells
  └─
Transpiling circuit (backend=state_vector, opt_level=0)
  IIIIIIIZ: (7.780572124350911e-140+0j)
  IIIZIIII: 0j
  IIZIIIII: 0j
  IIIIIZII: (1.2242480957980292e-161+0j)

 

Information about the circuit: 
Number of qubits: 8
 Depth : 5

--- Null Hamiltonian detected (all coefficients zero). Skipping optimization — returning θ-init marginals. ---

--- Final Statevector (exact) ---
Marginals: [0.5096232975790318, 0.7239747702862044, 0.5514616707299876, 0.7459207449711801, 0.5096232975790319, 0.7239747702862046, 0.5514616707299878, 0.7459207449711801]

  ┌─ Depth 4 | Patch (128, 144, 176, 192) | eff_threshold=0.830
  │  θ-only  (before QAOA): [[0.51  0.724]
 [0.551 0.746]]
  │  QAOA    (after  QAOA): [[0.51  0.724]
 [0.551 0.746]]
  │  θ-only  refine: [[0 0]
 [0 0]]
  │  QAOA    refine: [[0 0]
 [0 0]]
  │  Agreement: 4/4 cells
  │  Boundary activation: ['right']
  └─
Transpiling circuit (backend=state_vector, opt_level=0)
  IIIIIIIZ: (-2.939254848664214e-07+0j)
  IIIZIIII: 0j
  IIZIIIII: 0j
  IZIIIIII: (0.0019493211251888063+0j)
  IIIIIZII: (-2.2628592420796825e-07+0j)

 

Information about the circuit: 
Number of qubits: 8
 Depth : 5

--- Starting Optimization Loop (method=COBYLA) ---
Iter 10: Cost = 0.0013322669336462692
Optimization success: True
Optimal Params: [0.05       0.         0.31288908 0.62577816]

--- Final Statevector (exact) ---
Marginals: [0.2324341282995894, 0.39368099652052196, 0.22920324474853868, 0.4088366330665385, 0.15385282398840056, 0.2987373128583295, 0.1510964359513778, 0.31298421333652754]

  ┌─ Depth 4 | Patch (144, 160, 160, 176) | eff_threshold=0.830
  │  θ-only  (before QAOA): [[0.192 0.345]
 [0.189 0.36 ]]
  │  QAOA    (after  QAOA): [[0.193 0.346]
 [0.19  0.361]]
  │  θ-only  refine: [[0 0]
 [0 0]]
  │  QAOA    refine: [[0 0]
 [0 0]]
  │  Agreement: 4/4 cells
  └─
Transpiling circuit (backend=state_vector, opt_level=0)
  IIIIIIIZ: (8.691441098421178e-191+0j)
  IIIZIIII: 0j
  IIZIIIII: 0j
  IIIIIZII: (1.5796554609948896e-207+0j)

 

Information about the circuit: 
Number of qubits: 8
 Depth : 5

--- Null Hamiltonian detected (all coefficients zero). Skipping optimization — returning θ-init marginals. ---

--- Final Statevector (exact) ---
Marginals: [0.5918689410390654, 0.7544169294269225, 0.6252103269259157, 0.7560354163929852, 0.5918689410390654, 0.7544169294269225, 0.6252103269259157, 0.7560354163929852]

  ┌─ Depth 4 | Patch (144, 160, 176, 192) | eff_threshold=0.830
  │  θ-only  (before QAOA): [[0.592 0.754]
 [0.625 0.756]]
  │  QAOA    (after  QAOA): [[0.592 0.754]
 [0.625 0.756]]
  │  θ-only  refine: [[0 0]
 [0 0]]
  │  QAOA    refine: [[0 0]
 [0 0]]
  │  Agreement: 4/4 cells
  └─
Transpiling circuit (backend=state_vector, opt_level=0)
  IIIIIIIZ: (-7.594815622215656e-08+0j)
  IIIZIIII: 0j
  IIZIIIII: 0j
  IZIIIIII: (0.002192448082798768+0j)
  IIIIIZII: (-1.5086009493349463e-08+0j)

 

Information about the circuit: 
Number of qubits: 8
 Depth : 5

--- Starting Optimization Loop (method=COBYLA) ---
Iter 10: Cost = -0.0003683528491261407
Iter 20: Cost = -0.0017129196448602143
Optimization success: True
Optimal Params: [-0.39269908 -0.39269908  0.86993054  0.53083125]

--- Final Statevector (exact) ---
Marginals: [0.10773360204116596, 0.015885603782469875, 0.1051701355782875, 0.012731579199071577, 0.892266398362537, 0.9841143962175297, 0.894823572233096, 0.9872684208009282]

  ┌─ Depth 4 | Patch (160, 176, 160, 176) | eff_threshold=0.830
  │  θ-only  (before QAOA): [[0.19  0.375]
 [0.193 0.388]]
  │  QAOA    (after  QAOA): [[0.5 0.5]
 [0.5 0.5]]
  │  θ-only  refine: [[0 0]
 [0 0]]
  │  QAOA    refine: [[0 0]
 [0 0]]
  │  Agreement: 4/4 cells
  └─
Transpiling circuit (backend=state_vector, opt_level=0)
  IIIIIIIZ: (7.708099136373006e-221+0j)
  IIIZIIII: 0j
  IIZIIIII: 0j
  IIIIIZII: (1.4110794747331302e-222+0j)

 

Information about the circuit: 
Number of qubits: 8
 Depth : 5

--- Null Hamiltonian detected (all coefficients zero). Skipping optimization — returning θ-init marginals. ---

--- Final Statevector (exact) ---
Marginals: [0.646253721611572, 0.7530814937314203, 0.6514178103110766, 0.746460095395144, 0.6462537216115721, 0.75308149373142, 0.6514178103110766, 0.7464600953951438]

  ┌─ Depth 4 | Patch (160, 176, 176, 192) | eff_threshold=0.830
  │  θ-only  (before QAOA): [[0.646 0.753]
 [0.651 0.746]]
  │  QAOA    (after  QAOA): [[0.646 0.753]
 [0.651 0.746]]
  │  θ-only  refine: [[0 0]
 [0 0]]
  │  QAOA    refine: [[0 0]
 [0 0]]
  │  Agreement: 4/4 cells
  └─
Transpiling circuit (backend=state_vector, opt_level=0)
  IIIIIIIZ: (-2.338827651573818e-05+0j)
  IIIZIIII: (-2.338827651573818e-05+0j)
  IIIIIIIZ: (-7.133018068505924e-10+0j)
  IIIZIIII: 0j
  IIIIIIZI: (0.00011931376329682257+0j)
  IIZIIIII: (0.00011931376329682257+0j)
  IIZIIIII: 0j
  IIIIIZII: (-1.3549833362218551e-05+0j)
  IZIIIIII: (-1.3549833362218551e-05+0j)
  IZIIIIII: (0.00023322485064848557+0j)
  IIIIIZII: (-5.891949322963411e-11+0j)
  IIIIZIII: (0.0001273345538656602+0j)
  ZIIIIIII: (0.0001273345538656602+0j)

 

Information about the circuit: 
Number of qubits: 8
 Depth : 7

--- Starting Optimization Loop (method=COBYLA) ---
Iter 10: Cost = 0.00021628197281450275
Optimization success: True
Optimal Params: [0.         0.05       0.27752627 0.55505254]

--- Final Statevector (exact) ---
Marginals: [0.24024584313042868, 0.44601814250483296, 0.2482130623840335, 0.44847001890002086, 0.16054559913830446, 0.34834014964434007, 0.1674156587386902, 0.35069146720719957]

  ┌─ Depth 4 | Patch (176, 192, 160, 176) | eff_threshold=0.830
  │  θ-only  (before QAOA): [[0.199 0.397]
 [0.206 0.399]]
  │  QAOA    (after  QAOA): [[0.2   0.397]
 [0.208 0.4  ]]
  │  θ-only  refine: [[0 0]
 [0 0]]
  │  QAOA    refine: [[0 0]
 [0 0]]
  │  Agreement: 4/4 cells
  └─
Transpiling circuit (backend=state_vector, opt_level=0)
  IIIIIIIZ: (5.2618129934649955e-226+0j)
  IIIZIIII: 0j
  IIZIIIII: 0j
  IIIIIZII: (3.4021926740294613e-217+0j)

 

Information about the circuit: 
Number of qubits: 8
 Depth : 5

--- Null Hamiltonian detected (all coefficients zero). Skipping optimization — returning θ-init marginals. ---

--- Final Statevector (exact) ---
Marginals: [0.6502113885766101, 0.8298740861239322, 0.6348966948548074, 0.817512992767764, 0.6502113885766103, 0.8298740861239322, 0.6348966948548076, 0.8175129927677642]

  ┌─ Depth 4 | Patch (176, 192, 176, 192) | eff_threshold=0.830
  │  θ-only  (before QAOA): [[0.65  0.83 ]
 [0.635 0.818]]
  │  QAOA    (after  QAOA): [[0.65  0.83 ]
 [0.635 0.818]]
  │  θ-only  refine: [[0 0]
 [0 0]]
  │  QAOA    refine: [[0 0]
 [0 0]]
  │  Agreement: 4/4 cells
  └─
Transpiling circuit (backend=state_vector, opt_level=0)
  IIIIIIIZ: (2.049365621770682e-180+0j)
  IIIZIIII: 0j
  IIZIIIII: 0j
  IIIIIZII: (2.2573893658435667e-181+0j)

 

Information about the circuit: 
Number of qubits: 8
 Depth : 5

--- Null Hamiltonian detected (all coefficients zero). Skipping optimization — returning θ-init marginals. ---

--- Final Statevector (exact) ---
Marginals: [0.7314881040816619, 0.5707335192179628, 0.7449954963183393, 0.6048157060746956, 0.7314881040816618, 0.5707335192179627, 0.7449954963183393, 0.6048157060746956]

  ┌─ Depth 4 | Patch (128, 144, 192, 208) | eff_threshold=0.830
  │  θ-only  (before QAOA): [[0.731 0.571]
 [0.745 0.605]]
  │  QAOA    (after  QAOA): [[0.731 0.571]
 [0.745 0.605]]
  │  θ-only  refine: [[0 0]
 [0 0]]
  │  QAOA    refine: [[0 0]
 [0 0]]
  │  Agreement: 4/4 cells
  └─
Transpiling circuit (backend=state_vector, opt_level=0)
  IIIIIIIZ: (0.24763911481778625+0j)
  IIIZIIII: (0.24763911481778625+0j)
  IIIIIIIZ: (3.4362179865946676e-10+0j)
  IIIZIIII: 0j
  IIIIIIZI: (0.17179984734564463+0j)
  IIZIIIII: (0.17179984734564463+0j)
  IIIIIIZI: (0.09108288907176475+0j)
  IIZIIIII: 0j
  IIIIIZII: (0.25496171778366483+0j)
  IZIIIIII: (0.25496171778366483+0j)
  IIIIIZII: (7.519222691578072e-11+0j)
  IIIIZIII: (0.17749424049284487+0j)
  ZIIIIIII: (0.17749424049284487+0j)
  IIIIZIII: (0.1528282189188217+0j)

 

Information about the circuit: 
Number of qubits: 8
 Depth : 7

--- Starting Optimization Loop (method=COBYLA) ---
Iter 10: Cost = -0.6984212304934818
Iter 20: Cost = -0.6879376251067607
Iter 30: Cost = -0.963811123416209
Optimization success: True
Optimal Params: [-0.39269908 -0.3895838  -0.0769894  -0.0033948 ]

--- Final Statevector (exact) ---
Marginals: [0.9739113707500452, 0.9227037319502235, 0.9804176876017862, 0.9216994026705166, 0.9739113700553949, 0.9229156948877026, 0.02394249980081364, 0.07458088477795032]

  ┌─ Depth 4 | Patch (128, 144, 208, 224) | eff_threshold=0.830
  │  θ-only  (before QAOA): [[0.345 0.236]
 [0.366 0.235]]
  │  QAOA    (after  QAOA): [[0.974 0.923]
 [0.502 0.498]]
  │  θ-only  refine: [[0 0]
 [0 0]]
  │  QAOA    refine: [[1 1]
 [0 0]]
  │  Agreement: 2/4 cells
  │  Boundary activation: ['top']
  └─
Transpiling circuit (backend=state_vector, opt_level=0)
  IIIIIIIZ: (2.503980654767379e-192+0j)
  IIIZIIII: 0j
  IIZIIIII: 0j
  IIIIIZII: (1.2280940040881501e-200+0j)

 

Information about the circuit: 
Number of qubits: 8
 Depth : 5

--- Null Hamiltonian detected (all coefficients zero). Skipping optimization — returning θ-init marginals. ---

--- Final Statevector (exact) ---
Marginals: [0.7469107520437017, 0.6336293373686461, 0.7451066983846946, 0.5986311555438255, 0.7469107520437016, 0.633629337368646, 0.7451066983846949, 0.5986311555438256]

  ┌─ Depth 4 | Patch (144, 160, 192, 208) | eff_threshold=0.830
  │  θ-only  (before QAOA): [[0.747 0.634]
 [0.745 0.599]]
  │  QAOA    (after  QAOA): [[0.747 0.634]
 [0.745 0.599]]
  │  θ-only  refine: [[0 0]
 [0 0]]
  │  QAOA    refine: [[0 0]
 [0 0]]
  │  Agreement: 4/4 cells
  └─
Transpiling circuit (backend=state_vector, opt_level=0)
  IIIIIIIZ: (0.21741895193977465+0j)
  IIIZIIII: (0.21741895193977465+0j)
  IIIIIIIZ: (1.5379126459317486e-12+0j)
  IIIZIIII: 0j
  IIIIIIZI: (0.14117165169932905+0j)
  IIZIIIII: (0.14117165169932905+0j)
  IIIIIIZI: (0.03678811533987564+0j)
  IIZIIIII: 0j
  IIIIIZII: (0.22812337618448578+0j)
  IZIIIIII: (0.22812337618448578+0j)
  IIIIIZII: (1.5230867520191108e-12+0j)
  IIIIZIII: (0.14358438752092662+0j)
  ZIIIIIII: (0.14358438752092662+0j)
  IIIIZIII: (-0.02345804417157037+0j)

 

Information about the circuit: 
Number of qubits: 8
 Depth : 7

--- Starting Optimization Loop (method=COBYLA) ---
Iter 10: Cost = 0.49169851437999257
Optimization success: True
Optimal Params: [0.05       0.05       0.14896837 0.19793673]

--- Final Statevector (exact) ---
Marginals: [0.295069429133251, 0.153377934420896, 0.31110329076829835, 0.14833992813638544, 0.48594737747789113, 0.3203421894191972, 0.5042249503405722, 0.31396727980560485]

  ┌─ Depth 4 | Patch (144, 160, 208, 224) | eff_threshold=0.830
  │  θ-only  (before QAOA): [[0.389 0.231]
 [0.406 0.226]]
  │  QAOA    (after  QAOA): [[0.391 0.237]
 [0.408 0.231]]
  │  θ-only  refine: [[0 0]
 [0 0]]
  │  QAOA    refine: [[0 0]
 [0 0]]
  │  Agreement: 4/4 cells
  └─
Transpiling circuit (backend=state_vector, opt_level=0)
  IIIIIIIZ: (0.005350750189788677+0j)
  IIIZIIII: (0.005350750189788677+0j)
  IIIIIIIZ: 0j
  IIIZIIII: 0j
  IIIIIIZI: (0.0009930300912773093+0j)
  IIZIIIII: (0.0009930300912773093+0j)
  IIIIIIZI: (-0.023184041356887623+0j)
  IIZIIIII: (-0+0j)
  IIIIIZII: (0.004840947947880964+0j)
  IZIIIIII: (0.004840947947880964+0j)
  IZIIIIII: (8.371556195103195e-05+0j)
  IIIIIZII: 0j
  IIIIZIII: (0.00061294860385508+0j)
  ZIIIIIII: (0.00061294860385508+0j)
  IIIIZIII: (-0.015467804343642037+0j)

 

Information about the circuit: 
Number of qubits: 8
 Depth : 7

--- Starting Optimization Loop (method=COBYLA) ---
Iter 10: Cost = -0.03286470976259265
Iter 20: Cost = -0.03630781445884394
Optimization success: True
Optimal Params: [-0.31878995 -0.27393505  0.35942841  0.32162363]

--- Final Statevector (exact) ---
Marginals: [0.7309714613710301, 0.04654859558350899, 0.7237866851358083, 0.0487414423157123, 0.7309714609048494, 0.6787444280339393, 0.02797130954530464, 0.0487101922835528]

  ┌─ Depth 4 | Patch (128, 144, 224, 240) | eff_threshold=0.830
  │  θ-only  (before QAOA): [[0.176 0.134]
 [0.17  0.131]]
  │  QAOA    (after  QAOA): [[0.731 0.363]
 [0.376 0.049]]
  │  θ-only  refine: [[0 0]
 [0 0]]
  │  QAOA    refine: [[0 0]
 [0 0]]
  │  Agreement: 4/4 cells
  │  Boundary activation: ['top', 'left']
  └─
Transpiling circuit (backend=state_vector, opt_level=0)
  IIIIIIIZ: (0.0018478942725508464+0j)
  IIIZIIII: (0.0018478942725508464+0j)
  IIIIIIIZ: 0j
  IIIZIIII: 0j
  IIIIIIZI: (-0.0016385151753629116+0j)
  IIZIIIII: (-0.0016385151753629116+0j)
  IIIIIIZI: (-0.004104255285866018+0j)
  IIZIIIII: (-0+0j)
  IIIIIZII: (0.0007555369757473783+0j)
  IZIIIIII: (0.0007555369757473783+0j)
  IIIIIZII: 0j
  IIIIZIII: (-0.002681473368620587+0j)
  ZIIIIIII: (-0.002681473368620587+0j)
  IIIIZIII: (-0.0009023106192617584+0j)

 

Information about the circuit: 
Number of qubits: 8
 Depth : 7

--- Starting Optimization Loop (method=COBYLA) ---
Iter 10: Cost = -0.011195637396897795
Iter 20: Cost = -0.011160807963085054
Optimization success: True
Optimal Params: [-0.16721838 -0.2990504   0.3797073   0.47765981]

--- Final Statevector (exact) ---
Marginals: [0.5916446526145389, 0.01154259494933985, 0.5744041849786616, 0.025352360971913762, 0.0030200548250268536, 0.011537763384485485, 0.005268643009276386, 0.015429421350318913]

  ┌─ Depth 4 | Patch (144, 160, 224, 240) | eff_threshold=0.830
  │  θ-only  (before QAOA): [[0.16  0.123]
 [0.147 0.112]]
  │  QAOA    (after  QAOA): [[0.297 0.012]
 [0.29  0.02 ]]
  │  θ-only  refine: [[0 0]
 [0 0]]
  │  QAOA    refine: [[0 0]
 [0 0]]
  │  Agreement: 4/4 cells
  └─
Transpiling circuit (backend=state_vector, opt_level=0)
  IIIIIIIZ: (6.408135519052236e-225+0j)
  IIIZIIII: 0j
  IIZIIIII: 0j
  IIIIIZII: (1.5146833521150383e-225+0j)

 

Information about the circuit: 
Number of qubits: 8
 Depth : 5

--- Null Hamiltonian detected (all coefficients zero). Skipping optimization — returning θ-init marginals. ---

--- Final Statevector (exact) ---
Marginals: [0.7955385778344525, 0.6181122759305813, 0.8290894363456172, 0.6455939966003105, 0.7955385778344525, 0.6181122759305813, 0.8290894363456172, 0.6455939966003107]

  ┌─ Depth 4 | Patch (160, 176, 192, 208) | eff_threshold=0.830
  │  θ-only  (before QAOA): [[0.796 0.618]
 [0.829 0.646]]
  │  QAOA    (after  QAOA): [[0.796 0.618]
 [0.829 0.646]]
  │  θ-only  refine: [[0 0]
 [0 0]]
  │  QAOA    refine: [[0 0]
 [0 0]]
  │  Agreement: 4/4 cells
  └─
Transpiling circuit (backend=state_vector, opt_level=0)
  IIIIIIIZ: (0.8838100652961574+0j)
  IIIZIIII: (0.8838100652961574+0j)
  IIIIIIIZ: (2.1554740259695383e-12+0j)
  IIIZIIII: 0j
  IIIIIIZI: (0.5143310649974265+0j)
  IIZIIIII: (0.5143310649974265+0j)
  IIIIIIZI: (-0.1292481769986493+0j)
  IIZIIIII: 0j
  IIIIIZII: (0.8919302102730444+0j)
  IZIIIIII: (0.8919302102730444+0j)
  IIIIIZII: (1.603010652022877e-11+0j)
  IIIIZIII: (0.5101687339171603+0j)
  ZIIIIIII: (0.5101687339171603+0j)
  IIIIZIII: (-0.3178165839398498+0j)

 

Information about the circuit: 
Number of qubits: 8
 Depth : 7

--- Starting Optimization Loop (method=COBYLA) ---
Iter 10: Cost = -1.3303754659110538
Iter 20: Cost = -2.1849721604181167
Iter 30: Cost = -2.196779783646148
Optimization success: True
Optimal Params: [-0.39269908 -0.39269908  0.27222345 -0.22994269]

--- Final Statevector (exact) ---
Marginals: [0.9789353188993994, 0.9095429382602277, 0.9787317632015045, 0.9069283527790281, 0.021284115040554847, 0.08657722562799376, 0.9809615169922556, 0.9038575571028956]

  ┌─ Depth 4 | Patch (160, 176, 208, 224) | eff_threshold=0.830
  │  θ-only  (before QAOA): [[0.413 0.219]
 [0.414 0.211]]
  │  QAOA    (after  QAOA): [[0.5   0.498]
 [0.98  0.905]]
  │  θ-only  refine: [[0 0]
 [0 0]]
  │  QAOA    refine: [[0 0]
 [1 1]]
  │  Agreement: 2/4 cells
  │  Boundary activation: ['bottom']
  └─
Transpiling circuit (backend=state_vector, opt_level=0)
  IIIIIIIZ: (6.35095324869331e-232+0j)
  IIIZIIII: 0j
  IIZIIIII: 0j
  IIIIIZII: (1.222750096196675e-226+0j)

 

Information about the circuit: 
Number of qubits: 8
 Depth : 5

--- Null Hamiltonian detected (all coefficients zero). Skipping optimization — returning θ-init marginals. ---

--- Final Statevector (exact) ---
Marginals: [0.8368003052497512, 0.6599690068035756, 0.7488333056905091, 0.660791901665278, 0.8368003052497512, 0.6599690068035755, 0.7488333056905092, 0.6607919016652781]

  ┌─ Depth 4 | Patch (176, 192, 192, 208) | eff_threshold=0.830
  │  θ-only  (before QAOA): [[0.837 0.66 ]
 [0.749 0.661]]
  │  QAOA    (after  QAOA): [[0.837 0.66 ]
 [0.749 0.661]]
  │  θ-only  refine: [[1 0]
 [0 0]]
  │  QAOA    refine: [[1 0]
 [0 0]]
  │  Agreement: 4/4 cells
  └─
Transpiling circuit (backend=state_vector, opt_level=0)
  IIIIIIIZ: (0.0002117695299216573+0j)
  IIIZIIII: (0.0002117695299216573+0j)
  IIIIIIIZ: (7.797718925179495e-10+0j)
  IIIZIIII: 0j
  IIIIIIZI: (0.00011551592423926339+0j)
  IIZIIIII: (0.00011551592423926339+0j)
  IIIIIIZI: (-0.8498522756289923+0j)
  IIZIIIII: 0j
  IIIIIZII: (0.00020800415889343508+0j)
  IZIIIIII: (0.00020800415889343508+0j)
  IIIIIZII: (7.07716783970961e-09+0j)
  IIIIZIII: (0.0001123288895042608+0j)
  ZIIIIIII: (0.0001123288895042608+0j)
  IIIIZIII: (-0.8652498159086175+0j)
  ZIIIIIII: (0.0010987602392318805+0j)

 

Information about the circuit: 
Number of qubits: 8
 Depth : 7

--- Starting Optimization Loop (method=COBYLA) ---
Iter 10: Cost = -1.3832628547511165
Iter 20: Cost = -1.6944169263202757
Iter 30: Cost = -1.706115337196242
Optimization success: True
Optimal Params: [ 0.39269908  0.05681544 -0.02757156  0.54271754]

--- Final Statevector (exact) ---
Marginals: [0.059125248108355684, 0.0023627200858750957, 0.05405657758587879, 0.0019413256318294558, 0.05915659546884647, 0.001036433392641815, 0.0540565775831817, 0.00014801921680952812]

  ┌─ Depth 4 | Patch (176, 192, 208, 224) | eff_threshold=0.830
  │  θ-only  (before QAOA): [[0.41  0.204]
 [0.399 0.198]]
  │  QAOA    (after  QAOA): [[0.059 0.002]
 [0.054 0.001]]
  │  θ-only  refine: [[0 0]
 [0 0]]
  │  QAOA    refine: [[0 0]
 [0 0]]
  │  Agreement: 4/4 cells
  └─
Transpiling circuit (backend=state_vector, opt_level=0)
  IIIIIIIZ: (0.011255027296683595+0j)
  IIIZIIII: (0.011255027296683595+0j)
  IIIIIIIZ: (-2.0357480287055088e-12+0j)
  IIIZIIII: 0j
  IIIIIIZI: (0.0666394017619438+0j)
  IIZIIIII: (0.0666394017619438+0j)
  IIZIIIII: 0j
  IIIIIZII: (0.017773485766583906+0j)
  IZIIIIII: (0.017773485766583906+0j)
  IIIIIZII: (6.596079121430163e-14+0j)
  IIIIZIII: (0.07119531736377688+0j)
  ZIIIIIII: (0.07119531736377688+0j)

 

Information about the circuit: 
Number of qubits: 8
 Depth : 7

--- Starting Optimization Loop (method=COBYLA) ---
Iter 10: Cost = 0.054706407771622945
Iter 20: Cost = -0.027275803896142176
Iter 30: Cost = -0.027027543842683424
Optimization success: True
Optimal Params: [-0.39269908 -0.39269908 -0.11181623  0.03252706]

--- Final Statevector (exact) ---
Marginals: [0.08952776708335058, 0.010416157689997105, 0.8794786420994161, 0.01193586417926813, 0.9105519024838117, 0.989582889815243, 0.915944360700865, 0.9880629728907501]

  ┌─ Depth 4 | Patch (192, 208, 160, 176) | eff_threshold=0.830
  │  θ-only  (before QAOA): [[0.215 0.399]
 [0.223 0.392]]
  │  QAOA    (after  QAOA): [[0.5   0.5  ]
 [0.898 0.5  ]]
  │  θ-only  refine: [[0 0]
 [0 0]]
  │  QAOA    refine: [[0 0]
 [1 0]]
  │  Agreement: 3/4 cells
  └─
Transpiling circuit (backend=state_vector, opt_level=0)
  IIIIIIIZ: (6.547942771314686e-210+0j)
  IIIZIIII: 0j
  IIZIIIII: 0j
  IIIIIZII: (1.5286296024361681e-189+0j)

 

Information about the circuit: 
Number of qubits: 8
 Depth : 5

--- Null Hamiltonian detected (all coefficients zero). Skipping optimization — returning θ-init marginals. ---

--- Final Statevector (exact) ---
Marginals: [0.6061262275282052, 0.777923703089505, 0.5769909842726785, 0.7304082964162774, 0.6061262275282052, 0.7779237030895052, 0.5769909842726786, 0.7304082964162774]

  ┌─ Depth 4 | Patch (192, 208, 176, 192) | eff_threshold=0.830
  │  θ-only  (before QAOA): [[0.606 0.778]
 [0.577 0.73 ]]
  │  QAOA    (after  QAOA): [[0.606 0.778]
 [0.577 0.73 ]]
  │  θ-only  refine: [[0 0]
 [0 0]]
  │  QAOA    refine: [[0 0]
 [0 0]]
  │  Agreement: 4/4 cells
  └─
Transpiling circuit (backend=state_vector, opt_level=0)
  IIIIIIIZ: (0.028329798038237822+0j)
  IIIZIIII: (0.028329798038237822+0j)
  IIIIIIIZ: (2.088217369740072e-12+0j)
  IIIZIIII: 0j
  IIIIIIZI: (0.06407427761171709+0j)
  IIZIIIII: (0.06407427761171709+0j)
  IIZIIIII: 0j
  IIIIIZII: (0.03265609969985136+0j)
  IZIIIIII: (0.03265609969985136+0j)
  IIIIIZII: (6.255860219274444e-12+0j)
  IIIIZIII: (0.06663462198671144+0j)
  ZIIIIIII: (0.06663462198671144+0j)

 

Information about the circuit: 
Number of qubits: 8
 Depth : 7

--- Starting Optimization Loop (method=COBYLA) ---
Iter 10: Cost = -0.13912717286230142
Iter 20: Cost = -0.20200508089696612
Iter 30: Cost = -0.2030414304862656
Optimization success: True
Optimal Params: [-0.39269908 -0.39269908  0.35217524 -0.43496408]

--- Final Statevector (exact) ---
Marginals: [0.9065295790593846, 0.015407250640245455, 0.9230697979962709, 0.978930349745844, 0.9202023860351166, 0.9844009277711834, 0.5270590732984483, 0.9789290190705332]

  ┌─ Depth 4 | Patch (208, 224, 160, 176) | eff_threshold=0.830
  │  θ-only  (before QAOA): [[0.229 0.376]
 [0.234 0.357]]
  │  QAOA    (after  QAOA): [[0.913 0.5  ]
 [0.725 0.979]]
  │  θ-only  refine: [[0 0]
 [0 0]]
  │  QAOA    refine: [[1 0]
 [0 1]]
  │  Agreement: 2/4 cells
  └─
Transpiling circuit (backend=state_vector, opt_level=0)
  IIIIIIIZ: (4.920613789071393e-178+0j)
  IIIZIIII: 0j
  IIZIIIII: 0j
  IIIIIZII: (1.4406495876585583e-172+0j)

 

Information about the circuit: 
Number of qubits: 8
 Depth : 5

--- Null Hamiltonian detected (all coefficients zero). Skipping optimization — returning θ-init marginals. ---

--- Final Statevector (exact) ---
Marginals: [0.6082693295837869, 0.7326330011816892, 0.5950406199879141, 0.7318105700561158, 0.6082693295837868, 0.7326330011816894, 0.595040619987914, 0.7318105700561158]

  ┌─ Depth 4 | Patch (208, 224, 176, 192) | eff_threshold=0.830
  │  θ-only  (before QAOA): [[0.608 0.733]
 [0.595 0.732]]
  │  QAOA    (after  QAOA): [[0.608 0.733]
 [0.595 0.732]]
  │  θ-only  refine: [[0 0]
 [0 0]]
  │  QAOA    refine: [[0 0]
 [0 0]]
  │  Agreement: 4/4 cells
  └─
Transpiling circuit (backend=state_vector, opt_level=0)
  IIIIIIIZ: (-0.1064219852750258+0j)
  IIIZIIII: (-0.1064219852750258+0j)
  IIIIIIIZ: (-0+0j)
  IIIZIIII: (-0+0j)
  IIIIIIZI: (-0.0871476011076773+0j)
  IIZIIIII: (-0.0871476011076773+0j)
  IIZIIIII: (-0+0j)
  IIIIIZII: (-0.10570465102679237+0j)
  IZIIIIII: (-0.10570465102679237+0j)
  IIIIIZII: (-0+0j)
  IIIIZIII: (-0.08689892647242055+0j)
  ZIIIIIII: (-0.08689892647242055+0j)

 

Information about the circuit: 
Number of qubits: 8
 Depth : 7

--- Starting Optimization Loop (method=COBYLA) ---
Iter 10: Cost = -0.6932670993859368
Iter 20: Cost = -0.6885676534055089
Optimization success: True
Optimal Params: [-0.0639467  -0.05843113  0.17052677  0.34836151]

--- Final Statevector (exact) ---
Marginals: [0.00883167241656667, 0.1721682045839694, 0.00881825280686734, 0.17160057178856938, 0.008832095050922781, 0.03332216110345657, 0.008823425661751276, 0.03309613429828894]

  ┌─ Depth 4 | Patch (224, 240, 128, 144) | eff_threshold=0.830
  │  θ-only  (before QAOA): [[0.046 0.091]
 [0.046 0.09 ]]
  │  QAOA    (after  QAOA): [[0.009 0.103]
 [0.009 0.102]]
  │  θ-only  refine: [[0 0]
 [0 0]]
  │  QAOA    refine: [[0 0]
 [0 0]]
  │  Agreement: 4/4 cells
  └─
Transpiling circuit (backend=state_vector, opt_level=0)
  IIIIIIIZ: (-0.009316029560804432+0j)
  IIIZIIII: (-0.009316029560804432+0j)
  IIIIIIIZ: (-0+0j)
  IIIZIIII: (-0+0j)
  IIIIIIZI: (-0.004259796571345822+0j)
  IIZIIIII: (-0.004259796571345822+0j)
  IIIIIIZI: (0.4058816512161685+0j)
  IIZIIIII: 0j
  IIIIIZII: (-0.009301387039876785+0j)
  IZIIIIII: (-0.009301387039876785+0j)
  IZIIIIII: (-0.00035658113078040107+0j)
  IIIIIZII: (-0+0j)
  IIIIZIII: (-0.004205817293310143+0j)
  ZIIIIIII: (-0.004205817293310143+0j)
  IIIIZIII: (0.381966525699956+0j)
  ZIIIIIII: (0.002587305631441546+0j)

 

Information about the circuit: 
Number of qubits: 8
 Depth : 7

--- Starting Optimization Loop (method=COBYLA) ---
Iter 10: Cost = -0.542733089596225
Iter 20: Cost = -0.5599208843047954
Iter 30: Cost = -0.5731753362287981
Optimization success: True
Optimal Params: [-0.39269908 -0.39269908  0.2822485  -0.59712968]

--- Final Statevector (exact) ---
Marginals: [0.8391227462479135, 0.8590345101252693, 0.8388589773876888, 0.8617348749986828, 0.16095796172771398, 0.14794041176289102, 0.1611206754899081, 0.11963454609592333]

  ┌─ Depth 4 | Patch (224, 240, 144, 160) | eff_threshold=0.830
  │  θ-only  (before QAOA): [[0.133 0.175]
 [0.132 0.175]]
  │  QAOA    (after  QAOA): [[0.5   0.503]
 [0.5   0.491]]
  │  θ-only  refine: [[0 0]
 [0 0]]
  │  QAOA    refine: [[0 0]
 [0 0]]
  │  Agreement: 4/4 cells
  └─
Transpiling circuit (backend=state_vector, opt_level=0)
  IIIIIIIZ: (-0.0018511893023023273+0j)
  IIIZIIII: (-0.0018511893023023273+0j)
  IIIIIIIZ: (-0+0j)
  IIIZIIII: (-0+0j)
  IIIIIIZI: (-0.0015542659957746552+0j)
  IIZIIIII: (-0.0015542659957746552+0j)
  IIZIIIII: (-0+0j)
  IIIIIZII: (-0.0018511057912519366+0j)
  IZIIIIII: (-0.0018511057912519366+0j)
  IIIIIZII: (-0+0j)
  IIIIZIII: (-0.0015740882548553677+0j)
  ZIIIIIII: (-0.0015740882548553677+0j)
  ZIIIIIII: (-0.0003239963020409137+0j)

 

Information about the circuit: 
Number of qubits: 8
 Depth : 7

--- Starting Optimization Loop (method=COBYLA) ---
Iter 10: Cost = -0.012163429911765914
Optimization success: True
Optimal Params: [ 0.06196838 -0.04463033  0.92059045  1.87645844]

--- Final Statevector (exact) ---
Marginals: [0.05213657001897552, 0.0769521647101908, 0.04325720761369758, 0.06977196934697988, 0.0521368266496959, 0.0964390203299188, 0.039229572660766786, 0.07538223800647874]

  ┌─ Depth 4 | Patch (240, 256, 128, 144) | eff_threshold=0.830
  │  θ-only  (before QAOA): [[0.045 0.086]
 [0.042 0.079]]
  │  QAOA    (after  QAOA): [[0.052 0.087]
 [0.041 0.073]]
  │  θ-only  refine: [[0 0]
 [0 0]]
  │  QAOA    refine: [[0 0]
 [0 0]]
  │  Agreement: 4/4 cells
  └─
Transpiling circuit (backend=state_vector, opt_level=0)
  IIIIIIIZ: (-0.004537295061006185+0j)
  IIIZIIII: (-0.004537295061006185+0j)
  IIIIIIIZ: (-0+0j)
  IIIZIIII: (-0+0j)
  IIIIIIZI: (-0.002294210377190452+0j)
  IIZIIIII: (-0.002294210377190452+0j)
  IIIIIIZI: (0.4514831919596379+0j)
  IIZIIIII: 0j
  IIIIIZII: (-0.00495277385162094+0j)
  IZIIIIII: (-0.00495277385162094+0j)
  IZIIIIII: (-0.00037785918198608595+0j)
  IIIIIZII: (-0+0j)
  IIIIZIII: (-0.002727330531575368+0j)
  ZIIIIIII: (-0.002727330531575368+0j)
  IIIIZIII: (0.5027077641662913+0j)
  ZIIIIIII: (0.0019473581575513562+0j)

 

Information about the circuit: 
Number of qubits: 8
 Depth : 7

--- Starting Optimization Loop (method=COBYLA) ---
Iter 10: Cost = -0.6048981579998166
Iter 20: Cost = -0.7178157100152603
Iter 30: Cost = -0.7027655906427979
Optimization success: True
Optimal Params: [-0.39269908 -0.39269908 -0.21168048  0.10750509]

--- Final Statevector (exact) ---
Marginals: [0.8343135717495493, 0.8753630244627773, 0.8235260898074885, 0.8682786335931859, 0.16568964045750628, 0.12106295272312285, 0.6274961803137802, 0.442315670691048]

  ┌─ Depth 4 | Patch (240, 256, 144, 160) | eff_threshold=0.830
  │  θ-only  (before QAOA): [[0.128 0.174]
 [0.119 0.167]]
  │  QAOA    (after  QAOA): [[0.5   0.498]
 [0.726 0.655]]
  │  θ-only  refine: [[0 0]
 [0 0]]
  │  QAOA    refine: [[0 0]
 [0 0]]
  │  Agreement: 4/4 cells
  └─
Transpiling circuit (backend=state_vector, opt_level=0)
  IIIIIIIZ: (0.022235128529592935+0j)
  IIIZIIII: (0.022235128529592935+0j)
  IIIIIIIZ: (2.689505921231687e-10+0j)
  IIIZIIII: 0j
  IIIIIIZI: (0.03785058738837146+0j)
  IIZIIIII: (0.03785058738837146+0j)
  IIZIIIII: 0j
  IIIIIZII: (0.023083238130145494+0j)
  IZIIIIII: (0.023083238130145494+0j)
  IZIIIIII: (3.1155702546092036e-06+0j)
  IIIIIZII: (2.0415646317972769e-10+0j)
  IIIIZIII: (0.038237904716171486+0j)
  ZIIIIIII: (0.038237904716171486+0j)

 

Information about the circuit: 
Number of qubits: 8
 Depth : 7

--- Starting Optimization Loop (method=COBYLA) ---
Iter 10: Cost = -0.11216424819568242
Iter 20: Cost = -0.11127144160753193
Optimization success: True
Optimal Params: [-0.39269908 -0.39269908  0.455859    0.50129868]

--- Final Statevector (exact) ---
Marginals: [0.9242523463409519, 0.972778692321985, 0.9244703341506249, 0.9762104443850714, 0.11261510962274626, 0.9733788791079035, 0.07546624955790396, 0.5434136867951971]

  ┌─ Depth 4 | Patch (224, 240, 160, 176) | eff_threshold=0.830
  │  θ-only  (before QAOA): [[0.236 0.34 ]
 [0.236 0.351]]
  │  QAOA    (after  QAOA): [[0.518 0.973]
 [0.5   0.76 ]]
  │  θ-only  refine: [[0 0]
 [0 0]]
  │  QAOA    refine: [[0 1]
 [0 0]]
  │  Agreement: 3/4 cells
  │  Boundary activation: ['right']
  └─
Transpiling circuit (backend=state_vector, opt_level=0)
  IIIIIIIZ: (4.647116743201978e-171+0j)
  IIIZIIII: 0j
  IIZIIIII: 0j
  IIIIIZII: (4.958261647974423e-178+0j)

 

Information about the circuit: 
Number of qubits: 8
 Depth : 5

--- Null Hamiltonian detected (all coefficients zero). Skipping optimization — returning θ-init marginals. ---

--- Final Statevector (exact) ---
Marginals: [0.5559993613501454, 0.72238102883311, 0.581260146668159, 0.7096607121795397, 0.5559993613501453, 0.7223810288331101, 0.581260146668159, 0.7096607121795397]

  ┌─ Depth 4 | Patch (224, 240, 176, 192) | eff_threshold=0.830
  │  θ-only  (before QAOA): [[0.556 0.722]
 [0.581 0.71 ]]
  │  QAOA    (after  QAOA): [[0.556 0.722]
 [0.581 0.71 ]]
  │  θ-only  refine: [[0 0]
 [0 0]]
  │  QAOA    refine: [[0 0]
 [0 0]]
  │  Agreement: 4/4 cells
  └─
Transpiling circuit (backend=state_vector, opt_level=0)
  IIIIIIIZ: (0.056896590875015744+0j)
  IIIZIIII: (0.056896590875015744+0j)
  IIIIIIIZ: (1.576486982886503e-12+0j)
  IIIZIIII: 0j
  IIIIIIZI: (0.09395215131741178+0j)
  IIZIIIII: (0.09395215131741178+0j)
  IIZIIIII: 0j
  IIIIIZII: (0.054979528009980475+0j)
  IZIIIIII: (0.054979528009980475+0j)
  IZIIIIII: (1.1645008908147204e-05+0j)
  IIIIIZII: (6.715390417016261e-14+0j)
  IIIIZIII: (0.09335648500925901+0j)
  ZIIIIIII: (0.09335648500925901+0j)

 

Information about the circuit: 
Number of qubits: 8
 Depth : 7

--- Starting Optimization Loop (method=COBYLA) ---
Iter 10: Cost = 0.016728285470892473
Iter 20: Cost = -0.22016328654082476
Iter 30: Cost = -0.22011375497820107
Iter 40: Cost = -0.22074506002410646
Optimization success: False
Optimal Params: [-0.39269908 -0.39269908  0.13818027  0.3449895 ]

--- Final Statevector (exact) ---
Marginals: [0.9241875725024805, 0.9854752785262129, 0.9233492020506725, 0.9900120458896898, 0.07562101237538109, 0.4420744633489513, 0.4007551416487705, 0.5778981105011866]

  ┌─ Depth 4 | Patch (240, 256, 160, 176) | eff_threshold=0.830
  │  θ-only  (before QAOA): [[0.236 0.386]
 [0.235 0.407]]
  │  QAOA    (after  QAOA): [[0.5   0.714]
 [0.662 0.784]]
  │  θ-only  refine: [[0 0]
 [0 0]]
  │  QAOA    refine: [[0 0]
 [0 0]]
  │  Agreement: 4/4 cells
  └─
Transpiling circuit (backend=state_vector, opt_level=0)
  IIIIIIIZ: (1.4280473996535773e-191+0j)
  IIIZIIII: 0j
  IIZIIIII: 0j
  IIIIIZII: (1.4063818813705462e-205+0j)

 

Information about the circuit: 
Number of qubits: 8
 Depth : 5

--- Null Hamiltonian detected (all coefficients zero). Skipping optimization — returning θ-init marginals. ---

--- Final Statevector (exact) ---
Marginals: [0.6154350308467308, 0.7027970345532988, 0.6497128513936887, 0.7101667402166563, 0.6154350308467309, 0.7027970345532987, 0.6497128513936885, 0.7101667402166564]

  ┌─ Depth 4 | Patch (240, 256, 176, 192) | eff_threshold=0.830
  │  θ-only  (before QAOA): [[0.615 0.703]
 [0.65  0.71 ]]
  │  QAOA    (after  QAOA): [[0.615 0.703]
 [0.65  0.71 ]]
  │  θ-only  refine: [[0 0]
 [0 0]]
  │  QAOA    refine: [[0 0]
 [0 0]]
  │  Agreement: 4/4 cells
  └─
Transpiling circuit (backend=state_vector, opt_level=0)
  IIIIIIIZ: (8.680813337381183e-222+0j)
  IIIZIIII: 0j
  IIZIIIII: 0j
  IIIIIZII: (4.969289905251246e-211+0j)

 

Information about the circuit: 
Number of qubits: 8
 Depth : 5

--- Null Hamiltonian detected (all coefficients zero). Skipping optimization — returning θ-init marginals. ---

--- Final Statevector (exact) ---
Marginals: [0.7466071107127265, 0.654587826644201, 0.7472044173006606, 0.6317304534637511, 0.7466071107127265, 0.6545878266442011, 0.7472044173006603, 0.6317304534637513]

  ┌─ Depth 4 | Patch (192, 208, 192, 208) | eff_threshold=0.830
  │  θ-only  (before QAOA): [[0.747 0.655]
 [0.747 0.632]]
  │  QAOA    (after  QAOA): [[0.747 0.655]
 [0.747 0.632]]
  │  θ-only  refine: [[0 0]
 [0 0]]
  │  QAOA    refine: [[0 0]
 [0 0]]
  │  Agreement: 4/4 cells
  └─
Transpiling circuit (backend=state_vector, opt_level=0)
  IIIIIIIZ: (9.088874706943677e-08+0j)
  IIIZIIII: 0j
  IIIIIIZI: (-0.8789295855699972+0j)
  IIZIIIII: 0j
  IIIIIZII: (3.311415558078725e-07+0j)
  IIIIZIII: (-0.7886734496026137+0j)
  ZIIIIIII: (0.0021865436302185167+0j)

 

Information about the circuit: 
Number of qubits: 8
 Depth : 5

--- Starting Optimization Loop (method=COBYLA) ---
Iter 10: Cost = -1.4242660568459835
Iter 20: Cost = -1.5961054510060049
Optimization success: True
Optimal Params: [ 0.36233234 -0.06009216  0.16711143  0.56283346]

--- Final Statevector (exact) ---
Marginals: [0.12820802701974193, 0.017727316703643223, 0.6642998917767905, 0.01790604198737688, 0.12820802701514736, 0.024019378447286206, 0.11650400312368285, 0.023363022143389294]

  ┌─ Depth 4 | Patch (192, 208, 208, 224) | eff_threshold=0.830
  │  θ-only  (before QAOA): [[0.384 0.195]
 [0.367 0.194]]
  │  QAOA    (after  QAOA): [[0.128 0.021]
 [0.39  0.021]]
  │  θ-only  refine: [[0 0]
 [0 0]]
  │  QAOA    refine: [[0 0]
 [0 0]]
  │  Agreement: 4/4 cells
  └─
Transpiling circuit (backend=state_vector, opt_level=0)
  IIIIIIIZ: (2.6786868317864516e-186+0j)
  IIIZIIII: 0j
  IIZIIIII: 0j
  IIIIIZII: (7.200138871540416e-165+0j)

 

Information about the circuit: 
Number of qubits: 8
 Depth : 5

--- Null Hamiltonian detected (all coefficients zero). Skipping optimization — returning θ-init marginals. ---

--- Final Statevector (exact) ---
Marginals: [0.7453685612423498, 0.5961414637679825, 0.7358834047673548, 0.5533382121162866, 0.7453685612423496, 0.5961414637679822, 0.7358834047673549, 0.5533382121162868]

  ┌─ Depth 4 | Patch (208, 224, 192, 208) | eff_threshold=0.830
  │  θ-only  (before QAOA): [[0.745 0.596]
 [0.736 0.553]]
  │  QAOA    (after  QAOA): [[0.745 0.596]
 [0.736 0.553]]
  │  θ-only  refine: [[0 0]
 [0 0]]
  │  QAOA    refine: [[0 0]
 [0 0]]
  │  Agreement: 4/4 cells
  └─
Transpiling circuit (backend=state_vector, opt_level=0)
  IIIIIIIZ: (2.252694601544096e-06+0j)
  IIIZIIII: (2.252694601544096e-06+0j)
  IIIIIIIZ: (9.952586680473373e-07+0j)
  IIIZIIII: 0j
  IIIIIIZI: (1.2685480029540715e-06+0j)
  IIZIIIII: (1.2685480029540715e-06+0j)
  IIIIIIZI: (-0.5525729129632769+0j)
  IIZIIIII: 0j
  IIIIIZII: (2.162746914476543e-06+0j)
  IZIIIIII: (2.162746914476543e-06+0j)
  IIIIIZII: (1.7619204048421586e-06+0j)
  IIIIZIII: (1.2074188696069027e-06+0j)
  ZIIIIIII: (1.2074188696069027e-06+0j)
  IIIIZIII: (-0.2552202697273772+0j)
  ZIIIIIII: (0.0007118690855514628+0j)

 

Information about the circuit: 
Number of qubits: 8
 Depth : 7

--- Starting Optimization Loop (method=COBYLA) ---
Iter 10: Cost = -0.6679096755966939
Iter 20: Cost = -0.7070674589502506
Optimization success: True
Optimal Params: [0.17120478 0.10177444 0.28121276 0.67242678]

--- Final Statevector (exact) ---
Marginals: [0.6191440900981833, 0.07402427499684532, 0.6033232458270044, 0.04543482658108905, 0.12392651572838848, 0.03396966561343031, 0.11343206756293654, 0.035841738659415485]

  ┌─ Depth 4 | Patch (208, 224, 208, 224) | eff_threshold=0.830
  │  θ-only  (before QAOA): [[0.35  0.196]
 [0.334 0.2  ]]
  │  QAOA    (after  QAOA): [[0.372 0.054]
 [0.358 0.041]]
  │  θ-only  refine: [[0 0]
 [0 0]]
  │  QAOA    refine: [[0 0]
 [0 0]]
  │  Agreement: 4/4 cells
  │  Boundary activation: ['left']
  └─
Transpiling circuit (backend=state_vector, opt_level=0)
  IIIIIIIZ: (1.208102468959406e-134+0j)
  IIIZIIII: 0j
  IIZIIIII: 0j
  IIIIIZII: (4.691048416785457e-116+0j)

 

Information about the circuit: 
Number of qubits: 8
 Depth : 5

--- Null Hamiltonian detected (all coefficients zero). Skipping optimization — returning θ-init marginals. ---

--- Final Statevector (exact) ---
Marginals: [0.7178972653828603, 0.50943527424468, 0.6914323696084381, 0.47122450603637706, 0.7178972653828601, 0.5094352742446799, 0.6914323696084382, 0.4712245060363769]

  ┌─ Depth 4 | Patch (224, 240, 192, 208) | eff_threshold=0.830
  │  θ-only  (before QAOA): [[0.718 0.509]
 [0.691 0.471]]
  │  QAOA    (after  QAOA): [[0.718 0.509]
 [0.691 0.471]]
  │  θ-only  refine: [[0 0]
 [0 0]]
  │  QAOA    refine: [[0 0]
 [0 0]]
  │  Agreement: 4/4 cells
  │  Boundary activation: ['left']
  └─
Transpiling circuit (backend=state_vector, opt_level=0)
  IIIIIIIZ: (0.00014088186961687095+0j)
  IIIZIIII: (0.00014088186961687095+0j)
  IIIIIIZZ: (-1.2980602207461785e-06+0j)
  IIIIIIIZ: (5.090832623036e-06+0j)
  IIIZIIII: 0j
  IIIIIIZI: (8.275726016896043e-05+0j)
  IIZIIIII: (8.275726016896043e-05+0j)
  IIIIIIZI: (-0.04181841298424599+0j)
  IIZIIIII: 0j
  IIIIIZII: (0.00013187940246715393+0j)
  IZIIIIII: (0.00013187940246715393+0j)
  IIIIZZII: (-1.9760832483981265e-06+0j)
  IIIIIZII: (6.703273563051491e-06+0j)
  IIIIZIII: (8.091300464102513e-05+0j)
  ZIIIIIII: (8.091300464102513e-05+0j)
  IIIIZIII: (0.05369673055185585+0j)
  ZIIIIIII: (0.00013494079563478972+0j)

 

Information about the circuit: 
Number of qubits: 8
 Depth : 10

--- Starting Optimization Loop (method=COBYLA) ---
Iter 10: Cost = 0.005972237937163652
Optimization success: True
Optimal Params: [0.00171718 0.00371392 0.48447095 0.90966696]

--- Final Statevector (exact) ---
Marginals: [0.3194434220639293, 0.1997185436592068, 0.2999810914145741, 0.20279912346920367, 0.30935759313040995, 0.1996940542983858, 0.29007389004901174, 0.20279398411204172]

  ┌─ Depth 4 | Patch (224, 240, 208, 224) | eff_threshold=0.830
  │  θ-only  (before QAOA): [[0.314 0.204]
 [0.295 0.207]]
  │  QAOA    (after  QAOA): [[0.314 0.2  ]
 [0.295 0.203]]
  │  θ-only  refine: [[0 0]
 [0 0]]
  │  QAOA    refine: [[0 0]
 [0 0]]
  │  Agreement: 4/4 cells
  └─
Transpiling circuit (backend=state_vector, opt_level=0)
  IIIIIIIZ: (3.8078389058342865e-97+0j)
  IIIZIIII: 0j
  IIZIIIII: 0j
  IIIIIZII: (1.3056198937879514e-92+0j)

 

Information about the circuit: 
Number of qubits: 8
 Depth : 5

--- Null Hamiltonian detected (all coefficients zero). Skipping optimization — returning θ-init marginals. ---

--- Final Statevector (exact) ---
Marginals: [0.6631074190174758, 0.44691379353793187, 0.6402828309413242, 0.45393888583523795, 0.6631074190174758, 0.44691379353793187, 0.6402828309413243, 0.4539388858352379]

  ┌─ Depth 4 | Patch (240, 256, 192, 208) | eff_threshold=0.830
  │  θ-only  (before QAOA): [[0.663 0.447]
 [0.64  0.454]]
  │  QAOA    (after  QAOA): [[0.663 0.447]
 [0.64  0.454]]
  │  θ-only  refine: [[0 0]
 [0 0]]
  │  QAOA    refine: [[0 0]
 [0 0]]
  │  Agreement: 4/4 cells
  │  Boundary activation: ['left']
  └─
Transpiling circuit (backend=state_vector, opt_level=0)
  IIIIIIIZ: (0.00031089173041210275+0j)
  IIIZIIII: (0.00031089173041210275+0j)
  IIIIIIZZ: (-1.0048564487261817e-05+0j)
  IIIIIIIZ: (3.053542589739261e-05+0j)
  IIIZIIII: 0j
  IIIIIIZI: (0.0002117612119294526+0j)
  IIZIIIII: (0.0002117612119294526+0j)
  IIIIIIZI: (0.18226612556507038+0j)
  IIZIIIII: 0j
  IIIIIZII: (0.0003013632108025002+0j)
  IZIIIIII: (0.0003013632108025002+0j)
  IIIIZZII: (-1.3328934696991284e-05+0j)
  IIIIIZII: (3.8170010336141735e-05+0j)
  IIIIZIII: (0.00020933681316878894+0j)
  ZIIIIIII: (0.00020933681316878894+0j)
  IIIIZIII: (0.17898420417508976+0j)
  ZIIIIIII: (9.794139753177321e-05+0j)

 

Information about the circuit: 
Number of qubits: 8
 Depth : 10

--- Starting Optimization Loop (method=COBYLA) ---
Iter 10: Cost = -0.1814866434757596
Iter 20: Cost = -0.21259284808760937
Iter 30: Cost = -0.20098732207810843
Optimization success: True
Optimal Params: [-0.39269908 -0.39269908  0.2759241   0.95515204]

--- Final Statevector (exact) ---
Marginals: [0.04997582141180974, 0.8871712047558417, 0.05307243065672958, 0.6724477447983823, 0.9500241519532541, 0.9060742175532457, 0.9469275448748428, 0.906050571562708]

  ┌─ Depth 4 | Patch (240, 256, 208, 224) | eff_threshold=0.830
  │  θ-only  (before QAOA): [[0.282 0.208]
 [0.276 0.208]]
  │  QAOA    (after  QAOA): [[0.5   0.897]
 [0.5   0.789]]
  │  θ-only  refine: [[0 0]
 [0 0]]
  │  QAOA    refine: [[0 1]
 [0 0]]
  │  Agreement: 3/4 cells
  │  Boundary activation: ['right']
  └─
Transpiling circuit (backend=state_vector, opt_level=0)
  IIIIIIIZ: (-0.000932559448312909+0j)
  IIIZIIII: (-0.000932559448312909+0j)
  IIIIIIIZ: 0j
  IIIZIIII: (-0+0j)
  IIIIIIZI: (-0.0034685884877198414+0j)
  IIZIIIII: (-0.0034685884877198414+0j)
  IIIIIIZI: (-0.00011372028620709078+0j)
  IIZIIIII: (-0+0j)
  IIIIIZII: (-0.0003250956416964329+0j)
  IZIIIIII: (-0.0003250956416964329+0j)
  IZIIIIII: (0.001812095235331942+0j)
  IIIIIZII: 0j
  IIIIZIII: (-0.0028071437160972477+0j)
  ZIIIIIII: (-0.0028071437160972477+0j)
  IIIIZIII: (-0.0006344119594168823+0j)
  ZIIIIIII: (-0.00026492297684950115+0j)

 

Information about the circuit: 
Number of qubits: 8
 Depth : 7

--- Starting Optimization Loop (method=COBYLA) ---
Iter 10: Cost = -0.014200841482085022
Iter 20: Cost = -0.014229052527821598
Optimization success: True
Optimal Params: [0.11244021 0.25628861 0.43833737 0.55683151]

--- Final Statevector (exact) ---
Marginals: [0.0005891059898881075, 0.0016446052338502444, 0.0014202630477616203, 0.0005694668428066206, 0.0005882118428921381, 0.0016443738020288637, 0.0013934195066322705, 0.0005687381063190558]

  ┌─ Depth 4 | Patch (224, 240, 224, 240) | eff_threshold=0.830
  │  θ-only  (before QAOA): [[0.147 0.104]
 [0.156 0.114]]
  │  QAOA    (after  QAOA): [[0.001 0.002]
 [0.001 0.001]]
  │  θ-only  refine: [[0 0]
 [0 0]]
  │  QAOA    refine: [[0 0]
 [0 0]]
  │  Agreement: 4/4 cells
  └─
Transpiling circuit (backend=state_vector, opt_level=0)
  IIIIIIIZ: (0.004013620445950331+0j)
  IIIZIIII: (0.004013620445950331+0j)
  IIIIIIIZ: 0j
  IIIZIIII: 0j
  IIIIIIZI: (-0.004300835873814263+0j)
  IIZIIIII: (-0.004300835873814263+0j)
  IIIIIIZI: (-0.003265153927924316+0j)
  IIZIIIII: (-0+0j)
  IIIIIZII: (0.005104805729429009+0j)
  IZIIIIII: (0.005104805729429009+0j)
  IZIIIIII: (0.0015197295791229842+0j)
  IIIIIZII: 0j
  IIIIZIII: (-0.0029177715192101523+0j)
  ZIIIIIII: (-0.0029177715192101523+0j)
  IIIIZIII: (-0.006787020510856838+0j)
  ZIIIIIII: (-0.00029387099184509954+0j)

 

Information about the circuit: 
Number of qubits: 8
 Depth : 7

--- Starting Optimization Loop (method=COBYLA) ---
Iter 10: Cost = -0.005355405656926617
Optimization success: True
Optimal Params: [-0.01270885 -0.00233927  0.25316846  0.46201359]

--- Final Statevector (exact) ---
Marginals: [0.17358589099475505, 0.13242200755430122, 0.17569113400619063, 0.13749833768837702, 0.1735870287943909, 0.13242211043374733, 0.17608992159495324, 0.13749856411725822]

  ┌─ Depth 4 | Patch (240, 256, 224, 240) | eff_threshold=0.830
  │  θ-only  (before QAOA): [[0.162 0.122]
 [0.165 0.127]]
  │  QAOA    (after  QAOA): [[0.174 0.132]
 [0.176 0.137]]
  │  θ-only  refine: [[0 0]
 [0 0]]
  │  QAOA    refine: [[0 0]
 [0 0]]
  │  Agreement: 4/4 cells
  └─
  Depth 5: 523 patch(es) to evaluate

  ┌─ Depth 5 | Patch (0, 8, 32, 40) | eff_threshold=1.000 (max depth, VQA skipped)
  └─

  ┌─ Depth 5 | Patch (0, 8, 40, 48) | eff_threshold=1.000 (max depth, VQA skipped)
  └─

  ┌─ Depth 5 | Patch (8, 16, 32, 40) | eff_threshold=1.000 (max depth, VQA skipped)
  └─

  ┌─ Depth 5 | Patch (8, 16, 40, 48) | eff_threshold=1.000 (max depth, VQA skipped)
  └─

  ┌─ Depth 5 | Patch (0, 8, 48, 56) | eff_threshold=1.000 (max depth, VQA skipped)
  └─

  ┌─ Depth 5 | Patch (0, 8, 56, 64) | eff_threshold=1.000 (max depth, VQA skipped)
  └─

  ┌─ Depth 5 | Patch (8, 16, 48, 56) | eff_threshold=1.000 (max depth, VQA skipped)
  └─

  ┌─ Depth 5 | Patch (8, 16, 56, 64) | eff_threshold=1.000 (max depth, VQA skipped)
  └─

  ┌─ Depth 5 | Patch (16, 24, 32, 40) | eff_threshold=1.000 (max depth, VQA skipped)
  └─

  ┌─ Depth 5 | Patch (16, 24, 40, 48) | eff_threshold=1.000 (max depth, VQA skipped)
  └─

  ┌─ Depth 5 | Patch (24, 32, 32, 40) | eff_threshold=1.000 (max depth, VQA skipped)
  └─

  ┌─ Depth 5 | Patch (24, 32, 40, 48) | eff_threshold=1.000 (max depth, VQA skipped)
  └─

  ┌─ Depth 5 | Patch (16, 24, 48, 56) | eff_threshold=1.000 (max depth, VQA skipped)
  └─

  ┌─ Depth 5 | Patch (16, 24, 56, 64) | eff_threshold=1.000 (max depth, VQA skipped)
  └─

  ┌─ Depth 5 | Patch (24, 32, 48, 56) | eff_threshold=1.000 (max depth, VQA skipped)
  └─

  ┌─ Depth 5 | Patch (24, 32, 56, 64) | eff_threshold=1.000 (max depth, VQA skipped)
  └─

  ┌─ Depth 5 | Patch (32, 40, 32, 40) | eff_threshold=1.000 (max depth, VQA skipped)
  └─

  ┌─ Depth 5 | Patch (32, 40, 40, 48) | eff_threshold=1.000 (max depth, VQA skipped)
  └─

  ┌─ Depth 5 | Patch (40, 48, 32, 40) | eff_threshold=1.000 (max depth, VQA skipped)
  └─

  ┌─ Depth 5 | Patch (40, 48, 40, 48) | eff_threshold=1.000 (max depth, VQA skipped)
  └─

  ┌─ Depth 5 | Patch (32, 40, 48, 56) | eff_threshold=1.000 (max depth, VQA skipped)
  └─

  ┌─ Depth 5 | Patch (32, 40, 56, 64) | eff_threshold=1.000 (max depth, VQA skipped)
  └─

  ┌─ Depth 5 | Patch (40, 48, 48, 56) | eff_threshold=1.000 (max depth, VQA skipped)
  └─

  ┌─ Depth 5 | Patch (40, 48, 56, 64) | eff_threshold=1.000 (max depth, VQA skipped)
  └─

  ┌─ Depth 5 | Patch (48, 56, 32, 40) | eff_threshold=1.000 (max depth, VQA skipped)
  └─

  ┌─ Depth 5 | Patch (48, 56, 40, 48) | eff_threshold=1.000 (max depth, VQA skipped)
  └─

  ┌─ Depth 5 | Patch (56, 64, 32, 40) | eff_threshold=1.000 (max depth, VQA skipped)
  └─

  ┌─ Depth 5 | Patch (56, 64, 40, 48) | eff_threshold=1.000 (max depth, VQA skipped)
  └─

  ┌─ Depth 5 | Patch (48, 56, 48, 56) | eff_threshold=1.000 (max depth, VQA skipped)
  └─

  ┌─ Depth 5 | Patch (48, 56, 56, 64) | eff_threshold=1.000 (max depth, VQA skipped)
  └─

  ┌─ Depth 5 | Patch (56, 64, 48, 56) | eff_threshold=1.000 (max depth, VQA skipped)
  └─

  ┌─ Depth 5 | Patch (56, 64, 56, 64) | eff_threshold=1.000 (max depth, VQA skipped)
  └─

  ┌─ Depth 5 | Patch (0, 8, 64, 72) | eff_threshold=1.000 (max depth, VQA skipped)
  └─

  ┌─ Depth 5 | Patch (0, 8, 72, 80) | eff_threshold=1.000 (max depth, VQA skipped)
  └─

  ┌─ Depth 5 | Patch (8, 16, 64, 72) | eff_threshold=1.000 (max depth, VQA skipped)
  └─

  ┌─ Depth 5 | Patch (8, 16, 72, 80) | eff_threshold=1.000 (max depth, VQA skipped)
  └─

  ┌─ Depth 5 | Patch (0, 8, 80, 88) | eff_threshold=1.000 (max depth, VQA skipped)
  └─

  ┌─ Depth 5 | Patch (0, 8, 88, 96) | eff_threshold=1.000 (max depth, VQA skipped)
  └─

  ┌─ Depth 5 | Patch (8, 16, 80, 88) | eff_threshold=1.000 (max depth, VQA skipped)
  └─

  ┌─ Depth 5 | Patch (8, 16, 88, 96) | eff_threshold=1.000 (max depth, VQA skipped)
  └─

  ┌─ Depth 5 | Patch (16, 24, 64, 72) | eff_threshold=1.000 (max depth, VQA skipped)
  └─

  ┌─ Depth 5 | Patch (16, 24, 72, 80) | eff_threshold=1.000 (max depth, VQA skipped)
  └─

  ┌─ Depth 5 | Patch (24, 32, 64, 72) | eff_threshold=1.000 (max depth, VQA skipped)
  └─

  ┌─ Depth 5 | Patch (24, 32, 72, 80) | eff_threshold=1.000 (max depth, VQA skipped)
  └─

  ┌─ Depth 5 | Patch (16, 24, 80, 88) | eff_threshold=1.000 (max depth, VQA skipped)
  └─

  ┌─ Depth 5 | Patch (16, 24, 88, 96) | eff_threshold=1.000 (max depth, VQA skipped)
  └─

  ┌─ Depth 5 | Patch (24, 32, 80, 88) | eff_threshold=1.000 (max depth, VQA skipped)
  └─

  ┌─ Depth 5 | Patch (24, 32, 88, 96) | eff_threshold=1.000 (max depth, VQA skipped)
  └─

  ┌─ Depth 5 | Patch (32, 40, 64, 72) | eff_threshold=1.000 (max depth, VQA skipped)
  └─

  ┌─ Depth 5 | Patch (32, 40, 72, 80) | eff_threshold=1.000 (max depth, VQA skipped)
  └─

  ┌─ Depth 5 | Patch (40, 48, 64, 72) | eff_threshold=1.000 (max depth, VQA skipped)
  └─

  ┌─ Depth 5 | Patch (40, 48, 72, 80) | eff_threshold=1.000 (max depth, VQA skipped)
  └─

  ┌─ Depth 5 | Patch (32, 40, 80, 88) | eff_threshold=1.000 (max depth, VQA skipped)
  └─

  ┌─ Depth 5 | Patch (32, 40, 88, 96) | eff_threshold=1.000 (max depth, VQA skipped)
  └─

  ┌─ Depth 5 | Patch (40, 48, 80, 88) | eff_threshold=1.000 (max depth, VQA skipped)
  └─

  ┌─ Depth 5 | Patch (40, 48, 88, 96) | eff_threshold=1.000 (max depth, VQA skipped)
  └─

  ┌─ Depth 5 | Patch (48, 56, 64, 72) | eff_threshold=1.000 (max depth, VQA skipped)
  └─

  ┌─ Depth 5 | Patch (48, 56, 72, 80) | eff_threshold=1.000 (max depth, VQA skipped)
  └─

  ┌─ Depth 5 | Patch (56, 64, 64, 72) | eff_threshold=1.000 (max depth, VQA skipped)
  └─

  ┌─ Depth 5 | Patch (56, 64, 72, 80) | eff_threshold=1.000 (max depth, VQA skipped)
  └─

  ┌─ Depth 5 | Patch (48, 56, 80, 88) | eff_threshold=1.000 (max depth, VQA skipped)
  └─

  ┌─ Depth 5 | Patch (48, 56, 88, 96) | eff_threshold=1.000 (max depth, VQA skipped)
  └─

  ┌─ Depth 5 | Patch (56, 64, 80, 88) | eff_threshold=1.000 (max depth, VQA skipped)
  └─

  ┌─ Depth 5 | Patch (56, 64, 88, 96) | eff_threshold=1.000 (max depth, VQA skipped)
  └─

  ┌─ Depth 5 | Patch (64, 72, 32, 40) | eff_threshold=1.000 (max depth, VQA skipped)
  └─

  ┌─ Depth 5 | Patch (64, 72, 40, 48) | eff_threshold=1.000 (max depth, VQA skipped)
  └─

  ┌─ Depth 5 | Patch (72, 80, 32, 40) | eff_threshold=1.000 (max depth, VQA skipped)
  └─

  ┌─ Depth 5 | Patch (72, 80, 40, 48) | eff_threshold=1.000 (max depth, VQA skipped)
  └─

  ┌─ Depth 5 | Patch (64, 72, 48, 56) | eff_threshold=1.000 (max depth, VQA skipped)
  └─

  ┌─ Depth 5 | Patch (64, 72, 56, 64) | eff_threshold=1.000 (max depth, VQA skipped)
  └─

  ┌─ Depth 5 | Patch (72, 80, 48, 56) | eff_threshold=1.000 (max depth, VQA skipped)
  └─

  ┌─ Depth 5 | Patch (72, 80, 56, 64) | eff_threshold=1.000 (max depth, VQA skipped)
  └─

  ┌─ Depth 5 | Patch (80, 88, 32, 40) | eff_threshold=1.000 (max depth, VQA skipped)
  └─

  ┌─ Depth 5 | Patch (80, 88, 40, 48) | eff_threshold=1.000 (max depth, VQA skipped)
  └─

  ┌─ Depth 5 | Patch (88, 96, 32, 40) | eff_threshold=1.000 (max depth, VQA skipped)
  └─

  ┌─ Depth 5 | Patch (88, 96, 40, 48) | eff_threshold=1.000 (max depth, VQA skipped)
  └─

  ┌─ Depth 5 | Patch (80, 88, 48, 56) | eff_threshold=1.000 (max depth, VQA skipped)
  └─

  ┌─ Depth 5 | Patch (80, 88, 56, 64) | eff_threshold=1.000 (max depth, VQA skipped)
  └─

  ┌─ Depth 5 | Patch (88, 96, 48, 56) | eff_threshold=1.000 (max depth, VQA skipped)
  └─

  ┌─ Depth 5 | Patch (88, 96, 56, 64) | eff_threshold=1.000 (max depth, VQA skipped)
  └─

  ┌─ Depth 5 | Patch (96, 104, 32, 40) | eff_threshold=1.000 (max depth, VQA skipped)
  └─

  ┌─ Depth 5 | Patch (96, 104, 40, 48) | eff_threshold=1.000 (max depth, VQA skipped)
  └─

  ┌─ Depth 5 | Patch (104, 112, 32, 40) | eff_threshold=1.000 (max depth, VQA skipped)
  └─

  ┌─ Depth 5 | Patch (104, 112, 40, 48) | eff_threshold=1.000 (max depth, VQA skipped)
  └─

  ┌─ Depth 5 | Patch (96, 104, 48, 56) | eff_threshold=1.000 (max depth, VQA skipped)
  └─

  ┌─ Depth 5 | Patch (96, 104, 56, 64) | eff_threshold=1.000 (max depth, VQA skipped)
  └─

  ┌─ Depth 5 | Patch (104, 112, 48, 56) | eff_threshold=1.000 (max depth, VQA skipped)
  └─

  ┌─ Depth 5 | Patch (104, 112, 56, 64) | eff_threshold=1.000 (max depth, VQA skipped)
  └─

  ┌─ Depth 5 | Patch (112, 120, 32, 40) | eff_threshold=1.000 (max depth, VQA skipped)
  └─

  ┌─ Depth 5 | Patch (112, 120, 40, 48) | eff_threshold=1.000 (max depth, VQA skipped)
  └─

  ┌─ Depth 5 | Patch (120, 128, 32, 40) | eff_threshold=1.000 (max depth, VQA skipped)
  └─

  ┌─ Depth 5 | Patch (120, 128, 40, 48) | eff_threshold=1.000 (max depth, VQA skipped)
  └─

  ┌─ Depth 5 | Patch (112, 120, 48, 56) | eff_threshold=1.000 (max depth, VQA skipped)
  └─

  ┌─ Depth 5 | Patch (112, 120, 56, 64) | eff_threshold=1.000 (max depth, VQA skipped)
  └─

  ┌─ Depth 5 | Patch (120, 128, 48, 56) | eff_threshold=1.000 (max depth, VQA skipped)
  └─

  ┌─ Depth 5 | Patch (120, 128, 56, 64) | eff_threshold=1.000 (max depth, VQA skipped)
  └─

  ┌─ Depth 5 | Patch (64, 72, 64, 72) | eff_threshold=1.000 (max depth, VQA skipped)
  └─

  ┌─ Depth 5 | Patch (64, 72, 72, 80) | eff_threshold=1.000 (max depth, VQA skipped)
  └─

  ┌─ Depth 5 | Patch (72, 80, 64, 72) | eff_threshold=1.000 (max depth, VQA skipped)
  └─

  ┌─ Depth 5 | Patch (72, 80, 72, 80) | eff_threshold=1.000 (max depth, VQA skipped)
  └─

  ┌─ Depth 5 | Patch (64, 72, 80, 88) | eff_threshold=1.000 (max depth, VQA skipped)
  └─

  ┌─ Depth 5 | Patch (64, 72, 88, 96) | eff_threshold=1.000 (max depth, VQA skipped)
  └─

  ┌─ Depth 5 | Patch (72, 80, 80, 88) | eff_threshold=1.000 (max depth, VQA skipped)
  └─

  ┌─ Depth 5 | Patch (72, 80, 88, 96) | eff_threshold=1.000 (max depth, VQA skipped)
  └─

  ┌─ Depth 5 | Patch (80, 88, 64, 72) | eff_threshold=1.000 (max depth, VQA skipped)
  └─

  ┌─ Depth 5 | Patch (80, 88, 72, 80) | eff_threshold=1.000 (max depth, VQA skipped)
  └─

  ┌─ Depth 5 | Patch (88, 96, 64, 72) | eff_threshold=1.000 (max depth, VQA skipped)
  └─

  ┌─ Depth 5 | Patch (88, 96, 72, 80) | eff_threshold=1.000 (max depth, VQA skipped)
  └─

  ┌─ Depth 5 | Patch (80, 88, 80, 88) | eff_threshold=1.000 (max depth, VQA skipped)
  └─

  ┌─ Depth 5 | Patch (80, 88, 88, 96) | eff_threshold=1.000 (max depth, VQA skipped)
  └─

  ┌─ Depth 5 | Patch (88, 96, 80, 88) | eff_threshold=1.000 (max depth, VQA skipped)
  └─

  ┌─ Depth 5 | Patch (88, 96, 88, 96) | eff_threshold=1.000 (max depth, VQA skipped)
  └─

  ┌─ Depth 5 | Patch (64, 72, 96, 104) | eff_threshold=1.000 (max depth, VQA skipped)
  └─

  ┌─ Depth 5 | Patch (88, 96, 96, 104) | eff_threshold=1.000 (max depth, VQA skipped)
  └─

  ┌─ Depth 5 | Patch (88, 96, 104, 112) | eff_threshold=1.000 (max depth, VQA skipped)
  └─

  ┌─ Depth 5 | Patch (96, 104, 64, 72) | eff_threshold=1.000 (max depth, VQA skipped)
  └─

  ┌─ Depth 5 | Patch (96, 104, 72, 80) | eff_threshold=1.000 (max depth, VQA skipped)
  └─

  ┌─ Depth 5 | Patch (104, 112, 64, 72) | eff_threshold=1.000 (max depth, VQA skipped)
  └─

  ┌─ Depth 5 | Patch (104, 112, 72, 80) | eff_threshold=1.000 (max depth, VQA skipped)
  └─

  ┌─ Depth 5 | Patch (96, 104, 80, 88) | eff_threshold=1.000 (max depth, VQA skipped)
  └─

  ┌─ Depth 5 | Patch (96, 104, 88, 96) | eff_threshold=1.000 (max depth, VQA skipped)
  └─

  ┌─ Depth 5 | Patch (104, 112, 80, 88) | eff_threshold=1.000 (max depth, VQA skipped)
  └─

  ┌─ Depth 5 | Patch (104, 112, 88, 96) | eff_threshold=1.000 (max depth, VQA skipped)
  └─

  ┌─ Depth 5 | Patch (112, 120, 64, 72) | eff_threshold=1.000 (max depth, VQA skipped)
  └─

  ┌─ Depth 5 | Patch (112, 120, 72, 80) | eff_threshold=1.000 (max depth, VQA skipped)
  └─

  ┌─ Depth 5 | Patch (120, 128, 64, 72) | eff_threshold=1.000 (max depth, VQA skipped)
  └─

  ┌─ Depth 5 | Patch (120, 128, 72, 80) | eff_threshold=1.000 (max depth, VQA skipped)
  └─

  ┌─ Depth 5 | Patch (112, 120, 80, 88) | eff_threshold=1.000 (max depth, VQA skipped)
  └─

  ┌─ Depth 5 | Patch (112, 120, 88, 96) | eff_threshold=1.000 (max depth, VQA skipped)
  └─

  ┌─ Depth 5 | Patch (120, 128, 80, 88) | eff_threshold=1.000 (max depth, VQA skipped)
  └─

  ┌─ Depth 5 | Patch (120, 128, 88, 96) | eff_threshold=1.000 (max depth, VQA skipped)
  └─

  ┌─ Depth 5 | Patch (96, 104, 96, 104) | eff_threshold=1.000 (max depth, VQA skipped)
  └─

  ┌─ Depth 5 | Patch (96, 104, 104, 112) | eff_threshold=1.000 (max depth, VQA skipped)
  └─

  ┌─ Depth 5 | Patch (104, 112, 96, 104) | eff_threshold=1.000 (max depth, VQA skipped)
  └─

  ┌─ Depth 5 | Patch (104, 112, 104, 112) | eff_threshold=1.000 (max depth, VQA skipped)
  └─

  ┌─ Depth 5 | Patch (112, 120, 96, 104) | eff_threshold=1.000 (max depth, VQA skipped)
  └─

  ┌─ Depth 5 | Patch (0, 8, 144, 152) | eff_threshold=1.000 (max depth, VQA skipped)
  └─

  ┌─ Depth 5 | Patch (0, 8, 152, 160) | eff_threshold=1.000 (max depth, VQA skipped)
  └─

  ┌─ Depth 5 | Patch (8, 16, 144, 152) | eff_threshold=1.000 (max depth, VQA skipped)
  └─

  ┌─ Depth 5 | Patch (8, 16, 152, 160) | eff_threshold=1.000 (max depth, VQA skipped)
  └─

  ┌─ Depth 5 | Patch (24, 32, 144, 152) | eff_threshold=1.000 (max depth, VQA skipped)
  └─

  ┌─ Depth 5 | Patch (0, 8, 160, 168) | eff_threshold=1.000 (max depth, VQA skipped)
  └─

  ┌─ Depth 5 | Patch (0, 8, 168, 176) | eff_threshold=1.000 (max depth, VQA skipped)
  └─

  ┌─ Depth 5 | Patch (8, 16, 160, 168) | eff_threshold=1.000 (max depth, VQA skipped)
  └─

  ┌─ Depth 5 | Patch (8, 16, 168, 176) | eff_threshold=1.000 (max depth, VQA skipped)
  └─

  ┌─ Depth 5 | Patch (0, 8, 176, 184) | eff_threshold=1.000 (max depth, VQA skipped)
  └─

  ┌─ Depth 5 | Patch (0, 8, 184, 192) | eff_threshold=1.000 (max depth, VQA skipped)
  └─

  ┌─ Depth 5 | Patch (8, 16, 176, 184) | eff_threshold=1.000 (max depth, VQA skipped)
  └─

  ┌─ Depth 5 | Patch (8, 16, 184, 192) | eff_threshold=1.000 (max depth, VQA skipped)
  └─

  ┌─ Depth 5 | Patch (16, 24, 160, 168) | eff_threshold=1.000 (max depth, VQA skipped)
  └─

  ┌─ Depth 5 | Patch (16, 24, 168, 176) | eff_threshold=1.000 (max depth, VQA skipped)
  └─

  ┌─ Depth 5 | Patch (24, 32, 160, 168) | eff_threshold=1.000 (max depth, VQA skipped)
  └─

  ┌─ Depth 5 | Patch (24, 32, 168, 176) | eff_threshold=1.000 (max depth, VQA skipped)
  └─

  ┌─ Depth 5 | Patch (16, 24, 176, 184) | eff_threshold=1.000 (max depth, VQA skipped)
  └─

  ┌─ Depth 5 | Patch (16, 24, 184, 192) | eff_threshold=1.000 (max depth, VQA skipped)
  └─

  ┌─ Depth 5 | Patch (24, 32, 176, 184) | eff_threshold=1.000 (max depth, VQA skipped)
  └─

  ┌─ Depth 5 | Patch (24, 32, 184, 192) | eff_threshold=1.000 (max depth, VQA skipped)
  └─

  ┌─ Depth 5 | Patch (32, 40, 160, 168) | eff_threshold=1.000 (max depth, VQA skipped)
  └─

  ┌─ Depth 5 | Patch (32, 40, 168, 176) | eff_threshold=1.000 (max depth, VQA skipped)
  └─

  ┌─ Depth 5 | Patch (40, 48, 160, 168) | eff_threshold=1.000 (max depth, VQA skipped)
  └─

  ┌─ Depth 5 | Patch (40, 48, 168, 176) | eff_threshold=1.000 (max depth, VQA skipped)
  └─

  ┌─ Depth 5 | Patch (32, 40, 176, 184) | eff_threshold=1.000 (max depth, VQA skipped)
  └─

  ┌─ Depth 5 | Patch (32, 40, 184, 192) | eff_threshold=1.000 (max depth, VQA skipped)
  └─

  ┌─ Depth 5 | Patch (40, 48, 176, 184) | eff_threshold=1.000 (max depth, VQA skipped)
  └─

  ┌─ Depth 5 | Patch (40, 48, 184, 192) | eff_threshold=1.000 (max depth, VQA skipped)
  └─

  ┌─ Depth 5 | Patch (48, 56, 176, 184) | eff_threshold=1.000 (max depth, VQA skipped)
  └─

  ┌─ Depth 5 | Patch (48, 56, 184, 192) | eff_threshold=1.000 (max depth, VQA skipped)
  └─

  ┌─ Depth 5 | Patch (56, 64, 176, 184) | eff_threshold=1.000 (max depth, VQA skipped)
  └─

  ┌─ Depth 5 | Patch (56, 64, 184, 192) | eff_threshold=1.000 (max depth, VQA skipped)
  └─

  ┌─ Depth 5 | Patch (0, 8, 192, 200) | eff_threshold=1.000 (max depth, VQA skipped)
  └─

  ┌─ Depth 5 | Patch (0, 8, 200, 208) | eff_threshold=1.000 (max depth, VQA skipped)
  └─

  ┌─ Depth 5 | Patch (8, 16, 192, 200) | eff_threshold=1.000 (max depth, VQA skipped)
  └─

  ┌─ Depth 5 | Patch (8, 16, 200, 208) | eff_threshold=1.000 (max depth, VQA skipped)
  └─

  ┌─ Depth 5 | Patch (0, 8, 208, 216) | eff_threshold=1.000 (max depth, VQA skipped)
  └─

  ┌─ Depth 5 | Patch (0, 8, 216, 224) | eff_threshold=1.000 (max depth, VQA skipped)
  └─

  ┌─ Depth 5 | Patch (8, 16, 208, 216) | eff_threshold=1.000 (max depth, VQA skipped)
  └─

  ┌─ Depth 5 | Patch (8, 16, 216, 224) | eff_threshold=1.000 (max depth, VQA skipped)
  └─

  ┌─ Depth 5 | Patch (16, 24, 192, 200) | eff_threshold=1.000 (max depth, VQA skipped)
  └─

  ┌─ Depth 5 | Patch (16, 24, 200, 208) | eff_threshold=1.000 (max depth, VQA skipped)
  └─

  ┌─ Depth 5 | Patch (24, 32, 192, 200) | eff_threshold=1.000 (max depth, VQA skipped)
  └─

  ┌─ Depth 5 | Patch (24, 32, 200, 208) | eff_threshold=1.000 (max depth, VQA skipped)
  └─

  ┌─ Depth 5 | Patch (16, 24, 208, 216) | eff_threshold=1.000 (max depth, VQA skipped)
  └─

  ┌─ Depth 5 | Patch (16, 24, 216, 224) | eff_threshold=1.000 (max depth, VQA skipped)
  └─

  ┌─ Depth 5 | Patch (24, 32, 208, 216) | eff_threshold=1.000 (max depth, VQA skipped)
  └─

  ┌─ Depth 5 | Patch (24, 32, 216, 224) | eff_threshold=1.000 (max depth, VQA skipped)
  └─

  ┌─ Depth 5 | Patch (32, 40, 192, 200) | eff_threshold=1.000 (max depth, VQA skipped)
  └─

  ┌─ Depth 5 | Patch (32, 40, 200, 208) | eff_threshold=1.000 (max depth, VQA skipped)
  └─

  ┌─ Depth 5 | Patch (40, 48, 192, 200) | eff_threshold=1.000 (max depth, VQA skipped)
  └─

  ┌─ Depth 5 | Patch (40, 48, 200, 208) | eff_threshold=1.000 (max depth, VQA skipped)
  └─

  ┌─ Depth 5 | Patch (40, 48, 208, 216) | eff_threshold=1.000 (max depth, VQA skipped)
  └─

  ┌─ Depth 5 | Patch (40, 48, 216, 224) | eff_threshold=1.000 (max depth, VQA skipped)
  └─

  ┌─ Depth 5 | Patch (48, 56, 192, 200) | eff_threshold=1.000 (max depth, VQA skipped)
  └─

  ┌─ Depth 5 | Patch (48, 56, 200, 208) | eff_threshold=1.000 (max depth, VQA skipped)
  └─

  ┌─ Depth 5 | Patch (56, 64, 192, 200) | eff_threshold=1.000 (max depth, VQA skipped)
  └─

  ┌─ Depth 5 | Patch (56, 64, 200, 208) | eff_threshold=1.000 (max depth, VQA skipped)
  └─

  ┌─ Depth 5 | Patch (48, 56, 208, 216) | eff_threshold=1.000 (max depth, VQA skipped)
  └─

  ┌─ Depth 5 | Patch (48, 56, 216, 224) | eff_threshold=1.000 (max depth, VQA skipped)
  └─

  ┌─ Depth 5 | Patch (56, 64, 208, 216) | eff_threshold=1.000 (max depth, VQA skipped)
  └─

  ┌─ Depth 5 | Patch (56, 64, 216, 224) | eff_threshold=1.000 (max depth, VQA skipped)
  └─

  ┌─ Depth 5 | Patch (80, 88, 152, 160) | eff_threshold=1.000 (max depth, VQA skipped)
  └─

  ┌─ Depth 5 | Patch (88, 96, 152, 160) | eff_threshold=1.000 (max depth, VQA skipped)
  └─

  ┌─ Depth 5 | Patch (64, 72, 160, 168) | eff_threshold=1.000 (max depth, VQA skipped)
  └─

  ┌─ Depth 5 | Patch (64, 72, 168, 176) | eff_threshold=1.000 (max depth, VQA skipped)
  └─

  ┌─ Depth 5 | Patch (72, 80, 160, 168) | eff_threshold=1.000 (max depth, VQA skipped)
  └─

  ┌─ Depth 5 | Patch (72, 80, 168, 176) | eff_threshold=1.000 (max depth, VQA skipped)
  └─

  ┌─ Depth 5 | Patch (64, 72, 176, 184) | eff_threshold=1.000 (max depth, VQA skipped)
  └─

  ┌─ Depth 5 | Patch (64, 72, 184, 192) | eff_threshold=1.000 (max depth, VQA skipped)
  └─

  ┌─ Depth 5 | Patch (72, 80, 176, 184) | eff_threshold=1.000 (max depth, VQA skipped)
  └─

  ┌─ Depth 5 | Patch (72, 80, 184, 192) | eff_threshold=1.000 (max depth, VQA skipped)
  └─

  ┌─ Depth 5 | Patch (80, 88, 160, 168) | eff_threshold=1.000 (max depth, VQA skipped)
  └─

  ┌─ Depth 5 | Patch (80, 88, 168, 176) | eff_threshold=1.000 (max depth, VQA skipped)
  └─

  ┌─ Depth 5 | Patch (88, 96, 160, 168) | eff_threshold=1.000 (max depth, VQA skipped)
  └─

  ┌─ Depth 5 | Patch (88, 96, 168, 176) | eff_threshold=1.000 (max depth, VQA skipped)
  └─

  ┌─ Depth 5 | Patch (80, 88, 176, 184) | eff_threshold=1.000 (max depth, VQA skipped)
  └─

  ┌─ Depth 5 | Patch (80, 88, 184, 192) | eff_threshold=1.000 (max depth, VQA skipped)
  └─

  ┌─ Depth 5 | Patch (88, 96, 176, 184) | eff_threshold=1.000 (max depth, VQA skipped)
  └─

  ┌─ Depth 5 | Patch (88, 96, 184, 192) | eff_threshold=1.000 (max depth, VQA skipped)
  └─

  ┌─ Depth 5 | Patch (96, 104, 144, 152) | eff_threshold=1.000 (max depth, VQA skipped)
  └─

  ┌─ Depth 5 | Patch (96, 104, 152, 160) | eff_threshold=1.000 (max depth, VQA skipped)
  └─

  ┌─ Depth 5 | Patch (104, 112, 144, 152) | eff_threshold=1.000 (max depth, VQA skipped)
  └─

  ┌─ Depth 5 | Patch (104, 112, 152, 160) | eff_threshold=1.000 (max depth, VQA skipped)
  └─

  ┌─ Depth 5 | Patch (112, 120, 144, 152) | eff_threshold=1.000 (max depth, VQA skipped)
  └─

  ┌─ Depth 5 | Patch (112, 120, 152, 160) | eff_threshold=1.000 (max depth, VQA skipped)
  └─

  ┌─ Depth 5 | Patch (120, 128, 144, 152) | eff_threshold=1.000 (max depth, VQA skipped)
  └─

  ┌─ Depth 5 | Patch (120, 128, 152, 160) | eff_threshold=1.000 (max depth, VQA skipped)
  └─

  ┌─ Depth 5 | Patch (96, 104, 160, 168) | eff_threshold=1.000 (max depth, VQA skipped)
  └─

  ┌─ Depth 5 | Patch (96, 104, 168, 176) | eff_threshold=1.000 (max depth, VQA skipped)
  └─

  ┌─ Depth 5 | Patch (104, 112, 160, 168) | eff_threshold=1.000 (max depth, VQA skipped)
  └─

  ┌─ Depth 5 | Patch (104, 112, 168, 176) | eff_threshold=1.000 (max depth, VQA skipped)
  └─

  ┌─ Depth 5 | Patch (96, 104, 176, 184) | eff_threshold=1.000 (max depth, VQA skipped)
  └─

  ┌─ Depth 5 | Patch (96, 104, 184, 192) | eff_threshold=1.000 (max depth, VQA skipped)
  └─

  ┌─ Depth 5 | Patch (104, 112, 176, 184) | eff_threshold=1.000 (max depth, VQA skipped)
  └─

  ┌─ Depth 5 | Patch (104, 112, 184, 192) | eff_threshold=1.000 (max depth, VQA skipped)
  └─

  ┌─ Depth 5 | Patch (112, 120, 160, 168) | eff_threshold=1.000 (max depth, VQA skipped)
  └─

  ┌─ Depth 5 | Patch (112, 120, 168, 176) | eff_threshold=1.000 (max depth, VQA skipped)
  └─

  ┌─ Depth 5 | Patch (120, 128, 160, 168) | eff_threshold=1.000 (max depth, VQA skipped)
  └─

  ┌─ Depth 5 | Patch (120, 128, 168, 176) | eff_threshold=1.000 (max depth, VQA skipped)
  └─

  ┌─ Depth 5 | Patch (112, 120, 176, 184) | eff_threshold=1.000 (max depth, VQA skipped)
  └─

  ┌─ Depth 5 | Patch (112, 120, 184, 192) | eff_threshold=1.000 (max depth, VQA skipped)
  └─

  ┌─ Depth 5 | Patch (120, 128, 176, 184) | eff_threshold=1.000 (max depth, VQA skipped)
  └─

  ┌─ Depth 5 | Patch (120, 128, 184, 192) | eff_threshold=1.000 (max depth, VQA skipped)
  └─

  ┌─ Depth 5 | Patch (64, 72, 192, 200) | eff_threshold=1.000 (max depth, VQA skipped)
  └─

  ┌─ Depth 5 | Patch (64, 72, 200, 208) | eff_threshold=1.000 (max depth, VQA skipped)
  └─

  ┌─ Depth 5 | Patch (72, 80, 192, 200) | eff_threshold=1.000 (max depth, VQA skipped)
  └─

  ┌─ Depth 5 | Patch (72, 80, 200, 208) | eff_threshold=1.000 (max depth, VQA skipped)
  └─

  ┌─ Depth 5 | Patch (64, 72, 208, 216) | eff_threshold=1.000 (max depth, VQA skipped)
  └─

  ┌─ Depth 5 | Patch (64, 72, 216, 224) | eff_threshold=1.000 (max depth, VQA skipped)
  └─

  ┌─ Depth 5 | Patch (72, 80, 208, 216) | eff_threshold=1.000 (max depth, VQA skipped)
  └─

  ┌─ Depth 5 | Patch (72, 80, 216, 224) | eff_threshold=1.000 (max depth, VQA skipped)
  └─

  ┌─ Depth 5 | Patch (80, 88, 192, 200) | eff_threshold=1.000 (max depth, VQA skipped)
  └─

  ┌─ Depth 5 | Patch (80, 88, 200, 208) | eff_threshold=1.000 (max depth, VQA skipped)
  └─

  ┌─ Depth 5 | Patch (88, 96, 192, 200) | eff_threshold=1.000 (max depth, VQA skipped)
  └─

  ┌─ Depth 5 | Patch (88, 96, 200, 208) | eff_threshold=1.000 (max depth, VQA skipped)
  └─

  ┌─ Depth 5 | Patch (80, 88, 208, 216) | eff_threshold=1.000 (max depth, VQA skipped)
  └─

  ┌─ Depth 5 | Patch (80, 88, 216, 224) | eff_threshold=1.000 (max depth, VQA skipped)
  └─

  ┌─ Depth 5 | Patch (88, 96, 208, 216) | eff_threshold=1.000 (max depth, VQA skipped)
  └─

  ┌─ Depth 5 | Patch (88, 96, 216, 224) | eff_threshold=1.000 (max depth, VQA skipped)
  └─

  ┌─ Depth 5 | Patch (96, 104, 192, 200) | eff_threshold=1.000 (max depth, VQA skipped)
  └─

  ┌─ Depth 5 | Patch (96, 104, 200, 208) | eff_threshold=1.000 (max depth, VQA skipped)
  └─

  ┌─ Depth 5 | Patch (104, 112, 192, 200) | eff_threshold=1.000 (max depth, VQA skipped)
  └─

  ┌─ Depth 5 | Patch (104, 112, 200, 208) | eff_threshold=1.000 (max depth, VQA skipped)
  └─

  ┌─ Depth 5 | Patch (96, 104, 208, 216) | eff_threshold=1.000 (max depth, VQA skipped)
  └─

  ┌─ Depth 5 | Patch (96, 104, 216, 224) | eff_threshold=1.000 (max depth, VQA skipped)
  └─

  ┌─ Depth 5 | Patch (104, 112, 208, 216) | eff_threshold=1.000 (max depth, VQA skipped)
  └─

  ┌─ Depth 5 | Patch (104, 112, 216, 224) | eff_threshold=1.000 (max depth, VQA skipped)
  └─

  ┌─ Depth 5 | Patch (112, 120, 192, 200) | eff_threshold=1.000 (max depth, VQA skipped)
  └─

  ┌─ Depth 5 | Patch (112, 120, 200, 208) | eff_threshold=1.000 (max depth, VQA skipped)
  └─

  ┌─ Depth 5 | Patch (120, 128, 192, 200) | eff_threshold=1.000 (max depth, VQA skipped)
  └─

  ┌─ Depth 5 | Patch (120, 128, 200, 208) | eff_threshold=1.000 (max depth, VQA skipped)
  └─

  ┌─ Depth 5 | Patch (112, 120, 208, 216) | eff_threshold=1.000 (max depth, VQA skipped)
  └─

  ┌─ Depth 5 | Patch (112, 120, 216, 224) | eff_threshold=1.000 (max depth, VQA skipped)
  └─

  ┌─ Depth 5 | Patch (120, 128, 208, 216) | eff_threshold=1.000 (max depth, VQA skipped)
  └─

  ┌─ Depth 5 | Patch (120, 128, 216, 224) | eff_threshold=1.000 (max depth, VQA skipped)
  └─

  ┌─ Depth 5 | Patch (128, 136, 48, 56) | eff_threshold=1.000 (max depth, VQA skipped)
  └─

  ┌─ Depth 5 | Patch (128, 136, 56, 64) | eff_threshold=1.000 (max depth, VQA skipped)
  └─

  ┌─ Depth 5 | Patch (136, 144, 48, 56) | eff_threshold=1.000 (max depth, VQA skipped)
  └─

  ┌─ Depth 5 | Patch (136, 144, 56, 64) | eff_threshold=1.000 (max depth, VQA skipped)
  └─

  ┌─ Depth 5 | Patch (144, 152, 32, 40) | eff_threshold=1.000 (max depth, VQA skipped)
  └─

  ┌─ Depth 5 | Patch (144, 152, 40, 48) | eff_threshold=1.000 (max depth, VQA skipped)
  └─

  ┌─ Depth 5 | Patch (152, 160, 32, 40) | eff_threshold=1.000 (max depth, VQA skipped)
  └─

  ┌─ Depth 5 | Patch (152, 160, 40, 48) | eff_threshold=1.000 (max depth, VQA skipped)
  └─

  ┌─ Depth 5 | Patch (144, 152, 48, 56) | eff_threshold=1.000 (max depth, VQA skipped)
  └─

  ┌─ Depth 5 | Patch (144, 152, 56, 64) | eff_threshold=1.000 (max depth, VQA skipped)
  └─

  ┌─ Depth 5 | Patch (152, 160, 48, 56) | eff_threshold=1.000 (max depth, VQA skipped)
  └─

  ┌─ Depth 5 | Patch (152, 160, 56, 64) | eff_threshold=1.000 (max depth, VQA skipped)
  └─

  ┌─ Depth 5 | Patch (168, 176, 32, 40) | eff_threshold=1.000 (max depth, VQA skipped)
  └─

  ┌─ Depth 5 | Patch (168, 176, 40, 48) | eff_threshold=1.000 (max depth, VQA skipped)
  └─

  ┌─ Depth 5 | Patch (160, 168, 48, 56) | eff_threshold=1.000 (max depth, VQA skipped)
  └─

  ┌─ Depth 5 | Patch (160, 168, 56, 64) | eff_threshold=1.000 (max depth, VQA skipped)
  └─

  ┌─ Depth 5 | Patch (168, 176, 48, 56) | eff_threshold=1.000 (max depth, VQA skipped)
  └─

  ┌─ Depth 5 | Patch (168, 176, 56, 64) | eff_threshold=1.000 (max depth, VQA skipped)
  └─

  ┌─ Depth 5 | Patch (176, 184, 32, 40) | eff_threshold=1.000 (max depth, VQA skipped)
  └─

  ┌─ Depth 5 | Patch (176, 184, 40, 48) | eff_threshold=1.000 (max depth, VQA skipped)
  └─

  ┌─ Depth 5 | Patch (184, 192, 32, 40) | eff_threshold=1.000 (max depth, VQA skipped)
  └─

  ┌─ Depth 5 | Patch (184, 192, 40, 48) | eff_threshold=1.000 (max depth, VQA skipped)
  └─

  ┌─ Depth 5 | Patch (176, 184, 48, 56) | eff_threshold=1.000 (max depth, VQA skipped)
  └─

  ┌─ Depth 5 | Patch (176, 184, 56, 64) | eff_threshold=1.000 (max depth, VQA skipped)
  └─

  ┌─ Depth 5 | Patch (184, 192, 48, 56) | eff_threshold=1.000 (max depth, VQA skipped)
  └─

  ┌─ Depth 5 | Patch (184, 192, 56, 64) | eff_threshold=1.000 (max depth, VQA skipped)
  └─

  ┌─ Depth 5 | Patch (128, 136, 64, 72) | eff_threshold=1.000 (max depth, VQA skipped)
  └─

  ┌─ Depth 5 | Patch (128, 136, 72, 80) | eff_threshold=1.000 (max depth, VQA skipped)
  └─

  ┌─ Depth 5 | Patch (136, 144, 64, 72) | eff_threshold=1.000 (max depth, VQA skipped)
  └─

  ┌─ Depth 5 | Patch (136, 144, 72, 80) | eff_threshold=1.000 (max depth, VQA skipped)
  └─

  ┌─ Depth 5 | Patch (128, 136, 80, 88) | eff_threshold=1.000 (max depth, VQA skipped)
  └─

  ┌─ Depth 5 | Patch (128, 136, 88, 96) | eff_threshold=1.000 (max depth, VQA skipped)
  └─

  ┌─ Depth 5 | Patch (136, 144, 80, 88) | eff_threshold=1.000 (max depth, VQA skipped)
  └─

  ┌─ Depth 5 | Patch (136, 144, 88, 96) | eff_threshold=1.000 (max depth, VQA skipped)
  └─

  ┌─ Depth 5 | Patch (144, 152, 64, 72) | eff_threshold=1.000 (max depth, VQA skipped)
  └─

  ┌─ Depth 5 | Patch (144, 152, 72, 80) | eff_threshold=1.000 (max depth, VQA skipped)
  └─

  ┌─ Depth 5 | Patch (152, 160, 64, 72) | eff_threshold=1.000 (max depth, VQA skipped)
  └─

  ┌─ Depth 5 | Patch (152, 160, 72, 80) | eff_threshold=1.000 (max depth, VQA skipped)
  └─

  ┌─ Depth 5 | Patch (144, 152, 80, 88) | eff_threshold=1.000 (max depth, VQA skipped)
  └─

  ┌─ Depth 5 | Patch (144, 152, 88, 96) | eff_threshold=1.000 (max depth, VQA skipped)
  └─

  ┌─ Depth 5 | Patch (152, 160, 80, 88) | eff_threshold=1.000 (max depth, VQA skipped)
  └─

  ┌─ Depth 5 | Patch (152, 160, 88, 96) | eff_threshold=1.000 (max depth, VQA skipped)
  └─

  ┌─ Depth 5 | Patch (160, 168, 64, 72) | eff_threshold=1.000 (max depth, VQA skipped)
  └─

  ┌─ Depth 5 | Patch (160, 168, 72, 80) | eff_threshold=1.000 (max depth, VQA skipped)
  └─

  ┌─ Depth 5 | Patch (168, 176, 64, 72) | eff_threshold=1.000 (max depth, VQA skipped)
  └─

  ┌─ Depth 5 | Patch (168, 176, 72, 80) | eff_threshold=1.000 (max depth, VQA skipped)
  └─

  ┌─ Depth 5 | Patch (160, 168, 80, 88) | eff_threshold=1.000 (max depth, VQA skipped)
  └─

  ┌─ Depth 5 | Patch (160, 168, 88, 96) | eff_threshold=1.000 (max depth, VQA skipped)
  └─

  ┌─ Depth 5 | Patch (168, 176, 80, 88) | eff_threshold=1.000 (max depth, VQA skipped)
  └─

  ┌─ Depth 5 | Patch (168, 176, 88, 96) | eff_threshold=1.000 (max depth, VQA skipped)
  └─

  ┌─ Depth 5 | Patch (176, 184, 64, 72) | eff_threshold=1.000 (max depth, VQA skipped)
  └─

  ┌─ Depth 5 | Patch (176, 184, 72, 80) | eff_threshold=1.000 (max depth, VQA skipped)
  └─

  ┌─ Depth 5 | Patch (184, 192, 64, 72) | eff_threshold=1.000 (max depth, VQA skipped)
  └─

  ┌─ Depth 5 | Patch (184, 192, 72, 80) | eff_threshold=1.000 (max depth, VQA skipped)
  └─

  ┌─ Depth 5 | Patch (192, 200, 32, 40) | eff_threshold=1.000 (max depth, VQA skipped)
  └─

  ┌─ Depth 5 | Patch (192, 200, 40, 48) | eff_threshold=1.000 (max depth, VQA skipped)
  └─

  ┌─ Depth 5 | Patch (200, 208, 32, 40) | eff_threshold=1.000 (max depth, VQA skipped)
  └─

  ┌─ Depth 5 | Patch (200, 208, 40, 48) | eff_threshold=1.000 (max depth, VQA skipped)
  └─

  ┌─ Depth 5 | Patch (192, 200, 48, 56) | eff_threshold=1.000 (max depth, VQA skipped)
  └─

  ┌─ Depth 5 | Patch (192, 200, 56, 64) | eff_threshold=1.000 (max depth, VQA skipped)
  └─

  ┌─ Depth 5 | Patch (200, 208, 48, 56) | eff_threshold=1.000 (max depth, VQA skipped)
  └─

  ┌─ Depth 5 | Patch (200, 208, 56, 64) | eff_threshold=1.000 (max depth, VQA skipped)
  └─

  ┌─ Depth 5 | Patch (208, 216, 32, 40) | eff_threshold=1.000 (max depth, VQA skipped)
  └─

  ┌─ Depth 5 | Patch (208, 216, 40, 48) | eff_threshold=1.000 (max depth, VQA skipped)
  └─

  ┌─ Depth 5 | Patch (216, 224, 32, 40) | eff_threshold=1.000 (max depth, VQA skipped)
  └─

  ┌─ Depth 5 | Patch (216, 224, 40, 48) | eff_threshold=1.000 (max depth, VQA skipped)
  └─

  ┌─ Depth 5 | Patch (208, 216, 48, 56) | eff_threshold=1.000 (max depth, VQA skipped)
  └─

  ┌─ Depth 5 | Patch (208, 216, 56, 64) | eff_threshold=1.000 (max depth, VQA skipped)
  └─

  ┌─ Depth 5 | Patch (216, 224, 48, 56) | eff_threshold=1.000 (max depth, VQA skipped)
  └─

  ┌─ Depth 5 | Patch (216, 224, 56, 64) | eff_threshold=1.000 (max depth, VQA skipped)
  └─

  ┌─ Depth 5 | Patch (224, 232, 32, 40) | eff_threshold=1.000 (max depth, VQA skipped)
  └─

  ┌─ Depth 5 | Patch (224, 232, 40, 48) | eff_threshold=1.000 (max depth, VQA skipped)
  └─

  ┌─ Depth 5 | Patch (232, 240, 32, 40) | eff_threshold=1.000 (max depth, VQA skipped)
  └─

  ┌─ Depth 5 | Patch (232, 240, 40, 48) | eff_threshold=1.000 (max depth, VQA skipped)
  └─

  ┌─ Depth 5 | Patch (224, 232, 48, 56) | eff_threshold=1.000 (max depth, VQA skipped)
  └─

  ┌─ Depth 5 | Patch (224, 232, 56, 64) | eff_threshold=1.000 (max depth, VQA skipped)
  └─

  ┌─ Depth 5 | Patch (232, 240, 48, 56) | eff_threshold=1.000 (max depth, VQA skipped)
  └─

  ┌─ Depth 5 | Patch (232, 240, 56, 64) | eff_threshold=1.000 (max depth, VQA skipped)
  └─

  ┌─ Depth 5 | Patch (240, 248, 32, 40) | eff_threshold=1.000 (max depth, VQA skipped)
  └─

  ┌─ Depth 5 | Patch (240, 248, 40, 48) | eff_threshold=1.000 (max depth, VQA skipped)
  └─

  ┌─ Depth 5 | Patch (248, 256, 32, 40) | eff_threshold=1.000 (max depth, VQA skipped)
  └─

  ┌─ Depth 5 | Patch (248, 256, 40, 48) | eff_threshold=1.000 (max depth, VQA skipped)
  └─

  ┌─ Depth 5 | Patch (240, 248, 48, 56) | eff_threshold=1.000 (max depth, VQA skipped)
  └─

  ┌─ Depth 5 | Patch (240, 248, 56, 64) | eff_threshold=1.000 (max depth, VQA skipped)
  └─

  ┌─ Depth 5 | Patch (248, 256, 48, 56) | eff_threshold=1.000 (max depth, VQA skipped)
  └─

  ┌─ Depth 5 | Patch (248, 256, 56, 64) | eff_threshold=1.000 (max depth, VQA skipped)
  └─

  ┌─ Depth 5 | Patch (192, 200, 64, 72) | eff_threshold=1.000 (max depth, VQA skipped)
  └─

  ┌─ Depth 5 | Patch (192, 200, 72, 80) | eff_threshold=1.000 (max depth, VQA skipped)
  └─

  ┌─ Depth 5 | Patch (200, 208, 64, 72) | eff_threshold=1.000 (max depth, VQA skipped)
  └─

  ┌─ Depth 5 | Patch (200, 208, 72, 80) | eff_threshold=1.000 (max depth, VQA skipped)
  └─

  ┌─ Depth 5 | Patch (208, 216, 64, 72) | eff_threshold=1.000 (max depth, VQA skipped)
  └─

  ┌─ Depth 5 | Patch (208, 216, 72, 80) | eff_threshold=1.000 (max depth, VQA skipped)
  └─

  ┌─ Depth 5 | Patch (216, 224, 64, 72) | eff_threshold=1.000 (max depth, VQA skipped)
  └─

  ┌─ Depth 5 | Patch (216, 224, 72, 80) | eff_threshold=1.000 (max depth, VQA skipped)
  └─

  ┌─ Depth 5 | Patch (208, 216, 80, 88) | eff_threshold=1.000 (max depth, VQA skipped)
  └─

  ┌─ Depth 5 | Patch (208, 216, 88, 96) | eff_threshold=1.000 (max depth, VQA skipped)
  └─

  ┌─ Depth 5 | Patch (216, 224, 80, 88) | eff_threshold=1.000 (max depth, VQA skipped)
  └─

  ┌─ Depth 5 | Patch (216, 224, 88, 96) | eff_threshold=1.000 (max depth, VQA skipped)
  └─

  ┌─ Depth 5 | Patch (224, 232, 64, 72) | eff_threshold=1.000 (max depth, VQA skipped)
  └─

  ┌─ Depth 5 | Patch (224, 232, 72, 80) | eff_threshold=1.000 (max depth, VQA skipped)
  └─

  ┌─ Depth 5 | Patch (232, 240, 64, 72) | eff_threshold=1.000 (max depth, VQA skipped)
  └─

  ┌─ Depth 5 | Patch (232, 240, 72, 80) | eff_threshold=1.000 (max depth, VQA skipped)
  └─

  ┌─ Depth 5 | Patch (224, 232, 80, 88) | eff_threshold=1.000 (max depth, VQA skipped)
  └─

  ┌─ Depth 5 | Patch (224, 232, 88, 96) | eff_threshold=1.000 (max depth, VQA skipped)
  └─

  ┌─ Depth 5 | Patch (232, 240, 80, 88) | eff_threshold=1.000 (max depth, VQA skipped)
  └─

  ┌─ Depth 5 | Patch (232, 240, 88, 96) | eff_threshold=1.000 (max depth, VQA skipped)
  └─

  ┌─ Depth 5 | Patch (240, 248, 64, 72) | eff_threshold=1.000 (max depth, VQA skipped)
  └─

  ┌─ Depth 5 | Patch (240, 248, 72, 80) | eff_threshold=1.000 (max depth, VQA skipped)
  └─

  ┌─ Depth 5 | Patch (248, 256, 64, 72) | eff_threshold=1.000 (max depth, VQA skipped)
  └─

  ┌─ Depth 5 | Patch (248, 256, 72, 80) | eff_threshold=1.000 (max depth, VQA skipped)
  └─

  ┌─ Depth 5 | Patch (240, 248, 80, 88) | eff_threshold=1.000 (max depth, VQA skipped)
  └─

  ┌─ Depth 5 | Patch (240, 248, 88, 96) | eff_threshold=1.000 (max depth, VQA skipped)
  └─

  ┌─ Depth 5 | Patch (248, 256, 80, 88) | eff_threshold=1.000 (max depth, VQA skipped)
  └─

  ┌─ Depth 5 | Patch (248, 256, 88, 96) | eff_threshold=1.000 (max depth, VQA skipped)
  └─

  ┌─ Depth 5 | Patch (240, 248, 96, 104) | eff_threshold=1.000 (max depth, VQA skipped)
  └─

  ┌─ Depth 5 | Patch (248, 256, 96, 104) | eff_threshold=1.000 (max depth, VQA skipped)
  └─

  ┌─ Depth 5 | Patch (128, 136, 160, 168) | eff_threshold=1.000 (max depth, VQA skipped)
  └─

  ┌─ Depth 5 | Patch (128, 136, 168, 176) | eff_threshold=1.000 (max depth, VQA skipped)
  └─

  ┌─ Depth 5 | Patch (136, 144, 160, 168) | eff_threshold=1.000 (max depth, VQA skipped)
  └─

  ┌─ Depth 5 | Patch (136, 144, 168, 176) | eff_threshold=1.000 (max depth, VQA skipped)
  └─

  ┌─ Depth 5 | Patch (128, 136, 176, 184) | eff_threshold=1.000 (max depth, VQA skipped)
  └─

  ┌─ Depth 5 | Patch (128, 136, 184, 192) | eff_threshold=1.000 (max depth, VQA skipped)
  └─

  ┌─ Depth 5 | Patch (136, 144, 176, 184) | eff_threshold=1.000 (max depth, VQA skipped)
  └─

  ┌─ Depth 5 | Patch (136, 144, 184, 192) | eff_threshold=1.000 (max depth, VQA skipped)
  └─

  ┌─ Depth 5 | Patch (144, 152, 160, 168) | eff_threshold=1.000 (max depth, VQA skipped)
  └─

  ┌─ Depth 5 | Patch (144, 152, 168, 176) | eff_threshold=1.000 (max depth, VQA skipped)
  └─

  ┌─ Depth 5 | Patch (152, 160, 160, 168) | eff_threshold=1.000 (max depth, VQA skipped)
  └─

  ┌─ Depth 5 | Patch (152, 160, 168, 176) | eff_threshold=1.000 (max depth, VQA skipped)
  └─

  ┌─ Depth 5 | Patch (144, 152, 176, 184) | eff_threshold=1.000 (max depth, VQA skipped)
  └─

  ┌─ Depth 5 | Patch (144, 152, 184, 192) | eff_threshold=1.000 (max depth, VQA skipped)
  └─

  ┌─ Depth 5 | Patch (152, 160, 176, 184) | eff_threshold=1.000 (max depth, VQA skipped)
  └─

  ┌─ Depth 5 | Patch (152, 160, 184, 192) | eff_threshold=1.000 (max depth, VQA skipped)
  └─

  ┌─ Depth 5 | Patch (160, 168, 160, 168) | eff_threshold=1.000 (max depth, VQA skipped)
  └─

  ┌─ Depth 5 | Patch (160, 168, 168, 176) | eff_threshold=1.000 (max depth, VQA skipped)
  └─

  ┌─ Depth 5 | Patch (168, 176, 160, 168) | eff_threshold=1.000 (max depth, VQA skipped)
  └─

  ┌─ Depth 5 | Patch (168, 176, 168, 176) | eff_threshold=1.000 (max depth, VQA skipped)
  └─

  ┌─ Depth 5 | Patch (160, 168, 176, 184) | eff_threshold=1.000 (max depth, VQA skipped)
  └─

  ┌─ Depth 5 | Patch (160, 168, 184, 192) | eff_threshold=1.000 (max depth, VQA skipped)
  └─

  ┌─ Depth 5 | Patch (168, 176, 176, 184) | eff_threshold=1.000 (max depth, VQA skipped)
  └─

  ┌─ Depth 5 | Patch (168, 176, 184, 192) | eff_threshold=1.000 (max depth, VQA skipped)
  └─

  ┌─ Depth 5 | Patch (176, 184, 160, 168) | eff_threshold=1.000 (max depth, VQA skipped)
  └─

  ┌─ Depth 5 | Patch (176, 184, 168, 176) | eff_threshold=1.000 (max depth, VQA skipped)
  └─

  ┌─ Depth 5 | Patch (184, 192, 160, 168) | eff_threshold=1.000 (max depth, VQA skipped)
  └─

  ┌─ Depth 5 | Patch (184, 192, 168, 176) | eff_threshold=1.000 (max depth, VQA skipped)
  └─

  ┌─ Depth 5 | Patch (176, 184, 176, 184) | eff_threshold=1.000 (max depth, VQA skipped)
  └─

  ┌─ Depth 5 | Patch (176, 184, 184, 192) | eff_threshold=1.000 (max depth, VQA skipped)
  └─

  ┌─ Depth 5 | Patch (184, 192, 176, 184) | eff_threshold=1.000 (max depth, VQA skipped)
  └─

  ┌─ Depth 5 | Patch (184, 192, 184, 192) | eff_threshold=1.000 (max depth, VQA skipped)
  └─

  ┌─ Depth 5 | Patch (128, 136, 192, 200) | eff_threshold=1.000 (max depth, VQA skipped)
  └─

  ┌─ Depth 5 | Patch (128, 136, 200, 208) | eff_threshold=1.000 (max depth, VQA skipped)
  └─

  ┌─ Depth 5 | Patch (136, 144, 192, 200) | eff_threshold=1.000 (max depth, VQA skipped)
  └─

  ┌─ Depth 5 | Patch (136, 144, 200, 208) | eff_threshold=1.000 (max depth, VQA skipped)
  └─

  ┌─ Depth 5 | Patch (128, 136, 208, 216) | eff_threshold=1.000 (max depth, VQA skipped)
  └─

  ┌─ Depth 5 | Patch (128, 136, 216, 224) | eff_threshold=1.000 (max depth, VQA skipped)
  └─

  ┌─ Depth 5 | Patch (136, 144, 208, 216) | eff_threshold=1.000 (max depth, VQA skipped)
  └─

  ┌─ Depth 5 | Patch (136, 144, 216, 224) | eff_threshold=1.000 (max depth, VQA skipped)
  └─

  ┌─ Depth 5 | Patch (144, 152, 192, 200) | eff_threshold=1.000 (max depth, VQA skipped)
  └─

  ┌─ Depth 5 | Patch (144, 152, 200, 208) | eff_threshold=1.000 (max depth, VQA skipped)
  └─

  ┌─ Depth 5 | Patch (152, 160, 192, 200) | eff_threshold=1.000 (max depth, VQA skipped)
  └─

  ┌─ Depth 5 | Patch (152, 160, 200, 208) | eff_threshold=1.000 (max depth, VQA skipped)
  └─

  ┌─ Depth 5 | Patch (144, 152, 208, 216) | eff_threshold=1.000 (max depth, VQA skipped)
  └─

  ┌─ Depth 5 | Patch (144, 152, 216, 224) | eff_threshold=1.000 (max depth, VQA skipped)
  └─

  ┌─ Depth 5 | Patch (152, 160, 208, 216) | eff_threshold=1.000 (max depth, VQA skipped)
  └─

  ┌─ Depth 5 | Patch (152, 160, 216, 224) | eff_threshold=1.000 (max depth, VQA skipped)
  └─

  ┌─ Depth 5 | Patch (128, 136, 224, 232) | eff_threshold=1.000 (max depth, VQA skipped)
  └─

  ┌─ Depth 5 | Patch (128, 136, 232, 240) | eff_threshold=1.000 (max depth, VQA skipped)
  └─

  ┌─ Depth 5 | Patch (136, 144, 224, 232) | eff_threshold=1.000 (max depth, VQA skipped)
  └─

  ┌─ Depth 5 | Patch (144, 152, 224, 232) | eff_threshold=1.000 (max depth, VQA skipped)
  └─

  ┌─ Depth 5 | Patch (152, 160, 224, 232) | eff_threshold=1.000 (max depth, VQA skipped)
  └─

  ┌─ Depth 5 | Patch (160, 168, 192, 200) | eff_threshold=1.000 (max depth, VQA skipped)
  └─

  ┌─ Depth 5 | Patch (160, 168, 200, 208) | eff_threshold=1.000 (max depth, VQA skipped)
  └─

  ┌─ Depth 5 | Patch (168, 176, 192, 200) | eff_threshold=1.000 (max depth, VQA skipped)
  └─

  ┌─ Depth 5 | Patch (168, 176, 200, 208) | eff_threshold=1.000 (max depth, VQA skipped)
  └─

  ┌─ Depth 5 | Patch (160, 168, 208, 216) | eff_threshold=1.000 (max depth, VQA skipped)
  └─

  ┌─ Depth 5 | Patch (160, 168, 216, 224) | eff_threshold=1.000 (max depth, VQA skipped)
  └─

  ┌─ Depth 5 | Patch (168, 176, 208, 216) | eff_threshold=1.000 (max depth, VQA skipped)
  └─

  ┌─ Depth 5 | Patch (168, 176, 216, 224) | eff_threshold=1.000 (max depth, VQA skipped)
  └─

  ┌─ Depth 5 | Patch (176, 184, 192, 200) | eff_threshold=1.000 (max depth, VQA skipped)
  └─

  ┌─ Depth 5 | Patch (176, 184, 200, 208) | eff_threshold=1.000 (max depth, VQA skipped)
  └─

  ┌─ Depth 5 | Patch (184, 192, 192, 200) | eff_threshold=1.000 (max depth, VQA skipped)
  └─

  ┌─ Depth 5 | Patch (184, 192, 200, 208) | eff_threshold=1.000 (max depth, VQA skipped)
  └─

  ┌─ Depth 5 | Patch (192, 200, 160, 168) | eff_threshold=1.000 (max depth, VQA skipped)
  └─

  ┌─ Depth 5 | Patch (192, 200, 168, 176) | eff_threshold=1.000 (max depth, VQA skipped)
  └─

  ┌─ Depth 5 | Patch (200, 208, 160, 168) | eff_threshold=1.000 (max depth, VQA skipped)
  └─

  ┌─ Depth 5 | Patch (200, 208, 168, 176) | eff_threshold=1.000 (max depth, VQA skipped)
  └─

  ┌─ Depth 5 | Patch (192, 200, 176, 184) | eff_threshold=1.000 (max depth, VQA skipped)
  └─

  ┌─ Depth 5 | Patch (192, 200, 184, 192) | eff_threshold=1.000 (max depth, VQA skipped)
  └─

  ┌─ Depth 5 | Patch (200, 208, 176, 184) | eff_threshold=1.000 (max depth, VQA skipped)
  └─

  ┌─ Depth 5 | Patch (200, 208, 184, 192) | eff_threshold=1.000 (max depth, VQA skipped)
  └─

  ┌─ Depth 5 | Patch (208, 216, 160, 168) | eff_threshold=1.000 (max depth, VQA skipped)
  └─

  ┌─ Depth 5 | Patch (208, 216, 168, 176) | eff_threshold=1.000 (max depth, VQA skipped)
  └─

  ┌─ Depth 5 | Patch (216, 224, 160, 168) | eff_threshold=1.000 (max depth, VQA skipped)
  └─

  ┌─ Depth 5 | Patch (216, 224, 168, 176) | eff_threshold=1.000 (max depth, VQA skipped)
  └─

  ┌─ Depth 5 | Patch (208, 216, 176, 184) | eff_threshold=1.000 (max depth, VQA skipped)
  └─

  ┌─ Depth 5 | Patch (208, 216, 184, 192) | eff_threshold=1.000 (max depth, VQA skipped)
  └─

  ┌─ Depth 5 | Patch (216, 224, 176, 184) | eff_threshold=1.000 (max depth, VQA skipped)
  └─

  ┌─ Depth 5 | Patch (216, 224, 184, 192) | eff_threshold=1.000 (max depth, VQA skipped)
  └─

  ┌─ Depth 5 | Patch (224, 232, 144, 152) | eff_threshold=1.000 (max depth, VQA skipped)
  └─

  ┌─ Depth 5 | Patch (224, 232, 152, 160) | eff_threshold=1.000 (max depth, VQA skipped)
  └─

  ┌─ Depth 5 | Patch (232, 240, 144, 152) | eff_threshold=1.000 (max depth, VQA skipped)
  └─

  ┌─ Depth 5 | Patch (232, 240, 152, 160) | eff_threshold=1.000 (max depth, VQA skipped)
  └─

  ┌─ Depth 5 | Patch (240, 248, 144, 152) | eff_threshold=1.000 (max depth, VQA skipped)
  └─

  ┌─ Depth 5 | Patch (240, 248, 152, 160) | eff_threshold=1.000 (max depth, VQA skipped)
  └─

  ┌─ Depth 5 | Patch (248, 256, 144, 152) | eff_threshold=1.000 (max depth, VQA skipped)
  └─

  ┌─ Depth 5 | Patch (248, 256, 152, 160) | eff_threshold=1.000 (max depth, VQA skipped)
  └─

  ┌─ Depth 5 | Patch (224, 232, 160, 168) | eff_threshold=1.000 (max depth, VQA skipped)
  └─

  ┌─ Depth 5 | Patch (224, 232, 168, 176) | eff_threshold=1.000 (max depth, VQA skipped)
  └─

  ┌─ Depth 5 | Patch (232, 240, 160, 168) | eff_threshold=1.000 (max depth, VQA skipped)
  └─

  ┌─ Depth 5 | Patch (232, 240, 168, 176) | eff_threshold=1.000 (max depth, VQA skipped)
  └─

  ┌─ Depth 5 | Patch (224, 232, 176, 184) | eff_threshold=1.000 (max depth, VQA skipped)
  └─

  ┌─ Depth 5 | Patch (224, 232, 184, 192) | eff_threshold=1.000 (max depth, VQA skipped)
  └─

  ┌─ Depth 5 | Patch (232, 240, 176, 184) | eff_threshold=1.000 (max depth, VQA skipped)
  └─

  ┌─ Depth 5 | Patch (232, 240, 184, 192) | eff_threshold=1.000 (max depth, VQA skipped)
  └─

  ┌─ Depth 5 | Patch (240, 248, 160, 168) | eff_threshold=1.000 (max depth, VQA skipped)
  └─

  ┌─ Depth 5 | Patch (240, 248, 168, 176) | eff_threshold=1.000 (max depth, VQA skipped)
  └─

  ┌─ Depth 5 | Patch (248, 256, 160, 168) | eff_threshold=1.000 (max depth, VQA skipped)
  └─

  ┌─ Depth 5 | Patch (248, 256, 168, 176) | eff_threshold=1.000 (max depth, VQA skipped)
  └─

  ┌─ Depth 5 | Patch (240, 248, 176, 184) | eff_threshold=1.000 (max depth, VQA skipped)
  └─

  ┌─ Depth 5 | Patch (240, 248, 184, 192) | eff_threshold=1.000 (max depth, VQA skipped)
  └─

  ┌─ Depth 5 | Patch (248, 256, 176, 184) | eff_threshold=1.000 (max depth, VQA skipped)
  └─

  ┌─ Depth 5 | Patch (248, 256, 184, 192) | eff_threshold=1.000 (max depth, VQA skipped)
  └─

  ┌─ Depth 5 | Patch (192, 200, 192, 200) | eff_threshold=1.000 (max depth, VQA skipped)
  └─

  ┌─ Depth 5 | Patch (192, 200, 200, 208) | eff_threshold=1.000 (max depth, VQA skipped)
  └─

  ┌─ Depth 5 | Patch (200, 208, 192, 200) | eff_threshold=1.000 (max depth, VQA skipped)
  └─

  ┌─ Depth 5 | Patch (200, 208, 200, 208) | eff_threshold=1.000 (max depth, VQA skipped)
  └─

  ┌─ Depth 5 | Patch (200, 208, 208, 216) | eff_threshold=1.000 (max depth, VQA skipped)
  └─

  ┌─ Depth 5 | Patch (208, 216, 192, 200) | eff_threshold=1.000 (max depth, VQA skipped)
  └─

  ┌─ Depth 5 | Patch (208, 216, 200, 208) | eff_threshold=1.000 (max depth, VQA skipped)
  └─

  ┌─ Depth 5 | Patch (216, 224, 192, 200) | eff_threshold=1.000 (max depth, VQA skipped)
  └─

  ┌─ Depth 5 | Patch (216, 224, 200, 208) | eff_threshold=1.000 (max depth, VQA skipped)
  └─

  ┌─ Depth 5 | Patch (208, 216, 208, 216) | eff_threshold=1.000 (max depth, VQA skipped)
  └─

  ┌─ Depth 5 | Patch (216, 224, 208, 216) | eff_threshold=1.000 (max depth, VQA skipped)
  └─

  ┌─ Depth 5 | Patch (224, 232, 192, 200) | eff_threshold=1.000 (max depth, VQA skipped)
  └─

  ┌─ Depth 5 | Patch (224, 232, 200, 208) | eff_threshold=1.000 (max depth, VQA skipped)
  └─

  ┌─ Depth 5 | Patch (232, 240, 192, 200) | eff_threshold=1.000 (max depth, VQA skipped)
  └─

  ┌─ Depth 5 | Patch (232, 240, 200, 208) | eff_threshold=1.000 (max depth, VQA skipped)
  └─

  ┌─ Depth 5 | Patch (224, 232, 208, 216) | eff_threshold=1.000 (max depth, VQA skipped)
  └─

  ┌─ Depth 5 | Patch (224, 232, 216, 224) | eff_threshold=1.000 (max depth, VQA skipped)
  └─

  ┌─ Depth 5 | Patch (232, 240, 208, 216) | eff_threshold=1.000 (max depth, VQA skipped)
  └─

  ┌─ Depth 5 | Patch (232, 240, 216, 224) | eff_threshold=1.000 (max depth, VQA skipped)
  └─

  ┌─ Depth 5 | Patch (240, 248, 192, 200) | eff_threshold=1.000 (max depth, VQA skipped)
  └─

  ┌─ Depth 5 | Patch (240, 248, 200, 208) | eff_threshold=1.000 (max depth, VQA skipped)
  └─

  ┌─ Depth 5 | Patch (248, 256, 192, 200) | eff_threshold=1.000 (max depth, VQA skipped)
  └─

  ┌─ Depth 5 | Patch (248, 256, 200, 208) | eff_threshold=1.000 (max depth, VQA skipped)
  └─

  ┌─ Depth 5 | Patch (240, 248, 208, 216) | eff_threshold=1.000 (max depth, VQA skipped)
  └─

  ┌─ Depth 5 | Patch (240, 248, 216, 224) | eff_threshold=1.000 (max depth, VQA skipped)
  └─

  ┌─ Depth 5 | Patch (248, 256, 208, 216) | eff_threshold=1.000 (max depth, VQA skipped)
  └─

  ┌─ Depth 5 | Patch (248, 256, 216, 224) | eff_threshold=1.000 (max depth, VQA skipped)
  └─

  ┌─ Depth 5 | Patch (240, 248, 224, 232) | eff_threshold=1.000 (max depth, VQA skipped)
  └─

  ┌─ Depth 5 | Patch (248, 256, 224, 232) | eff_threshold=1.000 (max depth, VQA skipped)
  └─
--- SCAN COMPLETE: 649 Active Zones Identified ---
[{'bounds': (0, 32, 0, 32), 'depth': 2, 'score': np.float64(0.016159842261307244), 'type': 'coarse_leaf'}, {'bounds': (32, 64, 0, 32), 'depth': 2, 'score': np.float64(3.74082697865993e-05), 'type': 'coarse_leaf'}, {'bounds': (0, 32, 96, 128), 'depth': 2, 'score': np.float64(0.1488527930153048), 'type': 'coarse_leaf'}, {'bounds': (32, 64, 96, 128), 'depth': 2, 'score': np.float64(0.14000764469824434), 'type': 'coarse_leaf'}, {'bounds': (64, 96, 0, 32), 'depth': 2, 'score': np.float64(0.11537697230192663), 'type': 'coarse_leaf'}, {'bounds': (96, 128, 0, 32), 'depth': 2, 'score': np.float64(0.14434227572233888), 'type': 'coarse_leaf'}, {'bounds': (32, 64, 128, 160), 'depth': 2, 'score': np.float64(0.005158611561168031), 'type': 'coarse_leaf'}, {'bounds': (0, 32, 224, 256), 'depth': 2, 'score': np.float64(0.09776120392890822), 'type': 'coarse_leaf'}, {'bounds': (32, 64, 224, 256), 'depth': 2, 'score': np.float64(0.06716665901444628), 'type': 'coarse_leaf'}, {'bounds': (64, 96, 224, 256), 'depth': 2, 'score': np.float64(0.1124803193869745), 'type': 'coarse_leaf'}, {'bounds': (96, 128, 224, 256), 'depth': 2, 'score': np.float64(0.14222712161794215), 'type': 'coarse_leaf'}, {'bounds': (128, 160, 0, 32), 'depth': 2, 'score': np.float64(0.1309069155401286), 'type': 'coarse_leaf'}, {'bounds': (160, 192, 0, 32), 'depth': 2, 'score': np.float64(0.09437400046268639), 'type': 'coarse_leaf'}, {'bounds': (128, 160, 96, 128), 'depth': 2, 'score': np.float64(0.13913050566258994), 'type': 'coarse_leaf'}, {'bounds': (160, 192, 96, 128), 'depth': 2, 'score': np.float64(0.08504831230277335), 'type': 'coarse_leaf'}, {'bounds': (192, 224, 0, 32), 'depth': 2, 'score': np.float64(0.08797949964167223), 'type': 'coarse_leaf'}, {'bounds': (224, 256, 0, 32), 'depth': 2, 'score': np.float64(0.11682448811483748), 'type': 'coarse_leaf'}, {'bounds': (192, 224, 96, 128), 'depth': 2, 'score': np.float64(0.09008342582774867), 'type': 'coarse_leaf'}, {'bounds': (128, 160, 128, 160), 'depth': 2, 'score': np.float64(0.11578123572775431), 'type': 'coarse_leaf'}, {'bounds': (160, 192, 128, 160), 'depth': 2, 'score': np.float64(0.06578586253091008), 'type': 'coarse_leaf'}, {'bounds': (192, 224, 128, 160), 'depth': 2, 'score': np.float64(0.14086648698040483), 'type': 'coarse_leaf'}, {'bounds': (192, 224, 224, 256), 'depth': 2, 'score': np.float64(0.1403800640083739), 'type': 'coarse_leaf'}, {'bounds': (96, 112, 112, 128), 'depth': 3, 'score': np.float64(0.09522568938098873), 'type': 'coarse_leaf'}, {'bounds': (112, 128, 112, 128), 'depth': 3, 'score': np.float64(0.08576510221321892), 'type': 'coarse_leaf'}, {'bounds': (64, 80, 144, 160), 'depth': 3, 'score': np.float64(0.14566268185969355), 'type': 'coarse_leaf'}, {'bounds': (128, 144, 32, 48), 'depth': 3, 'score': np.float64(0.01542369074041109), 'type': 'coarse_leaf'}, {'bounds': (224, 240, 96, 112), 'depth': 3, 'score': np.float64(0.1290644541794017), 'type': 'coarse_leaf'}, {'bounds': (224, 240, 112, 128), 'depth': 3, 'score': np.float64(0.058268326670948195), 'type': 'coarse_leaf'}, {'bounds': (240, 256, 112, 128), 'depth': 3, 'score': np.float64(0.08448878397114645), 'type': 'coarse_leaf'}, {'bounds': (128, 144, 240, 256), 'depth': 3, 'score': np.float64(0.09264368461768502), 'type': 'coarse_leaf'}, {'bounds': (144, 160, 240, 256), 'depth': 3, 'score': np.float64(0.08542937775028404), 'type': 'coarse_leaf'}, {'bounds': (160, 176, 224, 240), 'depth': 3, 'score': np.float64(0.1438111683628222), 'type': 'coarse_leaf'}, {'bounds': (160, 176, 240, 256), 'depth': 3, 'score': np.float64(0.14101565092412927), 'type': 'coarse_leaf'}, {'bounds': (176, 192, 224, 240), 'depth': 3, 'score': np.float64(0.04611725454801745), 'type': 'coarse_leaf'}, {'bounds': (176, 192, 240, 256), 'depth': 3, 'score': np.float64(0.011207677139765122), 'type': 'coarse_leaf'}, {'bounds': (224, 240, 240, 256), 'depth': 3, 'score': np.float64(0.11704429937728243), 'type': 'coarse_leaf'}, {'bounds': (240, 256, 240, 256), 'depth': 3, 'score': np.float64(0.1298919125081529), 'type': 'coarse_leaf'}, {'bounds': (64, 72, 104, 112), 'depth': 4, 'score': np.float64(5.030960217674939e-05), 'type': 'coarse_leaf'}, {'bounds': (72, 80, 96, 104), 'depth': 4, 'score': np.float64(0.015498283519240597), 'type': 'coarse_leaf'}, {'bounds': (72, 80, 104, 112), 'depth': 4, 'score': np.float64(0.0007082224279889357), 'type': 'coarse_leaf'}, {'bounds': (64, 72, 112, 120), 'depth': 4, 'score': np.float64(0.0011784067248852), 'type': 'coarse_leaf'}, {'bounds': (64, 72, 120, 128), 'depth': 4, 'score': np.float64(0.0025489783844205036), 'type': 'coarse_leaf'}, {'bounds': (72, 80, 112, 120), 'depth': 4, 'score': np.float64(0.002439800114637316), 'type': 'coarse_leaf'}, {'bounds': (72, 80, 120, 128), 'depth': 4, 'score': np.float64(0.0016365629424712536), 'type': 'coarse_leaf'}, {'bounds': (80, 88, 96, 104), 'depth': 4, 'score': np.float64(0.0048070815645468), 'type': 'coarse_leaf'}, {'bounds': (80, 88, 104, 112), 'depth': 4, 'score': np.float64(0.004565792766243273), 'type': 'coarse_leaf'}, {'bounds': (80, 88, 112, 120), 'depth': 4, 'score': np.float64(0.040377640443263974), 'type': 'coarse_leaf'}, {'bounds': (80, 88, 120, 128), 'depth': 4, 'score': np.float64(0.01297717173335428), 'type': 'coarse_leaf'}, {'bounds': (88, 96, 112, 120), 'depth': 4, 'score': np.float64(0.10057698828512474), 'type': 'coarse_leaf'}, {'bounds': (88, 96, 120, 128), 'depth': 4, 'score': np.float64(0.05663288149426821), 'type': 'coarse_leaf'}, {'bounds': (112, 120, 104, 112), 'depth': 4, 'score': np.float64(0.13235993620909825), 'type': 'coarse_leaf'}, {'bounds': (120, 128, 96, 104), 'depth': 4, 'score': np.float64(0.14716787421182262), 'type': 'coarse_leaf'}, {'bounds': (120, 128, 104, 112), 'depth': 4, 'score': np.float64(0.0953550467540035), 'type': 'coarse_leaf'}, {'bounds': (0, 8, 128, 136), 'depth': 4, 'score': np.float64(0.03952910784296765), 'type': 'coarse_leaf'}, {'bounds': (0, 8, 136, 144), 'depth': 4, 'score': np.float64(0.034359888770725586), 'type': 'coarse_leaf'}, {'bounds': (8, 16, 128, 136), 'depth': 4, 'score': np.float64(0.0038083193072111724), 'type': 'coarse_leaf'}, {'bounds': (8, 16, 136, 144), 'depth': 4, 'score': np.float64(0.05906627143924785), 'type': 'coarse_leaf'}, {'bounds': (16, 24, 128, 136), 'depth': 4, 'score': np.float64(0.022538626462756523), 'type': 'coarse_leaf'}, {'bounds': (16, 24, 136, 144), 'depth': 4, 'score': np.float64(0.035740097388692674), 'type': 'coarse_leaf'}, {'bounds': (24, 32, 128, 136), 'depth': 4, 'score': np.float64(0.021816680684262187), 'type': 'coarse_leaf'}, {'bounds': (24, 32, 136, 144), 'depth': 4, 'score': np.float64(0.01726370294636368), 'type': 'coarse_leaf'}, {'bounds': (16, 24, 144, 152), 'depth': 4, 'score': np.float64(0.1471917174017495), 'type': 'coarse_leaf'}, {'bounds': (16, 24, 152, 160), 'depth': 4, 'score': np.float64(0.008261678063153444), 'type': 'coarse_leaf'}, {'bounds': (24, 32, 152, 160), 'depth': 4, 'score': np.float64(0.008082053851894772), 'type': 'coarse_leaf'}, {'bounds': (48, 56, 160, 168), 'depth': 4, 'score': np.float64(1.1958406589878524e-05), 'type': 'coarse_leaf'}, {'bounds': (48, 56, 168, 176), 'depth': 4, 'score': np.float64(0.06431690564286546), 'type': 'coarse_leaf'}, {'bounds': (56, 64, 160, 168), 'depth': 4, 'score': np.float64(1.1913290189685947e-05), 'type': 'coarse_leaf'}, {'bounds': (56, 64, 168, 176), 'depth': 4, 'score': np.float64(0.05161911418480565), 'type': 'coarse_leaf'}, {'bounds': (32, 40, 208, 216), 'depth': 4, 'score': np.float64(0.061801181803369944), 'type': 'coarse_leaf'}, {'bounds': (32, 40, 216, 224), 'depth': 4, 'score': np.float64(0.005229650356660509), 'type': 'coarse_leaf'}, {'bounds': (64, 72, 128, 136), 'depth': 4, 'score': np.float64(0.0106019546797116), 'type': 'coarse_leaf'}, {'bounds': (64, 72, 136, 144), 'depth': 4, 'score': np.float64(0.08543563892100536), 'type': 'coarse_leaf'}, {'bounds': (72, 80, 128, 136), 'depth': 4, 'score': np.float64(0.011253036779287403), 'type': 'coarse_leaf'}, {'bounds': (72, 80, 136, 144), 'depth': 4, 'score': np.float64(0.0913788651158509), 'type': 'coarse_leaf'}, {'bounds': (80, 88, 128, 136), 'depth': 4, 'score': np.float64(0.07188859561099975), 'type': 'coarse_leaf'}, {'bounds': (80, 88, 136, 144), 'depth': 4, 'score': np.float64(0.08941146082846223), 'type': 'coarse_leaf'}, {'bounds': (88, 96, 128, 136), 'depth': 4, 'score': np.float64(0.01943667644853131), 'type': 'coarse_leaf'}, {'bounds': (88, 96, 136, 144), 'depth': 4, 'score': np.float64(0.052915874211446244), 'type': 'coarse_leaf'}, {'bounds': (80, 88, 144, 152), 'depth': 4, 'score': np.float64(0.12512564244221658), 'type': 'coarse_leaf'}, {'bounds': (88, 96, 144, 152), 'depth': 4, 'score': np.float64(0.1259628261176407), 'type': 'coarse_leaf'}, {'bounds': (96, 104, 128, 136), 'depth': 4, 'score': np.float64(0.006306695911716079), 'type': 'coarse_leaf'}, {'bounds': (96, 104, 136, 144), 'depth': 4, 'score': np.float64(0.0017426642997808673), 'type': 'coarse_leaf'}, {'bounds': (104, 112, 128, 136), 'depth': 4, 'score': np.float64(0.007108098299406009), 'type': 'coarse_leaf'}, {'bounds': (104, 112, 136, 144), 'depth': 4, 'score': np.float64(0.001009717792734521), 'type': 'coarse_leaf'}, {'bounds': (112, 120, 128, 136), 'depth': 4, 'score': np.float64(0.042391403276538814), 'type': 'coarse_leaf'}, {'bounds': (112, 120, 136, 144), 'depth': 4, 'score': np.float64(0.06098180753483464), 'type': 'coarse_leaf'}, {'bounds': (120, 128, 128, 136), 'depth': 4, 'score': np.float64(0.033469822776545616), 'type': 'coarse_leaf'}, {'bounds': (120, 128, 136, 144), 'depth': 4, 'score': np.float64(0.07544931084626588), 'type': 'coarse_leaf'}, {'bounds': (160, 168, 32, 40), 'depth': 4, 'score': np.float64(0.11423695620953715), 'type': 'coarse_leaf'}, {'bounds': (160, 168, 40, 48), 'depth': 4, 'score': np.float64(0.017110791354995474), 'type': 'coarse_leaf'}, {'bounds': (176, 184, 80, 88), 'depth': 4, 'score': np.float64(0.0717915731198104), 'type': 'coarse_leaf'}, {'bounds': (176, 184, 88, 96), 'depth': 4, 'score': np.float64(0.000522736163110263), 'type': 'coarse_leaf'}, {'bounds': (184, 192, 80, 88), 'depth': 4, 'score': np.float64(0.05728982382026744), 'type': 'coarse_leaf'}, {'bounds': (184, 192, 88, 96), 'depth': 4, 'score': np.float64(0.0001961845574368951), 'type': 'coarse_leaf'}, {'bounds': (192, 200, 80, 88), 'depth': 4, 'score': np.float64(0.04613835202644308), 'type': 'coarse_leaf'}, {'bounds': (192, 200, 88, 96), 'depth': 4, 'score': np.float64(0.01866415355648161), 'type': 'coarse_leaf'}, {'bounds': (200, 208, 80, 88), 'depth': 4, 'score': np.float64(0.03346646879243832), 'type': 'coarse_leaf'}, {'bounds': (200, 208, 88, 96), 'depth': 4, 'score': np.float64(0.00040784525631223575), 'type': 'coarse_leaf'}, {'bounds': (240, 248, 104, 112), 'depth': 4, 'score': np.float64(0.13454782460487735), 'type': 'coarse_leaf'}, {'bounds': (248, 256, 104, 112), 'depth': 4, 'score': np.float64(0.107966558387323), 'type': 'coarse_leaf'}, {'bounds': (136, 144, 232, 240), 'depth': 4, 'score': np.float64(0.048725817299632546), 'type': 'coarse_leaf'}, {'bounds': (144, 152, 232, 240), 'depth': 4, 'score': np.float64(0.011540179166912667), 'type': 'coarse_leaf'}, {'bounds': (152, 160, 232, 240), 'depth': 4, 'score': np.float64(0.020390891161116337), 'type': 'coarse_leaf'}, {'bounds': (176, 184, 208, 216), 'depth': 4, 'score': np.float64(0.05914092178860107), 'type': 'coarse_leaf'}, {'bounds': (176, 184, 216, 224), 'depth': 4, 'score': np.float64(0.0016995767392584552), 'type': 'coarse_leaf'}, {'bounds': (184, 192, 208, 216), 'depth': 4, 'score': np.float64(0.054056577584530245), 'type': 'coarse_leaf'}, {'bounds': (184, 192, 216, 224), 'depth': 4, 'score': np.float64(0.0010446724243194918), 'type': 'coarse_leaf'}, {'bounds': (224, 232, 128, 136), 'depth': 4, 'score': np.float64(0.008831883733744727), 'type': 'coarse_leaf'}, {'bounds': (224, 232, 136, 144), 'depth': 4, 'score': np.float64(0.10274518284371298), 'type': 'coarse_leaf'}, {'bounds': (232, 240, 128, 136), 'depth': 4, 'score': np.float64(0.008820839234309309), 'type': 'coarse_leaf'}, {'bounds': (232, 240, 136, 144), 'depth': 4, 'score': np.float64(0.10234835304342917), 'type': 'coarse_leaf'}, {'bounds': (240, 248, 128, 136), 'depth': 4, 'score': np.float64(0.05213669833433571), 'type': 'coarse_leaf'}, {'bounds': (240, 248, 136, 144), 'depth': 4, 'score': np.float64(0.08669559252005479), 'type': 'coarse_leaf'}, {'bounds': (248, 256, 128, 136), 'depth': 4, 'score': np.float64(0.04124339013723218), 'type': 'coarse_leaf'}, {'bounds': (248, 256, 136, 144), 'depth': 4, 'score': np.float64(0.07257710367672932), 'type': 'coarse_leaf'}, {'bounds': (192, 200, 208, 216), 'depth': 4, 'score': np.float64(0.12820802701744466), 'type': 'coarse_leaf'}, {'bounds': (192, 200, 216, 224), 'depth': 4, 'score': np.float64(0.020873347575464715), 'type': 'coarse_leaf'}, {'bounds': (200, 208, 216, 224), 'depth': 4, 'score': np.float64(0.020634532065383085), 'type': 'coarse_leaf'}, {'bounds': (208, 216, 216, 224), 'depth': 4, 'score': np.float64(0.05399697030513781), 'type': 'coarse_leaf'}, {'bounds': (216, 224, 216, 224), 'depth': 4, 'score': np.float64(0.040638282620252264), 'type': 'coarse_leaf'}, {'bounds': (224, 232, 224, 232), 'depth': 4, 'score': np.float64(0.0005886589163901228), 'type': 'coarse_leaf'}, {'bounds': (224, 232, 232, 240), 'depth': 4, 'score': np.float64(0.001644489517939554), 'type': 'coarse_leaf'}, {'bounds': (232, 240, 224, 232), 'depth': 4, 'score': np.float64(0.0014068412771969453), 'type': 'coarse_leaf'}, {'bounds': (232, 240, 232, 240), 'depth': 4, 'score': np.float64(0.0005691024745628382), 'type': 'coarse_leaf'}, {'bounds': (240, 248, 232, 240), 'depth': 4, 'score': np.float64(0.13242205899402426), 'type': 'coarse_leaf'}, {'bounds': (248, 256, 232, 240), 'depth': 4, 'score': np.float64(0.13749845090281762), 'type': 'coarse_leaf'}, {'bounds': (0, 8, 32, 40), 'depth': 5, 'score': np.float64(0.2354872333913168), 'type': 'leaf_depth'}, {'bounds': (0, 8, 40, 48), 'depth': 5, 'score': np.float64(0.34605441926262087), 'type': 'leaf_depth'}, {'bounds': (8, 16, 32, 40), 'depth': 5, 'score': np.float64(0.23232562457038625), 'type': 'leaf_depth'}, {'bounds': (8, 16, 40, 48), 'depth': 5, 'score': np.float64(0.36511918306289726), 'type': 'leaf_depth'}, {'bounds': (0, 8, 48, 56), 'depth': 5, 'score': np.float64(0.561802079209855), 'type': 'leaf_depth'}, {'bounds': (0, 8, 56, 64), 'depth': 5, 'score': np.float64(0.7284576580979192), 'type': 'leaf_depth'}, {'bounds': (8, 16, 48, 56), 'depth': 5, 'score': np.float64(0.6089136219921798), 'type': 'leaf_depth'}, {'bounds': (8, 16, 56, 64), 'depth': 5, 'score': np.float64(0.7340053114235026), 'type': 'leaf_depth'}, {'bounds': (16, 24, 32, 40), 'depth': 5, 'score': np.float64(0.22697546088395437), 'type': 'leaf_depth'}, {'bounds': (16, 24, 40, 48), 'depth': 5, 'score': np.float64(0.38365454298630164), 'type': 'leaf_depth'}, {'bounds': (24, 32, 32, 40), 'depth': 5, 'score': np.float64(0.21981529429021235), 'type': 'leaf_depth'}, {'bounds': (24, 32, 40, 48), 'depth': 5, 'score': np.float64(0.39581777757132663), 'type': 'leaf_depth'}, {'bounds': (16, 24, 48, 56), 'depth': 5, 'score': np.float64(0.594291364774844), 'type': 'leaf_depth'}, {'bounds': (16, 24, 56, 64), 'depth': 5, 'score': np.float64(0.733959740481768), 'type': 'leaf_depth'}, {'bounds': (24, 32, 48, 56), 'depth': 5, 'score': np.float64(0.5872589680876941), 'type': 'leaf_depth'}, {'bounds': (24, 32, 56, 64), 'depth': 5, 'score': np.float64(0.750871259352283), 'type': 'leaf_depth'}, {'bounds': (32, 40, 32, 40), 'depth': 5, 'score': np.float64(0.21166846098556294), 'type': 'leaf_depth'}, {'bounds': (32, 40, 40, 48), 'depth': 5, 'score': np.float64(0.39952437723027573), 'type': 'leaf_depth'}, {'bounds': (40, 48, 32, 40), 'depth': 5, 'score': np.float64(0.20363371255249488), 'type': 'leaf_depth'}, {'bounds': (40, 48, 40, 48), 'depth': 5, 'score': np.float64(0.3993999503233692), 'type': 'leaf_depth'}, {'bounds': (32, 40, 48, 56), 'depth': 5, 'score': np.float64(0.6183004481646095), 'type': 'leaf_depth'}, {'bounds': (32, 40, 56, 64), 'depth': 5, 'score': np.float64(0.8014235294545108), 'type': 'leaf_depth'}, {'bounds': (40, 48, 48, 56), 'depth': 5, 'score': np.float64(0.6426380745079036), 'type': 'leaf_depth'}, {'bounds': (40, 48, 56, 64), 'depth': 5, 'score': np.float64(0.8310900099316183), 'type': 'leaf_depth'}, {'bounds': (48, 56, 32, 40), 'depth': 5, 'score': np.float64(0.19682349109208191), 'type': 'leaf_depth'}, {'bounds': (48, 56, 40, 48), 'depth': 5, 'score': np.float64(0.39432490659663355), 'type': 'leaf_depth'}, {'bounds': (56, 64, 32, 40), 'depth': 5, 'score': np.float64(0.19209200398508625), 'type': 'leaf_depth'}, {'bounds': (56, 64, 40, 48), 'depth': 5, 'score': np.float64(0.38360551373516943), 'type': 'leaf_depth'}, {'bounds': (48, 56, 48, 56), 'depth': 5, 'score': np.float64(0.6511488259956428), 'type': 'leaf_depth'}, {'bounds': (48, 56, 56, 64), 'depth': 5, 'score': np.float64(0.7930881522940725), 'type': 'leaf_depth'}, {'bounds': (56, 64, 48, 56), 'depth': 5, 'score': np.float64(0.6509457790334411), 'type': 'leaf_depth'}, {'bounds': (56, 64, 56, 64), 'depth': 5, 'score': np.float64(0.7465718692464431), 'type': 'leaf_depth'}, {'bounds': (0, 8, 64, 72), 'depth': 5, 'score': np.float64(0.7273122011390655), 'type': 'leaf_depth'}, {'bounds': (0, 8, 72, 80), 'depth': 5, 'score': np.float64(0.52675789623257), 'type': 'leaf_depth'}, {'bounds': (8, 16, 64, 72), 'depth': 5, 'score': np.float64(0.7409302713090979), 'type': 'leaf_depth'}, {'bounds': (8, 16, 72, 80), 'depth': 5, 'score': np.float64(0.570952962977776), 'type': 'leaf_depth'}, {'bounds': (0, 8, 80, 88), 'depth': 5, 'score': np.float64(0.3239177793898771), 'type': 'leaf_depth'}, {'bounds': (0, 8, 88, 96), 'depth': 5, 'score': np.float64(0.2022420047681658), 'type': 'leaf_depth'}, {'bounds': (8, 16, 80, 88), 'depth': 5, 'score': np.float64(0.3399562685746369), 'type': 'leaf_depth'}, {'bounds': (8, 16, 88, 96), 'depth': 5, 'score': np.float64(0.19782520201942916), 'type': 'leaf_depth'}, {'bounds': (16, 24, 64, 72), 'depth': 5, 'score': np.float64(0.7479106218113081), 'type': 'leaf_depth'}, {'bounds': (16, 24, 72, 80), 'depth': 5, 'score': np.float64(0.6116156762275342), 'type': 'leaf_depth'}, {'bounds': (24, 32, 64, 72), 'depth': 5, 'score': np.float64(0.748387297756488), 'type': 'leaf_depth'}, {'bounds': (24, 32, 72, 80), 'depth': 5, 'score': np.float64(0.6428389754705038), 'type': 'leaf_depth'}, {'bounds': (16, 24, 80, 88), 'depth': 5, 'score': np.float64(0.3560768865815491), 'type': 'leaf_depth'}, {'bounds': (16, 24, 88, 96), 'depth': 5, 'score': np.float64(0.1941196641730788), 'type': 'leaf_depth'}, {'bounds': (24, 32, 80, 88), 'depth': 5, 'score': np.float64(0.3733934911713787), 'type': 'leaf_depth'}, {'bounds': (24, 32, 88, 96), 'depth': 5, 'score': np.float64(0.194199130766886), 'type': 'leaf_depth'}, {'bounds': (32, 40, 64, 72), 'depth': 5, 'score': np.float64(0.7451885605273475), 'type': 'leaf_depth'}, {'bounds': (32, 40, 72, 80), 'depth': 5, 'score': np.float64(0.6594780620773487), 'type': 'leaf_depth'}, {'bounds': (40, 48, 64, 72), 'depth': 5, 'score': np.float64(0.7773073619149397), 'type': 'leaf_depth'}, {'bounds': (40, 48, 72, 80), 'depth': 5, 'score': np.float64(0.6611856591843532), 'type': 'leaf_depth'}, {'bounds': (32, 40, 80, 88), 'depth': 5, 'score': np.float64(0.3901526921646723), 'type': 'leaf_depth'}, {'bounds': (32, 40, 88, 96), 'depth': 5, 'score': np.float64(0.1958426583710794), 'type': 'leaf_depth'}, {'bounds': (40, 48, 80, 88), 'depth': 5, 'score': np.float64(0.4040038397211595), 'type': 'leaf_depth'}, {'bounds': (40, 48, 88, 96), 'depth': 5, 'score': np.float64(0.19982929798093232), 'type': 'leaf_depth'}, {'bounds': (48, 56, 64, 72), 'depth': 5, 'score': np.float64(0.8368061634709618), 'type': 'leaf_depth'}, {'bounds': (48, 56, 72, 80), 'depth': 5, 'score': np.float64(0.6567611480475192), 'type': 'leaf_depth'}, {'bounds': (56, 64, 64, 72), 'depth': 5, 'score': np.float64(0.8135449640242927), 'type': 'leaf_depth'}, {'bounds': (56, 64, 72, 80), 'depth': 5, 'score': np.float64(0.6361392687492737), 'type': 'leaf_depth'}, {'bounds': (48, 56, 80, 88), 'depth': 5, 'score': np.float64(0.412183676829873), 'type': 'leaf_depth'}, {'bounds': (48, 56, 88, 96), 'depth': 5, 'score': np.float64(0.20594422020741399), 'type': 'leaf_depth'}, {'bounds': (56, 64, 80, 88), 'depth': 5, 'score': np.float64(0.4132943791769216), 'type': 'leaf_depth'}, {'bounds': (56, 64, 88, 96), 'depth': 5, 'score': np.float64(0.2134338751373975), 'type': 'leaf_depth'}, {'bounds': (64, 72, 32, 40), 'depth': 5, 'score': np.float64(0.189836844804416), 'type': 'leaf_depth'}, {'bounds': (64, 72, 40, 48), 'depth': 5, 'score': np.float64(0.36966526230579766), 'type': 'leaf_depth'}, {'bounds': (72, 80, 32, 40), 'depth': 5, 'score': np.float64(0.1899357264876536), 'type': 'leaf_depth'}, {'bounds': (72, 80, 40, 48), 'depth': 5, 'score': np.float64(0.3546525053447111), 'type': 'leaf_depth'}, {'bounds': (64, 72, 48, 56), 'depth': 5, 'score': np.float64(0.6395395154518023), 'type': 'leaf_depth'}, {'bounds': (64, 72, 56, 64), 'depth': 5, 'score': np.float64(0.7542517826970312), 'type': 'leaf_depth'}, {'bounds': (72, 80, 48, 56), 'depth': 5, 'score': np.float64(0.6131143080802082), 'type': 'leaf_depth'}, {'bounds': (72, 80, 56, 64), 'depth': 5, 'score': np.float64(0.7548402646083647), 'type': 'leaf_depth'}, {'bounds': (80, 88, 32, 40), 'depth': 5, 'score': np.float64(0.1937681962750866), 'type': 'leaf_depth'}, {'bounds': (80, 88, 40, 48), 'depth': 5, 'score': np.float64(0.34014471660402446), 'type': 'leaf_depth'}, {'bounds': (88, 96, 32, 40), 'depth': 5, 'score': np.float64(0.1987593008544228), 'type': 'leaf_depth'}, {'bounds': (88, 96, 40, 48), 'depth': 5, 'score': np.float64(0.3271129176795661), 'type': 'leaf_depth'}, {'bounds': (80, 88, 48, 56), 'depth': 5, 'score': np.float64(0.5763343560331868), 'type': 'leaf_depth'}, {'bounds': (80, 88, 56, 64), 'depth': 5, 'score': np.float64(0.7511755525275762), 'type': 'leaf_depth'}, {'bounds': (88, 96, 48, 56), 'depth': 5, 'score': np.float64(0.5346324577937946), 'type': 'leaf_depth'}, {'bounds': (88, 96, 56, 64), 'depth': 5, 'score': np.float64(0.7377681367258679), 'type': 'leaf_depth'}, {'bounds': (96, 104, 32, 40), 'depth': 5, 'score': np.float64(0.20358092424321703), 'type': 'leaf_depth'}, {'bounds': (96, 104, 40, 48), 'depth': 5, 'score': np.float64(0.30736853111584983), 'type': 'leaf_depth'}, {'bounds': (104, 112, 32, 40), 'depth': 5, 'score': np.float64(0.20701457279199398), 'type': 'leaf_depth'}, {'bounds': (104, 112, 40, 48), 'depth': 5, 'score': np.float64(0.2925725900720152), 'type': 'leaf_depth'}, {'bounds': (96, 104, 48, 56), 'depth': 5, 'score': np.float64(0.4937839903872646), 'type': 'leaf_depth'}, {'bounds': (96, 104, 56, 64), 'depth': 5, 'score': np.float64(0.7114398797949194), 'type': 'leaf_depth'}, {'bounds': (104, 112, 48, 56), 'depth': 5, 'score': np.float64(0.46021825413022566), 'type': 'leaf_depth'}, {'bounds': (104, 112, 56, 64), 'depth': 5, 'score': np.float64(0.6777295121227673), 'type': 'leaf_depth'}, {'bounds': (112, 120, 32, 40), 'depth': 5, 'score': np.float64(0.20818870578906984), 'type': 'leaf_depth'}, {'bounds': (112, 120, 40, 48), 'depth': 5, 'score': np.float64(0.28264401046777937), 'type': 'leaf_depth'}, {'bounds': (120, 128, 32, 40), 'depth': 5, 'score': np.float64(0.20814894370264803), 'type': 'leaf_depth'}, {'bounds': (120, 128, 40, 48), 'depth': 5, 'score': np.float64(0.27775658949614684), 'type': 'leaf_depth'}, {'bounds': (112, 120, 48, 56), 'depth': 5, 'score': np.float64(0.44381589805720845), 'type': 'leaf_depth'}, {'bounds': (112, 120, 56, 64), 'depth': 5, 'score': np.float64(0.644265497953372), 'type': 'leaf_depth'}, {'bounds': (120, 128, 48, 56), 'depth': 5, 'score': np.float64(0.43406816904204887), 'type': 'leaf_depth'}, {'bounds': (120, 128, 56, 64), 'depth': 5, 'score': np.float64(0.6189712347593287), 'type': 'leaf_depth'}, {'bounds': (64, 72, 64, 72), 'depth': 5, 'score': np.float64(0.7702402986742353), 'type': 'leaf_depth'}, {'bounds': (64, 72, 72, 80), 'depth': 5, 'score': np.float64(0.6064242516150524), 'type': 'leaf_depth'}, {'bounds': (72, 80, 64, 72), 'depth': 5, 'score': np.float64(0.7453608336110221), 'type': 'leaf_depth'}, {'bounds': (72, 80, 72, 80), 'depth': 5, 'score': np.float64(0.6105672516307902), 'type': 'leaf_depth'}, {'bounds': (64, 72, 80, 88), 'depth': 5, 'score': np.float64(0.41135264946568084), 'type': 'leaf_depth'}, {'bounds': (64, 72, 88, 96), 'depth': 5, 'score': np.float64(0.2211736850818947), 'type': 'leaf_depth'}, {'bounds': (72, 80, 80, 88), 'depth': 5, 'score': np.float64(0.4000687821730771), 'type': 'leaf_depth'}, {'bounds': (72, 80, 88, 96), 'depth': 5, 'score': np.float64(0.2279615544981804), 'type': 'leaf_depth'}, {'bounds': (80, 88, 64, 72), 'depth': 5, 'score': np.float64(0.7455445877205923), 'type': 'leaf_depth'}, {'bounds': (80, 88, 72, 80), 'depth': 5, 'score': np.float64(0.6331936626700101), 'type': 'leaf_depth'}, {'bounds': (88, 96, 64, 72), 'depth': 5, 'score': np.float64(0.7399921902974909), 'type': 'leaf_depth'}, {'bounds': (88, 96, 72, 80), 'depth': 5, 'score': np.float64(0.581013291184814), 'type': 'leaf_depth'}, {'bounds': (80, 88, 80, 88), 'depth': 5, 'score': np.float64(0.3799514669545818), 'type': 'leaf_depth'}, {'bounds': (80, 88, 88, 96), 'depth': 5, 'score': np.float64(0.2328534871341866), 'type': 'leaf_depth'}, {'bounds': (88, 96, 80, 88), 'depth': 5, 'score': np.float64(0.35617649757414743), 'type': 'leaf_depth'}, {'bounds': (88, 96, 88, 96), 'depth': 5, 'score': np.float64(0.23544292215036924), 'type': 'leaf_depth'}, {'bounds': (64, 72, 96, 104), 'depth': 5, 'score': np.float64(0.1390448945080474), 'type': 'leaf_depth'}, {'bounds': (88, 96, 96, 104), 'depth': 5, 'score': np.float64(0.17276748204918005), 'type': 'leaf_depth'}, {'bounds': (88, 96, 104, 112), 'depth': 5, 'score': np.float64(0.13312518500224732), 'type': 'leaf_depth'}, {'bounds': (96, 104, 64, 72), 'depth': 5, 'score': np.float64(0.7249884876539812), 'type': 'leaf_depth'}, {'bounds': (96, 104, 72, 80), 'depth': 5, 'score': np.float64(0.5775495419974198), 'type': 'leaf_depth'}, {'bounds': (104, 112, 64, 72), 'depth': 5, 'score': np.float64(0.7109631051674147), 'type': 'leaf_depth'}, {'bounds': (104, 112, 72, 80), 'depth': 5, 'score': np.float64(0.605671963670042), 'type': 'leaf_depth'}, {'bounds': (96, 104, 80, 88), 'depth': 5, 'score': np.float64(0.340846478751062), 'type': 'leaf_depth'}, {'bounds': (96, 104, 88, 96), 'depth': 5, 'score': np.float64(0.23600050655624338), 'type': 'leaf_depth'}, {'bounds': (104, 112, 80, 88), 'depth': 5, 'score': np.float64(0.36610093127978793), 'type': 'leaf_depth'}, {'bounds': (104, 112, 88, 96), 'depth': 5, 'score': np.float64(0.23593539529836613), 'type': 'leaf_depth'}, {'bounds': (112, 120, 64, 72), 'depth': 5, 'score': np.float64(0.7024450742869759), 'type': 'leaf_depth'}, {'bounds': (112, 120, 72, 80), 'depth': 5, 'score': np.float64(0.6376393793291183), 'type': 'leaf_depth'}, {'bounds': (120, 128, 64, 72), 'depth': 5, 'score': np.float64(0.7073632923670085), 'type': 'leaf_depth'}, {'bounds': (120, 128, 72, 80), 'depth': 5, 'score': np.float64(0.6674810318896821), 'type': 'leaf_depth'}, {'bounds': (112, 120, 80, 88), 'depth': 5, 'score': np.float64(0.40282831505733113), 'type': 'leaf_depth'}, {'bounds': (112, 120, 88, 96), 'depth': 5, 'score': np.float64(0.23511148107199584), 'type': 'leaf_depth'}, {'bounds': (120, 128, 80, 88), 'depth': 5, 'score': np.float64(0.4165638901955666), 'type': 'leaf_depth'}, {'bounds': (120, 128, 88, 96), 'depth': 5, 'score': np.float64(0.23414130615561363), 'type': 'leaf_depth'}, {'bounds': (96, 104, 96, 104), 'depth': 5, 'score': np.float64(0.17697949187786396), 'type': 'leaf_depth'}, {'bounds': (96, 104, 104, 112), 'depth': 5, 'score': np.float64(0.13479619261780373), 'type': 'leaf_depth'}, {'bounds': (104, 112, 96, 104), 'depth': 5, 'score': np.float64(0.17727788930120963), 'type': 'leaf_depth'}, {'bounds': (104, 112, 104, 112), 'depth': 5, 'score': np.float64(0.13458817773853562), 'type': 'leaf_depth'}, {'bounds': (112, 120, 96, 104), 'depth': 5, 'score': np.float64(0.1755920580620837), 'type': 'leaf_depth'}, {'bounds': (0, 8, 144, 152), 'depth': 5, 'score': np.float64(0.10427816377281601), 'type': 'leaf_depth'}, {'bounds': (0, 8, 152, 160), 'depth': 5, 'score': np.float64(0.15392020215370938), 'type': 'leaf_depth'}, {'bounds': (8, 16, 144, 152), 'depth': 5, 'score': np.float64(0.0851286230032572), 'type': 'leaf_depth'}, {'bounds': (8, 16, 152, 160), 'depth': 5, 'score': np.float64(0.13613928071365441), 'type': 'leaf_depth'}, {'bounds': (24, 32, 144, 152), 'depth': 5, 'score': np.float64(0.0379744734181317), 'type': 'leaf_depth'}, {'bounds': (0, 8, 160, 168), 'depth': 5, 'score': np.float64(0.2322620035714389), 'type': 'leaf_depth'}, {'bounds': (0, 8, 168, 176), 'depth': 5, 'score': np.float64(0.4244647395237494), 'type': 'leaf_depth'}, {'bounds': (8, 16, 160, 168), 'depth': 5, 'score': np.float64(0.2287442771730082), 'type': 'leaf_depth'}, {'bounds': (8, 16, 168, 176), 'depth': 5, 'score': np.float64(0.4407480106175036), 'type': 'leaf_depth'}, {'bounds': (0, 8, 176, 184), 'depth': 5, 'score': np.float64(0.6788792476552832), 'type': 'leaf_depth'}, {'bounds': (0, 8, 184, 192), 'depth': 5, 'score': np.float64(0.7210421323387742), 'type': 'leaf_depth'}, {'bounds': (8, 16, 176, 184), 'depth': 5, 'score': np.float64(0.6996203250619413), 'type': 'leaf_depth'}, {'bounds': (8, 16, 184, 192), 'depth': 5, 'score': np.float64(0.7329671525114236), 'type': 'leaf_depth'}, {'bounds': (16, 24, 160, 168), 'depth': 5, 'score': np.float64(0.22406511161368642), 'type': 'leaf_depth'}, {'bounds': (16, 24, 168, 176), 'depth': 5, 'score': np.float64(0.44998247338839564), 'type': 'leaf_depth'}, {'bounds': (24, 32, 160, 168), 'depth': 5, 'score': np.float64(0.21852959975922553), 'type': 'leaf_depth'}, {'bounds': (24, 32, 168, 176), 'depth': 5, 'score': np.float64(0.45093846557855743), 'type': 'leaf_depth'}, {'bounds': (16, 24, 176, 184), 'depth': 5, 'score': np.float64(0.7095722324222339), 'type': 'leaf_depth'}, {'bounds': (16, 24, 184, 192), 'depth': 5, 'score': np.float64(0.7395688385756614), 'type': 'leaf_depth'}, {'bounds': (24, 32, 176, 184), 'depth': 5, 'score': np.float64(0.7101635011345506), 'type': 'leaf_depth'}, {'bounds': (24, 32, 184, 192), 'depth': 5, 'score': np.float64(0.7401530133595047), 'type': 'leaf_depth'}, {'bounds': (32, 40, 160, 168), 'depth': 5, 'score': np.float64(0.20872676611598623), 'type': 'leaf_depth'}, {'bounds': (32, 40, 168, 176), 'depth': 5, 'score': np.float64(0.44838493485347236), 'type': 'leaf_depth'}, {'bounds': (40, 48, 160, 168), 'depth': 5, 'score': np.float64(0.19667124002815967), 'type': 'leaf_depth'}, {'bounds': (40, 48, 168, 176), 'depth': 5, 'score': np.float64(0.4360226100564675), 'type': 'leaf_depth'}, {'bounds': (32, 40, 176, 184), 'depth': 5, 'score': np.float64(0.7058471180532903), 'type': 'leaf_depth'}, {'bounds': (32, 40, 184, 192), 'depth': 5, 'score': np.float64(0.7376365285306556), 'type': 'leaf_depth'}, {'bounds': (40, 48, 176, 184), 'depth': 5, 'score': np.float64(0.6885038246008441), 'type': 'leaf_depth'}, {'bounds': (40, 48, 184, 192), 'depth': 5, 'score': np.float64(0.7640594764103407), 'type': 'leaf_depth'}, {'bounds': (48, 56, 176, 184), 'depth': 5, 'score': np.float64(0.6585078365524809), 'type': 'leaf_depth'}, {'bounds': (48, 56, 184, 192), 'depth': 5, 'score': np.float64(0.8089925929635109), 'type': 'leaf_depth'}, {'bounds': (56, 64, 176, 184), 'depth': 5, 'score': np.float64(0.6178092706350272), 'type': 'leaf_depth'}, {'bounds': (56, 64, 184, 192), 'depth': 5, 'score': np.float64(0.8253157732320677), 'type': 'leaf_depth'}, {'bounds': (0, 8, 192, 200), 'depth': 5, 'score': np.float64(0.6312170045258599), 'type': 'leaf_depth'}, {'bounds': (0, 8, 200, 208), 'depth': 5, 'score': np.float64(0.4355202657392971), 'type': 'leaf_depth'}, {'bounds': (8, 16, 192, 200), 'depth': 5, 'score': np.float64(0.6470236091288117), 'type': 'leaf_depth'}, {'bounds': (8, 16, 200, 208), 'depth': 5, 'score': np.float64(0.4548686481963379), 'type': 'leaf_depth'}, {'bounds': (0, 8, 208, 216), 'depth': 5, 'score': np.float64(0.28334319044205375), 'type': 'leaf_depth'}, {'bounds': (0, 8, 216, 224), 'depth': 5, 'score': np.float64(0.20655288711253242), 'type': 'leaf_depth'}, {'bounds': (8, 16, 208, 216), 'depth': 5, 'score': np.float64(0.2989482808879618), 'type': 'leaf_depth'}, {'bounds': (8, 16, 216, 224), 'depth': 5, 'score': np.float64(0.20252029717081463), 'type': 'leaf_depth'}, {'bounds': (16, 24, 192, 200), 'depth': 5, 'score': np.float64(0.6823747409744801), 'type': 'leaf_depth'}, {'bounds': (16, 24, 200, 208), 'depth': 5, 'score': np.float64(0.4932459676547192), 'type': 'leaf_depth'}, {'bounds': (24, 32, 192, 200), 'depth': 5, 'score': np.float64(0.7482319120864781), 'type': 'leaf_depth'}, {'bounds': (24, 32, 200, 208), 'depth': 5, 'score': np.float64(0.5411810012411007), 'type': 'leaf_depth'}, {'bounds': (16, 24, 208, 216), 'depth': 5, 'score': np.float64(0.3220952519913989), 'type': 'leaf_depth'}, {'bounds': (16, 24, 216, 224), 'depth': 5, 'score': np.float64(0.19691978660618045), 'type': 'leaf_depth'}, {'bounds': (24, 32, 208, 216), 'depth': 5, 'score': np.float64(0.3510424158517357), 'type': 'leaf_depth'}, {'bounds': (24, 32, 216, 224), 'depth': 5, 'score': np.float64(0.19120162860241158), 'type': 'leaf_depth'}, {'bounds': (32, 40, 192, 200), 'depth': 5, 'score': np.float64(0.7958716321645568), 'type': 'leaf_depth'}, {'bounds': (32, 40, 200, 208), 'depth': 5, 'score': np.float64(0.5910946184529864), 'type': 'leaf_depth'}, {'bounds': (40, 48, 192, 200), 'depth': 5, 'score': np.float64(0.8246550319234874), 'type': 'leaf_depth'}, {'bounds': (40, 48, 200, 208), 'depth': 5, 'score': np.float64(0.6367594681760799), 'type': 'leaf_depth'}, {'bounds': (40, 48, 208, 216), 'depth': 5, 'score': np.float64(0.41428189672240007), 'type': 'leaf_depth'}, {'bounds': (40, 48, 216, 224), 'depth': 5, 'score': np.float64(0.19107196049277436), 'type': 'leaf_depth'}, {'bounds': (48, 56, 192, 200), 'depth': 5, 'score': np.float64(0.8560032064033796), 'type': 'leaf_depth'}, {'bounds': (48, 56, 200, 208), 'depth': 5, 'score': np.float64(0.6738209718118654), 'type': 'leaf_depth'}, {'bounds': (56, 64, 192, 200), 'depth': 5, 'score': np.float64(0.7879982518937171), 'type': 'leaf_depth'}, {'bounds': (56, 64, 200, 208), 'depth': 5, 'score': np.float64(0.6995864487087882), 'type': 'leaf_depth'}, {'bounds': (48, 56, 208, 216), 'depth': 5, 'score': np.float64(0.44128382213813905), 'type': 'leaf_depth'}, {'bounds': (48, 56, 216, 224), 'depth': 5, 'score': np.float64(0.19965429203799667), 'type': 'leaf_depth'}, {'bounds': (56, 64, 208, 216), 'depth': 5, 'score': np.float64(0.46052131519394357), 'type': 'leaf_depth'}, {'bounds': (56, 64, 216, 224), 'depth': 5, 'score': np.float64(0.21107609474498382), 'type': 'leaf_depth'}, {'bounds': (80, 88, 152, 160), 'depth': 5, 'score': np.float64(0.15751848635846902), 'type': 'leaf_depth'}, {'bounds': (88, 96, 152, 160), 'depth': 5, 'score': np.float64(0.16282688588906505), 'type': 'leaf_depth'}, {'bounds': (64, 72, 160, 168), 'depth': 5, 'score': np.float64(0.18495090675422554), 'type': 'leaf_depth'}, {'bounds': (64, 72, 168, 176), 'depth': 5, 'score': np.float64(0.35949111503169934), 'type': 'leaf_depth'}, {'bounds': (72, 80, 160, 168), 'depth': 5, 'score': np.float64(0.1914294471906955), 'type': 'leaf_depth'}, {'bounds': (72, 80, 168, 176), 'depth': 5, 'score': np.float64(0.3318806888041838), 'type': 'leaf_depth'}, {'bounds': (64, 72, 176, 184), 'depth': 5, 'score': np.float64(0.5697700768518366), 'type': 'leaf_depth'}, {'bounds': (64, 72, 184, 192), 'depth': 5, 'score': np.float64(0.7782134951001174), 'type': 'leaf_depth'}, {'bounds': (72, 80, 176, 184), 'depth': 5, 'score': np.float64(0.5191299392453501), 'type': 'leaf_depth'}, {'bounds': (72, 80, 184, 192), 'depth': 5, 'score': np.float64(0.7177811141307203), 'type': 'leaf_depth'}, {'bounds': (80, 88, 160, 168), 'depth': 5, 'score': np.float64(0.1984229084595409), 'type': 'leaf_depth'}, {'bounds': (80, 88, 168, 176), 'depth': 5, 'score': np.float64(0.3085261051108857), 'type': 'leaf_depth'}, {'bounds': (88, 96, 160, 168), 'depth': 5, 'score': np.float64(0.20415807103278608), 'type': 'leaf_depth'}, {'bounds': (88, 96, 168, 176), 'depth': 5, 'score': np.float64(0.2913815578146642), 'type': 'leaf_depth'}, {'bounds': (80, 88, 176, 184), 'depth': 5, 'score': np.float64(0.47205589695079897), 'type': 'leaf_depth'}, {'bounds': (80, 88, 184, 192), 'depth': 5, 'score': np.float64(0.6567052945609381), 'type': 'leaf_depth'}, {'bounds': (88, 96, 176, 184), 'depth': 5, 'score': np.float64(0.4358260233500866), 'type': 'leaf_depth'}, {'bounds': (88, 96, 184, 192), 'depth': 5, 'score': np.float64(0.624458283674218), 'type': 'leaf_depth'}, {'bounds': (96, 104, 144, 152), 'depth': 5, 'score': np.float64(0.12674768445132037), 'type': 'leaf_depth'}, {'bounds': (96, 104, 152, 160), 'depth': 5, 'score': np.float64(0.1636781059771227), 'type': 'leaf_depth'}, {'bounds': (104, 112, 144, 152), 'depth': 5, 'score': np.float64(0.12383761360803104), 'type': 'leaf_depth'}, {'bounds': (104, 112, 152, 160), 'depth': 5, 'score': np.float64(0.16307212206178834), 'type': 'leaf_depth'}, {'bounds': (112, 120, 144, 152), 'depth': 5, 'score': np.float64(0.11745612448500937), 'type': 'leaf_depth'}, {'bounds': (112, 120, 152, 160), 'depth': 5, 'score': np.float64(0.15875007217586867), 'type': 'leaf_depth'}, {'bounds': (120, 128, 144, 152), 'depth': 5, 'score': np.float64(0.10831389342662372), 'type': 'leaf_depth'}, {'bounds': (120, 128, 152, 160), 'depth': 5, 'score': np.float64(0.15091846278047577), 'type': 'leaf_depth'}, {'bounds': (96, 104, 160, 168), 'depth': 5, 'score': np.float64(0.20754702364312214), 'type': 'leaf_depth'}, {'bounds': (96, 104, 168, 176), 'depth': 5, 'score': np.float64(0.281170420355366), 'type': 'leaf_depth'}, {'bounds': (104, 112, 160, 168), 'depth': 5, 'score': np.float64(0.20827622054944392), 'type': 'leaf_depth'}, {'bounds': (104, 112, 168, 176), 'depth': 5, 'score': np.float64(0.2793114905403586), 'type': 'leaf_depth'}, {'bounds': (96, 104, 176, 184), 'depth': 5, 'score': np.float64(0.41962906810872624), 'type': 'leaf_depth'}, {'bounds': (96, 104, 184, 192), 'depth': 5, 'score': np.float64(0.6105377792705571), 'type': 'leaf_depth'}, {'bounds': (104, 112, 176, 184), 'depth': 5, 'score': np.float64(0.4446861933818407), 'type': 'leaf_depth'}, {'bounds': (104, 112, 184, 192), 'depth': 5, 'score': np.float64(0.6277763673121842), 'type': 'leaf_depth'}, {'bounds': (112, 120, 160, 168), 'depth': 5, 'score': np.float64(0.20805849190100362), 'type': 'leaf_depth'}, {'bounds': (112, 120, 168, 176), 'depth': 5, 'score': np.float64(0.28615888010849083), 'type': 'leaf_depth'}, {'bounds': (120, 128, 160, 168), 'depth': 5, 'score': np.float64(0.20576400340341028), 'type': 'leaf_depth'}, {'bounds': (120, 128, 168, 176), 'depth': 5, 'score': np.float64(0.2978200621823106), 'type': 'leaf_depth'}, {'bounds': (112, 120, 176, 184), 'depth': 5, 'score': np.float64(0.4471466320107243), 'type': 'leaf_depth'}, {'bounds': (112, 120, 184, 192), 'depth': 5, 'score': np.float64(0.6573677913984278), 'type': 'leaf_depth'}, {'bounds': (120, 128, 176, 184), 'depth': 5, 'score': np.float64(0.4724313955549029), 'type': 'leaf_depth'}, {'bounds': (120, 128, 184, 192), 'depth': 5, 'score': np.float64(0.6921073221055447), 'type': 'leaf_depth'}, {'bounds': (64, 72, 192, 200), 'depth': 5, 'score': np.float64(0.7362569495719408), 'type': 'leaf_depth'}, {'bounds': (64, 72, 200, 208), 'depth': 5, 'score': np.float64(0.7129286448854397), 'type': 'leaf_depth'}, {'bounds': (72, 80, 192, 200), 'depth': 5, 'score': np.float64(0.7319036455924887), 'type': 'leaf_depth'}, {'bounds': (72, 80, 200, 208), 'depth': 5, 'score': np.float64(0.7150223021057258), 'type': 'leaf_depth'}, {'bounds': (64, 72, 208, 216), 'depth': 5, 'score': np.float64(0.4693982348855287), 'type': 'leaf_depth'}, {'bounds': (64, 72, 216, 224), 'depth': 5, 'score': np.float64(0.22306869873162877), 'type': 'leaf_depth'}, {'bounds': (72, 80, 208, 216), 'depth': 5, 'score': np.float64(0.4698179584716973), 'type': 'leaf_depth'}, {'bounds': (72, 80, 216, 224), 'depth': 5, 'score': np.float64(0.2313319346647165), 'type': 'leaf_depth'}, {'bounds': (80, 88, 192, 200), 'depth': 5, 'score': np.float64(0.7305461492376477), 'type': 'leaf_depth'}, {'bounds': (80, 88, 200, 208), 'depth': 5, 'score': np.float64(0.7134431884585983), 'type': 'leaf_depth'}, {'bounds': (88, 96, 192, 200), 'depth': 5, 'score': np.float64(0.7228547247566336), 'type': 'leaf_depth'}, {'bounds': (88, 96, 200, 208), 'depth': 5, 'score': np.float64(0.7024686713903419), 'type': 'leaf_depth'}, {'bounds': (80, 88, 208, 216), 'depth': 5, 'score': np.float64(0.4655623514023415), 'type': 'leaf_depth'}, {'bounds': (80, 88, 216, 224), 'depth': 5, 'score': np.float64(0.23275191819358196), 'type': 'leaf_depth'}, {'bounds': (88, 96, 208, 216), 'depth': 5, 'score': np.float64(0.45088299681294153), 'type': 'leaf_depth'}, {'bounds': (88, 96, 216, 224), 'depth': 5, 'score': np.float64(0.23351054481884143), 'type': 'leaf_depth'}, {'bounds': (96, 104, 192, 200), 'depth': 5, 'score': np.float64(0.7131952097176625), 'type': 'leaf_depth'}, {'bounds': (96, 104, 200, 208), 'depth': 5, 'score': np.float64(0.6826710016053905), 'type': 'leaf_depth'}, {'bounds': (104, 112, 192, 200), 'depth': 5, 'score': np.float64(0.7037086525861908), 'type': 'leaf_depth'}, {'bounds': (104, 112, 200, 208), 'depth': 5, 'score': np.float64(0.65613187412026), 'type': 'leaf_depth'}, {'bounds': (96, 104, 208, 216), 'depth': 5, 'score': np.float64(0.4295369729196594), 'type': 'leaf_depth'}, {'bounds': (96, 104, 216, 224), 'depth': 5, 'score': np.float64(0.2339915094947477), 'type': 'leaf_depth'}, {'bounds': (104, 112, 208, 216), 'depth': 5, 'score': np.float64(0.4092749534816234), 'type': 'leaf_depth'}, {'bounds': (104, 112, 216, 224), 'depth': 5, 'score': np.float64(0.23471208579476155), 'type': 'leaf_depth'}, {'bounds': (112, 120, 192, 200), 'depth': 5, 'score': np.float64(0.7049752291837026), 'type': 'leaf_depth'}, {'bounds': (112, 120, 200, 208), 'depth': 5, 'score': np.float64(0.6253674183546231), 'type': 'leaf_depth'}, {'bounds': (120, 128, 192, 200), 'depth': 5, 'score': np.float64(0.7160766748548519), 'type': 'leaf_depth'}, {'bounds': (120, 128, 200, 208), 'depth': 5, 'score': np.float64(0.5944020160268103), 'type': 'leaf_depth'}, {'bounds': (112, 120, 208, 216), 'depth': 5, 'score': np.float64(0.3947496310265535), 'type': 'leaf_depth'}, {'bounds': (112, 120, 216, 224), 'depth': 5, 'score': np.float64(0.23571036259999129), 'type': 'leaf_depth'}, {'bounds': (120, 128, 208, 216), 'depth': 5, 'score': np.float64(0.35325568800947926), 'type': 'leaf_depth'}, {'bounds': (120, 128, 216, 224), 'depth': 5, 'score': np.float64(0.2361962661886582), 'type': 'leaf_depth'}, {'bounds': (128, 136, 48, 56), 'depth': 5, 'score': np.float64(0.42125949119796186), 'type': 'leaf_depth'}, {'bounds': (128, 136, 56, 64), 'depth': 5, 'score': np.float64(0.6132584798844847), 'type': 'leaf_depth'}, {'bounds': (136, 144, 48, 56), 'depth': 5, 'score': np.float64(0.44818442822378346), 'type': 'leaf_depth'}, {'bounds': (136, 144, 56, 64), 'depth': 5, 'score': np.float64(0.6351556919415284), 'type': 'leaf_depth'}, {'bounds': (144, 152, 32, 40), 'depth': 5, 'score': np.float64(0.19515220173118275), 'type': 'leaf_depth'}, {'bounds': (144, 152, 40, 48), 'depth': 5, 'score': np.float64(0.3164101932979968), 'type': 'leaf_depth'}, {'bounds': (152, 160, 32, 40), 'depth': 5, 'score': np.float64(0.18803215703965467), 'type': 'leaf_depth'}, {'bounds': (152, 160, 40, 48), 'depth': 5, 'score': np.float64(0.3417636401379524), 'type': 'leaf_depth'}, {'bounds': (144, 152, 48, 56), 'depth': 5, 'score': np.float64(0.489422385395953), 'type': 'leaf_depth'}, {'bounds': (144, 152, 56, 64), 'depth': 5, 'score': np.float64(0.6924925096861351), 'type': 'leaf_depth'}, {'bounds': (152, 160, 48, 56), 'depth': 5, 'score': np.float64(0.5387481662607557), 'type': 'leaf_depth'}, {'bounds': (152, 160, 56, 64), 'depth': 5, 'score': np.float64(0.7557840739361411), 'type': 'leaf_depth'}, {'bounds': (168, 176, 32, 40), 'depth': 5, 'score': np.float64(0.1826357315001976), 'type': 'leaf_depth'}, {'bounds': (168, 176, 40, 48), 'depth': 5, 'score': np.float64(0.39880616784182726), 'type': 'leaf_depth'}, {'bounds': (160, 168, 48, 56), 'depth': 5, 'score': np.float64(0.5889870760629529), 'type': 'leaf_depth'}, {'bounds': (160, 168, 56, 64), 'depth': 5, 'score': np.float64(0.8001835209887731), 'type': 'leaf_depth'}, {'bounds': (168, 176, 48, 56), 'depth': 5, 'score': np.float64(0.6345565524875083), 'type': 'leaf_depth'}, {'bounds': (168, 176, 56, 64), 'depth': 5, 'score': np.float64(0.8285029981185029), 'type': 'leaf_depth'}, {'bounds': (176, 184, 32, 40), 'depth': 5, 'score': np.float64(0.1901127783812103), 'type': 'leaf_depth'}, {'bounds': (176, 184, 40, 48), 'depth': 5, 'score': np.float64(0.42365636088809994), 'type': 'leaf_depth'}, {'bounds': (184, 192, 32, 40), 'depth': 5, 'score': np.float64(0.20125086924067143), 'type': 'leaf_depth'}, {'bounds': (184, 192, 40, 48), 'depth': 5, 'score': np.float64(0.4415498455719497), 'type': 'leaf_depth'}, {'bounds': (176, 184, 48, 56), 'depth': 5, 'score': np.float64(0.6712700840242174), 'type': 'leaf_depth'}, {'bounds': (176, 184, 56, 64), 'depth': 5, 'score': np.float64(0.7887972603367396), 'type': 'leaf_depth'}, {'bounds': (184, 192, 48, 56), 'depth': 5, 'score': np.float64(0.6963396020360721), 'type': 'leaf_depth'}, {'bounds': (184, 192, 56, 64), 'depth': 5, 'score': np.float64(0.7515512679744704), 'type': 'leaf_depth'}, {'bounds': (128, 136, 64, 72), 'depth': 5, 'score': np.float64(0.7173776226330578), 'type': 'leaf_depth'}, {'bounds': (128, 136, 72, 80), 'depth': 5, 'score': np.float64(0.6918982902673672), 'type': 'leaf_depth'}, {'bounds': (136, 144, 64, 72), 'depth': 5, 'score': np.float64(0.7271271069254719), 'type': 'leaf_depth'}, {'bounds': (136, 144, 72, 80), 'depth': 5, 'score': np.float64(0.708608610022154), 'type': 'leaf_depth'}, {'bounds': (128, 136, 80, 88), 'depth': 5, 'score': np.float64(0.43866691208924175), 'type': 'leaf_depth'}, {'bounds': (128, 136, 88, 96), 'depth': 5, 'score': np.float64(0.23354203658937464), 'type': 'leaf_depth'}, {'bounds': (136, 144, 80, 88), 'depth': 5, 'score': np.float64(0.45820852612386664), 'type': 'leaf_depth'}, {'bounds': (136, 144, 88, 96), 'depth': 5, 'score': np.float64(0.23303044508619866), 'type': 'leaf_depth'}, {'bounds': (144, 152, 64, 72), 'depth': 5, 'score': np.float64(0.7323473817307266), 'type': 'leaf_depth'}, {'bounds': (144, 152, 72, 80), 'depth': 5, 'score': np.float64(0.7156152944762382), 'type': 'leaf_depth'}, {'bounds': (152, 160, 64, 72), 'depth': 5, 'score': np.float64(0.7324761300332718), 'type': 'leaf_depth'}, {'bounds': (152, 160, 72, 80), 'depth': 5, 'score': np.float64(0.7157187077934383), 'type': 'leaf_depth'}, {'bounds': (144, 152, 80, 88), 'depth': 5, 'score': np.float64(0.46910578031673816), 'type': 'leaf_depth'}, {'bounds': (144, 152, 88, 96), 'depth': 5, 'score': np.float64(0.2320913461840664), 'type': 'leaf_depth'}, {'bounds': (152, 160, 80, 88), 'depth': 5, 'score': np.float64(0.4703774965977711), 'type': 'leaf_depth'}, {'bounds': (152, 160, 88, 96), 'depth': 5, 'score': np.float64(0.22961020384979022), 'type': 'leaf_depth'}, {'bounds': (160, 168, 64, 72), 'depth': 5, 'score': np.float64(0.7544675160913814), 'type': 'leaf_depth'}, {'bounds': (160, 168, 72, 80), 'depth': 5, 'score': np.float64(0.7098085457221194), 'type': 'leaf_depth'}, {'bounds': (168, 176, 64, 72), 'depth': 5, 'score': np.float64(0.8190017597672857), 'type': 'leaf_depth'}, {'bounds': (168, 176, 72, 80), 'depth': 5, 'score': np.float64(0.6914338670900435), 'type': 'leaf_depth'}, {'bounds': (160, 168, 80, 88), 'depth': 5, 'score': np.float64(0.46783324092596207), 'type': 'leaf_depth'}, {'bounds': (160, 168, 88, 96), 'depth': 5, 'score': np.float64(0.21840822892632852), 'type': 'leaf_depth'}, {'bounds': (168, 176, 80, 88), 'depth': 5, 'score': np.float64(0.45464410293317914), 'type': 'leaf_depth'}, {'bounds': (168, 176, 88, 96), 'depth': 5, 'score': np.float64(0.2065158353016739), 'type': 'leaf_depth'}, {'bounds': (176, 184, 64, 72), 'depth': 5, 'score': np.float64(0.8560238245208047), 'type': 'leaf_depth'}, {'bounds': (176, 184, 72, 80), 'depth': 5, 'score': np.float64(0.660884426583852), 'type': 'leaf_depth'}, {'bounds': (184, 192, 64, 72), 'depth': 5, 'score': np.float64(0.8214929287521632), 'type': 'leaf_depth'}, {'bounds': (184, 192, 72, 80), 'depth': 5, 'score': np.float64(0.6199167382715235), 'type': 'leaf_depth'}, {'bounds': (192, 200, 32, 40), 'depth': 5, 'score': np.float64(0.21369185247562267), 'type': 'leaf_depth'}, {'bounds': (192, 200, 40, 48), 'depth': 5, 'score': np.float64(0.45001614740764984), 'type': 'leaf_depth'}, {'bounds': (200, 208, 32, 40), 'depth': 5, 'score': np.float64(0.22100117978211192), 'type': 'leaf_depth'}, {'bounds': (200, 208, 40, 48), 'depth': 5, 'score': np.float64(0.45049830175999206), 'type': 'leaf_depth'}, {'bounds': (192, 200, 48, 56), 'depth': 5, 'score': np.float64(0.7083968312040246), 'type': 'leaf_depth'}, {'bounds': (192, 200, 56, 64), 'depth': 5, 'score': np.float64(0.7390848292097716), 'type': 'leaf_depth'}, {'bounds': (200, 208, 48, 56), 'depth': 5, 'score': np.float64(0.709518017902651), 'type': 'leaf_depth'}, {'bounds': (200, 208, 56, 64), 'depth': 5, 'score': np.float64(0.7396522002289944), 'type': 'leaf_depth'}, {'bounds': (208, 216, 32, 40), 'depth': 5, 'score': np.float64(0.22636230570857724), 'type': 'leaf_depth'}, {'bounds': (208, 216, 40, 48), 'depth': 5, 'score': np.float64(0.44705883474078917), 'type': 'leaf_depth'}, {'bounds': (216, 224, 32, 40), 'depth': 5, 'score': np.float64(0.2306154126064598), 'type': 'leaf_depth'}, {'bounds': (216, 224, 40, 48), 'depth': 5, 'score': np.float64(0.43463582660414357), 'type': 'leaf_depth'}, {'bounds': (208, 216, 48, 56), 'depth': 5, 'score': np.float64(0.7064071349729364), 'type': 'leaf_depth'}, {'bounds': (208, 216, 56, 64), 'depth': 5, 'score': np.float64(0.7372485692715139), 'type': 'leaf_depth'}, {'bounds': (216, 224, 48, 56), 'depth': 5, 'score': np.float64(0.6920492583336232), 'type': 'leaf_depth'}, {'bounds': (216, 224, 56, 64), 'depth': 5, 'score': np.float64(0.7283095361054971), 'type': 'leaf_depth'}, {'bounds': (224, 232, 32, 40), 'depth': 5, 'score': np.float64(0.23367529259854247), 'type': 'leaf_depth'}, {'bounds': (224, 232, 40, 48), 'depth': 5, 'score': np.float64(0.4172289181823395), 'type': 'leaf_depth'}, {'bounds': (232, 240, 32, 40), 'depth': 5, 'score': np.float64(0.23569587984727483), 'type': 'leaf_depth'}, {'bounds': (232, 240, 40, 48), 'depth': 5, 'score': np.float64(0.40273156509184516), 'type': 'leaf_depth'}, {'bounds': (224, 232, 48, 56), 'depth': 5, 'score': np.float64(0.6678618238323498), 'type': 'leaf_depth'}, {'bounds': (224, 232, 56, 64), 'depth': 5, 'score': np.float64(0.716263588726779), 'type': 'leaf_depth'}, {'bounds': (232, 240, 48, 56), 'depth': 5, 'score': np.float64(0.6365229981680672), 'type': 'leaf_depth'}, {'bounds': (232, 240, 56, 64), 'depth': 5, 'score': np.float64(0.7060291356168086), 'type': 'leaf_depth'}, {'bounds': (240, 248, 32, 40), 'depth': 5, 'score': np.float64(0.23654023538532107), 'type': 'leaf_depth'}, {'bounds': (240, 248, 40, 48), 'depth': 5, 'score': np.float64(0.36996605440970803), 'type': 'leaf_depth'}, {'bounds': (248, 256, 32, 40), 'depth': 5, 'score': np.float64(0.23653945928879683), 'type': 'leaf_depth'}, {'bounds': (248, 256, 40, 48), 'depth': 5, 'score': np.float64(0.3428976302027666), 'type': 'leaf_depth'}, {'bounds': (240, 248, 48, 56), 'depth': 5, 'score': np.float64(0.6019011495525914), 'type': 'leaf_depth'}, {'bounds': (240, 248, 56, 64), 'depth': 5, 'score': np.float64(0.7050173559406973), 'type': 'leaf_depth'}, {'bounds': (248, 256, 48, 56), 'depth': 5, 'score': np.float64(0.5702971362057679), 'type': 'leaf_depth'}, {'bounds': (248, 256, 56, 64), 'depth': 5, 'score': np.float64(0.714909541516945), 'type': 'leaf_depth'}, {'bounds': (192, 200, 64, 72), 'depth': 5, 'score': np.float64(0.7710753555515619), 'type': 'leaf_depth'}, {'bounds': (192, 200, 72, 80), 'depth': 5, 'score': np.float64(0.5718876693880277), 'type': 'leaf_depth'}, {'bounds': (200, 208, 64, 72), 'depth': 5, 'score': np.float64(0.7096684594026578), 'type': 'leaf_depth'}, {'bounds': (200, 208, 72, 80), 'depth': 5, 'score': np.float64(0.5218624675803575), 'type': 'leaf_depth'}, {'bounds': (208, 216, 64, 72), 'depth': 5, 'score': np.float64(0.6620597735794471), 'type': 'leaf_depth'}, {'bounds': (208, 216, 72, 80), 'depth': 5, 'score': np.float64(0.4769550663049902), 'type': 'leaf_depth'}, {'bounds': (216, 224, 64, 72), 'depth': 5, 'score': np.float64(0.63906772701551), 'type': 'leaf_depth'}, {'bounds': (216, 224, 72, 80), 'depth': 5, 'score': np.float64(0.4440160805083522), 'type': 'leaf_depth'}, {'bounds': (208, 216, 80, 88), 'depth': 5, 'score': np.float64(0.31279973443137893), 'type': 'leaf_depth'}, {'bounds': (208, 216, 88, 96), 'depth': 5, 'score': np.float64(0.19980852731763588), 'type': 'leaf_depth'}, {'bounds': (216, 224, 80, 88), 'depth': 5, 'score': np.float64(0.29247662270140784), 'type': 'leaf_depth'}, {'bounds': (216, 224, 88, 96), 'depth': 5, 'score': np.float64(0.20478356265134467), 'type': 'leaf_depth'}, {'bounds': (224, 232, 64, 72), 'depth': 5, 'score': np.float64(0.6318827955845311), 'type': 'leaf_depth'}, {'bounds': (224, 232, 72, 80), 'depth': 5, 'score': np.float64(0.4449555685099909), 'type': 'leaf_depth'}, {'bounds': (232, 240, 64, 72), 'depth': 5, 'score': np.float64(0.648446057275884), 'type': 'leaf_depth'}, {'bounds': (232, 240, 72, 80), 'depth': 5, 'score': np.float64(0.45390050157006995), 'type': 'leaf_depth'}, {'bounds': (224, 232, 80, 88), 'depth': 5, 'score': np.float64(0.2800020610203556), 'type': 'leaf_depth'}, {'bounds': (224, 232, 88, 96), 'depth': 5, 'score': np.float64(0.20778263066066072), 'type': 'leaf_depth'}, {'bounds': (232, 240, 80, 88), 'depth': 5, 'score': np.float64(0.2777739523703295), 'type': 'leaf_depth'}, {'bounds': (232, 240, 88, 96), 'depth': 5, 'score': np.float64(0.20841294376584282), 'type': 'leaf_depth'}, {'bounds': (240, 248, 64, 72), 'depth': 5, 'score': np.float64(0.6745077488412426), 'type': 'leaf_depth'}, {'bounds': (240, 248, 72, 80), 'depth': 5, 'score': np.float64(0.45464146808157696), 'type': 'leaf_depth'}, {'bounds': (248, 256, 64, 72), 'depth': 5, 'score': np.float64(0.703238533458259), 'type': 'leaf_depth'}, {'bounds': (248, 256, 72, 80), 'depth': 5, 'score': np.float64(0.4854853149190308), 'type': 'leaf_depth'}, {'bounds': (240, 248, 80, 88), 'depth': 5, 'score': np.float64(0.28667388343239153), 'type': 'leaf_depth'}, {'bounds': (240, 248, 88, 96), 'depth': 5, 'score': np.float64(0.2081986171595349), 'type': 'leaf_depth'}, {'bounds': (248, 256, 80, 88), 'depth': 5, 'score': np.float64(0.3019341545851583), 'type': 'leaf_depth'}, {'bounds': (248, 256, 88, 96), 'depth': 5, 'score': np.float64(0.20607167238021748), 'type': 'leaf_depth'}, {'bounds': (240, 248, 96, 104), 'depth': 5, 'score': np.float64(0.16015416912591204), 'type': 'leaf_depth'}, {'bounds': (248, 256, 96, 104), 'depth': 5, 'score': np.float64(0.15235909057151803), 'type': 'leaf_depth'}, {'bounds': (128, 136, 160, 168), 'depth': 5, 'score': np.float64(0.20151798452436723), 'type': 'leaf_depth'}, {'bounds': (128, 136, 168, 176), 'depth': 5, 'score': np.float64(0.3145455278649722), 'type': 'leaf_depth'}, {'bounds': (136, 144, 160, 168), 'depth': 5, 'score': np.float64(0.19638151901040737), 'type': 'leaf_depth'}, {'bounds': (136, 144, 168, 176), 'depth': 5, 'score': np.float64(0.33184028835453916), 'type': 'leaf_depth'}, {'bounds': (128, 136, 176, 184), 'depth': 5, 'score': np.float64(0.5096232975790318), 'type': 'leaf_depth'}, {'bounds': (128, 136, 184, 192), 'depth': 5, 'score': np.float64(0.7239747702862048), 'type': 'leaf_depth'}, {'bounds': (136, 144, 176, 184), 'depth': 5, 'score': np.float64(0.5514616707299876), 'type': 'leaf_depth'}, {'bounds': (136, 144, 184, 192), 'depth': 5, 'score': np.float64(0.7459207449711802), 'type': 'leaf_depth'}, {'bounds': (144, 152, 160, 168), 'depth': 5, 'score': np.float64(0.1916027745425429), 'type': 'leaf_depth'}, {'bounds': (144, 152, 168, 176), 'depth': 5, 'score': np.float64(0.34543698335094913), 'type': 'leaf_depth'}, {'bounds': (152, 160, 160, 168), 'depth': 5, 'score': np.float64(0.1885940934040677), 'type': 'leaf_depth'}, {'bounds': (152, 160, 168, 176), 'depth': 5, 'score': np.float64(0.3602120657860738), 'type': 'leaf_depth'}, {'bounds': (144, 152, 176, 184), 'depth': 5, 'score': np.float64(0.5918689410390654), 'type': 'leaf_depth'}, {'bounds': (144, 152, 184, 192), 'depth': 5, 'score': np.float64(0.7544169294269223), 'type': 'leaf_depth'}, {'bounds': (152, 160, 176, 184), 'depth': 5, 'score': np.float64(0.6252103269259157), 'type': 'leaf_depth'}, {'bounds': (152, 160, 184, 192), 'depth': 5, 'score': np.float64(0.7560354163929851), 'type': 'leaf_depth'}, {'bounds': (160, 168, 160, 168), 'depth': 5, 'score': np.float64(0.18995633740442155), 'type': 'leaf_depth'}, {'bounds': (160, 168, 168, 176), 'depth': 5, 'score': np.float64(0.3749669988565572), 'type': 'leaf_depth'}, {'bounds': (168, 176, 160, 168), 'depth': 5, 'score': np.float64(0.19322749366774555), 'type': 'leaf_depth'}, {'bounds': (168, 176, 168, 176), 'depth': 5, 'score': np.float64(0.3878862805443987), 'type': 'leaf_depth'}, {'bounds': (160, 168, 176, 184), 'depth': 5, 'score': np.float64(0.6462537216115721), 'type': 'leaf_depth'}, {'bounds': (160, 168, 184, 192), 'depth': 5, 'score': np.float64(0.7530814937314202), 'type': 'leaf_depth'}, {'bounds': (168, 176, 176, 184), 'depth': 5, 'score': np.float64(0.6514178103110765), 'type': 'leaf_depth'}, {'bounds': (168, 176, 184, 192), 'depth': 5, 'score': np.float64(0.7464600953951441), 'type': 'leaf_depth'}, {'bounds': (176, 184, 160, 168), 'depth': 5, 'score': np.float64(0.19889143298448284), 'type': 'leaf_depth'}, {'bounds': (176, 184, 168, 176), 'depth': 5, 'score': np.float64(0.3966628909571629), 'type': 'leaf_depth'}, {'bounds': (184, 192, 160, 168), 'depth': 5, 'score': np.float64(0.20634965516571274), 'type': 'leaf_depth'}, {'bounds': (184, 192, 168, 176), 'depth': 5, 'score': np.float64(0.3990765461586484), 'type': 'leaf_depth'}, {'bounds': (176, 184, 176, 184), 'depth': 5, 'score': np.float64(0.6502113885766102), 'type': 'leaf_depth'}, {'bounds': (176, 184, 184, 192), 'depth': 5, 'score': np.float64(0.8298740861239322), 'type': 'leaf_depth'}, {'bounds': (184, 192, 176, 184), 'depth': 5, 'score': np.float64(0.6348966948548075), 'type': 'leaf_depth'}, {'bounds': (184, 192, 184, 192), 'depth': 5, 'score': np.float64(0.8175129927677641), 'type': 'leaf_depth'}, {'bounds': (128, 136, 192, 200), 'depth': 5, 'score': np.float64(0.7314881040816621), 'type': 'leaf_depth'}, {'bounds': (128, 136, 200, 208), 'depth': 5, 'score': np.float64(0.5707335192179628), 'type': 'leaf_depth'}, {'bounds': (136, 144, 192, 200), 'depth': 5, 'score': np.float64(0.7449954963183395), 'type': 'leaf_depth'}, {'bounds': (136, 144, 200, 208), 'depth': 5, 'score': np.float64(0.6048157060746957), 'type': 'leaf_depth'}, {'bounds': (128, 136, 208, 216), 'depth': 5, 'score': np.float64(0.3446554038402801), 'type': 'leaf_depth'}, {'bounds': (128, 136, 216, 224), 'depth': 5, 'score': np.float64(0.2361667245119235), 'type': 'leaf_depth'}, {'bounds': (136, 144, 208, 216), 'depth': 5, 'score': np.float64(0.36581394160018116), 'type': 'leaf_depth'}, {'bounds': (136, 144, 216, 224), 'depth': 5, 'score': np.float64(0.23490967149568504), 'type': 'leaf_depth'}, {'bounds': (144, 152, 192, 200), 'depth': 5, 'score': np.float64(0.7469107520437017), 'type': 'leaf_depth'}, {'bounds': (144, 152, 200, 208), 'depth': 5, 'score': np.float64(0.6336293373686461), 'type': 'leaf_depth'}, {'bounds': (152, 160, 192, 200), 'depth': 5, 'score': np.float64(0.745106698384695), 'type': 'leaf_depth'}, {'bounds': (152, 160, 200, 208), 'depth': 5, 'score': np.float64(0.5986311555438256), 'type': 'leaf_depth'}, {'bounds': (144, 152, 208, 216), 'depth': 5, 'score': np.float64(0.38906841754811516), 'type': 'leaf_depth'}, {'bounds': (144, 152, 216, 224), 'depth': 5, 'score': np.float64(0.23144237866621448), 'type': 'leaf_depth'}, {'bounds': (152, 160, 208, 216), 'depth': 5, 'score': np.float64(0.40607739470378973), 'type': 'leaf_depth'}, {'bounds': (152, 160, 216, 224), 'depth': 5, 'score': np.float64(0.2257663615286805), 'type': 'leaf_depth'}, {'bounds': (128, 136, 224, 232), 'depth': 5, 'score': np.float64(0.17588785320877579), 'type': 'leaf_depth'}, {'bounds': (128, 136, 232, 240), 'depth': 5, 'score': np.float64(0.1344707963510215), 'type': 'leaf_depth'}, {'bounds': (136, 144, 224, 232), 'depth': 5, 'score': np.float64(0.16978628663187914), 'type': 'leaf_depth'}, {'bounds': (144, 152, 224, 232), 'depth': 5, 'score': np.float64(0.15983832603668316), 'type': 'leaf_depth'}, {'bounds': (152, 160, 224, 232), 'depth': 5, 'score': np.float64(0.1472338203726338), 'type': 'leaf_depth'}, {'bounds': (160, 168, 192, 200), 'depth': 5, 'score': np.float64(0.7955385778344528), 'type': 'leaf_depth'}, {'bounds': (160, 168, 200, 208), 'depth': 5, 'score': np.float64(0.6181122759305814), 'type': 'leaf_depth'}, {'bounds': (168, 176, 192, 200), 'depth': 5, 'score': np.float64(0.8290894363456175), 'type': 'leaf_depth'}, {'bounds': (168, 176, 200, 208), 'depth': 5, 'score': np.float64(0.6455939966003109), 'type': 'leaf_depth'}, {'bounds': (160, 168, 208, 216), 'depth': 5, 'score': np.float64(0.4134208678875585), 'type': 'leaf_depth'}, {'bounds': (160, 168, 216, 224), 'depth': 5, 'score': np.float64(0.21851725687351656), 'type': 'leaf_depth'}, {'bounds': (168, 176, 208, 216), 'depth': 5, 'score': np.float64(0.4136939782818205), 'type': 'leaf_depth'}, {'bounds': (168, 176, 216, 224), 'depth': 5, 'score': np.float64(0.21077357691881027), 'type': 'leaf_depth'}, {'bounds': (176, 184, 192, 200), 'depth': 5, 'score': np.float64(0.8368003052497514), 'type': 'leaf_depth'}, {'bounds': (176, 184, 200, 208), 'depth': 5, 'score': np.float64(0.6599690068035756), 'type': 'leaf_depth'}, {'bounds': (184, 192, 192, 200), 'depth': 5, 'score': np.float64(0.7488333056905093), 'type': 'leaf_depth'}, {'bounds': (184, 192, 200, 208), 'depth': 5, 'score': np.float64(0.6607919016652783), 'type': 'leaf_depth'}, {'bounds': (192, 200, 160, 168), 'depth': 5, 'score': np.float64(0.21461179027721836), 'type': 'leaf_depth'}, {'bounds': (192, 200, 168, 176), 'depth': 5, 'score': np.float64(0.398636602042953), 'type': 'leaf_depth'}, {'bounds': (200, 208, 160, 168), 'depth': 5, 'score': np.float64(0.22253200697317882), 'type': 'leaf_depth'}, {'bounds': (200, 208, 168, 176), 'depth': 5, 'score': np.float64(0.39157553291551855), 'type': 'leaf_depth'}, {'bounds': (192, 200, 176, 184), 'depth': 5, 'score': np.float64(0.6061262275282057), 'type': 'leaf_depth'}, {'bounds': (192, 200, 184, 192), 'depth': 5, 'score': np.float64(0.7779237030895053), 'type': 'leaf_depth'}, {'bounds': (200, 208, 176, 184), 'depth': 5, 'score': np.float64(0.5769909842726788), 'type': 'leaf_depth'}, {'bounds': (200, 208, 184, 192), 'depth': 5, 'score': np.float64(0.7304082964162774), 'type': 'leaf_depth'}, {'bounds': (208, 216, 160, 168), 'depth': 5, 'score': np.float64(0.22908626717467578), 'type': 'leaf_depth'}, {'bounds': (208, 216, 168, 176), 'depth': 5, 'score': np.float64(0.37648897538673254), 'type': 'leaf_depth'}, {'bounds': (216, 224, 160, 168), 'depth': 5, 'score': np.float64(0.2336074734052467), 'type': 'leaf_depth'}, {'bounds': (216, 224, 168, 176), 'depth': 5, 'score': np.float64(0.35680930324279336), 'type': 'leaf_depth'}, {'bounds': (208, 216, 176, 184), 'depth': 5, 'score': np.float64(0.608269329583787), 'type': 'leaf_depth'}, {'bounds': (208, 216, 184, 192), 'depth': 5, 'score': np.float64(0.7326330011816896), 'type': 'leaf_depth'}, {'bounds': (216, 224, 176, 184), 'depth': 5, 'score': np.float64(0.5950406199879144), 'type': 'leaf_depth'}, {'bounds': (216, 224, 184, 192), 'depth': 5, 'score': np.float64(0.7318105700561162), 'type': 'leaf_depth'}, {'bounds': (224, 232, 144, 152), 'depth': 5, 'score': np.float64(0.13259385495698883), 'type': 'leaf_depth'}, {'bounds': (224, 232, 152, 160), 'depth': 5, 'score': np.float64(0.17516360332159603), 'type': 'leaf_depth'}, {'bounds': (232, 240, 144, 152), 'depth': 5, 'score': np.float64(0.13235038856197712), 'type': 'leaf_depth'}, {'bounds': (232, 240, 152, 160), 'depth': 5, 'score': np.float64(0.17546619231170485), 'type': 'leaf_depth'}, {'bounds': (240, 248, 144, 152), 'depth': 5, 'score': np.float64(0.1282013091168113), 'type': 'leaf_depth'}, {'bounds': (240, 248, 152, 160), 'depth': 5, 'score': np.float64(0.17380003557604717), 'type': 'leaf_depth'}, {'bounds': (248, 256, 144, 152), 'depth': 5, 'score': np.float64(0.11880684407535444), 'type': 'leaf_depth'}, {'bounds': (248, 256, 152, 160), 'depth': 5, 'score': np.float64(0.16665756167308995), 'type': 'leaf_depth'}, {'bounds': (224, 232, 160, 168), 'depth': 5, 'score': np.float64(0.2359007777714313), 'type': 'leaf_depth'}, {'bounds': (224, 232, 168, 176), 'depth': 5, 'score': np.float64(0.34005075942940644), 'type': 'leaf_depth'}, {'bounds': (232, 240, 160, 168), 'depth': 5, 'score': np.float64(0.23629082368384696), 'type': 'leaf_depth'}, {'bounds': (232, 240, 168, 176), 'depth': 5, 'score': np.float64(0.3506745775096092), 'type': 'leaf_depth'}, {'bounds': (224, 232, 176, 184), 'depth': 5, 'score': np.float64(0.5559993613501455), 'type': 'leaf_depth'}, {'bounds': (224, 232, 184, 192), 'depth': 5, 'score': np.float64(0.7223810288331104), 'type': 'leaf_depth'}, {'bounds': (232, 240, 176, 184), 'depth': 5, 'score': np.float64(0.5812601466681592), 'type': 'leaf_depth'}, {'bounds': (232, 240, 184, 192), 'depth': 5, 'score': np.float64(0.7096607121795401), 'type': 'leaf_depth'}, {'bounds': (240, 248, 160, 168), 'depth': 5, 'score': np.float64(0.23611012798374528), 'type': 'leaf_depth'}, {'bounds': (240, 248, 168, 176), 'depth': 5, 'score': np.float64(0.38607917492569926), 'type': 'leaf_depth'}, {'bounds': (248, 256, 160, 168), 'depth': 5, 'score': np.float64(0.23471198647971628), 'type': 'leaf_depth'}, {'bounds': (248, 256, 168, 176), 'depth': 5, 'score': np.float64(0.40743931146248813), 'type': 'leaf_depth'}, {'bounds': (240, 248, 176, 184), 'depth': 5, 'score': np.float64(0.6154350308467306), 'type': 'leaf_depth'}, {'bounds': (240, 248, 184, 192), 'depth': 5, 'score': np.float64(0.7027970345532986), 'type': 'leaf_depth'}, {'bounds': (248, 256, 176, 184), 'depth': 5, 'score': np.float64(0.6497128513936882), 'type': 'leaf_depth'}, {'bounds': (248, 256, 184, 192), 'depth': 5, 'score': np.float64(0.7101667402166557), 'type': 'leaf_depth'}, {'bounds': (192, 200, 192, 200), 'depth': 5, 'score': np.float64(0.7466071107127268), 'type': 'leaf_depth'}, {'bounds': (192, 200, 200, 208), 'depth': 5, 'score': np.float64(0.6545878266442013), 'type': 'leaf_depth'}, {'bounds': (200, 208, 192, 200), 'depth': 5, 'score': np.float64(0.7472044173006609), 'type': 'leaf_depth'}, {'bounds': (200, 208, 200, 208), 'depth': 5, 'score': np.float64(0.6317304534637517), 'type': 'leaf_depth'}, {'bounds': (200, 208, 208, 216), 'depth': 5, 'score': np.float64(0.36679827453976144), 'type': 'leaf_depth'}, {'bounds': (208, 216, 192, 200), 'depth': 5, 'score': np.float64(0.7453685612423497), 'type': 'leaf_depth'}, {'bounds': (208, 216, 200, 208), 'depth': 5, 'score': np.float64(0.5961414637679824), 'type': 'leaf_depth'}, {'bounds': (216, 224, 192, 200), 'depth': 5, 'score': np.float64(0.7358834047673547), 'type': 'leaf_depth'}, {'bounds': (216, 224, 200, 208), 'depth': 5, 'score': np.float64(0.5533382121162868), 'type': 'leaf_depth'}, {'bounds': (208, 216, 208, 216), 'depth': 5, 'score': np.float64(0.34968384821955545), 'type': 'leaf_depth'}, {'bounds': (216, 224, 208, 216), 'depth': 5, 'score': np.float64(0.33428812635282956), 'type': 'leaf_depth'}, {'bounds': (224, 232, 192, 200), 'depth': 5, 'score': np.float64(0.7178972653828604), 'type': 'leaf_depth'}, {'bounds': (224, 232, 200, 208), 'depth': 5, 'score': np.float64(0.5094352742446804), 'type': 'leaf_depth'}, {'bounds': (232, 240, 192, 200), 'depth': 5, 'score': np.float64(0.6914323696084382), 'type': 'leaf_depth'}, {'bounds': (232, 240, 200, 208), 'depth': 5, 'score': np.float64(0.4712245060363769), 'type': 'leaf_depth'}, {'bounds': (224, 232, 208, 216), 'depth': 5, 'score': np.float64(0.3143895578880051), 'type': 'leaf_depth'}, {'bounds': (224, 232, 216, 224), 'depth': 5, 'score': np.float64(0.20405406639619447), 'type': 'leaf_depth'}, {'bounds': (232, 240, 208, 216), 'depth': 5, 'score': np.float64(0.2950153980843228), 'type': 'leaf_depth'}, {'bounds': (232, 240, 216, 224), 'depth': 5, 'score': np.float64(0.20717890360110397), 'type': 'leaf_depth'}, {'bounds': (240, 248, 192, 200), 'depth': 5, 'score': np.float64(0.6631074190174759), 'type': 'leaf_depth'}, {'bounds': (240, 248, 200, 208), 'depth': 5, 'score': np.float64(0.4469137935379317), 'type': 'leaf_depth'}, {'bounds': (248, 256, 192, 200), 'depth': 5, 'score': np.float64(0.6402828309413242), 'type': 'leaf_depth'}, {'bounds': (248, 256, 200, 208), 'depth': 5, 'score': np.float64(0.45393888583523784), 'type': 'leaf_depth'}, {'bounds': (240, 248, 208, 216), 'depth': 5, 'score': np.float64(0.28210512969468116), 'type': 'leaf_depth'}, {'bounds': (240, 248, 216, 224), 'depth': 5, 'score': np.float64(0.2082746267844017), 'type': 'leaf_depth'}, {'bounds': (248, 256, 208, 216), 'depth': 5, 'score': np.float64(0.27582219699484245), 'type': 'leaf_depth'}, {'bounds': (248, 256, 216, 224), 'depth': 5, 'score': np.float64(0.20824178405713367), 'type': 'leaf_depth'}, {'bounds': (240, 248, 224, 232), 'depth': 5, 'score': np.float64(0.16233754354826213), 'type': 'leaf_depth'}, {'bounds': (248, 256, 224, 232), 'depth': 5, 'score': np.float64(0.16477490745625348), 'type': 'leaf_depth'}]
--- START CLASSICAL AMR SCAN ---
  Depth 0: 1 patch(es)
  Depth 1: 4 patch(es)
  Depth 2: 16 patch(es)
  Depth 3: 50 patch(es)
  Depth 4: 160 patch(es)
  Depth 5: 566 patch(es)
--- CLASSICAL SCAN COMPLETE: 694 patches ---

──────────────────────────────────────────────────
Analyzing: Harris Tearing
──────────────────────────────────────────────────
  Computing Hamiltonian at multiple depths...
    Depth 0: H=0.0000 C=0.0000 K=0.0000
    Depth 1: H=31.4263 C=5219.0487 K=163.1618
    Depth 2: H=47.7872 C=421.3224 K=1.4040
    Depth 3: H=143.3906 C=44.5863 K=0.0000
--- START LEVEL-BY-LEVEL VQA SCAN ---
Average Phi Dev: 2.3646763450525238e-05
  Depth 0: 1 patch(es) to evaluate
Transpiling circuit (backend=state_vector, opt_level=0)
  IIIIIIIZ: (0.001+0j)

 

Information about the circuit: 
Number of qubits: 8
 Depth : 5

--- Starting Optimization Loop (method=COBYLA) ---
Iter 10: Cost = -0.000568359375
Optimization success: True
Optimal Params: [0.         0.05       1.04719755 2.0943951 ]

--- Final Statevector (exact) ---
Marginals: [0.7809886126794932, 0.849704256737385, 0.8501203908520434, 0.7807231485606478, 0.8002909353966944, 0.8663325984485467, 0.8663634362857279, 0.8003093292298689]

  ┌─ Depth 0 | Patch (0, 256, 0, 256) | eff_threshold=0.150
  │  θ-only  (before QAOA): [[0.799 0.866]
 [0.866 0.799]]
  │  QAOA    (after  QAOA): [[0.791 0.858]
 [0.858 0.791]]
  │  θ-only  refine: [[1 1]
 [1 1]]
  │  QAOA    refine: [[1 1]
 [1 1]]
  │  Agreement: 4/4 cells
  └─
  Depth 1: 4 patch(es) to evaluate
Transpiling circuit (backend=state_vector, opt_level=0)
  IIIIIIIZ: (-5.642561117388971e-05+0j)
  IIIZIIII: (-5.642561117388971e-05+0j)
  IIIIIIIZ: (-2.426119625736772e-74+0j)
  IIIZIIII: 0j
  IIZZIZIZ: (-0.0018523061321245227+0j)
  IIIIIIZI: (0.00021611665586980153+0j)
  IIZIIIII: (0.00021611665586980153+0j)
  IIIIIIZI: (-6.8413767737518796e-06+0j)
  IIZIIIII: 0j
  IIIIIZII: (-5.372660728590083e-05+0j)
  IZIIIIII: (-5.372660728590083e-05+0j)
  IIIIIZII: (-7.905924816566127e-88+0j)
  ZZIIIZII: (0.0002750753710938033+0j)
  IIIIZIII: (0.0002420270313890516+0j)
  ZIIIIIII: (0.0002420270313890516+0j)

 

Information about the circuit: 
Number of qubits: 8
 Depth : 28

--- Starting Optimization Loop (method=COBYLA) ---
Iter 10: Cost = -0.0003446187680380707
Optimization success: True
Optimal Params: [0.         0.05       0.13352685 0.26705369]

--- Final Statevector (exact) ---
Marginals: [0.6488389743451798, 0.6603279535625659, 0.648885132189901, 0.7799147924339427, 0.6706976833810041, 0.6833527847635649, 0.6707526496666755, 0.8003001757744242]

  ┌─ Depth 1 | Patch (0, 128, 0, 128) | eff_threshold=0.320
  │  θ-only  (before QAOA): [[0.669 0.681]
 [0.669 0.799]]
  │  QAOA    (after  QAOA): [[0.66  0.672]
 [0.66  0.79 ]]
  │  θ-only  refine: [[1 1]
 [1 1]]
  │  QAOA    refine: [[1 1]
 [1 1]]
  │  Agreement: 4/4 cells
  └─
Transpiling circuit (backend=state_vector, opt_level=0)
  IIIIIIIZ: (-0.00029981385248542357+0j)
  IIIZIIII: (-0.00029981385248542357+0j)
  IIIIIIIZ: (-1.7358318945874662e-79+0j)
  IIIZIIII: 0j
  IIZZIZIZ: (-0.0014444395385589176+0j)
  IIZZIZIZ: (-0.9641210905999316+0j)
  IIIIIIZI: (0.0011436846967183179+0j)
  IIZIIIII: (0.0011436846967183179+0j)
  IIZIIIII: 0j
  IIZIZIZI: (-0.9231191955821417+0j)
  IIIIIZII: (-0.0002896052550390323+0j)
  IZIIIIII: (-0.0002896052550390323+0j)
  IIIIIZII: (-1.568084241479719e-98+0j)
  ZZIIIZII: (0.0001966004431907535+0j)
  ZZIIIZII: (0.2178748423280816+0j)
  IIIIZIII: (0.0013342896598521942+0j)
  ZIIIIIII: (0.0013342896598521942+0j)
  ZIIIZIII: (0.2561532961074725+0j)

 

Information about the circuit: 
Number of qubits: 8
 Depth : 53

--- Starting Optimization Loop (method=COBYLA) ---
Iter 10: Cost = -1.0812500970079635
Iter 20: Cost = -1.1415596251800857
Iter 30: Cost = -1.1784938463657668
Optimization success: True
Optimal Params: [-0.10459187 -0.18103308  0.33274886  0.36430389]

--- Final Statevector (exact) ---
Marginals: [0.7240281460337383, 0.6721251333421672, 0.7284559070441476, 0.8083480255706748, 0.6708449012960382, 0.6526725343090194, 0.6630311498412615, 0.7667289359454996]

  ┌─ Depth 1 | Patch (0, 128, 128, 256) | eff_threshold=0.320
  │  θ-only  (before QAOA): [[0.691 0.707]
 [0.691 0.866]]
  │  QAOA    (after  QAOA): [[0.697 0.662]
 [0.696 0.788]]
  │  θ-only  refine: [[1 1]
 [1 1]]
  │  QAOA    refine: [[1 1]
 [1 1]]
  │  Agreement: 4/4 cells
  └─
Transpiling circuit (backend=state_vector, opt_level=0)
  IIIIIIIZ: (-0.0002999009578035223+0j)
  IIIZIIII: (-0.0002999009578035223+0j)
  IIIIIIIZ: (-1.7358697350542772e-79+0j)
  IIIZIIII: 0j
  IIZZIZIZ: (-0.0014444885642580455+0j)
  IIZZIZIZ: (-0.9641195343309389+0j)
  IIIIIIZI: (0.0011440174787421707+0j)
  IIZIIIII: (0.0011440174787421707+0j)
  IIZIIIII: 0j
  IIZIZIZI: (-0.9231121650871016+0j)
  IIIIIZII: (-0.0002896898859950053+0j)
  IZIIIIII: (-0.0002896898859950053+0j)
  IIIIIZII: (-1.56810188333996e-98+0j)
  ZZIIIZII: (0.00019660837711877357+0j)
  ZZIIIZII: (0.21787393344211792+0j)
  IIIIZIII: (0.0013346788428391558+0j)
  ZIIIIIII: (0.0013346788428391558+0j)
  ZIIIZIII: (0.25615185902777377+0j)

 

Information about the circuit: 
Number of qubits: 8
 Depth : 53

--- Starting Optimization Loop (method=COBYLA) ---
Iter 10: Cost = -0.39996411980325053
Iter 20: Cost = -1.0964391439854868
Iter 30: Cost = -1.2666953157918621
Optimization success: True
Optimal Params: [-0.18899478 -0.16122813  0.25430248  0.51868993]

--- Final Statevector (exact) ---
Marginals: [0.7385207586064488, 0.6876254051409016, 0.7448730359232459, 0.8084084448764938, 0.660463060019013, 0.6337870879866703, 0.6470360723690773, 0.736174555669171]

  ┌─ Depth 1 | Patch (128, 256, 0, 128) | eff_threshold=0.320
  │  θ-only  (before QAOA): [[0.691 0.707]
 [0.691 0.866]]
  │  QAOA    (after  QAOA): [[0.699 0.661]
 [0.696 0.772]]
  │  θ-only  refine: [[1 1]
 [1 1]]
  │  QAOA    refine: [[1 1]
 [1 1]]
  │  Agreement: 4/4 cells
  └─
Transpiling circuit (backend=state_vector, opt_level=0)
  IIIIIIIZ: (-5.644928514797053e-05+0j)
  IIIZIIII: (-5.644928514797053e-05+0j)
  IIIIIIIZ: (-2.4260726237047225e-74+0j)
  IIIZIIII: 0j
  IIZZIZIZ: (-0.001852263140887631+0j)
  IIIIIIZI: (0.00021620724542681304+0j)
  IIZIIIII: (0.00021620724542681304+0j)
  IIIIIIZI: (-6.844167795823044e-06+0j)
  IIZIIIII: 0j
  IIIIIZII: (-5.3749055820746446e-05+0j)
  IZIIIIII: (-5.3749055820746446e-05+0j)
  IIIIIZII: (-7.905785944973225e-88+0j)
  ZZIIIZII: (0.0002750680857265845+0j)
  IIIIZIII: (0.0002421283298224814+0j)
  ZIIIIIII: (0.0002421283298224814+0j)

 

Information about the circuit: 
Number of qubits: 8
 Depth : 28

--- Starting Optimization Loop (method=COBYLA) ---
Iter 10: Cost = -0.0003896455967649321
Optimization success: True
Optimal Params: [ 0.0034918  -0.00357873  0.13352659  0.26705317]

--- Final Statevector (exact) ---
Marginals: [0.6685807630837984, 0.6813515047900666, 0.668626578423383, 0.7992954356013366, 0.6685411333689469, 0.6813130509846895, 0.6685869771052577, 0.7992613136884253]

  ┌─ Depth 1 | Patch (128, 256, 128, 256) | eff_threshold=0.320
  │  θ-only  (before QAOA): [[0.669 0.681]
 [0.669 0.799]]
  │  QAOA    (after  QAOA): [[0.669 0.681]
 [0.669 0.799]]
  │  θ-only  refine: [[1 1]
 [1 1]]
  │  QAOA    refine: [[1 1]
 [1 1]]
  │  Agreement: 4/4 cells
  └─
  Depth 2: 16 patch(es) to evaluate
Transpiling circuit (backend=state_vector, opt_level=0)
  IIIIIIIZ: (-0.2094800483161877+0j)
  IIIZIIII: (-0.2094800483161877+0j)
  IIIIIIZZ: (-0.15678175761072094+0j)
  IIIIIIIZ: (-0.44708433238997813+0j)
  IIIZIIII: (-0+0j)
  IIIIIIZI: (-0.19276526172172267+0j)
  IIZIIIII: (-0.19276526172172267+0j)
  IIZIIIII: 0j
  IIIIIZII: (-0.2096306014289607+0j)
  IZIIIIII: (-0.2096306014289607+0j)
  IIIIZZII: (-0.1480624970939778+0j)
  IIIIIZII: (-0.4336007812918468+0j)
  IIIIZIII: (-0.18622819987224015+0j)
  ZIIIIIII: (-0.18622819987224015+0j)

 

Information about the circuit: 
Number of qubits: 8
 Depth : 9

--- Starting Optimization Loop (method=COBYLA) ---
Iter 10: Cost = -1.7522067792324496
Iter 20: Cost = -1.722855752591943
Optimization success: True
Optimal Params: [ 0.08359994  0.21923735 -0.0507333   0.03488328]

--- Final Statevector (exact) ---
Marginals: [0.07180139092151858, 0.3156535139826819, 0.06350357619889348, 0.37061856480577005, 0.11752535587328937, 0.3156140913556152, 0.08386115633980756, 0.4912155306623328]

  ┌─ Depth 2 | Patch (0, 64, 0, 64) | eff_threshold=0.490
  │  θ-only  (before QAOA): [[0.029 0.613]
 [0.034 0.669]]
  │  QAOA    (after  QAOA): [[0.095 0.316]
 [0.074 0.431]]
  │  θ-only  refine: [[0 1]
 [0 1]]
  │  QAOA    refine: [[0 0]
 [0 0]]
  │  Agreement: 2/4 cells
  │  Boundary activation: ['right']
  └─
Transpiling circuit (backend=state_vector, opt_level=0)
  IIIIIIIZ: (0.7529133091540386+0j)
  IIIZIIII: (0.7529133091540386+0j)
  IIIIIIZZ: (-0.20009016975373245+0j)
  IIIIIIIZ: (1.779504195457217+0j)
  IIIZIIII: 0j
  IIIIIIZI: (-0.06580514074965221+0j)
  IIZIIIII: (-0.06580514074965221+0j)
  IIZIIIII: (-0+0j)
  IIIIIZII: (0.731359232548512+0j)
  IZIIIIII: (0.731359232548512+0j)
  IIIIZZII: (-0.14806249709397784+0j)
  IIIIIZII: (1.597581574689683+0j)
  IIIIZIII: (-0.05983352405652461+0j)
  ZIIIIIII: (-0.05983352405652461+0j)

 

Information about the circuit: 
Number of qubits: 8
 Depth : 9

--- Starting Optimization Loop (method=COBYLA) ---
Iter 10: Cost = -4.159073176485352
Iter 20: Cost = -6.0416289197868345
Iter 30: Cost = -6.024745190063584
Optimization success: True
Optimal Params: [-0.39269908 -0.26209955 -0.00810122 -0.0060487 ]

--- Final Statevector (exact) ---
Marginals: [0.9992455798847766, 0.44974732911279774, 0.9964366897562343, 0.4715928621961314, 0.9998340075325247, 0.36841900127650196, 0.7970728702647418, 0.4364994689934282]

  ┌─ Depth 2 | Patch (0, 64, 64, 128) | eff_threshold=0.490
  │  θ-only  (before QAOA): [[0.639 0.03 ]
 [0.681 0.036]]
  │  QAOA    (after  QAOA): [[1.    0.409]
 [0.897 0.454]]
  │  θ-only  refine: [[1 0]
 [1 0]]
  │  QAOA    refine: [[1 0]
 [1 0]]
  │  Agreement: 4/4 cells
  │  Boundary activation: ['left']
  └─
Transpiling circuit (backend=state_vector, opt_level=0)
  IIIIIIIZ: (-0.20925181076522859+0j)
  IIIZIIII: (-0.20925181076522859+0j)
  IIIIIIZZ: (-0.1480624970939778+0j)
  IIIIIIIZ: (-0.433937442155669+0j)
  IIIZIIII: (-0+0j)
  IIIIIIZI: (-0.17731557726596395+0j)
  IIZIIIII: (-0.17731557726596395+0j)
  IIZIIIII: 0j
  IIIIIZII: (-0.2093949222561076+0j)
  IZIIIIII: (-0.2093949222561076+0j)
  IIIIZZII: (-0.15715450306099998+0j)
  IIIIIZII: (-0.4481531605599252+0j)
  IIIIZIII: (-0.17981528836117555+0j)
  ZIIIIIII: (-0.17981528836117555+0j)

 

Information about the circuit: 
Number of qubits: 8
 Depth : 9

--- Starting Optimization Loop (method=COBYLA) ---
Iter 10: Cost = -1.7004144683197107
Iter 20: Cost = -1.7193753292143545
Optimization success: True
Optimal Params: [ 0.14098495  0.15989113 -0.00589621  0.07957546]

--- Final Statevector (exact) ---
Marginals: [0.06958916352025891, 0.372687765486148, 0.07787593069165154, 0.3172593699260181, 0.0855878388297034, 0.49759413282299814, 0.11906405050113693, 0.31712499921530274]

  ┌─ Depth 2 | Patch (64, 128, 0, 64) | eff_threshold=0.490
  │  θ-only  (before QAOA): [[0.034 0.669]
 [0.029 0.613]]
  │  QAOA    (after  QAOA): [[0.078 0.435]
 [0.098 0.317]]
  │  θ-only  refine: [[0 1]
 [0 1]]
  │  QAOA    refine: [[0 0]
 [0 0]]
  │  Agreement: 2/4 cells
  │  Boundary activation: ['right']
  └─
Transpiling circuit (backend=state_vector, opt_level=0)
  IIIIIIIZ: (1+0j)
  IIIZIIII: (1+0j)
  IIIIIIZZ: (-0.11993410641573439+0j)
  IIIIIIIZ: (1.2941926387291316+0j)
  IIIZIIII: 0j
  IIIIIIZI: (-0.051785724537030106+0j)
  IIZIIIII: (-0.051785724537030106+0j)
  IIZIIIII: (-0+0j)
  IIIIIZII: (0.7790206177793765+0j)
  IZIIIIII: (0.7790206177793765+0j)
  IIIIZZII: (-0.24806543583339313+0j)
  IIIIIZII: (2.2167890751521915+0j)
  IIIIZIII: (-0.054073287528148224+0j)
  ZIIIIIII: (-0.054073287528148224+0j)

 

Information about the circuit: 
Number of qubits: 8
 Depth : 9

--- Starting Optimization Loop (method=COBYLA) ---
Iter 10: Cost = -5.235214407538613
Iter 20: Cost = -6.638392856377685
Iter 30: Cost = -6.6411968783343704
Optimization success: True
Optimal Params: [-0.25071235 -0.30920439  0.03908488 -0.02894593]

--- Final Statevector (exact) ---
Marginals: [0.9897688203752382, 0.3829104763867925, 0.9897126141690943, 0.3635176853034089, 0.8477603065739742, 0.3496834970207844, 0.9924910322592904, 0.2851245285509132]

  ┌─ Depth 2 | Patch (64, 128, 64, 128) | eff_threshold=0.490
  │  θ-only  (before QAOA): [[0.799 0.036]
 [0.638 0.03 ]]
  │  QAOA    (after  QAOA): [[0.919 0.366]
 [0.991 0.324]]
  │  θ-only  refine: [[1 0]
 [1 0]]
  │  QAOA    refine: [[1 0]
 [1 0]]
  │  Agreement: 4/4 cells
  │  Boundary activation: ['left']
  └─
Transpiling circuit (backend=state_vector, opt_level=0)
  IIIIIIIZ: (-0.18991992856185494+0j)
  IIIZIIII: (-0.18991992856185494+0j)
  IIIIIIZZ: (-0.14585196328619457+0j)
  IIIIIIIZ: (-0.4159082115933252+0j)
  IIIZIIII: (-0+0j)
  IIIIIIZI: (-0.17461280877372368+0j)
  IIZIIIII: (-0.17461280877372368+0j)
  IIZIIIII: 0j
  IIZIZIZI: (0.015003274584363577+0j)
  IIIIIZII: (-0.18996455363978768+0j)
  IZIIIIII: (-0.18996455363978768+0j)
  IIIIZZII: (-0.13426533419732317+0j)
  IIIIIZII: (-0.3931597955908956+0j)
  IIIIZIII: (-0.16971967430741386+0j)
  ZIIIIIII: (-0.16971967430741386+0j)
  ZIIIZIII: (-0.02154633398585917+0j)

 

Information about the circuit: 
Number of qubits: 8
 Depth : 21

--- Starting Optimization Loop (method=COBYLA) ---
Iter 10: Cost = -1.552798037424281
Iter 20: Cost = -1.5257762281100153
Optimization success: True
Optimal Params: [ 0.16903411  0.16525645  0.16732029 -0.12711158]

--- Final Statevector (exact) ---
Marginals: [0.09641856353133244, 0.2880290429191859, 0.08585217885616724, 0.36389907525453163, 0.13997701960332745, 0.28741327722299687, 0.10274968662655372, 0.5031883603054368]

  ┌─ Depth 2 | Patch (0, 64, 128, 192) | eff_threshold=0.490
  │  θ-only  (before QAOA): [[0.028 0.613]
 [0.032 0.691]]
  │  QAOA    (after  QAOA): [[0.118 0.288]
 [0.094 0.434]]
  │  θ-only  refine: [[0 1]
 [0 1]]
  │  QAOA    refine: [[0 0]
 [0 0]]
  │  Agreement: 2/4 cells
  │  Boundary activation: ['right']
  └─
Transpiling circuit (backend=state_vector, opt_level=0)
  IIIIIIIZ: (0.6843134486066177+0j)
  IIIZIIII: (0.6843134486066177+0j)
  IIIIIIZZ: (-0.19198995804250052+0j)
  IIIIIIIZ: (1.7833409438861847+0j)
  IIIZIIII: 0j
  IIZZIZIZ: (-0.1139778000431518+0j)
  IIIIIIZI: (-0.06275260988212625+0j)
  IIZIIIII: (-0.06275260988212625+0j)
  IIZIIIII: (-0+0j)
  IIIIIZII: (0.6842782330989948+0j)
  IZIIIIII: (0.6842782330989948+0j)
  IIIIZZII: (-0.13426533419732317+0j)
  IIIIIZII: (1.5106387154867988+0j)
  ZZIIIZII: (0.14934730064267768+0j)
  IIIIZIII: (-0.06104133757889315+0j)
  ZIIIIIII: (-0.06104133757889315+0j)

 

Information about the circuit: 
Number of qubits: 8
 Depth : 30

--- Starting Optimization Loop (method=COBYLA) ---
Iter 10: Cost = -5.35862493150024
Iter 20: Cost = -5.702408200580332
Optimization success: True
Optimal Params: [-0.39269908 -0.25967986 -0.0625776   0.17481705]

--- Final Statevector (exact) ---
Marginals: [0.9947102288363145, 0.44843274381610093, 0.9962143667771822, 0.4658735992467354, 0.9997088375351492, 0.36748595568438386, 0.8183256954201648, 0.43272485196973015]

  ┌─ Depth 2 | Patch (0, 64, 192, 256) | eff_threshold=0.490
  │  θ-only  (before QAOA): [[0.64  0.029]
 [0.707 0.034]]
  │  QAOA    (after  QAOA): [[0.997 0.408]
 [0.907 0.449]]
  │  θ-only  refine: [[1 0]
 [1 0]]
  │  QAOA    refine: [[1 0]
 [1 0]]
  │  Agreement: 4/4 cells
  │  Boundary activation: ['left']
  └─
Transpiling circuit (backend=state_vector, opt_level=0)
  IIIIIIIZ: (-0.19090261193288083+0j)
  IIIZIIII: (-0.19090261193288083+0j)
  IIIIIIZZ: (-0.1342653341973232+0j)
  IIIIIIIZ: (-0.39346248568765835+0j)
  IIIZIIII: (-0+0j)
  IIIIIIZI: (-0.1639379491696411+0j)
  IIZIIIII: (-0.1639379491696411+0j)
  IIZIIIII: 0j
  IIZIZIZI: (0.1075538924493464+0j)
  IIIIIZII: (-0.19035631737417488+0j)
  IZIIIIII: (-0.19035631737417488+0j)
  IIIIZZII: (-0.1462681286061191+0j)
  IIIIIZII: (-0.41710086160584864+0j)
  IIIIZIII: (-0.16549438020887708+0j)
  ZIIIIIII: (-0.16549438020887708+0j)
  ZIIIZIII: (-0.0042519821490792685+0j)

 

Information about the circuit: 
Number of qubits: 8
 Depth : 21

--- Starting Optimization Loop (method=COBYLA) ---
Iter 10: Cost = -1.499137792399862
Optimization success: True
Optimal Params: [0.04494432 0.15189141 0.07083871 0.09539319]

--- Final Statevector (exact) ---
Marginals: [0.042497099386796466, 0.49966521523877483, 0.04753183060561073, 0.41864348980766375, 0.050438664035158016, 0.5877193817088711, 0.07172316683121899, 0.4180432986701917]

  ┌─ Depth 2 | Patch (64, 128, 128, 192) | eff_threshold=0.490
  │  θ-only  (before QAOA): [[0.032 0.691]
 [0.028 0.613]]
  │  QAOA    (after  QAOA): [[0.046 0.544]
 [0.06  0.418]]
  │  θ-only  refine: [[0 1]
 [0 1]]
  │  QAOA    refine: [[0 1]
 [0 0]]
  │  Agreement: 3/4 cells
  │  Boundary activation: ['right']
  └─
Transpiling circuit (backend=state_vector, opt_level=0)
  IIIIIIIZ: (1+0j)
  IIIZIIII: (1+0j)
  IIIIIIZZ: (-0.08758013062819092+0j)
  IIIIIIIZ: (0.9854667336681905+0j)
  IIIZIIII: 0j
  IIZZIZIZ: (-0.26800741692771735+0j)
  IIIIIIZI: (-0.05775418061227328+0j)
  IIZIIIII: (-0.05775418061227328+0j)
  IIZIIIII: (-0+0j)
  IIIIIZII: (0.7412447794261052+0j)
  IZIIIIII: (0.7412447794261052+0j)
  IIIIZZII: (-0.2378482443955885+0j)
  IIIIIZII: (2.221276228257587+0j)
  ZZIIIZII: (0.045796914468295605+0j)
  IIIIZIII: (-0.05875131238499003+0j)
  ZIIIIIII: (-0.05875131238499003+0j)

 

Information about the circuit: 
Number of qubits: 8
 Depth : 30

--- Starting Optimization Loop (method=COBYLA) ---
Iter 10: Cost = -4.850982246888494
Iter 20: Cost = -5.76125691795339
Iter 30: Cost = -5.963194177297109
Optimization success: True
Optimal Params: [-0.28838826 -0.17463519  0.0620927  -0.12143932]

--- Final Statevector (exact) ---
Marginals: [0.9937397355003459, 0.29133490673170653, 0.9580286124473856, 0.27154852276330993, 0.8834917076415434, 0.26251606880679085, 0.9668116911993229, 0.20813681916230423]

  ┌─ Depth 2 | Patch (64, 128, 192, 256) | eff_threshold=0.490
  │  θ-only  (before QAOA): [[0.866 0.034]
 [0.639 0.029]]
  │  QAOA    (after  QAOA): [[0.939 0.277]
 [0.962 0.24 ]]
  │  θ-only  refine: [[1 0]
 [1 0]]
  │  QAOA    refine: [[1 0]
 [1 0]]
  │  Agreement: 4/4 cells
  │  Boundary activation: ['left']
  └─
Transpiling circuit (backend=state_vector, opt_level=0)
  IIIIIIIZ: (-0.1899186669387914+0j)
  IIIZIIII: (-0.1899186669387914+0j)
  IIIIIIZZ: (-0.1458520646556763+0j)
  IIIIIIIZ: (-0.41591728296247893+0j)
  IIIZIIII: (-0+0j)
  IIIIIIZI: (-0.17461237285905623+0j)
  IIZIIIII: (-0.17461237285905623+0j)
  IIZIIIII: 0j
  IIZIZIZI: (0.015002714343178344+0j)
  IIIIIZII: (-0.18996352371521405+0j)
  IZIIIIII: (-0.18996352371521405+0j)
  IIIIZZII: (-0.13426533712516586+0j)
  IIIIIZII: (-0.39316549485920965+0j)
  IIIIZIII: (-0.16971949687848187+0j)
  ZIIIIIII: (-0.16971949687848187+0j)
  ZIIIZIII: (-0.021545434742839875+0j)

 

Information about the circuit: 
Number of qubits: 8
 Depth : 21

--- Starting Optimization Loop (method=COBYLA) ---
Iter 10: Cost = -1.5011394228904764
Optimization success: True
Optimal Params: [0.13773006 0.14787467 0.04162683 0.18728269]

--- Final Statevector (exact) ---
Marginals: [0.0806934151440925, 0.3336895223398866, 0.07241062906392468, 0.41188874305217293, 0.11335010733167364, 0.3326201105742961, 0.08158951118220141, 0.5153270482502947]

  ┌─ Depth 2 | Patch (128, 192, 0, 64) | eff_threshold=0.490
  │  θ-only  (before QAOA): [[0.028 0.613]
 [0.032 0.691]]
  │  QAOA    (after  QAOA): [[0.097 0.333]
 [0.077 0.464]]
  │  θ-only  refine: [[0 1]
 [0 1]]
  │  QAOA    refine: [[0 0]
 [0 0]]
  │  Agreement: 2/4 cells
  │  Boundary activation: ['right']
  └─
Transpiling circuit (backend=state_vector, opt_level=0)
  IIIIIIIZ: (0.6843137321827308+0j)
  IIIZIIII: (0.6843137321827308+0j)
  IIIIIIZZ: (-0.19199093272406675+0j)
  IIIIIIIZ: (1.7833499582292396+0j)
  IIIZIIII: 0j
  IIZZIZIZ: (-0.11398042858132965+0j)
  IIIIIIZI: (-0.06275269283840894+0j)
  IIZIIIII: (-0.06275269283840894+0j)
  IIZIIIII: (-0+0j)
  IIIIIZII: (0.6842785107892553+0j)
  IZIIIIII: (0.6842785107892553+0j)
  IIIIZZII: (-0.1342653371251659+0j)
  IIIIIZII: (1.5106388679786704+0j)
  ZZIIIZII: (0.14935084263462364+0j)
  IIIIZIII: (-0.06104127992816583+0j)
  ZIIIIIII: (-0.06104127992816583+0j)

 

Information about the circuit: 
Number of qubits: 8
 Depth : 30

--- Starting Optimization Loop (method=COBYLA) ---
Iter 10: Cost = -5.681090103387633
Iter 20: Cost = -5.748598867092803
Optimization success: True
Optimal Params: [-0.39269908 -0.21187839  0.03690287 -0.05135303]

--- Final Statevector (exact) ---
Marginals: [0.9971646548180889, 0.40323499505893584, 0.9983929090932492, 0.4237069457106006, 0.9983312662653364, 0.32260853934343436, 0.8644207175951784, 0.38665843000597994]

  ┌─ Depth 2 | Patch (128, 192, 64, 128) | eff_threshold=0.490
  │  θ-only  (before QAOA): [[0.64  0.029]
 [0.707 0.034]]
  │  QAOA    (after  QAOA): [[0.998 0.363]
 [0.931 0.405]]
  │  θ-only  refine: [[1 0]
 [1 0]]
  │  QAOA    refine: [[1 0]
 [1 0]]
  │  Agreement: 4/4 cells
  │  Boundary activation: ['left']
  └─
Transpiling circuit (backend=state_vector, opt_level=0)
  IIIIIIIZ: (-0.19090304997165813+0j)
  IIIZIIII: (-0.19090304997165813+0j)
  IIIIIIZZ: (-0.13426533712516586+0j)
  IIIIIIIZ: (-0.3934680391331672+0j)
  IIIZIIII: (-0+0j)
  IIIIIIZI: (-0.16393805611669815+0j)
  IIZIIIII: (-0.16393805611669815+0j)
  IIZIIIII: 0j
  IIZIZIZI: (0.10754932407563914+0j)
  IIIIIZII: (-0.19035603639638468+0j)
  IZIIIIII: (-0.19035603639638468+0j)
  IIIIZZII: (-0.14626821254379502+0j)
  IIIIIZII: (-0.4171099033322511+0j)
  IIIIZIII: (-0.1654944127634945+0j)
  ZIIIIIII: (-0.1654944127634945+0j)
  ZIIIZIII: (-0.004251804575968761+0j)

 

Information about the circuit: 
Number of qubits: 8
 Depth : 21

--- Starting Optimization Loop (method=COBYLA) ---
Iter 10: Cost = -1.4933698427380844
Iter 20: Cost = -1.5104525415037813
Optimization success: True
Optimal Params: [0.16897425 0.15774203 0.04234228 0.13790482]

--- Final Statevector (exact) ---
Marginals: [0.0872957438287332, 0.3715049802720544, 0.0972228578542816, 0.29495340611272736, 0.09946274713100056, 0.509020881588395, 0.13596812996573518, 0.29417809315463095]

  ┌─ Depth 2 | Patch (192, 256, 0, 64) | eff_threshold=0.490
  │  θ-only  (before QAOA): [[0.032 0.691]
 [0.028 0.613]]
  │  QAOA    (after  QAOA): [[0.093 0.44 ]
 [0.117 0.295]]
  │  θ-only  refine: [[0 1]
 [0 1]]
  │  QAOA    refine: [[0 0]
 [0 0]]
  │  Agreement: 2/4 cells
  │  Boundary activation: ['right']
  └─
Transpiling circuit (backend=state_vector, opt_level=0)
  IIIIIIIZ: (1+0j)
  IIIZIIII: (1+0j)
  IIIIIIZZ: (-0.08758068349854524+0j)
  IIIIIIIZ: (0.9854730327404178+0j)
  IIIZIIII: 0j
  IIZZIZIZ: (-0.2680159947115926+0j)
  IIIIIIZI: (-0.05775396313339117+0j)
  IIZIIIII: (-0.05775396313339117+0j)
  IIZIIIII: (-0+0j)
  IIIIIZII: (0.7412447965486335+0j)
  IZIIIIII: (0.7412447965486335+0j)
  IIIIZZII: (-0.23785133280296744+0j)
  IIIIIZII: (2.221305032579635+0j)
  ZZIIIZII: (0.04579844939805993+0j)
  IIIIZIII: (-0.058751140728043924+0j)
  ZIIIIIII: (-0.058751140728043924+0j)

 

Information about the circuit: 
Number of qubits: 8
 Depth : 30

--- Starting Optimization Loop (method=COBYLA) ---
Iter 10: Cost = -5.517123762398271
Iter 20: Cost = -6.1028959522700506
Optimization success: True
Optimal Params: [-0.29129543 -0.18406702  0.02697564 -0.03199996]

--- Final Statevector (exact) ---
Marginals: [0.9897219876977401, 0.3065332089320439, 0.9702749322316859, 0.2856427176904352, 0.8780483937789116, 0.27402112917789107, 0.9716121798355186, 0.21781853998094208]

  ┌─ Depth 2 | Patch (192, 256, 64, 128) | eff_threshold=0.490
  │  θ-only  (before QAOA): [[0.866 0.034]
 [0.639 0.029]]
  │  QAOA    (after  QAOA): [[0.934 0.29 ]
 [0.971 0.252]]
  │  θ-only  refine: [[1 0]
 [1 0]]
  │  QAOA    refine: [[1 0]
 [1 0]]
  │  Agreement: 4/4 cells
  │  Boundary activation: ['left']
  └─
Transpiling circuit (backend=state_vector, opt_level=0)
  IIIIIIIZ: (-0.2094815527024965+0j)
  IIIZIIII: (-0.2094815527024965+0j)
  IIIIIIZZ: (-0.15678197238818434+0j)
  IIIIIIIZ: (-0.44707550405524876+0j)
  IIIZIIII: (-0+0j)
  IIIIIIZI: (-0.1927657506779327+0j)
  IIZIIIII: (-0.1927657506779327+0j)
  IIZIIIII: 0j
  IIIIIZII: (-0.2096310280896414+0j)
  IZIIIIII: (-0.2096310280896414+0j)
  IIIIZZII: (-0.14806249783744724+0j)
  IIIIIZII: (-0.43359442511437735+0j)
  IIIIZIII: (-0.1862283897399198+0j)
  ZIIIIIII: (-0.1862283897399198+0j)

 

Information about the circuit: 
Number of qubits: 8
 Depth : 9

--- Starting Optimization Loop (method=COBYLA) ---
Iter 10: Cost = -1.754929224329133
Iter 20: Cost = -1.7340033449869363
Optimization success: True
Optimal Params: [ 0.13031999  0.18999275 -0.0273078  -0.02344641]

--- Final Statevector (exact) ---
Marginals: [0.07543318839917194, 0.29959940591362255, 0.06590110420925444, 0.3538855959335962, 0.1266979821925999, 0.2995098412348513, 0.09097508847394899, 0.4616706636917635]

  ┌─ Depth 2 | Patch (128, 192, 128, 192) | eff_threshold=0.490
  │  θ-only  (before QAOA): [[0.029 0.613]
 [0.034 0.669]]
  │  QAOA    (after  QAOA): [[0.101 0.3  ]
 [0.078 0.408]]
  │  θ-only  refine: [[0 1]
 [0 1]]
  │  QAOA    refine: [[0 0]
 [0 0]]
  │  Agreement: 2/4 cells
  │  Boundary activation: ['right']
  └─
Transpiling circuit (backend=state_vector, opt_level=0)
  IIIIIIIZ: (0.7529128852804495+0j)
  IIIZIIII: (0.7529128852804495+0j)
  IIIIIIZZ: (-0.20008872533319386+0j)
  IIIIIIIZ: (1.7794913738166307+0j)
  IIIZIIII: 0j
  IIIIIIZI: (-0.06580511610795556+0j)
  IIZIIIII: (-0.06580511610795556+0j)
  IIZIIIII: (-0+0j)
  IIIIIZII: (0.7313589945280665+0j)
  IZIIIIII: (0.7313589945280665+0j)
  IIIIZZII: (-0.14806249783744724+0j)
  IIIIIZII: (1.5975815762789345+0j)
  IIIIZIII: (-0.05983363707214335+0j)
  ZIIIIIII: (-0.05983363707214335+0j)

 

Information about the circuit: 
Number of qubits: 8
 Depth : 9

--- Starting Optimization Loop (method=COBYLA) ---
Iter 10: Cost = -5.88749800775117
Iter 20: Cost = -6.050112168238991
Optimization success: True
Optimal Params: [-0.21477793 -0.39269908 -0.0325837   0.04109774]

--- Final Statevector (exact) ---
Marginals: [0.9983611242309787, 0.40303264675017625, 0.9999649417569209, 0.4253816208604424, 0.9985829344204137, 0.3261096986197368, 0.8422897176836757, 0.3927630641426445]

  ┌─ Depth 2 | Patch (128, 192, 192, 256) | eff_threshold=0.490
  │  θ-only  (before QAOA): [[0.639 0.03 ]
 [0.681 0.036]]
  │  QAOA    (after  QAOA): [[0.998 0.365]
 [0.921 0.409]]
  │  θ-only  refine: [[1 0]
 [1 0]]
  │  QAOA    refine: [[1 0]
 [1 0]]
  │  Agreement: 4/4 cells
  │  Boundary activation: ['left']
  └─
Transpiling circuit (backend=state_vector, opt_level=0)
  IIIIIIIZ: (-0.20925101546347655+0j)
  IIIZIIII: (-0.20925101546347655+0j)
  IIIIIIZZ: (-0.14806249783744727+0j)
  IIIIIIIZ: (-0.43393124796762905+0j)
  IIIZIIII: (-0+0j)
  IIIIIIZI: (-0.17731545093281245+0j)
  IIZIIIII: (-0.17731545093281245+0j)
  IIZIIIII: 0j
  IIIIIZII: (-0.20939447804869962+0j)
  IZIIIIII: (-0.20939447804869962+0j)
  IIIIZZII: (-0.15715475985016222+0j)
  IIIIIZII: (-0.44814443012913746+0j)
  IIIIZIII: (-0.17981524259546577+0j)
  ZIIIIIII: (-0.17981524259546577+0j)

 

Information about the circuit: 
Number of qubits: 8
 Depth : 9

--- Starting Optimization Loop (method=COBYLA) ---
Iter 10: Cost = -1.6547190404547731
Iter 20: Cost = -1.6239632316585526
Optimization success: True
Optimal Params: [0.22100912 0.07216323 0.16441249 0.04364129]

--- Final Statevector (exact) ---
Marginals: [0.07934610754946478, 0.3816314654203729, 0.08782726966407088, 0.3261081161633318, 0.08786508847899183, 0.5131442036913426, 0.11994835819565056, 0.32480540492238985]

  ┌─ Depth 2 | Patch (192, 256, 128, 192) | eff_threshold=0.490
  │  θ-only  (before QAOA): [[0.034 0.669]
 [0.029 0.613]]
  │  QAOA    (after  QAOA): [[0.084 0.447]
 [0.104 0.325]]
  │  θ-only  refine: [[0 1]
 [0 1]]
  │  QAOA    refine: [[0 0]
 [0 0]]
  │  Agreement: 2/4 cells
  │  Boundary activation: ['right']
  └─
Transpiling circuit (backend=state_vector, opt_level=0)
  IIIIIIIZ: (1+0j)
  IIIZIIII: (1+0j)
  IIIIIIZZ: (-0.11993397944704806+0j)
  IIIIIIIZ: (1.294191263396998+0j)
  IIIZIIII: 0j
  IIIIIIZI: (-0.051786020580055096+0j)
  IIZIIIII: (-0.051786020580055096+0j)
  IIZIIIII: (-0+0j)
  IIIIIZII: (0.7790206243833327+0j)
  IZIIIIII: (0.7790206243833327+0j)
  IIIIZZII: (-0.24806254710211648+0j)
  IIIIIZII: (2.216763286175277+0j)
  IIIIZIII: (-0.05407353281724987+0j)
  ZIIIIIII: (-0.05407353281724987+0j)

 

Information about the circuit: 
Number of qubits: 8
 Depth : 9

--- Starting Optimization Loop (method=COBYLA) ---
Iter 10: Cost = -4.571822786425418
Iter 20: Cost = -6.436571622465716
Optimization success: True
Optimal Params: [-0.24341621 -0.20850347 -0.04119892  0.01128747]

--- Final Statevector (exact) ---
Marginals: [0.996102003029794, 0.28537645830014247, 0.9558407993500956, 0.2668475067412488, 0.8456210235478441, 0.25907603894297226, 0.9625087483122796, 0.20132249400986355]

  ┌─ Depth 2 | Patch (192, 256, 192, 256) | eff_threshold=0.490
  │  θ-only  (before QAOA): [[0.799 0.036]
 [0.638 0.03 ]]
  │  QAOA    (after  QAOA): [[0.921 0.272]
 [0.959 0.234]]
  │  θ-only  refine: [[1 0]
 [1 0]]
  │  QAOA    refine: [[1 0]
 [1 0]]
  │  Agreement: 4/4 cells
  │  Boundary activation: ['left']
  └─
  Depth 3: 48 patch(es) to evaluate
Transpiling circuit (backend=state_vector, opt_level=0)
  IIIIIIIZ: (-0.006772002202214475+0j)
  IIIZIIII: (-0.006772002202214475+0j)
  IIIIIIZZ: (-0.006158404926312145+0j)
  IIIIIIIZ: (-0.016035479080910235+0j)
  IIIZIIII: (-0+0j)
  IIIIIIZI: (-0.003475086819262627+0j)
  IIZIIIII: (-0.003475086819262627+0j)
  IIZIIIII: 0j
  IIIIIZII: (-0.006661681588658967+0j)
  IZIIIIII: (-0.006661681588658967+0j)
  IIIIZZII: (-0.04500863928108771+0j)
  IIIIIZII: (-0.11322080927347644+0j)
  IIIIZIII: (-0.0033790000216799717+0j)
  ZIIIIIII: (-0.0033790000216799717+0j)

 

Information about the circuit: 
Number of qubits: 8
 Depth : 9

--- Starting Optimization Loop (method=COBYLA) ---
Iter 10: Cost = -0.179226406795013
Iter 20: Cost = -0.18573432520812452
Optimization success: True
Optimal Params: [0.22563865 0.19420914 0.6390183  0.98914142]

--- Final Statevector (exact) ---
Marginals: [0.010950018402932377, 0.2129485885811401, 0.017859687292865405, 0.19987713066756582, 0.19187577396675778, 0.2128644478002415, 0.16710859333511682, 0.19738854854471832]

  ┌─ Depth 3 | Patch (0, 32, 32, 64) | eff_threshold=0.660
  │  θ-only  (before QAOA): [[0.097 0.613]
 [0.101 0.594]]
  │  QAOA    (after  QAOA): [[0.101 0.213]
 [0.092 0.199]]
  │  θ-only  refine: [[0 0]
 [0 0]]
  │  QAOA    refine: [[0 0]
 [0 0]]
  │  Agreement: 4/4 cells
  └─
Transpiling circuit (backend=state_vector, opt_level=0)
  IIIIIIIZ: (-0.11910744338325985+0j)
  IIIZIIII: (-0.11910744338325985+0j)
  IIIIIIZZ: (-0.11812480907691475+0j)
  IIIIIIIZ: (-0.2871464902109529+0j)
  IIIZIIII: (-0+0j)
  IIIIIIZI: (-0.05780778935368312+0j)
  IIZIIIII: (-0.05780778935368312+0j)
  IIZIIIII: 0j
  IIIIIZII: (-0.11594119692104772+0j)
  IZIIIIII: (-0.11594119692104772+0j)
  IIIIZZII: (-0.33474344500717423+0j)
  IIIIIZII: (-0.8017806994274199+0j)
  IIIIZIII: (-0.055465184069652826+0j)
  ZIIIIIII: (-0.055465184069652826+0j)

 

Information about the circuit: 
Number of qubits: 8
 Depth : 9

--- Starting Optimization Loop (method=COBYLA) ---
Iter 10: Cost = -1.7553112692015405
Iter 20: Cost = -1.723972482907141
Optimization success: True
Optimal Params: [0.10844717 0.35408898 0.02922247 0.18197528]

--- Final Statevector (exact) ---
Marginals: [0.019716854868438532, 0.20317018369784423, 0.028379267457885975, 0.22966206366408734, 0.1948351464790054, 0.20242274464623894, 0.1735871050872365, 0.40388117103228616]

  ┌─ Depth 3 | Patch (32, 64, 32, 64) | eff_threshold=0.660
  │  θ-only  (before QAOA): [[0.105 0.642]
 [0.107 0.669]]
  │  QAOA    (after  QAOA): [[0.107 0.203]
 [0.101 0.317]]
  │  θ-only  refine: [[0 0]
 [0 1]]
  │  QAOA    refine: [[0 0]
 [0 0]]
  │  Agreement: 3/4 cells
  └─
Transpiling circuit (backend=state_vector, opt_level=0)
  IIIIIIIZ: (0.1225328186130048+0j)
  IIIZIIII: (0.1225328186130048+0j)
  IIIIIIZZ: (-0.00025555513969015444+0j)
  IIIIIIIZ: (0.001911143265546155+0j)
  IIIZIIII: 0j
  IIIIIIZI: (0.04700622101493043+0j)
  IIZIIIII: (0.04700622101493043+0j)
  IIIIIIZI: (-0.4402798238848162+0j)
  IIZIIIII: (-0+0j)
  IIIIIZII: (0.12099821309960153+0j)
  IZIIIIII: (0.12099821309960153+0j)
  IIIIZZII: (-0.0015072488031489656+0j)
  IIIIIZII: (0.01340473433603762+0j)
  IIIIZIII: (0.04659186732662347+0j)
  ZIIIIIII: (0.04659186732662347+0j)
  IIIIZIII: (-1.327288391850035+0j)

 

Information about the circuit: 
Number of qubits: 8
 Depth : 10

--- Starting Optimization Loop (method=COBYLA) ---
Iter 10: Cost = -1.3793705491623494
Optimization success: True
Optimal Params: [0.05598113 0.05241151 0.1770949  0.35784355]

--- Final Statevector (exact) ---
Marginals: [0.5326713086969279, 0.052564418230718106, 0.5182515855458277, 0.08027552264485889, 0.532657736394049, 0.0991459446370485, 0.5181507565188733, 0.09435511243045955]

  ┌─ Depth 3 | Patch (0, 32, 64, 96) | eff_threshold=0.660
  │  θ-only  (before QAOA): [[0.639 0.107]
 [0.625 0.111]]
  │  QAOA    (after  QAOA): [[0.533 0.076]
 [0.518 0.087]]
  │  θ-only  refine: [[0 0]
 [0 0]]
  │  QAOA    refine: [[0 0]
 [0 0]]
  │  Agreement: 4/4 cells
  │  Boundary activation: ['left']
  └─
Transpiling circuit (backend=state_vector, opt_level=0)
  IIIIIIIZ: (-0+0j)
  IIIZIIII: (-0+0j)
  IIZIIIII: (-0+0j)
  IIIIIZII: (-0+0j)

 

Information about the circuit: 
Number of qubits: 8
 Depth : 5

--- Null Hamiltonian detected (all coefficients zero). Skipping optimization — returning θ-init marginals. ---

--- Final Statevector (exact) ---
Marginals: [0.02574702859387738, 0.013583977832118295, 0.0300511276346541, 0.01367955764601586, 0.025747028593877383, 0.013583977832118295, 0.03005112763465409, 0.01367955764601587]

  ┌─ Depth 3 | Patch (0, 32, 96, 128) | eff_threshold=0.660
  │  θ-only  (before QAOA): [[0.026 0.014]
 [0.03  0.014]]
  │  QAOA    (after  QAOA): [[0.026 0.014]
 [0.03  0.014]]
  │  θ-only  refine: [[0 0]
 [0 0]]
  │  QAOA    refine: [[0 0]
 [0 0]]
  │  Agreement: 4/4 cells
  └─
Transpiling circuit (backend=state_vector, opt_level=0)
  IIIIIIIZ: (0.37174280285184585+0j)
  IIIZIIII: (0.37174280285184585+0j)
  IIIIIIZZ: (-0.0020314071787650664+0j)
  IIIIIIIZ: (0.020785550096938506+0j)
  IIIZIIII: 0j
  IIIIIIZI: (0.11701692372746667+0j)
  IIZIIIII: (0.11701692372746667+0j)
  IIIIIIZI: (-1.1109626107354433+0j)
  IIZIIIII: (-0+0j)
  IIIIIZII: (0.39178211677380265+0j)
  IZIIIIII: (0.39178211677380265+0j)
  IIIIZZII: (-0.004631755899426249+0j)
  IIIIIZII: (0.04997624671078563+0j)
  IIIIZIII: (0.10379318328387778+0j)
  ZIIIIIII: (0.10379318328387778+0j)
  IIIIZIII: (-2.125123868623693+0j)

 

Information about the circuit: 
Number of qubits: 8
 Depth : 10

--- Starting Optimization Loop (method=COBYLA) ---
Iter 10: Cost = -2.7696920719683744
Optimization success: True
Optimal Params: [ 0.08817347 -0.01316077  0.0431161   0.2018396 ]

--- Final Statevector (exact) ---
Marginals: [0.5813252629762165, 0.07052482919226885, 0.6094036438329272, 0.07006096801207529, 0.5813430123560293, 0.10197285869750078, 0.6391569463342829, 0.10073133740044755]

  ┌─ Depth 3 | Patch (32, 64, 64, 96) | eff_threshold=0.660
  │  θ-only  (before QAOA): [[0.654 0.114]
 [0.681 0.116]]
  │  QAOA    (after  QAOA): [[0.581 0.086]
 [0.624 0.085]]
  │  θ-only  refine: [[0 0]
 [1 0]]
  │  QAOA    refine: [[0 0]
 [0 0]]
  │  Agreement: 3/4 cells
  │  Boundary activation: ['left']
  └─
Transpiling circuit (backend=state_vector, opt_level=0)
  IIIIIIIZ: (-0+0j)
  IIIZIIII: (-0+0j)
  IIZIIIII: (-0+0j)
  IIIIIZII: (-0+0j)

 

Information about the circuit: 
Number of qubits: 8
 Depth : 5

--- Null Hamiltonian detected (all coefficients zero). Skipping optimization — returning θ-init marginals. ---

--- Final Statevector (exact) ---
Marginals: [0.03418810644280923, 0.0139752866832313, 0.0359331070117353, 0.014137552344038146, 0.034188106442809216, 0.013975286683231287, 0.03593310701173529, 0.014137552344038146]

  ┌─ Depth 3 | Patch (32, 64, 96, 128) | eff_threshold=0.660
  │  θ-only  (before QAOA): [[0.034 0.014]
 [0.036 0.014]]
  │  QAOA    (after  QAOA): [[0.034 0.014]
 [0.036 0.014]]
  │  θ-only  refine: [[0 0]
 [0 0]]
  │  QAOA    refine: [[0 0]
 [0 0]]
  │  Agreement: 4/4 cells
  └─
Transpiling circuit (backend=state_vector, opt_level=0)
  IIIIIIIZ: (-0.12502644981381386+0j)
  IIIZIIII: (-0.12502644981381386+0j)
  IIIIIIZZ: (-0.39632087851137926+0j)
  IIIIIIIZ: (-0.9492459837577256+0j)
  IIIZIIII: (-0+0j)
  IIIIIIZI: (-0.05893609264625616+0j)
  IIZIIIII: (-0.05893609264625616+0j)
  IIZIIIII: 0j
  IIIIIZII: (-0.1258498746654411+0j)
  IZIIIIII: (-0.1258498746654411+0j)
  IIIIZZII: (-0.14322479610687328+0j)
  IIIIIZII: (-0.34788023325152323+0j)
  IIIIZIII: (-0.05955661154964719+0j)
  ZIIIIIII: (-0.05955661154964719+0j)

 

Information about the circuit: 
Number of qubits: 8
 Depth : 9

--- Starting Optimization Loop (method=COBYLA) ---
Iter 10: Cost = -1.9856984010077634
Iter 20: Cost = -2.084319644442137
Optimization success: True
Optimal Params: [0.1567828  0.31721594 0.00105302 0.0468768 ]

--- Final Statevector (exact) ---
Marginals: [0.020315671667717847, 0.2162770422435872, 0.020578363236819084, 0.19439668577342323, 0.1718408986844601, 0.39240683946099836, 0.18775484350963073, 0.19434721567929408]

  ┌─ Depth 3 | Patch (64, 96, 32, 64) | eff_threshold=0.660
  │  θ-only  (before QAOA): [[0.107 0.669]
 [0.105 0.643]]
  │  QAOA    (after  QAOA): [[0.096 0.304]
 [0.104 0.194]]
  │  θ-only  refine: [[0 1]
 [0 0]]
  │  QAOA    refine: [[0 0]
 [0 0]]
  │  Agreement: 3/4 cells
  └─
Transpiling circuit (backend=state_vector, opt_level=0)
  IIIIIIIZ: (-0.005773174327384325+0j)
  IIIZIIII: (-0.005773174327384325+0j)
  IIIIIIZZ: (-0.050328286969082085+0j)
  IIIIIIIZ: (-0.12645513348629486+0j)
  IIIZIIII: (-0+0j)
  IIIIIIZI: (-0.002843908836819325+0j)
  IIZIIIII: (-0.002843908836819325+0j)
  IIZIIIII: 0j
  IIIIIZII: (-0.005954046130404052+0j)
  IZIIIIII: (-0.005954046130404052+0j)
  IIIIZZII: (-0.005657258652517378+0j)
  IIIIIZII: (-0.014718250812473077+0j)
  IIIIZIII: (-0.00297721741128948+0j)
  ZIIIIIII: (-0.00297721741128948+0j)

 

Information about the circuit: 
Number of qubits: 8
 Depth : 9

--- Starting Optimization Loop (method=COBYLA) ---
Iter 10: Cost = -0.190106703197739
Iter 20: Cost = -0.1891995232016433
Optimization success: True
Optimal Params: [0.25726869 0.25038729 0.51246095 1.18757887]

--- Final Statevector (exact) ---
Marginals: [0.044858442239775274, 0.1347818587938669, 0.036304620470867514, 0.14558758251315304, 0.2074882969032671, 0.13096797975230512, 0.24253887825047116, 0.14549911313543878]

  ┌─ Depth 3 | Patch (96, 128, 32, 64) | eff_threshold=0.660
  │  θ-only  (before QAOA): [[0.101 0.592]
 [0.097 0.613]]
  │  QAOA    (after  QAOA): [[0.126 0.133]
 [0.139 0.146]]
  │  θ-only  refine: [[0 0]
 [0 0]]
  │  QAOA    refine: [[0 0]
 [0 0]]
  │  Agreement: 4/4 cells
  └─
Transpiling circuit (backend=state_vector, opt_level=0)
  IIIIIIIZ: (0.5564569826790821+0j)
  IIIZIIII: (0.5564569826790821+0j)
  IIIIIIZZ: (-0.0004257126829344589+0j)
  IIIIIIIZ: (0.004593807691013277+0j)
  IIIZIIII: 0j
  IIIIIIZI: (0.09084194244561326+0j)
  IIZIIIII: (0.09084194244561326+0j)
  IIIIIIZI: (-2.15278467149263+0j)
  IIZIIIII: (-0+0j)
  IIIIIZII: (0.4496366321907972+0j)
  IZIIIIII: (0.4496366321907972+0j)
  IIIIZZII: (-0.0025555943693147285+0j)
  IIIIIZII: (0.026222975174483503+0j)
  IIIIZIII: (0.09956108988556428+0j)
  ZIIIIIII: (0.09956108988556428+0j)
  IIIIZIII: (-1.1517583418458046+0j)

 

Information about the circuit: 
Number of qubits: 8
 Depth : 10

--- Starting Optimization Loop (method=COBYLA) ---
Iter 10: Cost = -3.0603568799269483
Optimization success: True
Optimal Params: [0.         0.05       0.11247466 0.17494933]

--- Final Statevector (exact) ---
Marginals: [0.759841399759612, 0.10585050487835292, 0.6092389372378529, 0.0902409214153533, 0.7658163405692915, 0.10336634181326505, 0.6090653087844012, 0.10422789100577383]

  ┌─ Depth 3 | Patch (64, 96, 64, 96) | eff_threshold=0.660
  │  θ-only  (before QAOA): [[0.799 0.116]
 [0.656 0.114]]
  │  QAOA    (after  QAOA): [[0.763 0.105]
 [0.609 0.097]]
  │  θ-only  refine: [[1 0]
 [0 0]]
  │  QAOA    refine: [[1 0]
 [0 0]]
  │  Agreement: 4/4 cells
  │  Boundary activation: ['left']
  └─
Transpiling circuit (backend=state_vector, opt_level=0)
  IIIIIIIZ: (-0+0j)
  IIIZIIII: (-0+0j)
  IIZIIIII: (-0+0j)
  IIIIIZII: (-0+0j)

 

Information about the circuit: 
Number of qubits: 8
 Depth : 5

--- Null Hamiltonian detected (all coefficients zero). Skipping optimization — returning θ-init marginals. ---

--- Final Statevector (exact) ---
Marginals: [0.03593618813048114, 0.014137826284113107, 0.03428177787694367, 0.013982468548812193, 0.03593618813048114, 0.01413782628411311, 0.034281777876943656, 0.013982468548812193]

  ┌─ Depth 3 | Patch (64, 96, 96, 128) | eff_threshold=0.660
  │  θ-only  (before QAOA): [[0.036 0.014]
 [0.034 0.014]]
  │  QAOA    (after  QAOA): [[0.036 0.014]
 [0.034 0.014]]
  │  θ-only  refine: [[0 0]
 [0 0]]
  │  QAOA    refine: [[0 0]
 [0 0]]
  │  Agreement: 4/4 cells
  └─
Transpiling circuit (backend=state_vector, opt_level=0)
  IIIIIIIZ: (0.14828768609480314+0j)
  IIIZIIII: (0.14828768609480314+0j)
  IIIIIIZZ: (-0.0020264811212716213+0j)
  IIIIIIIZ: (0.018109258936235762+0j)
  IIIZIIII: 0j
  IIIIIIZI: (0.0522173483812078+0j)
  IIZIIIII: (0.0522173483812078+0j)
  IIIIIIZI: (-1.3268071216745787+0j)
  IIZIIIII: (-0+0j)
  IIIIIZII: (0.15022264337825625+0j)
  IZIIIIII: (0.15022264337825625+0j)
  IIIIZZII: (-0.00027760466060139366+0j)
  IIIIIZII: (0.0020842222534133647+0j)
  IIIIZIII: (0.05629967594044884+0j)
  ZIIIIIII: (0.05629967594044884+0j)
  IIIIZIII: (-0.43506968097964144+0j)

 

Information about the circuit: 
Number of qubits: 8
 Depth : 10

--- Starting Optimization Loop (method=COBYLA) ---
Iter 10: Cost = -1.3954661306458642
Optimization success: True
Optimal Params: [0.         0.         0.15389838 0.30779677]

--- Final Statevector (exact) ---
Marginals: [0.6226166488981324, 0.11086457512179952, 0.6383267426024887, 0.10697927656297332, 0.6226166488981324, 0.11086457512179955, 0.6383267426024887, 0.10697927656297329]

  ┌─ Depth 3 | Patch (96, 128, 64, 96) | eff_threshold=0.660
  │  θ-only  (before QAOA): [[0.623 0.111]
 [0.638 0.107]]
  │  QAOA    (after  QAOA): [[0.623 0.111]
 [0.638 0.107]]
  │  θ-only  refine: [[0 0]
 [0 0]]
  │  QAOA    refine: [[0 0]
 [0 0]]
  │  Agreement: 4/4 cells
  │  Boundary activation: ['left']
  └─
Transpiling circuit (backend=state_vector, opt_level=0)
  IIIIIIIZ: (-0+0j)
  IIIZIIII: (-0+0j)
  IIZIIIII: (-0+0j)
  IIIIIZII: (-0+0j)

 

Information about the circuit: 
Number of qubits: 8
 Depth : 5

--- Null Hamiltonian detected (all coefficients zero). Skipping optimization — returning θ-init marginals. ---

--- Final Statevector (exact) ---
Marginals: [0.03019068714592362, 0.013685773972215778, 0.025851056923015335, 0.013580973027563469, 0.03019068714592362, 0.013685773972215777, 0.025851056923015345, 0.013580973027563465]

  ┌─ Depth 3 | Patch (96, 128, 96, 128) | eff_threshold=0.660
  │  θ-only  (before QAOA): [[0.03  0.014]
 [0.026 0.014]]
  │  QAOA    (after  QAOA): [[0.03  0.014]
 [0.026 0.014]]
  │  θ-only  refine: [[0 0]
 [0 0]]
  │  QAOA    refine: [[0 0]
 [0 0]]
  │  Agreement: 4/4 cells
  └─
Transpiling circuit (backend=state_vector, opt_level=0)
  IIIIIIIZ: (-0.0037599559090607613+0j)
  IIIZIIII: (-0.0037599559090607613+0j)
  IIIIIIZZ: (-0.004321426452373786+0j)
  IIIIIIIZ: (-0.011240077943709447+0j)
  IIIZIIII: (-0+0j)
  IIIIIIZI: (-0.0019548472461351435+0j)
  IIZIIIII: (-0.0019548472461351435+0j)
  IIZIIIII: 0j
  IIIIIZII: (-0.0037087926126922062+0j)
  IZIIIIII: (-0.0037087926126922062+0j)
  IIIIZZII: (-0.038173970142119616+0j)
  IIIIIZII: (-0.0965085115718671+0j)
  IIIIZIII: (-0.0019481383722064676+0j)
  ZIIIIIII: (-0.0019481383722064676+0j)

 

Information about the circuit: 
Number of qubits: 8
 Depth : 9

--- Starting Optimization Loop (method=COBYLA) ---
Iter 10: Cost = -0.1444171382821363
Iter 20: Cost = -0.14212288055358513
Optimization success: True
Optimal Params: [0.15253472 0.19299722 0.61774095 1.37981893]

--- Final Statevector (exact) ---
Marginals: [0.0012405497848529913, 0.2770930148587274, 0.009053253599000716, 0.2738044216321063, 0.15385639896135989, 0.27704011967755043, 0.13031986706592655, 0.27134070622777184]

  ┌─ Depth 3 | Patch (0, 32, 160, 192) | eff_threshold=0.660
  │  θ-only  (before QAOA): [[0.095 0.613]
 [0.097 0.607]]
  │  QAOA    (after  QAOA): [[0.078 0.277]
 [0.07  0.273]]
  │  θ-only  refine: [[0 0]
 [0 0]]
  │  QAOA    refine: [[0 0]
 [0 0]]
  │  Agreement: 4/4 cells
  └─
Transpiling circuit (backend=state_vector, opt_level=0)
  IIIIIIIZ: (-0.057301479176801576+0j)
  IIIZIIII: (-0.057301479176801576+0j)
  IIIIIIZZ: (-0.10174884029541767+0j)
  IIIIIIIZ: (-0.2509628556399459+0j)
  IIIZIIII: (-0+0j)
  IIIIIIZI: (-0.030291518007160616+0j)
  IIZIIIII: (-0.030291518007160616+0j)
  IIZIIIII: 0j
  IIIIIZII: (-0.0562848145646682+0j)
  IZIIIIII: (-0.0562848145646682+0j)
  IIIIZZII: (-0.3400470715494877+0j)
  IIIIIZII: (-0.8304090439445607+0j)
  IIIIZIII: (-0.02971849827352815+0j)
  ZIIIIIII: (-0.02971849827352815+0j)

 

Information about the circuit: 
Number of qubits: 8
 Depth : 9

--- Starting Optimization Loop (method=COBYLA) ---
Iter 10: Cost = -1.3753244184588327
Iter 20: Cost = -1.490496706677682
Optimization success: True
Optimal Params: [0.31617327 0.14751944 0.04816387 0.21439599]

--- Final Statevector (exact) ---
Marginals: [0.02104175359263983, 0.2202338792794885, 0.023878124820681756, 0.2472631007442505, 0.18482527733954351, 0.21991734579276123, 0.17305736083448087, 0.41770139108094845]

  ┌─ Depth 3 | Patch (32, 64, 160, 192) | eff_threshold=0.660
  │  θ-only  (before QAOA): [[0.099 0.663]
 [0.1   0.691]]
  │  QAOA    (after  QAOA): [[0.103 0.22 ]
 [0.098 0.332]]
  │  θ-only  refine: [[0 1]
 [0 1]]
  │  QAOA    refine: [[0 0]
 [0 0]]
  │  Agreement: 2/4 cells
  └─
Transpiling circuit (backend=state_vector, opt_level=0)
  IIIIIIIZ: (0.8109843177097136+0j)
  IIIZIIII: (0.8109843177097136+0j)
  IIIIIIZZ: (-0.0007205045321012996+0j)
  IIIIIIIZ: (0.005565103499907059+0j)
  IIIZIIII: 0j
  IIIIIIZI: (0.31036148651772083+0j)
  IIZIIIII: (0.31036148651772083+0j)
  IIIIIIZI: (-0.8013828085232176+0j)
  IIZIIIII: (-0+0j)
  IIIIIZII: (0.8116433472804286+0j)
  IZIIIIII: (0.8116433472804286+0j)
  IIIIZZII: (-0.00507929810871058+0j)
  IIIIIZII: (0.04718017742085269+0j)
  IIIIZIII: (0.3030155956461814+0j)
  ZIIIIIII: (0.3030155956461814+0j)
  IIIIZIII: (-1.6465202635835654+0j)

 

Information about the circuit: 
Number of qubits: 8
 Depth : 10

--- Starting Optimization Loop (method=COBYLA) ---
Iter 10: Cost = -2.573107221164298
Iter 20: Cost = -2.867592911217327
Optimization success: True
Optimal Params: [-0.12970953 -0.25119734  0.10420501  0.10371697]

--- Final Statevector (exact) ---
Marginals: [0.9182696242984084, 0.42155997488825747, 0.9168665209725646, 0.40038785710242625, 0.9184442550292357, 0.2830117048427398, 0.9184081707214804, 0.30217388709247717]

  ┌─ Depth 3 | Patch (0, 32, 192, 224) | eff_threshold=0.660
  │  θ-only  (before QAOA): [[0.64  0.105]
 [0.64  0.106]]
  │  QAOA    (after  QAOA): [[0.918 0.352]
 [0.918 0.351]]
  │  θ-only  refine: [[0 0]
 [0 0]]
  │  QAOA    refine: [[1 0]
 [1 0]]
  │  Agreement: 2/4 cells
  │  Boundary activation: ['left']
  └─
Transpiling circuit (backend=state_vector, opt_level=0)
  IIIIIIIZ: (-0+0j)
  IIIZIIII: (-0+0j)
  IIZIIIII: (-0+0j)
  IIIIIZII: (-0+0j)

 

Information about the circuit: 
Number of qubits: 8
 Depth : 5

--- Null Hamiltonian detected (all coefficients zero). Skipping optimization — returning θ-init marginals. ---

--- Final Statevector (exact) ---
Marginals: [0.02583736659715099, 0.01364608053736937, 0.029365679198932893, 0.013644536069280518, 0.02583736659715099, 0.013646080537369374, 0.029365679198932893, 0.013644536069280516]

  ┌─ Depth 3 | Patch (0, 32, 224, 256) | eff_threshold=0.660
  │  θ-only  (before QAOA): [[0.026 0.014]
 [0.029 0.014]]
  │  QAOA    (after  QAOA): [[0.026 0.014]
 [0.029 0.014]]
  │  θ-only  refine: [[0 0]
 [0 0]]
  │  QAOA    refine: [[0 0]
 [0 0]]
  │  Agreement: 4/4 cells
  └─
Transpiling circuit (backend=state_vector, opt_level=0)
  IIIIIIIZ: (0.7016094521758299+0j)
  IIIZIIII: (0.7016094521758299+0j)
  IIIIIIZZ: (-0.009254637941775707+0j)
  IIIIIIIZ: (0.09885189272445212+0j)
  IIIZIIII: 0j
  IIIIIIZI: (0.19692881081436542+0j)
  IIZIIIII: (0.19692881081436542+0j)
  IIIIIIZI: (-0.7036597757311026+0j)
  IIZIIIII: (-0+0j)
  IIIIIZII: (0.73909655737913+0j)
  IZIIIIII: (0.73909655737913+0j)
  IIIIZZII: (-0.026151572593817375+0j)
  IIIIIZII: (0.2942351297694209+0j)
  IIIIZIII: (0.17161948546219838+0j)
  ZIIIIIII: (0.17161948546219838+0j)
  IIIIZIII: (-1.0671991494755708+0j)

 

Information about the circuit: 
Number of qubits: 8
 Depth : 10

--- Starting Optimization Loop (method=COBYLA) ---
Iter 10: Cost = -2.6625337257562816
Iter 20: Cost = -2.827004612959319
Optimization success: True
Optimal Params: [-0.06311392 -0.21903127 -0.02358751 -0.03074932]

--- Final Statevector (exact) ---
Marginals: [0.9002436748263727, 0.3337991594528545, 0.9171538599341544, 0.3344713556557881, 0.9004093806943997, 0.21771233968435347, 0.800292934874324, 0.22934785724257914]

  ┌─ Depth 3 | Patch (32, 64, 192, 224) | eff_threshold=0.660
  │  θ-only  (before QAOA): [[0.679 0.107]
 [0.707 0.108]]
  │  QAOA    (after  QAOA): [[0.9   0.276]
 [0.859 0.282]]
  │  θ-only  refine: [[1 0]
 [1 0]]
  │  QAOA    refine: [[1 0]
 [1 0]]
  │  Agreement: 4/4 cells
  │  Boundary activation: ['left']
  └─
Transpiling circuit (backend=state_vector, opt_level=0)
  IIIIIIIZ: (-0+0j)
  IIIZIIII: (-0+0j)
  IIZIIIII: (-0+0j)
  IIIIIZII: (-0+0j)

 

Information about the circuit: 
Number of qubits: 8
 Depth : 5

--- Null Hamiltonian detected (all coefficients zero). Skipping optimization — returning θ-init marginals. ---

--- Final Statevector (exact) ---
Marginals: [0.03236836645319053, 0.013509731672882152, 0.033562489211957314, 0.013250826097126222, 0.032368366453190515, 0.013509731672882155, 0.03356248921195732, 0.013250826097126222]

  ┌─ Depth 3 | Patch (32, 64, 224, 256) | eff_threshold=0.660
  │  θ-only  (before QAOA): [[0.032 0.014]
 [0.034 0.013]]
  │  QAOA    (after  QAOA): [[0.032 0.014]
 [0.034 0.013]]
  │  θ-only  refine: [[0 0]
 [0 0]]
  │  QAOA    refine: [[0 0]
 [0 0]]
  │  Agreement: 4/4 cells
  └─
Transpiling circuit (backend=state_vector, opt_level=0)
  IIIIIIIZ: (-0.066253267692511+0j)
  IIIZIIII: (-0.066253267692511+0j)
  IIIIIIZZ: (-0.3998242118228537+0j)
  IIIIIIIZ: (-0.9763705830170064+0j)
  IIIZIIII: (-0+0j)
  IIIIIIZI: (-0.03492081586840174+0j)
  IIZIIIII: (-0.03492081586840174+0j)
  IIZIIIII: 0j
  IIIIIZII: (-0.06652988544672857+0j)
  IZIIIIII: (-0.06652988544672857+0j)
  IIIIZZII: (-0.1238519176848595+0j)
  IIIIIZII: (-0.30531777211850597+0j)
  IIIIZIII: (-0.035092311874211635+0j)
  ZIIIIIII: (-0.035092311874211635+0j)

 

Information about the circuit: 
Number of qubits: 8
 Depth : 9

--- Starting Optimization Loop (method=COBYLA) ---
Iter 10: Cost = -1.7197618138041753
Iter 20: Cost = -1.6978395066848073
Optimization success: True
Optimal Params: [0.2018902  0.21479307 0.1792584  0.0486325 ]

--- Final Statevector (exact) ---
Marginals: [0.026868920250683874, 0.2915405624320443, 0.01174537293514951, 0.26215257493463134, 0.15329773514818623, 0.4482896566789304, 0.16874096943153788, 0.2614789560022307]

  ┌─ Depth 3 | Patch (64, 96, 160, 192) | eff_threshold=0.660
  │  θ-only  (before QAOA): [[0.1   0.691]
 [0.099 0.665]]
  │  QAOA    (after  QAOA): [[0.09  0.37 ]
 [0.09  0.262]]
  │  θ-only  refine: [[0 1]
 [0 1]]
  │  QAOA    refine: [[0 0]
 [0 0]]
  │  Agreement: 2/4 cells
  │  Boundary activation: ['right']
  └─
Transpiling circuit (backend=state_vector, opt_level=0)
  IIIIIIIZ: (-0.0030606289812756165+0j)
  IIIZIIII: (-0.0030606289812756165+0j)
  IIIIIIZZ: (-0.04432312385443286+0j)
  IIIIIIIZ: (-0.11196005768647545+0j)
  IIIZIIII: (-0+0j)
  IIIIIIZI: (-0.0016196449689752548+0j)
  IIZIIIII: (-0.0016196449689752548+0j)
  IIZIIIII: 0j
  IIIIIZII: (-0.0031308460755201757+0j)
  IZIIIIII: (-0.0031308460755201757+0j)
  IIIIZZII: (-0.004264501266331519+0j)
  IIIIIZII: (-0.011084156572494154+0j)
  IIIIZIII: (-0.0016538762226043576+0j)
  ZIIIIIII: (-0.0016538762226043576+0j)

 

Information about the circuit: 
Number of qubits: 8
 Depth : 9

--- Starting Optimization Loop (method=COBYLA) ---
Iter 10: Cost = -0.15535114329476254
Iter 20: Cost = -0.15622186371958305
Optimization success: True
Optimal Params: [0.25947132 0.22518409 0.79368587 1.48689992]

--- Final Statevector (exact) ---
Marginals: [0.042809519217819524, 0.16156397347311285, 0.02944197502181693, 0.1626538730423762, 0.20078947728791158, 0.15674728450457567, 0.22662811510505754, 0.16258065180584855]

  ┌─ Depth 3 | Patch (96, 128, 160, 192) | eff_threshold=0.660
  │  θ-only  (before QAOA): [[0.097 0.606]
 [0.095 0.613]]
  │  QAOA    (after  QAOA): [[0.122 0.159]
 [0.128 0.163]]
  │  θ-only  refine: [[0 0]
 [0 0]]
  │  QAOA    refine: [[0 0]
 [0 0]]
  │  Agreement: 4/4 cells
  └─
Transpiling circuit (backend=state_vector, opt_level=0)
  IIIIIIIZ: (1+0j)
  IIIZIIII: (1+0j)
  IIIIIIZZ: (-0.0013120683242265863+0j)
  IIIIIIIZ: (0.014763619060061899+0j)
  IIIZIIII: 0j
  IIIIIIZI: (0.1318852318795775+0j)
  IIZIIIII: (0.1318852318795775+0j)
  IIIIIIZI: (-1.357116841215935+0j)
  IIZIIIII: (-0+0j)
  IIIIIZII: (0.7684198826373353+0j)
  IZIIIIII: (0.7684198826373353+0j)
  IIIIZZII: (-0.014852044542499046+0j)
  IIIIIZII: (0.15911224506729219+0j)
  IIIIZIII: (0.14641642420687173+0j)
  ZIIIIIII: (0.14641642420687173+0j)
  IIIIZIII: (-0.9047803814455891+0j)

 

Information about the circuit: 
Number of qubits: 8
 Depth : 10

--- Starting Optimization Loop (method=COBYLA) ---
Iter 10: Cost = -3.709357032371443
Optimization success: True
Optimal Params: [-0.02015662 -0.07720256  0.01345902  0.07390412]

--- Final Statevector (exact) ---
Marginals: [0.9242171457967826, 0.17457570334677597, 0.7665308432742954, 0.17442065714145907, 0.9042832484744565, 0.13944737672986007, 0.7668009088064882, 0.13627849915182857]

  ┌─ Depth 3 | Patch (64, 96, 192, 224) | eff_threshold=0.660
  │  θ-only  (before QAOA): [[0.866 0.108]
 [0.681 0.108]]
  │  QAOA    (after  QAOA): [[0.914 0.157]
 [0.767 0.155]]
  │  θ-only  refine: [[1 0]
 [1 0]]
  │  QAOA    refine: [[1 0]
 [1 0]]
  │  Agreement: 4/4 cells
  │  Boundary activation: ['left']
  └─
Transpiling circuit (backend=state_vector, opt_level=0)
  IIIIIIIZ: (-0+0j)
  IIIZIIII: (-0+0j)
  IIZIIIII: (-0+0j)
  IIIIIZII: (-0+0j)

 

Information about the circuit: 
Number of qubits: 8
 Depth : 5

--- Null Hamiltonian detected (all coefficients zero). Skipping optimization — returning θ-init marginals. ---

--- Final Statevector (exact) ---
Marginals: [0.03356446544923904, 0.013242168581777562, 0.03243016314801535, 0.013500519949068849, 0.03356446544923908, 0.013242168581777557, 0.032430163148015334, 0.013500519949068849]

  ┌─ Depth 3 | Patch (64, 96, 224, 256) | eff_threshold=0.660
  │  θ-only  (before QAOA): [[0.034 0.013]
 [0.032 0.014]]
  │  QAOA    (after  QAOA): [[0.034 0.013]
 [0.032 0.014]]
  │  θ-only  refine: [[0 0]
 [0 0]]
  │  QAOA    refine: [[0 0]
 [0 0]]
  │  Agreement: 4/4 cells
  └─
Transpiling circuit (backend=state_vector, opt_level=0)
  IIIIIIIZ: (0.9933006316307276+0j)
  IIIZIIII: (0.9933006316307276+0j)
  IIIIIIZZ: (-0.006704248109841881+0j)
  IIIIIIIZ: (0.06261129651209164+0j)
  IIIZIIII: 0j
  IIIIIIZI: (0.3190547973858476+0j)
  IIZIIIII: (0.3190547973858476+0j)
  IIIIIIZI: (-1.5405262365343706+0j)
  IIZIIIII: (-0+0j)
  IIIIIZII: (0.9983204995389189+0j)
  IZIIIIII: (0.9983204995389189+0j)
  IIIIZZII: (-0.0007863268749581747+0j)
  IIIIIZII: (0.006107837554404091+0j)
  IIIIZIII: (0.3497590151961969+0j)
  ZIIIIIII: (0.3497590151961969+0j)
  IIIIZIII: (-0.7407230494582233+0j)

 

Information about the circuit: 
Number of qubits: 8
 Depth : 10

--- Starting Optimization Loop (method=COBYLA) ---
Iter 10: Cost = -3.391728516502458
Iter 20: Cost = -3.51855638379175
Optimization success: True
Optimal Params: [-0.25750624 -0.20484996  0.14259937 -0.06250636]

--- Final Statevector (exact) ---
Marginals: [0.956131510394903, 0.49783555158972675, 0.9573712356845521, 0.5051433986973726, 0.9572632092811272, 0.3609478534870243, 0.957476993130883, 0.3341906248314833]

  ┌─ Depth 3 | Patch (96, 128, 192, 224) | eff_threshold=0.660
  │  θ-only  (before QAOA): [[0.638 0.106]
 [0.639 0.105]]
  │  QAOA    (after  QAOA): [[0.957 0.429]
 [0.957 0.42 ]]
  │  θ-only  refine: [[0 0]
 [0 0]]
  │  QAOA    refine: [[1 0]
 [1 0]]
  │  Agreement: 2/4 cells
  │  Boundary activation: ['left']
  └─
Transpiling circuit (backend=state_vector, opt_level=0)
  IIIIIIIZ: (-0+0j)
  IIIZIIII: (-0+0j)
  IIZIIIII: (-0+0j)
  IIIIIZII: (-0+0j)

 

Information about the circuit: 
Number of qubits: 8
 Depth : 5

--- Null Hamiltonian detected (all coefficients zero). Skipping optimization — returning θ-init marginals. ---

--- Final Statevector (exact) ---
Marginals: [0.029465484782462893, 0.013642111705314054, 0.02592262328079336, 0.01364462817370151, 0.029465484782462893, 0.01364211170531406, 0.025922623280793367, 0.01364462817370151]

  ┌─ Depth 3 | Patch (96, 128, 224, 256) | eff_threshold=0.660
  │  θ-only  (before QAOA): [[0.029 0.014]
 [0.026 0.014]]
  │  QAOA    (after  QAOA): [[0.029 0.014]
 [0.026 0.014]]
  │  θ-only  refine: [[0 0]
 [0 0]]
  │  QAOA    refine: [[0 0]
 [0 0]]
  │  Agreement: 4/4 cells
  └─
Transpiling circuit (backend=state_vector, opt_level=0)
  IIIIIIIZ: (-0.0037600325025702185+0j)
  IIIZIIII: (-0.0037600325025702185+0j)
  IIIIIIZZ: (-0.004321503533030079+0j)
  IIIIIIIZ: (-0.011240250125283327+0j)
  IIIZIIII: (-0+0j)
  IIIIIIZI: (-0.001954885961389838+0j)
  IIZIIIII: (-0.001954885961389838+0j)
  IIZIIIII: 0j
  IIIIIZII: (-0.0037088693022625076+0j)
  IZIIIIII: (-0.0037088693022625076+0j)
  IIIIZZII: (-0.03817452991374778+0j)
  IIIIIZII: (-0.09650982374540885+0j)
  IIIIZIII: (-0.00194817798070052+0j)
  ZIIIIIII: (-0.00194817798070052+0j)

 

Information about the circuit: 
Number of qubits: 8
 Depth : 9

--- Starting Optimization Loop (method=COBYLA) ---
Iter 10: Cost = -0.14311441830243438
Iter 20: Cost = -0.14282991920360724
Optimization success: True
Optimal Params: [0.2419608  0.19375    0.87086683 1.11034109]

--- Final Statevector (exact) ---
Marginals: [0.015205615646280281, 0.2004346732295071, 0.023345370001191797, 0.19791453231966433, 0.19843559320492793, 0.20037783055968938, 0.17564253036361785, 0.1952884750133623]

  ┌─ Depth 3 | Patch (128, 160, 32, 64) | eff_threshold=0.660
  │  θ-only  (before QAOA): [[0.095 0.613]
 [0.097 0.607]]
  │  QAOA    (after  QAOA): [[0.107 0.2  ]
 [0.099 0.197]]
  │  θ-only  refine: [[0 0]
 [0 0]]
  │  QAOA    refine: [[0 0]
 [0 0]]
  │  Agreement: 4/4 cells
  └─
Transpiling circuit (backend=state_vector, opt_level=0)
  IIIIIIIZ: (-0.05730194365723675+0j)
  IIIZIIII: (-0.05730194365723675+0j)
  IIIIIIZZ: (-0.10175010566253478+0j)
  IIIIIIIZ: (-0.25096601311308475+0j)
  IIIZIIII: (-0+0j)
  IIIIIIZI: (-0.030291787365371782+0j)
  IIZIIIII: (-0.030291787365371782+0j)
  IIZIIIII: 0j
  IIIIIZII: (-0.056285293653005025+0j)
  IZIIIIII: (-0.056285293653005025+0j)
  IIIIZZII: (-0.3400488791688997+0j)
  IIIIIZII: (-0.830413981057728+0j)
  IIIIZIII: (-0.029718787410980253+0j)
  ZIIIIIII: (-0.029718787410980253+0j)

 

Information about the circuit: 
Number of qubits: 8
 Depth : 9

--- Starting Optimization Loop (method=COBYLA) ---
Iter 10: Cost = -1.4213245076303984
Iter 20: Cost = -1.4932284422304616
Iter 30: Cost = -1.476958746452966
Optimization success: True
Optimal Params: [ 0.26320684  0.23987433  0.07943419 -0.096294  ]

--- Final Statevector (exact) ---
Marginals: [0.03313434532876051, 0.18822551724403147, 0.031890722315799, 0.21206371178786812, 0.21028402389055945, 0.1881759217194526, 0.19156952995060053, 0.36089320642612843]

  ┌─ Depth 3 | Patch (160, 192, 32, 64) | eff_threshold=0.660
  │  θ-only  (before QAOA): [[0.099 0.663]
 [0.1   0.691]]
  │  QAOA    (after  QAOA): [[0.122 0.188]
 [0.112 0.286]]
  │  θ-only  refine: [[0 1]
 [0 1]]
  │  QAOA    refine: [[0 0]
 [0 0]]
  │  Agreement: 2/4 cells
  └─
Transpiling circuit (backend=state_vector, opt_level=0)
  IIIIIIIZ: (0.8109807496696293+0j)
  IIIZIIII: (0.8109807496696293+0j)
  IIIIIIZZ: (-0.0007204886145826283+0j)
  IIIIIIIZ: (0.005564979935842288+0j)
  IIIZIIII: 0j
  IIIIIIZI: (0.31036026085615814+0j)
  IIZIIIII: (0.31036026085615814+0j)
  IIIIIIZI: (-0.8013413505760586+0j)
  IIZIIIII: (-0+0j)
  IIIIIZII: (0.8116396335064661+0j)
  IZIIIIII: (0.8116396335064661+0j)
  IIIIZZII: (-0.005079189190027521+0j)
  IIIIIZII: (0.04717916466863716+0j)
  IIIIZIII: (0.3030143763230285+0j)
  ZIIIIIII: (0.3030143763230285+0j)
  IIIIZIII: (-1.6464917345241916+0j)

 

Information about the circuit: 
Number of qubits: 8
 Depth : 10

--- Starting Optimization Loop (method=COBYLA) ---
Iter 10: Cost = -2.8697889152028457
Iter 20: Cost = -2.81623659448419
Optimization success: True
Optimal Params: [-0.16491891 -0.19005135  0.14102879  0.02482207]

--- Final Statevector (exact) ---
Marginals: [0.9089377430078671, 0.39732748482295743, 0.9079503488209728, 0.384280613028135, 0.9090597432777775, 0.26288421309017834, 0.9090293126252225, 0.28506793091354077]

  ┌─ Depth 3 | Patch (128, 160, 64, 96) | eff_threshold=0.660
  │  θ-only  (before QAOA): [[0.64  0.105]
 [0.64  0.106]]
  │  QAOA    (after  QAOA): [[0.909 0.33 ]
 [0.908 0.335]]
  │  θ-only  refine: [[0 0]
 [0 0]]
  │  QAOA    refine: [[1 0]
 [1 0]]
  │  Agreement: 2/4 cells
  │  Boundary activation: ['left']
  └─
Transpiling circuit (backend=state_vector, opt_level=0)
  IIIIIIIZ: (-0+0j)
  IIIZIIII: (-0+0j)
  IIZIIIII: (-0+0j)
  IIIIIZII: (-0+0j)

 

Information about the circuit: 
Number of qubits: 8
 Depth : 5

--- Null Hamiltonian detected (all coefficients zero). Skipping optimization — returning θ-init marginals. ---

--- Final Statevector (exact) ---
Marginals: [0.02583707709150127, 0.013645262735735826, 0.029365564504157646, 0.013643767942851262, 0.02583707709150127, 0.013645262735735832, 0.029365564504157646, 0.013643767942851258]

  ┌─ Depth 3 | Patch (128, 160, 96, 128) | eff_threshold=0.660
  │  θ-only  (before QAOA): [[0.026 0.014]
 [0.029 0.014]]
  │  QAOA    (after  QAOA): [[0.026 0.014]
 [0.029 0.014]]
  │  θ-only  refine: [[0 0]
 [0 0]]
  │  QAOA    refine: [[0 0]
 [0 0]]
  │  Agreement: 4/4 cells
  └─
Transpiling circuit (backend=state_vector, opt_level=0)
  IIIIIIIZ: (0.7016094909590609+0j)
  IIIZIIII: (0.7016094909590609+0j)
  IIIIIIZZ: (-0.00925459210947899+0j)
  IIIIIIIZ: (0.0988514082337952+0j)
  IIIZIIII: 0j
  IIIIIIZI: (0.1969288297108988+0j)
  IIZIIIII: (0.1969288297108988+0j)
  IIIIIIZI: (-0.703681914890407+0j)
  IIZIIIII: (-0+0j)
  IIIIIZII: (0.7390965763908205+0j)
  IZIIIIII: (0.7390965763908205+0j)
  IIIIZZII: (-0.026151652370254234+0j)
  IIIIIZII: (0.2942360506311785+0j)
  IIIIZIII: (0.1716193985018991+0j)
  ZIIIIIII: (0.1716193985018991+0j)
  IIIIZIII: (-1.067250314567519+0j)

 

Information about the circuit: 
Number of qubits: 8
 Depth : 10

--- Starting Optimization Loop (method=COBYLA) ---
Iter 10: Cost = -2.843415320568767
Iter 20: Cost = -2.9674050196392394
Optimization success: True
Optimal Params: [-0.19716199 -0.13501943  0.08559766  0.09594556]

--- Final Statevector (exact) ---
Marginals: [0.9225066905454907, 0.38002218936418414, 0.9336293586673986, 0.3771533153834739, 0.9238906197449868, 0.26367149435463033, 0.8863356249096775, 0.2717126051336344]

  ┌─ Depth 3 | Patch (160, 192, 64, 96) | eff_threshold=0.660
  │  θ-only  (before QAOA): [[0.679 0.107]
 [0.707 0.108]]
  │  QAOA    (after  QAOA): [[0.923 0.322]
 [0.91  0.324]]
  │  θ-only  refine: [[1 0]
 [1 0]]
  │  QAOA    refine: [[1 0]
 [1 0]]
  │  Agreement: 4/4 cells
  │  Boundary activation: ['left']
  └─
Transpiling circuit (backend=state_vector, opt_level=0)
  IIIIIIIZ: (-0+0j)
  IIIZIIII: (-0+0j)
  IIZIIIII: (-0+0j)
  IIIIIZII: (-0+0j)

 

Information about the circuit: 
Number of qubits: 8
 Depth : 5

--- Null Hamiltonian detected (all coefficients zero). Skipping optimization — returning θ-init marginals. ---

--- Final Statevector (exact) ---
Marginals: [0.03236839199119409, 0.01350947730856114, 0.033562569104701324, 0.013251080002400469, 0.03236839199119408, 0.01350947730856114, 0.03356256910470132, 0.013251080002400472]

  ┌─ Depth 3 | Patch (160, 192, 96, 128) | eff_threshold=0.660
  │  θ-only  (before QAOA): [[0.032 0.014]
 [0.034 0.013]]
  │  QAOA    (after  QAOA): [[0.032 0.014]
 [0.034 0.013]]
  │  θ-only  refine: [[0 0]
 [0 0]]
  │  QAOA    refine: [[0 0]
 [0 0]]
  │  Agreement: 4/4 cells
  └─
Transpiling circuit (backend=state_vector, opt_level=0)
  IIIIIIIZ: (-0.06625386563942483+0j)
  IIIZIIII: (-0.06625386563942483+0j)
  IIIIIIZZ: (-0.3998260598421811+0j)
  IIIIIIIZ: (-0.9763757115393281+0j)
  IIIZIIII: (-0+0j)
  IIIIIIZI: (-0.03492118905802047+0j)
  IIZIIIII: (-0.03492118905802047+0j)
  IIZIIIII: 0j
  IIIIIZII: (-0.06653047953119808+0j)
  IZIIIIII: (-0.06653047953119808+0j)
  IIIIZZII: (-0.12385335883363222+0j)
  IIIIIZII: (-0.30532137821767685+0j)
  IIIIZIII: (-0.03509267957140079+0j)
  ZIIIIIII: (-0.03509267957140079+0j)

 

Information about the circuit: 
Number of qubits: 8
 Depth : 9

--- Starting Optimization Loop (method=COBYLA) ---
Iter 10: Cost = -1.7717932536035732
Iter 20: Cost = -1.7628502520601543
Optimization success: True
Optimal Params: [ 0.24860516  0.29956753 -0.07135509  0.26316058]

--- Final Statevector (exact) ---
Marginals: [0.04716410731591268, 0.180853685596446, 0.050717695333880285, 0.15603342636253126, 0.22019459347876785, 0.3681613099420997, 0.2326695068731902, 0.15544063058839083]

  ┌─ Depth 3 | Patch (192, 224, 32, 64) | eff_threshold=0.660
  │  θ-only  (before QAOA): [[0.1   0.691]
 [0.099 0.665]]
  │  QAOA    (after  QAOA): [[0.134 0.275]
 [0.142 0.156]]
  │  θ-only  refine: [[0 1]
 [0 1]]
  │  QAOA    refine: [[0 0]
 [0 0]]
  │  Agreement: 2/4 cells
  └─
Transpiling circuit (backend=state_vector, opt_level=0)
  IIIIIIIZ: (-0.003060697714890364+0j)
  IIIZIIII: (-0.003060697714890364+0j)
  IIIIIIZZ: (-0.04432376914859777+0j)
  IIIIIIIZ: (-0.11196157355667656+0j)
  IIIZIIII: (-0+0j)
  IIIIIIZI: (-0.0016196819288604245+0j)
  IIZIIIII: (-0.0016196819288604245+0j)
  IIZIIIII: 0j
  IIIIIZII: (-0.0031309147922156423+0j)
  IZIIIIII: (-0.0031309147922156423+0j)
  IIIIZZII: (-0.004264586612186592+0j)
  IIIIIZII: (-0.011084350952737984+0j)
  IIIIZIII: (-0.001653912452279531+0j)
  ZIIIIIII: (-0.001653912452279531+0j)

 

Information about the circuit: 
Number of qubits: 8
 Depth : 9

--- Starting Optimization Loop (method=COBYLA) ---
Iter 10: Cost = -0.1567361464170216
Iter 20: Cost = -0.1581722799371646
Optimization success: True
Optimal Params: [0.24345699 0.19167184 0.83568194 1.11835193]

--- Final Statevector (exact) ---
Marginals: [0.025434711184374723, 0.19768145417212774, 0.01504304064677562, 0.20077036543865237, 0.16825925646973955, 0.19438020678075102, 0.1977979086385712, 0.2007208272160418]

  ┌─ Depth 3 | Patch (224, 256, 32, 64) | eff_threshold=0.660
  │  θ-only  (before QAOA): [[0.097 0.606]
 [0.095 0.613]]
  │  QAOA    (after  QAOA): [[0.097 0.196]
 [0.106 0.201]]
  │  θ-only  refine: [[0 0]
 [0 0]]
  │  QAOA    refine: [[0 0]
 [0 0]]
  │  Agreement: 4/4 cells
  └─
Transpiling circuit (backend=state_vector, opt_level=0)
  IIIIIIIZ: (1+0j)
  IIIZIIII: (1+0j)
  IIIIIIZZ: (-0.0013120670511033966+0j)
  IIIIIIIZ: (0.014763605904390076+0j)
  IIIZIIII: 0j
  IIIIIIZI: (0.13188496551209772+0j)
  IIZIIIII: (0.13188496551209772+0j)
  IIIIIIZI: (-1.3571768678983842+0j)
  IIZIIIII: (-0+0j)
  IIIIIZII: (0.7684198895383229+0j)
  IZIIIIII: (0.7684198895383229+0j)
  IIIIZZII: (-0.014851924991808976+0j)
  IIIIIZII: (0.15911097290449458+0j)
  IIIIZIII: (0.1464162270636463+0j)
  ZIIIIIII: (0.1464162270636463+0j)
  IIIIZIII: (-0.9048060682275832+0j)

 

Information about the circuit: 
Number of qubits: 8
 Depth : 10

--- Starting Optimization Loop (method=COBYLA) ---
Iter 10: Cost = -3.645057054118521
Iter 20: Cost = -3.673921932964651
Optimization success: True
Optimal Params: [-0.0096615  -0.07383244  0.02519754  0.14032718]

--- Final Statevector (exact) ---
Marginals: [0.9147881004454754, 0.16152355316168723, 0.7525037365480209, 0.16301339558237551, 0.9055304502250695, 0.1350951203186351, 0.7534241876604637, 0.13153790758010359]

  ┌─ Depth 3 | Patch (192, 224, 64, 96) | eff_threshold=0.660
  │  θ-only  (before QAOA): [[0.866 0.108]
 [0.681 0.108]]
  │  QAOA    (after  QAOA): [[0.91  0.148]
 [0.753 0.147]]
  │  θ-only  refine: [[1 0]
 [1 0]]
  │  QAOA    refine: [[1 0]
 [1 0]]
  │  Agreement: 4/4 cells
  │  Boundary activation: ['left']
  └─
Transpiling circuit (backend=state_vector, opt_level=0)
  IIIIIIIZ: (-0+0j)
  IIIZIIII: (-0+0j)
  IIZIIIII: (-0+0j)
  IIIIIZII: (-0+0j)

 

Information about the circuit: 
Number of qubits: 8
 Depth : 5

--- Null Hamiltonian detected (all coefficients zero). Skipping optimization — returning θ-init marginals. ---

--- Final Statevector (exact) ---
Marginals: [0.033564545448068715, 0.013242436704645165, 0.032430192038099326, 0.01350028582711489, 0.033564545448068736, 0.013242436704645161, 0.03243019203809931, 0.013500285827114891]

  ┌─ Depth 3 | Patch (192, 224, 96, 128) | eff_threshold=0.660
  │  θ-only  (before QAOA): [[0.034 0.013]
 [0.032 0.014]]
  │  QAOA    (after  QAOA): [[0.034 0.013]
 [0.032 0.014]]
  │  θ-only  refine: [[0 0]
 [0 0]]
  │  QAOA    refine: [[0 0]
 [0 0]]
  │  Agreement: 4/4 cells
  └─
Transpiling circuit (backend=state_vector, opt_level=0)
  IIIIIIIZ: (0.9933003449718198+0j)
  IIIZIIII: (0.9933003449718198+0j)
  IIIIIIZZ: (-0.006704133310511046+0j)
  IIIIIIIZ: (0.06261022331146325+0j)
  IIIZIIII: 0j
  IIIIIIZI: (0.31905476329993676+0j)
  IIZIIIII: (0.31905476329993676+0j)
  IIIIIIZI: (-1.5405070764099613+0j)
  IIZIIIII: (-0+0j)
  IIIIIZII: (0.9983203076655682+0j)
  IZIIIIII: (0.9983203076655682+0j)
  IIIIZZII: (-0.0007863121167647892+0j)
  IIIIIZII: (0.0061077222609912+0j)
  IIIIZIII: (0.3497590805371227+0j)
  ZIIIIIII: (0.3497590805371227+0j)
  IIIIZIII: (-0.7406880108179139+0j)

 

Information about the circuit: 
Number of qubits: 8
 Depth : 10

--- Starting Optimization Loop (method=COBYLA) ---
Iter 10: Cost = -3.4009609266481173
Iter 20: Cost = -3.529644944910321
Optimization success: True
Optimal Params: [-0.31802863 -0.18040875  0.08224143 -0.18511988]

--- Final Statevector (exact) ---
Marginals: [0.9757856912350061, 0.5318547532542183, 0.976313071129946, 0.5409574259241089, 0.9761087008014524, 0.36769371249854294, 0.9763434292332589, 0.3425082190925112]

  ┌─ Depth 3 | Patch (224, 256, 64, 96) | eff_threshold=0.660
  │  θ-only  (before QAOA): [[0.638 0.106]
 [0.639 0.105]]
  │  QAOA    (after  QAOA): [[0.976 0.45 ]
 [0.976 0.442]]
  │  θ-only  refine: [[0 0]
 [0 0]]
  │  QAOA    refine: [[1 0]
 [1 0]]
  │  Agreement: 2/4 cells
  │  Boundary activation: ['left']
  └─
Transpiling circuit (backend=state_vector, opt_level=0)
  IIIIIIIZ: (-0+0j)
  IIIZIIII: (-0+0j)
  IIZIIIII: (-0+0j)
  IIIIIZII: (-0+0j)

 

Information about the circuit: 
Number of qubits: 8
 Depth : 5

--- Null Hamiltonian detected (all coefficients zero). Skipping optimization — returning θ-init marginals. ---

--- Final Statevector (exact) ---
Marginals: [0.029465375681938362, 0.013641358733566492, 0.025922338848582423, 0.013643800470431578, 0.029465375681938383, 0.013641358733566495, 0.025922338848582423, 0.013643800470431578]

  ┌─ Depth 3 | Patch (224, 256, 96, 128) | eff_threshold=0.660
  │  θ-only  (before QAOA): [[0.029 0.014]
 [0.026 0.014]]
  │  QAOA    (after  QAOA): [[0.029 0.014]
 [0.026 0.014]]
  │  θ-only  refine: [[0 0]
 [0 0]]
  │  QAOA    refine: [[0 0]
 [0 0]]
  │  Agreement: 4/4 cells
  └─
Transpiling circuit (backend=state_vector, opt_level=0)
  IIIIIIIZ: (-0.006771925504554841+0j)
  IIIZIIII: (-0.006771925504554841+0j)
  IIIIIIZZ: (-0.006158331189485549+0j)
  IIIIIIIZ: (-0.016035327675854846+0j)
  IIIZIIII: (-0+0j)
  IIIIIIZI: (-0.003475048701379865+0j)
  IIZIIIII: (-0.003475048701379865+0j)
  IIZIIIII: 0j
  IIIIIZII: (-0.00666160392174647+0j)
  IZIIIIII: (-0.00666160392174647+0j)
  IIIIZZII: (-0.045008111530175865+0j)
  IIIIIZII: (-0.11321959656119603+0j)
  IIIIZIII: (-0.0033789609435604744+0j)
  ZIIIIIII: (-0.0033789609435604744+0j)

 

Information about the circuit: 
Number of qubits: 8
 Depth : 9

--- Starting Optimization Loop (method=COBYLA) ---
Iter 10: Cost = -0.181072517181883
Iter 20: Cost = -0.183572682049249
Optimization success: True
Optimal Params: [0.28179744 0.17438858 0.35193124 1.07745003]

--- Final Statevector (exact) ---
Marginals: [0.019543366814907585, 0.18395081596278876, 0.0215834330423946, 0.17086299608965444, 0.21092435709581528, 0.18389586542941777, 0.1796683405524917, 0.1692817751184222]

  ┌─ Depth 3 | Patch (128, 160, 160, 192) | eff_threshold=0.660
  │  θ-only  (before QAOA): [[0.097 0.613]
 [0.101 0.594]]
  │  QAOA    (after  QAOA): [[0.115 0.184]
 [0.101 0.17 ]]
  │  θ-only  refine: [[0 0]
 [0 0]]
  │  QAOA    refine: [[0 0]
 [0 0]]
  │  Agreement: 4/4 cells
  └─
Transpiling circuit (backend=state_vector, opt_level=0)
  IIIIIIIZ: (-0.11911054116520632+0j)
  IIIZIIII: (-0.11911054116520632+0j)
  IIIIIIZZ: (-0.1181235824297435+0j)
  IIIIIIIZ: (-0.28714344250867463+0j)
  IIIZIIII: (-0+0j)
  IIIIIIZI: (-0.05780920673872258+0j)
  IIZIIIII: (-0.05780920673872258+0j)
  IIZIIIII: 0j
  IIIIIZII: (-0.11594415934556941+0j)
  IZIIIIII: (-0.11594415934556941+0j)
  IIIIZZII: (-0.334741667017959+0j)
  IIIIIZII: (-0.801775866265401+0j)
  IIIIZIII: (-0.0554664855017706+0j)
  ZIIIIIII: (-0.0554664855017706+0j)

 

Information about the circuit: 
Number of qubits: 8
 Depth : 9

--- Starting Optimization Loop (method=COBYLA) ---
Iter 10: Cost = -1.7038198803813813
Iter 20: Cost = -1.7618699636626771
Optimization success: True
Optimal Params: [ 0.21549553  0.2186257  -0.07092519  0.19497341]

--- Final Statevector (exact) ---
Marginals: [0.010574493190724593, 0.22590064710714244, 0.009510147610170968, 0.25107529547661395, 0.1686544059897232, 0.2256531542223117, 0.1530550551538991, 0.3930599168038997]

  ┌─ Depth 3 | Patch (160, 192, 160, 192) | eff_threshold=0.660
  │  θ-only  (before QAOA): [[0.105 0.642]
 [0.107 0.669]]
  │  QAOA    (after  QAOA): [[0.09  0.226]
 [0.081 0.322]]
  │  θ-only  refine: [[0 0]
 [0 1]]
  │  QAOA    refine: [[0 0]
 [0 0]]
  │  Agreement: 3/4 cells
  └─
Transpiling circuit (backend=state_vector, opt_level=0)
  IIIIIIIZ: (0.12253407813300611+0j)
  IIIZIIII: (0.12253407813300611+0j)
  IIIIIIZZ: (-0.000255564245389169+0j)
  IIIIIIIZ: (0.0019112114931456084+0j)
  IIIZIIII: 0j
  IIIIIIZI: (0.04700668272860233+0j)
  IIZIIIII: (0.04700668272860233+0j)
  IIIIIIZI: (-0.4403042303441082+0j)
  IIZIIIII: (-0+0j)
  IIIIIZII: (0.12099946057580276+0j)
  IZIIIIII: (0.12099946057580276+0j)
  IIIIZZII: (-0.0015073015685207265+0j)
  IIIIIZII: (0.013405203788751107+0j)
  IIIIZIII: (0.04659232553532787+0j)
  ZIIIIIII: (0.04659232553532787+0j)
  IIIIZIII: (-1.327312617763462+0j)

 

Information about the circuit: 
Number of qubits: 8
 Depth : 10

--- Starting Optimization Loop (method=COBYLA) ---
Iter 10: Cost = -1.461973740296995
Iter 20: Cost = -1.5162610043658924
Optimization success: True
Optimal Params: [ 0.14971558 -0.11701539  0.13092436  0.44804038]

--- Final Statevector (exact) ---
Marginals: [0.6059478631153433, 0.08252079063296708, 0.5915599396897906, 0.047350376486057395, 0.6059774261762502, 0.1059126678424401, 0.5917789896954273, 0.10761851295327587]

  ┌─ Depth 3 | Patch (128, 160, 192, 224) | eff_threshold=0.660
  │  θ-only  (before QAOA): [[0.639 0.107]
 [0.625 0.111]]
  │  QAOA    (after  QAOA): [[0.606 0.094]
 [0.592 0.077]]
  │  θ-only  refine: [[0 0]
 [0 0]]
  │  QAOA    refine: [[0 0]
 [0 0]]
  │  Agreement: 4/4 cells
  │  Boundary activation: ['left']
  └─
Transpiling circuit (backend=state_vector, opt_level=0)
  IIIIIIIZ: (-0+0j)
  IIIZIIII: (-0+0j)
  IIZIIIII: (-0+0j)
  IIIIIZII: (-0+0j)

 

Information about the circuit: 
Number of qubits: 8
 Depth : 5

--- Null Hamiltonian detected (all coefficients zero). Skipping optimization — returning θ-init marginals. ---

--- Final Statevector (exact) ---
Marginals: [0.025747318947088697, 0.013584983946617243, 0.030051234629060553, 0.013679861998823902, 0.025747318947088708, 0.013584983946617238, 0.030051234629060546, 0.013679861998823905]

  ┌─ Depth 3 | Patch (128, 160, 224, 256) | eff_threshold=0.660
  │  θ-only  (before QAOA): [[0.026 0.014]
 [0.03  0.014]]
  │  QAOA    (after  QAOA): [[0.026 0.014]
 [0.03  0.014]]
  │  θ-only  refine: [[0 0]
 [0 0]]
  │  QAOA    refine: [[0 0]
 [0 0]]
  │  Agreement: 4/4 cells
  └─
Transpiling circuit (backend=state_vector, opt_level=0)
  IIIIIIIZ: (0.37176157936478094+0j)
  IIIZIIII: (0.37176157936478094+0j)
  IIIIIIZZ: (-0.002031559577130846+0j)
  IIIIIIIZ: (0.020787109407107228+0j)
  IIIZIIII: 0j
  IIIIIIZI: (0.11702278403600283+0j)
  IIZIIIII: (0.11702278403600283+0j)
  IIIIIIZI: (-1.1109833070211748+0j)
  IIZIIIII: (-0+0j)
  IIIIIZII: (0.39180191752391896+0j)
  IZIIIIII: (0.39180191752391896+0j)
  IIIIZZII: (-0.004632077049890367+0j)
  IIIIIZII: (0.04997971169535225+0j)
  IIIIZIII: (0.10379842462916734+0j)
  ZIIIIIII: (0.10379842462916734+0j)
  IIIIZIII: (-2.125130664017262+0j)

 

Information about the circuit: 
Number of qubits: 8
 Depth : 10

--- Starting Optimization Loop (method=COBYLA) ---
Iter 10: Cost = -2.725012571615994
Optimization success: True
Optimal Params: [-0.00390827  0.05024585  0.06652525  0.12699537]

--- Final Statevector (exact) ---
Marginals: [0.6101945467789822, 0.08890087682606602, 0.6380817973151522, 0.09724526132249431, 0.6101428116509467, 0.1051443337658749, 0.6479728180631003, 0.10441708894147145]

  ┌─ Depth 3 | Patch (160, 192, 192, 224) | eff_threshold=0.660
  │  θ-only  (before QAOA): [[0.654 0.114]
 [0.681 0.116]]
  │  QAOA    (after  QAOA): [[0.61  0.097]
 [0.643 0.101]]
  │  θ-only  refine: [[0 0]
 [1 0]]
  │  QAOA    refine: [[0 0]
 [0 0]]
  │  Agreement: 3/4 cells
  │  Boundary activation: ['left']
  └─
Transpiling circuit (backend=state_vector, opt_level=0)
  IIIIIIIZ: (-0+0j)
  IIIZIIII: (-0+0j)
  IIZIIIII: (-0+0j)
  IIIIIZII: (-0+0j)

 

Information about the circuit: 
Number of qubits: 8
 Depth : 5

--- Null Hamiltonian detected (all coefficients zero). Skipping optimization — returning θ-init marginals. ---

--- Final Statevector (exact) ---
Marginals: [0.034188070620458505, 0.01397505345383379, 0.035933017657452035, 0.014137085061630594, 0.03418807062045855, 0.013975053453833786, 0.03593301765745204, 0.014137085061630594]

  ┌─ Depth 3 | Patch (160, 192, 224, 256) | eff_threshold=0.660
  │  θ-only  (before QAOA): [[0.034 0.014]
 [0.036 0.014]]
  │  QAOA    (after  QAOA): [[0.034 0.014]
 [0.036 0.014]]
  │  θ-only  refine: [[0 0]
 [0 0]]
  │  QAOA    refine: [[0 0]
 [0 0]]
  │  Agreement: 4/4 cells
  └─
Transpiling circuit (backend=state_vector, opt_level=0)
  IIIIIIIZ: (-0.12502920151599697+0j)
  IIIZIIII: (-0.12502920151599697+0j)
  IIIIIIZZ: (-0.3963190567340828+0j)
  IIIIIIIZ: (-0.9492409392582534+0j)
  IIIZIIII: (-0+0j)
  IIIIIIZI: (-0.05893722943097591+0j)
  IIZIIIII: (-0.05893722943097591+0j)
  IIZIIIII: 0j
  IIIIIZII: (-0.12585265823106034+0j)
  IZIIIIII: (-0.12585265823106034+0j)
  IIIIZZII: (-0.14322340724880306+0j)
  IIIIIZII: (-0.34787676955263674+0j)
  IIIIZIII: (-0.05955777650317707+0j)
  ZIIIIIII: (-0.05955777650317707+0j)

 

Information about the circuit: 
Number of qubits: 8
 Depth : 9

--- Starting Optimization Loop (method=COBYLA) ---
Iter 10: Cost = -2.0315271312745127
Iter 20: Cost = -2.009582017276357
Optimization success: True
Optimal Params: [ 0.25406551  0.19914849  0.15869607 -0.01818753]

--- Final Statevector (exact) ---
Marginals: [0.025095644670997463, 0.23666723051117033, 0.017173509257599154, 0.21168977228484573, 0.16825341810295075, 0.4085672352945232, 0.18777158333447072, 0.2111109448886357]

  ┌─ Depth 3 | Patch (192, 224, 160, 192) | eff_threshold=0.660
  │  θ-only  (before QAOA): [[0.107 0.669]
 [0.105 0.643]]
  │  QAOA    (after  QAOA): [[0.097 0.323]
 [0.102 0.211]]
  │  θ-only  refine: [[0 1]
 [0 0]]
  │  QAOA    refine: [[0 0]
 [0 0]]
  │  Agreement: 3/4 cells
  └─
Transpiling circuit (backend=state_vector, opt_level=0)
  IIIIIIIZ: (-0.005773090852494379+0j)
  IIIZIIII: (-0.005773090852494379+0j)
  IIIIIIZZ: (-0.05032764180114765+0j)
  IIIIIIIZ: (-0.1264536343998027+0j)
  IIIZIIII: (-0+0j)
  IIIIIIZI: (-0.002843865114674294+0j)
  IIZIIIII: (-0.002843865114674294+0j)
  IIZIIIII: 0j
  IIIIIZII: (-0.005953963380532097+0j)
  IZIIIIII: (-0.005953963380532097+0j)
  IIIIZZII: (-0.00565718120816325+0j)
  IIIIIZII: (-0.014718085932091634+0j)
  IIIIZIII: (-0.0029771749599877594+0j)
  ZIIIIIII: (-0.0029771749599877594+0j)

 

Information about the circuit: 
Number of qubits: 8
 Depth : 9

--- Starting Optimization Loop (method=COBYLA) ---
Iter 10: Cost = -0.19368911114482074
Iter 20: Cost = -0.18733048432783006
Optimization success: True
Optimal Params: [0.32738286 0.19743174 0.62526155 1.03393842]

--- Final Statevector (exact) ---
Marginals: [0.04947898144195605, 0.12266357226702673, 0.042932353043436566, 0.13367945480757304, 0.2219009500062557, 0.1196086442300729, 0.2532171318579874, 0.1336083004227668]

  ┌─ Depth 3 | Patch (224, 256, 160, 192) | eff_threshold=0.660
  │  θ-only  (before QAOA): [[0.101 0.592]
 [0.097 0.613]]
  │  QAOA    (after  QAOA): [[0.136 0.121]
 [0.148 0.134]]
  │  θ-only  refine: [[0 0]
 [0 0]]
  │  QAOA    refine: [[0 0]
 [0 0]]
  │  Agreement: 4/4 cells
  └─
Transpiling circuit (backend=state_vector, opt_level=0)
  IIIIIIIZ: (0.5564844888912152+0j)
  IIIZIIII: (0.5564844888912152+0j)
  IIIIIIZZ: (-0.00042574268225253946+0j)
  IIIIIIIZ: (0.004594131391010076+0j)
  IIIZIIII: 0j
  IIIIIIZI: (0.090846523905502+0j)
  IIZIIIII: (0.090846523905502+0j)
  IIIIIIZI: (-2.1527908544524754+0j)
  IIZIIIII: (-0+0j)
  IIIIIZII: (0.4496588629830151+0j)
  IZIIIIII: (0.4496588629830151+0j)
  IIIIZZII: (-0.002555784132351166+0j)
  IIIIIZII: (0.026224922261784148+0j)
  IIIIZIII: (0.099566065526384+0j)
  ZIIIIIII: (0.099566065526384+0j)
  IIIIZIII: (-1.1517786771052396+0j)

 

Information about the circuit: 
Number of qubits: 8
 Depth : 10

--- Starting Optimization Loop (method=COBYLA) ---
Iter 10: Cost = -3.193018560793932
Optimization success: True
Optimal Params: [0.         0.         0.06247196 0.12494392]

--- Final Statevector (exact) ---
Marginals: [0.7992653339236524, 0.11595457531429763, 0.6557023070007698, 0.1144684539060062, 0.7992653339236526, 0.11595457531429768, 0.6557023070007699, 0.11446845390600614]

  ┌─ Depth 3 | Patch (192, 224, 192, 224) | eff_threshold=0.660
  │  θ-only  (before QAOA): [[0.799 0.116]
 [0.656 0.114]]
  │  QAOA    (after  QAOA): [[0.799 0.116]
 [0.656 0.114]]
  │  θ-only  refine: [[1 0]
 [0 0]]
  │  QAOA    refine: [[1 0]
 [0 0]]
  │  Agreement: 4/4 cells
  │  Boundary activation: ['left']
  └─
Transpiling circuit (backend=state_vector, opt_level=0)
  IIIIIIIZ: (-0+0j)
  IIIZIIII: (-0+0j)
  IIZIIIII: (-0+0j)
  IIIIIZII: (-0+0j)

 

Information about the circuit: 
Number of qubits: 8
 Depth : 5

--- Null Hamiltonian detected (all coefficients zero). Skipping optimization — returning θ-init marginals. ---

--- Final Statevector (exact) ---
Marginals: [0.03593609867274543, 0.014137358499509062, 0.03428173871554999, 0.013982220281135781, 0.035936098672745435, 0.014137358499509058, 0.03428173871554999, 0.013982220281135788]

  ┌─ Depth 3 | Patch (192, 224, 224, 256) | eff_threshold=0.660
  │  θ-only  (before QAOA): [[0.036 0.014]
 [0.034 0.014]]
  │  QAOA    (after  QAOA): [[0.036 0.014]
 [0.034 0.014]]
  │  θ-only  refine: [[0 0]
 [0 0]]
  │  QAOA    refine: [[0 0]
 [0 0]]
  │  Agreement: 4/4 cells
  └─
Transpiling circuit (backend=state_vector, opt_level=0)
  IIIIIIIZ: (0.14828941188569417+0j)
  IIIZIIII: (0.14828941188569417+0j)
  IIIIIIZZ: (-0.00202655400964337+0j)
  IIIIIIIZ: (0.018109910498417165+0j)
  IIIZIIII: 0j
  IIIIIIZI: (0.052217930483408885+0j)
  IIZIIIII: (0.052217930483408885+0j)
  IIIIIIZI: (-1.326831230804847+0j)
  IIZIIIII: (-0+0j)
  IIIIIZII: (0.15022437820424753+0j)
  IZIIIIII: (0.15022437820424753+0j)
  IIIIZZII: (-0.0002776149996773494+0j)
  IIIIIZII: (0.0020843000129730418+0j)
  IIIIZIII: (0.05630029282126587+0j)
  ZIIIIIII: (0.05630029282126587+0j)
  IIIIZIII: (-0.435093898099284+0j)

 

Information about the circuit: 
Number of qubits: 8
 Depth : 10

--- Starting Optimization Loop (method=COBYLA) ---
Iter 10: Cost = -1.370398716406284
Optimization success: True
Optimal Params: [0.04643582 0.00350665 0.20389646 0.30779293]

--- Final Statevector (exact) ---
Marginals: [0.5738183873265431, 0.08688457155341565, 0.5898502544110649, 0.0786135699580498, 0.5737898211157915, 0.10115392565989317, 0.5898471713670089, 0.10132460897212814]

  ┌─ Depth 3 | Patch (224, 256, 192, 224) | eff_threshold=0.660
  │  θ-only  (before QAOA): [[0.623 0.111]
 [0.638 0.107]]
  │  QAOA    (after  QAOA): [[0.574 0.094]
 [0.59  0.09 ]]
  │  θ-only  refine: [[0 0]
 [0 0]]
  │  QAOA    refine: [[0 0]
 [0 0]]
  │  Agreement: 4/4 cells
  │  Boundary activation: ['left']
  └─
Transpiling circuit (backend=state_vector, opt_level=0)
  IIIIIIIZ: (-0+0j)
  IIIZIIII: (-0+0j)
  IIZIIIII: (-0+0j)
  IIIIIZII: (-0+0j)

 

Information about the circuit: 
Number of qubits: 8
 Depth : 5

--- Null Hamiltonian detected (all coefficients zero). Skipping optimization — returning θ-init marginals. ---

--- Final Statevector (exact) ---
Marginals: [0.030190788293481527, 0.01368605723555237, 0.025851341833181947, 0.013581979649336341, 0.030190788293481517, 0.013686057235552367, 0.025851341833181964, 0.013581979649336344]

  ┌─ Depth 3 | Patch (224, 256, 224, 256) | eff_threshold=0.660
  │  θ-only  (before QAOA): [[0.03  0.014]
 [0.026 0.014]]
  │  QAOA    (after  QAOA): [[0.03  0.014]
 [0.026 0.014]]
  │  θ-only  refine: [[0 0]
 [0 0]]
  │  QAOA    refine: [[0 0]
 [0 0]]
  │  Agreement: 4/4 cells
  └─
  Depth 4: 74 patch(es) to evaluate
Transpiling circuit (backend=state_vector, opt_level=0)
  IIIIIIIZ: (0.03012118660634074+0j)
  IIIZIIII: (0.03012118660634074+0j)
  IIIIIIIZ: (-2.1413176863848905e-64+0j)
  IIIZIIII: 0j
  IIIIIIZI: (0.3716392049140408+0j)
  IIZIIIII: (0.3716392049140408+0j)
  IIZIIIII: 0j
  IIIIIZII: (0.030358269534612188+0j)
  IZIIIIII: (0.030358269534612188+0j)
  IIIIIZII: (-2.508084832465183e-62+0j)
  IIIIZIII: (0.3711888118507982+0j)
  ZIIIIIII: (0.3711888118507982+0j)

 

Information about the circuit: 
Number of qubits: 8
 Depth : 7

--- Starting Optimization Loop (method=COBYLA) ---
Iter 10: Cost = -1.4406814701235822
Iter 20: Cost = -1.4724872982044064
Optimization success: True
Optimal Params: [-0.38798006 -0.27816674  0.06314928 -0.06732958]

--- Final Statevector (exact) ---
Marginals: [0.0039459619258823695, 0.9998773382731726, 0.004199760161509494, 0.9997570495044218, 0.8851617663668022, 0.999877339650147, 0.8810087785882403, 0.9997570555587283]

  ┌─ Depth 4 | Patch (0, 16, 48, 64) | eff_threshold=0.830
  │  θ-only  (before QAOA): [[0.322 0.613]
 [0.32  0.606]]
  │  QAOA    (after  QAOA): [[0.445 1.   ]
 [0.443 1.   ]]
  │  θ-only  refine: [[0 0]
 [0 0]]
  │  QAOA    refine: [[0 1]
 [0 1]]
  │  Agreement: 2/4 cells
  │  Boundary activation: ['right']
  └─
Transpiling circuit (backend=state_vector, opt_level=0)
  IIIIIIIZ: (0.028909248904459756+0j)
  IIIZIIII: (0.028909248904459756+0j)
  IIIIIIIZ: (-9.256730437738867e-57+0j)
  IIIZIIII: 0j
  IIIIIIZI: (0.36436325987856577+0j)
  IIZIIIII: (0.36436325987856577+0j)
  IIZIIIII: 0j
  IIIIIZII: (0.026462910318914366+0j)
  IZIIIIII: (0.026462910318914366+0j)
  IIIIIZII: (-1.973505819369405e-51+0j)
  IIIIZIII: (0.3504664373214946+0j)
  ZIIIIIII: (0.3504664373214946+0j)

 

Information about the circuit: 
Number of qubits: 8
 Depth : 7

--- Starting Optimization Loop (method=COBYLA) ---
Iter 10: Cost = -1.361685621370074
Iter 20: Cost = -1.4131120202353973
Optimization success: True
Optimal Params: [-0.31427627 -0.38525659  0.07673196  0.08631788]

--- Final Statevector (exact) ---
Marginals: [0.011396187533766427, 0.9974923947134456, 0.014745319475039688, 0.9977399065053022, 0.8946810122784778, 0.9974924319672288, 0.8622380212191944, 0.9977411122701906]

  ┌─ Depth 4 | Patch (16, 32, 48, 64) | eff_threshold=0.830
  │  θ-only  (before QAOA): [[0.312 0.594]
 [0.298 0.586]]
  │  QAOA    (after  QAOA): [[0.453 0.997]
 [0.438 0.998]]
  │  θ-only  refine: [[0 0]
 [0 0]]
  │  QAOA    refine: [[0 1]
 [0 1]]
  │  Agreement: 2/4 cells
  │  Boundary activation: ['right']
  └─
Transpiling circuit (backend=state_vector, opt_level=0)
  IIIIIIIZ: (0.013816744109310974+0j)
  IIIZIIII: (0.013816744109310974+0j)
  IIIIIIIZ: (-9.069521819606472e-46+0j)
  IIIZIIII: 0j
  IIIIIIZI: (0.2582263771496201+0j)
  IIZIIIII: (0.2582263771496201+0j)
  IIZIIIII: 0j
  IIIIIZII: (0.010135642069976787+0j)
  IZIIIIII: (0.010135642069976787+0j)
  IIIIIZII: (-4.284791071580045e-42+0j)
  IIIIZIII: (0.23925804472567438+0j)
  ZIIIIIII: (0.23925804472567438+0j)

 

Information about the circuit: 
Number of qubits: 8
 Depth : 7

--- Starting Optimization Loop (method=COBYLA) ---
Iter 10: Cost = -0.9771757028227689
Iter 20: Cost = -0.9836519428681816
Optimization success: True
Optimal Params: [-0.39269908 -0.26077675  0.01537209 -0.12312303]

--- Final Statevector (exact) ---
Marginals: [0.009013441060841476, 0.9995052633317948, 0.013585799430550405, 0.9997460793257703, 0.8198324369428014, 0.999504860951218, 0.7305543860134434, 0.9996908820836763]

  ┌─ Depth 4 | Patch (32, 48, 48, 64) | eff_threshold=0.830
  │  θ-only  (before QAOA): [[0.281 0.613]
 [0.261 0.642]]
  │  QAOA    (after  QAOA): [[0.414 1.   ]
 [0.372 1.   ]]
  │  θ-only  refine: [[0 0]
 [0 0]]
  │  QAOA    refine: [[0 1]
 [0 1]]
  │  Agreement: 2/4 cells
  │  Boundary activation: ['right']
  └─
Transpiling circuit (backend=state_vector, opt_level=0)
  IIIIIIIZ: (-0.00019304491245922473+0j)
  IIIZIIII: (-0.00019304491245922473+0j)
  IIIIIIIZ: (-6.962949941882836e-38+0j)
  IIIZIIII: 0j
  IIIIIIZI: (0.14454159282690984+0j)
  IIZIIIII: (0.14454159282690984+0j)
  IIZIIIII: 0j
  IIIIIZII: (-0.0022820687292622226+0j)
  IZIIIIII: (-0.0022820687292622226+0j)
  IIIIIZII: (-1.0179952680900246e-35+0j)
  IIIIZIII: (0.1333290591210714+0j)
  ZIIIIIII: (0.1333290591210714+0j)

 

Information about the circuit: 
Number of qubits: 8
 Depth : 7

--- Starting Optimization Loop (method=COBYLA) ---
Iter 10: Cost = -0.4841664199299024
Iter 20: Cost = -0.49750843796954225
Optimization success: True
Optimal Params: [-0.26285544 -0.39128781 -0.04231546  0.07971673]

--- Final Statevector (exact) ---
Marginals: [0.018945386400938357, 0.9989268001498299, 0.023292842744140424, 0.9983470667075215, 0.712516344100533, 0.9989305815197279, 0.615004412053424, 0.7918129511003399]

  ┌─ Depth 4 | Patch (48, 64, 48, 64) | eff_threshold=0.830
  │  θ-only  (before QAOA): [[0.244 0.661]
 [0.231 0.669]]
  │  QAOA    (after  QAOA): [[0.366 0.999]
 [0.319 0.895]]
  │  θ-only  refine: [[0 0]
 [0 0]]
  │  QAOA    refine: [[0 1]
 [0 1]]
  │  Agreement: 2/4 cells
  │  Boundary activation: ['right']
  └─
Transpiling circuit (backend=state_vector, opt_level=0)
  IIIIIIIZ: (0.9994393294039419+0j)
  IIIZIIII: (0.9994393294039419+0j)
  IIIIIIIZ: (8.388995675103754e-72+0j)
  IIIZIIII: 0j
  IIIIIIZI: (0.9172629911162051+0j)
  IIZIIIII: (0.9172629911162051+0j)
  IIIIIIZI: (-0.16762323024533396+0j)
  IIZIIIII: 0j
  IIIIIZII: (0.9949174965849389+0j)
  IZIIIIII: (0.9949174965849389+0j)
  IIIIIZII: (8.644397633746827e-70+0j)
  IIIIZIII: (0.9137549653694013+0j)
  ZIIIIIII: (0.9137549653694013+0j)
  IIIIZIII: (-0.17142076215517574+0j)

 

Information about the circuit: 
Number of qubits: 8
 Depth : 7

--- Starting Optimization Loop (method=COBYLA) ---
Iter 10: Cost = -3.248496337946908
Iter 20: Cost = -4.073195934536691
Iter 30: Cost = -4.133316729030621
Optimization success: True
Optimal Params: [-0.39269908 -0.39269908  0.17355524 -0.21826326]

--- Final Statevector (exact) ---
Marginals: [0.9858899218661731, 0.02330376535666048, 0.9872857424117898, 0.023904716906184106, 0.985889922098472, 0.9539481937640226, 0.9872857438585205, 0.9516964090395177]

  ┌─ Depth 4 | Patch (0, 16, 64, 80) | eff_threshold=0.830
  │  θ-only  (before QAOA): [[0.639 0.337]
 [0.633 0.336]]
  │  QAOA    (after  QAOA): [[0.986 0.489]
 [0.987 0.488]]
  │  θ-only  refine: [[0 0]
 [0 0]]
  │  QAOA    refine: [[1 0]
 [1 0]]
  │  Agreement: 2/4 cells
  │  Boundary activation: ['left']
  └─
Transpiling circuit (backend=state_vector, opt_level=0)
  IIIIIIIZ: (0.9984644470015533+0j)
  IIIZIIII: (0.9984644470015533+0j)
  IIIIIIIZ: (8.933278824856736e-65+0j)
  IIIZIIII: 0j
  IIIIIIZI: (0.9017544299012794+0j)
  IIZIIIII: (0.9017544299012794+0j)
  IIIIIIZI: (-0.13070017470505146+0j)
  IIZIIIII: 0j
  IIIIIZII: (0.9923486276665161+0j)
  IZIIIIII: (0.9923486276665161+0j)
  IIIIIZII: (9.044778914035485e-60+0j)
  IIIIZIII: (0.8813866641397116+0j)
  ZIIIIIII: (0.8813866641397116+0j)
  IIIIZIII: (-0.20256348849917036+0j)

 

Information about the circuit: 
Number of qubits: 8
 Depth : 7

--- Starting Optimization Loop (method=COBYLA) ---
Iter 10: Cost = -3.750507136175838
Iter 20: Cost = -4.069032740597944
Optimization success: True
Optimal Params: [-0.39269908 -0.39269908  0.26124405 -0.30705003]

--- Final Statevector (exact) ---
Marginals: [0.991093615168313, 0.022945504880861757, 0.9919543007330767, 0.028556466071251452, 0.9910936193395034, 0.946562446991629, 0.991954550424531, 0.926156448568289]

  ┌─ Depth 4 | Patch (16, 32, 64, 80) | eff_threshold=0.830
  │  θ-only  (before QAOA): [[0.625 0.328]
 [0.619 0.316]]
  │  QAOA    (after  QAOA): [[0.991 0.485]
 [0.992 0.477]]
  │  θ-only  refine: [[0 0]
 [0 0]]
  │  QAOA    refine: [[1 0]
 [1 0]]
  │  Agreement: 2/4 cells
  │  Boundary activation: ['left']
  └─
Transpiling circuit (backend=state_vector, opt_level=0)
  IIIIIIIZ: (0.9264586617754015+0j)
  IIIZIIII: (0.9264586617754015+0j)
  IIIIIIIZ: (1.2308375235470303e-53+0j)
  IIIZIIII: 0j
  IIIIIIZI: (0.7554935143444725+0j)
  IIZIIIII: (0.7554935143444725+0j)
  IIIIIIZI: (-0.10852624103723671+0j)
  IIZIIIII: 0j
  IIIIIZII: (0.9431941094388075+0j)
  IZIIIIII: (0.9431941094388075+0j)
  IIIIIZII: (5.841486421377611e-50+0j)
  IIIIZIII: (0.7301710683706802+0j)
  ZIIIIIII: (0.7301710683706802+0j)
  IIIIZIII: (-0.173827682634597+0j)

 

Information about the circuit: 
Number of qubits: 8
 Depth : 7

--- Starting Optimization Loop (method=COBYLA) ---
Iter 10: Cost = -2.829459692862577
Iter 20: Cost = -3.700275710471897
Optimization success: True
Optimal Params: [-0.36787863 -0.38970824  0.08601362 -0.03282603]

--- Final Statevector (exact) ---
Marginals: [0.986413956178826, 0.03264067901090704, 0.9802063184483203, 0.03908414357989879, 0.9864143606058534, 0.9215087731930101, 0.9803166536544977, 0.8450534967013492]

  ┌─ Depth 4 | Patch (32, 48, 64, 80) | eff_threshold=0.830
  │  θ-only  (before QAOA): [[0.629 0.3  ]
 [0.654 0.283]]
  │  QAOA    (after  QAOA): [[0.986 0.477]
 [0.98  0.442]]
  │  θ-only  refine: [[0 0]
 [0 0]]
  │  QAOA    refine: [[1 0]
 [1 0]]
  │  Agreement: 2/4 cells
  │  Boundary activation: ['left']
  └─
Transpiling circuit (backend=state_vector, opt_level=0)
  IIIIIIIZ: (0.7940342540755638+0j)
  IIIZIIII: (0.7940342540755638+0j)
  IIIIIIIZ: (1.905366993318364e-46+0j)
  IIIZIIII: 0j
  IIIIIIZI: (0.5170441540116361+0j)
  IIZIIIII: (0.5170441540116361+0j)
  IIIIIIZI: (-0.09361810938932118+0j)
  IIZIIIII: 0j
  IIIIIZII: (0.8068771204201071+0j)
  IZIIIIII: (0.8068771204201071+0j)
  IIIIIZII: (1.7370911901861525e-44+0j)
  IIIIZIII: (0.5035336143113291+0j)
  ZIIIIIII: (0.5035336143113291+0j)
  IIIIZIII: (-0.11475733872909837+0j)

 

Information about the circuit: 
Number of qubits: 8
 Depth : 7

--- Starting Optimization Loop (method=COBYLA) ---
Iter 10: Cost = -2.5856406901036806
Iter 20: Cost = -2.7450254216393692
Optimization success: True
Optimal Params: [-0.36198199 -0.38452638  0.00741535  0.31114875]

--- Final Statevector (exact) ---
Marginals: [0.9594153298555734, 0.0452830946430688, 0.9570901040468199, 0.04938924336907723, 0.9598886809643559, 0.8536687007435333, 0.9032802104985609, 0.7527691363080456]

  ┌─ Depth 4 | Patch (48, 64, 64, 80) | eff_threshold=0.830
  │  θ-only  (before QAOA): [[0.674 0.268]
 [0.681 0.257]]
  │  QAOA    (after  QAOA): [[0.96  0.449]
 [0.93  0.401]]
  │  θ-only  refine: [[0 0]
 [0 0]]
  │  QAOA    refine: [[1 0]
 [1 0]]
  │  Agreement: 2/4 cells
  │  Boundary activation: ['left']
  └─
Transpiling circuit (backend=state_vector, opt_level=0)
  IIIIIIIZ: (-0.005033271628888076+0j)
  IIIZIIII: (-0.005033271628888076+0j)
  IIIIIIIZ: (-1.9455362199216038e-35+0j)
  IIIZIIII: 0j
  IIIIIIZI: (0.1184052578453886+0j)
  IIZIIIII: (0.1184052578453886+0j)
  IIZIIIII: 0j
  IIIIIZII: (-0.004227318748441157+0j)
  IZIIIIII: (-0.004227318748441157+0j)
  IIIIIZII: (-2.416768425761445e-37+0j)
  IIIIZIII: (0.12289481925683177+0j)
  ZIIIIIII: (0.12289481925683177+0j)

 

Information about the circuit: 
Number of qubits: 8
 Depth : 7

--- Starting Optimization Loop (method=COBYLA) ---
Iter 10: Cost = -0.42487000605654457
Iter 20: Cost = -0.4413346886873546
Optimization success: True
Optimal Params: [-0.35550895 -0.21518038  0.17233776 -0.10879597]

--- Final Statevector (exact) ---
Marginals: [0.0050578346800149825, 0.997989765289897, 0.0032603131790354535, 0.9973111072972803, 0.5607293660937224, 0.8125381138275604, 0.6548061349271498, 0.9974183487664775]

  ┌─ Depth 4 | Patch (64, 80, 48, 64) | eff_threshold=0.830
  │  θ-only  (before QAOA): [[0.229 0.669]
 [0.241 0.662]]
  │  QAOA    (after  QAOA): [[0.283 0.905]
 [0.329 0.997]]
  │  θ-only  refine: [[0 0]
 [0 0]]
  │  QAOA    refine: [[0 1]
 [0 1]]
  │  Agreement: 2/4 cells
  │  Boundary activation: ['right']
  └─
Transpiling circuit (backend=state_vector, opt_level=0)
  IIIIIIIZ: (0.00193432051697531+0j)
  IIIZIIII: (0.00193432051697531+0j)
  IIIIIIIZ: (-2.5000819512262464e-41+0j)
  IIIZIIII: 0j
  IIIIIIZI: (0.19644835316427167+0j)
  IIZIIIII: (0.19644835316427167+0j)
  IIZIIIII: 0j
  IIIIIZII: (0.005358916080938172+0j)
  IZIIIIII: (0.005358916080938172+0j)
  IIIIIZII: (-6.137223036083092e-45+0j)
  IIIIZIII: (0.21446413917623655+0j)
  ZIIIIIII: (0.21446413917623655+0j)

 

Information about the circuit: 
Number of qubits: 8
 Depth : 7

--- Starting Optimization Loop (method=COBYLA) ---
Iter 10: Cost = -0.8185488249645676
Iter 20: Cost = -0.818807030896981
Optimization success: True
Optimal Params: [-0.25670894 -0.39269908  0.23221236 -0.09551035]

--- Final Statevector (exact) ---
Marginals: [0.013335265869922196, 0.9989830712980815, 0.008795588477760083, 0.9984412917098796, 0.7278184211891204, 0.999174812147511, 0.8172571918696239, 0.998442809073284]

  ┌─ Depth 4 | Patch (80, 96, 48, 64) | eff_threshold=0.830
  │  θ-only  (before QAOA): [[0.259 0.643]
 [0.278 0.614]]
  │  QAOA    (after  QAOA): [[0.371 0.999]
 [0.413 0.998]]
  │  θ-only  refine: [[0 0]
 [0 0]]
  │  QAOA    refine: [[0 1]
 [0 1]]
  │  Agreement: 2/4 cells
  │  Boundary activation: ['right']
  └─
Transpiling circuit (backend=state_vector, opt_level=0)
  IIIIIIIZ: (1+0j)
  IIIZIIII: (1+0j)
  IIIIIIIZ: (9.679990488044042e-47+0j)
  IIIZIIII: 0j
  IIIIIIZI: (0.48557677548340633+0j)
  IIZIIIII: (0.48557677548340633+0j)
  IIIIIIZI: (-0.11338401305706722+0j)
  IIZIIIII: 0j
  IIIIIZII: (0.8157100444248543+0j)
  IZIIIIII: (0.8157100444248543+0j)
  IIIIIZII: (6.488374159424397e-46+0j)
  IIIIZIII: (0.4905996585511555+0j)
  ZIIIIIII: (0.4905996585511555+0j)
  IIIIZIII: (-0.09486373664290555+0j)

 

Information about the circuit: 
Number of qubits: 8
 Depth : 7

--- Starting Optimization Loop (method=COBYLA) ---
Iter 10: Cost = -2.160927773133012
Iter 20: Cost = -2.708611381256433
Iter 30: Cost = -2.9491305967160315
Optimization success: True
Optimal Params: [-0.26575819 -0.28528696  0.22963302 -0.03822987]

--- Final Statevector (exact) ---
Marginals: [0.9625868644409226, 0.005023858361899995, 0.9733405174225723, 0.00533748659438616, 0.9395805392025858, 0.6304114624515192, 0.9739722113769835, 0.7252603163716125]

  ┌─ Depth 4 | Patch (64, 80, 64, 80) | eff_threshold=0.830
  │  θ-only  (before QAOA): [[0.799 0.256]
 [0.675 0.266]]
  │  QAOA    (after  QAOA): [[0.951 0.318]
 [0.974 0.365]]
  │  θ-only  refine: [[0 0]
 [0 0]]
  │  QAOA    refine: [[1 0]
 [1 0]]
  │  Agreement: 2/4 cells
  │  Boundary activation: ['left']
  └─
Transpiling circuit (backend=state_vector, opt_level=0)
  IIIIIIIZ: (0.9941913077686145+0j)
  IIIZIIII: (0.9941913077686145+0j)
  IIIIIIIZ: (3.2916101586924536e-49+0j)
  IIIZIIII: 0j
  IIIIIIZI: (0.6729742485464068+0j)
  IIZIIIII: (0.6729742485464068+0j)
  IIIIIIZI: (-0.1718345869602862+0j)
  IIZIIIII: 0j
  IIIIIZII: (0.9679762395411176+0j)
  IZIIIIII: (0.9679762395411176+0j)
  IIIIIZII: (1.107030521691142e-52+0j)
  IIIIZIII: (0.6953793372401591+0j)
  ZIIIIIII: (0.6953793372401591+0j)
  IIIIZIII: (-0.10905662908021062+0j)

 

Information about the circuit: 
Number of qubits: 8
 Depth : 7

--- Starting Optimization Loop (method=COBYLA) ---
Iter 10: Cost = -3.5925437244479825
Iter 20: Cost = -3.8452875451512045
Optimization success: True
Optimal Params: [-0.39269908 -0.38062018  0.08809763  0.00091519]

--- Final Statevector (exact) ---
Marginals: [0.9713878214486846, 0.0471611193474947, 0.9790691277334866, 0.04037121771166719, 0.971639819774129, 0.8581369841955995, 0.9790699701175881, 0.9308829322193201]

  ┌─ Depth 4 | Patch (80, 96, 64, 80) | eff_threshold=0.830
  │  θ-only  (before QAOA): [[0.656 0.281]
 [0.628 0.298]]
  │  QAOA    (after  QAOA): [[0.972 0.453]
 [0.979 0.486]]
  │  θ-only  refine: [[0 0]
 [0 0]]
  │  QAOA    refine: [[1 0]
 [1 0]]
  │  Agreement: 2/4 cells
  │  Boundary activation: ['left']
  └─
Transpiling circuit (backend=state_vector, opt_level=0)
  IIIIIIIZ: (0.9797572142297689+0j)
  IIIZIIII: (0.9797572142297689+0j)
  IIIIIIIZ: (1.1364580664707176e-58+0j)
  IIIZIIII: 0j
  IIIIIIZI: (0.8273522561733551+0j)
  IIZIIIII: (0.8273522561733551+0j)
  IIIIIIZI: (-0.20411408895318062+0j)
  IIZIIIII: 0j
  IIIIIZII: (0.9854551229900397+0j)
  IZIIIIII: (0.9854551229900397+0j)
  IIIIIZII: (7.826503087209835e-64+0j)
  IIIIZIII: (0.8534362515528805+0j)
  ZIIIIIII: (0.8534362515528805+0j)
  IIIIZIII: (-0.12934126180705974+0j)

 

Information about the circuit: 
Number of qubits: 8
 Depth : 7

--- Starting Optimization Loop (method=COBYLA) ---
Iter 10: Cost = -2.7263978226262515
Iter 20: Cost = -4.0452823605001536
Optimization success: True
Optimal Params: [-0.39269908 -0.39269908  0.00454943  0.10707243]

--- Final Statevector (exact) ---
Marginals: [0.9815214142011665, 0.037367736865728175, 0.9800523743084655, 0.03305232097439951, 0.9815219658719903, 0.9439996342567767, 0.9800523824348812, 0.9622950970351247]

  ┌─ Depth 4 | Patch (96, 112, 64, 80) | eff_threshold=0.830
  │  θ-only  (before QAOA): [[0.617 0.314]
 [0.623 0.327]]
  │  QAOA    (after  QAOA): [[0.982 0.491]
 [0.98  0.498]]
  │  θ-only  refine: [[0 0]
 [0 0]]
  │  QAOA    refine: [[1 0]
 [1 0]]
  │  Agreement: 2/4 cells
  │  Boundary activation: ['left']
  └─
Transpiling circuit (backend=state_vector, opt_level=0)
  IIIIIIIZ: (0.9735041698961457+0j)
  IIIZIIII: (0.9735041698961457+0j)
  IIIIIIIZ: (3.412865791905025e-69+0j)
  IIIZIIII: 0j
  IIIIIIZI: (0.8886461937340064+0j)
  IIZIIIII: (0.8886461937340064+0j)
  IIIIIIZI: (-0.17662408099201932+0j)
  IIZIIIII: 0j
  IIIIIZII: (0.983735203166601+0j)
  IZIIIIII: (0.983735203166601+0j)
  IIIIIZII: (1.376469383104419e-71+0j)
  IIIIZIII: (0.9025210595851261+0j)
  ZIIIIIII: (0.9025210595851261+0j)
  IIIIZIII: (-0.1664296501899111+0j)

 

Information about the circuit: 
Number of qubits: 8
 Depth : 7

--- Starting Optimization Loop (method=COBYLA) ---
Iter 10: Cost = -2.8396077980591996
Iter 20: Cost = -3.9183398636277205
Optimization success: True
Optimal Params: [-0.39269908 -0.374919   -0.00948386  0.20986403]

--- Final Statevector (exact) ---
Marginals: [0.9753061850064785, 0.027789286744968347, 0.9736133059584573, 0.027494273749666454, 0.9753061955268949, 0.9589543260852131, 0.9736133073991647, 0.9601225174799227]

  ┌─ Depth 4 | Patch (112, 128, 64, 80) | eff_threshold=0.830
  │  θ-only  (before QAOA): [[0.631 0.335]
 [0.638 0.337]]
  │  QAOA    (after  QAOA): [[0.975 0.493]
 [0.974 0.494]]
  │  θ-only  refine: [[0 0]
 [0 0]]
  │  QAOA    refine: [[1 0]
 [1 0]]
  │  Agreement: 2/4 cells
  │  Boundary activation: ['left']
  └─
Transpiling circuit (backend=state_vector, opt_level=0)
  IIIIIIIZ: (0.02941522357379213+0j)
  IIIZIIII: (0.02941522357379213+0j)
  IIIIIIIZ: (-1.819642699536645e-64+0j)
  IIIZIIII: 0j
  IIIIIIZI: (0.37106358765451813+0j)
  IIZIIIII: (0.37106358765451813+0j)
  IIZIIIII: 0j
  IIIIIZII: (0.02777524810964798+0j)
  IZIIIIII: (0.02777524810964798+0j)
  IIIIIZII: (-2.1118857138629947e-62+0j)
  IIIIZIII: (0.3675932530474367+0j)
  ZIIIIIII: (0.3675932530474367+0j)

 

Information about the circuit: 
Number of qubits: 8
 Depth : 7

--- Starting Optimization Loop (method=COBYLA) ---
Iter 10: Cost = -1.4602831302203536
Iter 20: Cost = -1.460746637507634
Optimization success: True
Optimal Params: [-0.39269908 -0.27878473 -0.07826548  0.05092255]

--- Final Statevector (exact) ---
Marginals: [0.004671723073884243, 0.9996653317604658, 0.005404518497124673, 0.9996677165838072, 0.8872819250320639, 0.9996653291353323, 0.8726821696313297, 0.9996677114395893]

  ┌─ Depth 4 | Patch (0, 16, 176, 192) | eff_threshold=0.830
  │  θ-only  (before QAOA): [[0.322 0.613]
 [0.317 0.611]]
  │  QAOA    (after  QAOA): [[0.446 1.   ]
 [0.439 1.   ]]
  │  θ-only  refine: [[0 0]
 [0 0]]
  │  QAOA    refine: [[0 1]
 [0 1]]
  │  Agreement: 2/4 cells
  │  Boundary activation: ['right']
  └─
Transpiling circuit (backend=state_vector, opt_level=0)
  IIIIIIIZ: (0.018283536388677052+0j)
  IIIZIIII: (0.018283536388677052+0j)
  IIIIIIIZ: (-4.704363944441185e-57+0j)
  IIIZIIII: 0j
  IIIIIIZI: (0.33536592548748745+0j)
  IIZIIIII: (0.33536592548748745+0j)
  IIZIIIII: 0j
  IIIIIZII: (0.01396607290447635+0j)
  IZIIIIII: (0.01396607290447635+0j)
  IIIIIZII: (-1.7838614792311035e-51+0j)
  IIIIZIII: (0.3193857548357893+0j)
  ZIIIIIII: (0.3193857548357893+0j)

 

Information about the circuit: 
Number of qubits: 8
 Depth : 7

--- Starting Optimization Loop (method=COBYLA) ---
Iter 10: Cost = -1.2392479044390576
Iter 20: Cost = -1.2990397839063372
Optimization success: True
Optimal Params: [-0.30394774 -0.37525632  0.03092625 -0.05419727]

--- Final Statevector (exact) ---
Marginals: [0.00864233827890975, 0.9999919842647327, 0.012175977598650262, 0.9999766399924666, 0.8695586627138688, 0.9999919835350783, 0.8222738928154287, 0.9999766239319441]

  ┌─ Depth 4 | Patch (16, 32, 176, 192) | eff_threshold=0.830
  │  θ-only  (before QAOA): [[0.306 0.607]
 [0.29  0.601]]
  │  QAOA    (after  QAOA): [[0.439 1.   ]
 [0.417 1.   ]]
  │  θ-only  refine: [[0 0]
 [0 0]]
  │  QAOA    refine: [[0 1]
 [0 1]]
  │  Agreement: 2/4 cells
  │  Boundary activation: ['right']
  └─
Transpiling circuit (backend=state_vector, opt_level=0)
  IIIIIIIZ: (-0.0007436756576629592+0j)
  IIIZIIII: (-0.0007436756576629592+0j)
  IIIIIIIZ: (-2.2462736723736575e-45+0j)
  IIIZIIII: 0j
  IIIIIIZI: (0.22721488941728823+0j)
  IIZIIIII: (0.22721488941728823+0j)
  IIZIIIII: 0j
  IIIIIZII: (-0.005162739902911627+0j)
  IZIIIIII: (-0.005162739902911627+0j)
  IIIIIZII: (-2.5942073614560293e-41+0j)
  IIIIZIII: (0.20802894796695337+0j)
  ZIIIIIII: (0.20802894796695337+0j)

 

Information about the circuit: 
Number of qubits: 8
 Depth : 7

--- Starting Optimization Loop (method=COBYLA) ---
Iter 10: Cost = -0.8596170375387929
Iter 20: Cost = -0.8614945101679057
Optimization success: True
Optimal Params: [-0.3338381  -0.31807185  0.20430703  0.2930263 ]

--- Final Statevector (exact) ---
Marginals: [0.010944135024191502, 0.9929244912538904, 0.016294375958390506, 0.9931894147049447, 0.7896518721861491, 0.9929253102482362, 0.6905356609982363, 0.9933241354997893]

  ┌─ Depth 4 | Patch (32, 48, 176, 192) | eff_threshold=0.830
  │  θ-only  (before QAOA): [[0.271 0.633]
 [0.25  0.663]]
  │  QAOA    (after  QAOA): [[0.4   0.993]
 [0.353 0.993]]
  │  θ-only  refine: [[0 0]
 [0 0]]
  │  QAOA    refine: [[0 1]
 [0 1]]
  │  Agreement: 2/4 cells
  │  Boundary activation: ['right']
  └─
Transpiling circuit (backend=state_vector, opt_level=0)
  IIIIIIIZ: (-0.012406107176124592+0j)
  IIIZIIII: (-0.012406107176124592+0j)
  IIIIIIIZ: (-1.6217179167784462e-36+0j)
  IIIZIIII: 0j
  IIIIIIZI: (0.1149143723881412+0j)
  IIZIIIII: (0.1149143723881412+0j)
  IIZIIIII: 0j
  IIIIIZII: (-0.014491165689427696+0j)
  IZIIIIII: (-0.014491165689427696+0j)
  IIIIIZII: (-3.85447025760178e-34+0j)
  IIIIZIII: (0.10461596047165964+0j)
  ZIIIIIII: (0.10461596047165964+0j)

 

Information about the circuit: 
Number of qubits: 8
 Depth : 7

--- Starting Optimization Loop (method=COBYLA) ---
Iter 10: Cost = -0.37154765098730835
Iter 20: Cost = -0.4205950698128486
Optimization success: True
Optimal Params: [-0.32198337 -0.2353674  -0.112984    0.14163309]

--- Final Statevector (exact) ---
Marginals: [0.0030095631922484583, 0.9983287593639892, 0.004955298890299986, 0.998933272835919, 0.6095213234493058, 0.9983160659852508, 0.5294482718188738, 0.8043588737058089]

  ┌─ Depth 4 | Patch (48, 64, 176, 192) | eff_threshold=0.830
  │  θ-only  (before QAOA): [[0.232 0.683]
 [0.219 0.691]]
  │  QAOA    (after  QAOA): [[0.306 0.998]
 [0.267 0.902]]
  │  θ-only  refine: [[0 0]
 [0 0]]
  │  QAOA    refine: [[0 1]
 [0 1]]
  │  Agreement: 2/4 cells
  │  Boundary activation: ['right']
  └─
Transpiling circuit (backend=state_vector, opt_level=0)
  IIIIIIIZ: (0.9991880305888993+0j)
  IIIZIIII: (0.9991880305888993+0j)
  IIIIIIIZ: (5.570182922554884e-72+0j)
  IIIZIIII: 0j
  IIIIIIZI: (0.9160106442560948+0j)
  IIZIIIII: (0.9160106442560948+0j)
  IIIIIIZI: (-0.154177758118263+0j)
  IIZIIIII: 0j
  IIIIIZII: (0.9991780152330431+0j)
  IZIIIIII: (0.9991780152330431+0j)
  IIIIIZII: (2.9308682177060144e-70+0j)
  IIIIZIII: (0.914913295916867+0j)
  ZIIIIIII: (0.914913295916867+0j)
  IIIIZIII: (-0.2133414024266454+0j)

 

Information about the circuit: 
Number of qubits: 8
 Depth : 7

--- Starting Optimization Loop (method=COBYLA) ---
Iter 10: Cost = -2.0910339702417993
Iter 20: Cost = -4.11568714447652
Optimization success: True
Optimal Params: [-0.39269908 -0.39269908 -0.01541092  0.05636681]

--- Final Statevector (exact) ---
Marginals: [0.9800255126856298, 0.02731966084763894, 0.9799111151497113, 0.028860331841651963, 0.9800255129484342, 0.9608566375379193, 0.9799111156564291, 0.9516574135403313]

  ┌─ Depth 4 | Patch (0, 16, 192, 208) | eff_threshold=0.830
  │  θ-only  (before QAOA): [[0.639 0.337]
 [0.64  0.333]]
  │  QAOA    (after  QAOA): [[0.98  0.494]
 [0.98  0.49 ]]
  │  θ-only  refine: [[0 0]
 [0 0]]
  │  QAOA    refine: [[1 0]
 [1 0]]
  │  Agreement: 2/4 cells
  │  Boundary activation: ['left']
  └─
Transpiling circuit (backend=state_vector, opt_level=0)
  IIIIIIIZ: (-0.00044270311699290106+0j)
  IIIZIIII: (-0.00044270311699290106+0j)
  IIIIIIIZ: (-1.822025596483046e-07+0j)
  IIIZIIII: (-0+0j)
  IIIIIIZI: (-0.0007891391097354967+0j)
  IIZIIIII: (-0.0007891391097354967+0j)
  IIZIIIII: (-0+0j)
  IIIIIZII: (-0.0004449477630073884+0j)
  IZIIIIII: (-0.0004449477630073884+0j)
  IIIIIZII: (-2.1410684818023512e-07+0j)
  IIIIZIII: (-0.0007872158743357151+0j)
  ZIIIIIII: (-0.0007872158743357151+0j)

 

Information about the circuit: 
Number of qubits: 8
 Depth : 7

--- Starting Optimization Loop (method=COBYLA) ---
Iter 10: Cost = -0.00430655671663263
Optimization success: True
Optimal Params: [0.         0.05       0.26295159 0.57590317]

--- Final Statevector (exact) ---
Marginals: [0.13717370035409773, 0.029007482586277222, 0.1370042663341302, 0.03004178608298448, 0.07789939104907101, 0.04565070681906863, 0.07858141319622995, 0.04626016043863723]

  ┌─ Depth 4 | Patch (0, 16, 208, 224) | eff_threshold=0.830
  │  θ-only  (before QAOA): [[0.105 0.048]
 [0.104 0.049]]
  │  QAOA    (after  QAOA): [[0.108 0.037]
 [0.108 0.038]]
  │  θ-only  refine: [[0 0]
 [0 0]]
  │  QAOA    refine: [[0 0]
 [0 0]]
  │  Agreement: 4/4 cells
  └─
Transpiling circuit (backend=state_vector, opt_level=0)
  IIIIIIIZ: (0.9999485389221934+0j)
  IIIZIIII: (0.9999485389221934+0j)
  IIIIIIIZ: (1.149805508496222e-65+0j)
  IIIZIIII: 0j
  IIIIIIZI: (0.8840333380794734+0j)
  IIZIIIII: (0.8840333380794734+0j)
  IIIIIIZI: (-0.1288099407075641+0j)
  IIZIIIII: 0j
  IIIIIZII: (0.9988400554793+0j)
  IZIIIIII: (0.9988400554793+0j)
  IIIIIZII: (1.811964850235043e-60+0j)
  IIIIZIII: (0.8651184861916746+0j)
  ZIIIIIII: (0.8651184861916746+0j)
  IIIIZIII: (-0.23033437283216004+0j)

 

Information about the circuit: 
Number of qubits: 8
 Depth : 7

--- Starting Optimization Loop (method=COBYLA) ---
Iter 10: Cost = -3.8460600338804882
Iter 20: Cost = -4.037879923760278
Optimization success: True
Optimal Params: [-0.39269908 -0.39269908 -0.11802079  0.1911561 ]

--- Final Statevector (exact) ---
Marginals: [0.9845509445880124, 0.02908458570439415, 0.9849888675521353, 0.035625455662012626, 0.9845509449593683, 0.9400808180174275, 0.9849888804014727, 0.9027676059259827]

  ┌─ Depth 4 | Patch (16, 32, 192, 208) | eff_threshold=0.830
  │  θ-only  (before QAOA): [[0.64  0.323]
 [0.638 0.308]]
  │  QAOA    (after  QAOA): [[0.985 0.485]
 [0.985 0.469]]
  │  θ-only  refine: [[0 0]
 [0 0]]
  │  QAOA    refine: [[1 0]
 [1 0]]
  │  Agreement: 2/4 cells
  │  Boundary activation: ['left']
  └─
Transpiling circuit (backend=state_vector, opt_level=0)
  IIIIIIIZ: (-0.00035872420351982923+0j)
  IIIZIIII: (-0.00035872420351982923+0j)
  IIIIIIIZ: (-2.2164403870808082e-07+0j)
  IIIZIIII: (-0+0j)
  IIIIIIZI: (-0.000623756576236801+0j)
  IIZIIIII: (-0.000623756576236801+0j)
  IIZIIIII: (-0+0j)
  IIIIIZII: (-0.00035612348375891993+0j)
  IZIIIIII: (-0.00035612348375891993+0j)
  IIIIIZII: (-3.259765163330019e-07+0j)
  IIIIZIII: (-0.0006162494996113298+0j)
  ZIIIIIII: (-0.0006162494996113298+0j)

 

Information about the circuit: 
Number of qubits: 8
 Depth : 7

--- Starting Optimization Loop (method=COBYLA) ---
Iter 10: Cost = -0.003391508795947684
Optimization success: True
Optimal Params: [0.05       0.05       0.29439079 0.58878158]

--- Final Statevector (exact) ---
Marginals: [0.17384704026282832, 0.01645147774804483, 0.17484694967811357, 0.01770640090834556, 0.057498826256732874, 0.0491411497783338, 0.06343946978081164, 0.04848634687735399]

  ┌─ Depth 4 | Patch (16, 32, 208, 224) | eff_threshold=0.830
  │  θ-only  (before QAOA): [[0.105 0.051]
 [0.106 0.054]]
  │  QAOA    (after  QAOA): [[0.116 0.033]
 [0.119 0.033]]
  │  θ-only  refine: [[0 0]
 [0 0]]
  │  QAOA    refine: [[0 0]
 [0 0]]
  │  Agreement: 4/4 cells
  └─
Transpiling circuit (backend=state_vector, opt_level=0)
  IIIIIIIZ: (0.9277685544059682+0j)
  IIIZIIII: (0.9277685544059682+0j)
  IIIIIIIZ: (4.9210549839022693e-54+0j)
  IIIZIIII: 0j
  IIIIIIZI: (0.7271617522438617+0j)
  IIZIIIII: (0.7271617522438617+0j)
  IIIIIIZI: (-0.1254259191674793+0j)
  IIZIIIII: 0j
  IIIIIZII: (0.943675295264406+0j)
  IZIIIIII: (0.943675295264406+0j)
  IIIIIZII: (5.956522844249247e-50+0j)
  IIIIZIII: (0.7010691357175803+0j)
  ZIIIIIII: (0.7010691357175803+0j)
  IIIIZIII: (-0.19296846162023693+0j)

 

Information about the circuit: 
Number of qubits: 8
 Depth : 7

--- Starting Optimization Loop (method=COBYLA) ---
Iter 10: Cost = -2.997606523882245
Iter 20: Cost = -3.5847235214567856
Optimization success: True
Optimal Params: [-0.39269908 -0.39053945  0.17159618 -0.12596837]

--- Final Statevector (exact) ---
Marginals: [0.9732212485064228, 0.046113361316611375, 0.9642641015033164, 0.05441888961079365, 0.9732213361576616, 0.913787253762929, 0.964301246921258, 0.8267638020664463]

  ┌─ Depth 4 | Patch (32, 48, 192, 208) | eff_threshold=0.830
  │  θ-only  (before QAOA): [[0.652 0.291]
 [0.679 0.273]]
  │  QAOA    (after  QAOA): [[0.973 0.48 ]
 [0.964 0.441]]
  │  θ-only  refine: [[0 0]
 [0 0]]
  │  QAOA    refine: [[1 0]
 [1 0]]
  │  Agreement: 2/4 cells
  │  Boundary activation: ['left']
  └─
Transpiling circuit (backend=state_vector, opt_level=0)
  IIIIIIIZ: (-0.00021297716549280562+0j)
  IIIZIIII: (-0.00021297716549280562+0j)
  IIIIIIIZ: (-3.414829259154433e-07+0j)
  IIIZIIII: (-0+0j)
  IIIIIIZI: (-0.00036406009672545553+0j)
  IIZIIIII: (-0.00036406009672545553+0j)
  IIZIIIII: (-0+0j)
  IIIIIZII: (-0.00021085877905860522+0j)
  IZIIIIII: (-0.00021085877905860522+0j)
  IIIIIZII: (-4.544373118288869e-07+0j)
  IIIIZIII: (-0.0003592964493787707+0j)
  ZIIIIIII: (-0.0003592964493787707+0j)

 

Information about the circuit: 
Number of qubits: 8
 Depth : 7

--- Starting Optimization Loop (method=COBYLA) ---
Iter 10: Cost = -0.001987126918206085
Optimization success: True
Optimal Params: [ 0.06697106 -0.01581711  0.27280423  0.54610482]

--- Final Statevector (exact) ---
Marginals: [0.14032668235925577, 0.03449287560589804, 0.14118267347630212, 0.0358192537367484, 0.08312987274928998, 0.05049730444915338, 0.09012876623757556, 0.050988253176038764]

  ┌─ Depth 4 | Patch (32, 48, 208, 224) | eff_threshold=0.830
  │  θ-only  (before QAOA): [[0.107 0.056]
 [0.107 0.057]]
  │  QAOA    (after  QAOA): [[0.112 0.042]
 [0.116 0.043]]
  │  θ-only  refine: [[0 0]
 [0 0]]
  │  QAOA    refine: [[0 0]
 [0 0]]
  │  Agreement: 4/4 cells
  └─
Transpiling circuit (backend=state_vector, opt_level=0)
  IIIIIIIZ: (0.7552106544507521+0j)
  IIIZIIII: (0.7552106544507521+0j)
  IIIIIIIZ: (6.817971399727325e-46+0j)
  IIIZIIII: 0j
  IIIIIIZI: (0.4666920356725197+0j)
  IIZIIIII: (0.4666920356725197+0j)
  IIIIIIZI: (-0.10825467893656521+0j)
  IIZIIIII: 0j
  IIIIIZII: (0.7672597206912916+0j)
  IZIIIIII: (0.7672597206912916+0j)
  IIIIIZII: (1.0325393602554983e-43+0j)
  IIIIZIII: (0.45254449772805455+0j)
  ZIIIIIII: (0.45254449772805455+0j)
  IIIIZIII: (-0.12328925086216912+0j)

 

Information about the circuit: 
Number of qubits: 8
 Depth : 7

--- Starting Optimization Loop (method=COBYLA) ---
Iter 10: Cost = -1.9784499333590404
Iter 20: Cost = -2.46982311346239
Optimization success: True
Optimal Params: [-0.39269908 -0.19606922  0.249268    0.04800155]

--- Final Statevector (exact) ---
Marginals: [0.9654339349498637, 0.010809304903038493, 0.9644013567713021, 0.01121993664623823, 0.9655697929157482, 0.7328851769343446, 0.9386459529778096, 0.6468177645260117]

  ┌─ Depth 4 | Patch (48, 64, 192, 208) | eff_threshold=0.830
  │  θ-only  (before QAOA): [[0.699 0.256]
 [0.707 0.245]]
  │  QAOA    (after  QAOA): [[0.966 0.372]
 [0.952 0.329]]
  │  θ-only  refine: [[0 0]
 [0 0]]
  │  QAOA    refine: [[1 0]
 [1 0]]
  │  Agreement: 2/4 cells
  │  Boundary activation: ['left']
  └─
Transpiling circuit (backend=state_vector, opt_level=0)
  IIIIIIIZ: (-0.0002928864193200682+0j)
  IIIZIIII: (-0.0002928864193200682+0j)
  IIIIIIIZ: (-4.507136269125221e-07+0j)
  IIIZIIII: (-0+0j)
  IIIIIIZI: (-0.0004957713452213143+0j)
  IIZIIIII: (-0.0004957713452213143+0j)
  IIZIIIII: (-0+0j)
  IIIIIZII: (-0.0002913069497451621+0j)
  IZIIIIII: (-0.0002913069497451621+0j)
  IIIIIZII: (-4.823580990850718e-07+0j)
  IIIIZIII: (-0.0004924707410301736+0j)
  ZIIIIIII: (-0.0004924707410301736+0j)

 

Information about the circuit: 
Number of qubits: 8
 Depth : 7

--- Starting Optimization Loop (method=COBYLA) ---
Iter 10: Cost = -0.0027522492601505005
Optimization success: True
Optimal Params: [0.01000215 0.06111958 0.32064818 0.53839492]

--- Final Statevector (exact) ---
Marginals: [0.15598276884381262, 0.029559446615940174, 0.1562183612175904, 0.02986384938986294, 0.08571921181424948, 0.050755198972037584, 0.09406478603673618, 0.05059597295939455]

  ┌─ Depth 4 | Patch (48, 64, 208, 224) | eff_threshold=0.830
  │  θ-only  (before QAOA): [[0.108 0.058]
 [0.108 0.059]]
  │  QAOA    (after  QAOA): [[0.121 0.04 ]
 [0.125 0.04 ]]
  │  θ-only  refine: [[0 0]
 [0 0]]
  │  QAOA    refine: [[0 0]
 [0 0]]
  │  Agreement: 4/4 cells
  └─
Transpiling circuit (backend=state_vector, opt_level=0)
  IIIIIIIZ: (-0.01717271215994991+0j)
  IIIZIIII: (-0.01717271215994991+0j)
  IIIIIIIZ: (-7.6400770301980715e-34+0j)
  IIIZIIII: 0j
  IIIIIIZI: (0.09103248260291187+0j)
  IIZIIIII: (0.09103248260291187+0j)
  IIZIIIII: 0j
  IIIIIZII: (-0.016387801112253922+0j)
  IZIIIIII: (-0.016387801112253922+0j)
  IIIIIZII: (-5.9485503100583724e-36+0j)
  IIIIZIII: (0.0951276351215173+0j)
  ZIIIIIII: (0.0951276351215173+0j)

 

Information about the circuit: 
Number of qubits: 8
 Depth : 7

--- Starting Optimization Loop (method=COBYLA) ---
Iter 10: Cost = -0.3610784260961739
Iter 20: Cost = -0.3640318109277395
Optimization success: True
Optimal Params: [-0.26089059 -0.26878372  0.06036941  0.22176568]

--- Final Statevector (exact) ---
Marginals: [0.001958778187993457, 0.996149471685774, 0.0008912381921666019, 0.9951845605120803, 0.507876204480691, 0.8220058972836292, 0.5849633503676755, 0.9952438429552968]

  ┌─ Depth 4 | Patch (64, 80, 176, 192) | eff_threshold=0.830
  │  θ-only  (before QAOA): [[0.218 0.691]
 [0.23  0.684]]
  │  QAOA    (after  QAOA): [[0.255 0.909]
 [0.293 0.995]]
  │  θ-only  refine: [[0 0]
 [0 0]]
  │  QAOA    refine: [[0 1]
 [0 1]]
  │  Agreement: 2/4 cells
  │  Boundary activation: ['right']
  └─
Transpiling circuit (backend=state_vector, opt_level=0)
  IIIIIIIZ: (-0.014277379655591681+0j)
  IIIZIIII: (-0.014277379655591681+0j)
  IIIIIIIZ: (-1.6460257951937765e-40+0j)
  IIIZIIII: 0j
  IIIIIIZI: (0.1658732092474709+0j)
  IIZIIIII: (0.1658732092474709+0j)
  IIZIIIII: 0j
  IIIIIZII: (-0.010523561071675742+0j)
  IZIIIIII: (-0.010523561071675742+0j)
  IIIIIZII: (-1.6649866130377068e-44+0j)
  IIIIZIII: (0.18352745187089883+0j)
  ZIIIIIII: (0.18352745187089883+0j)

 

Information about the circuit: 
Number of qubits: 8
 Depth : 7

--- Starting Optimization Loop (method=COBYLA) ---
Iter 10: Cost = -0.7028829032953623
Iter 20: Cost = -0.7070723794415246
Optimization success: True
Optimal Params: [-0.30009367 -0.33248281  0.26592007  0.20289825]

--- Final Statevector (exact) ---
Marginals: [0.012457022227351592, 0.9958810867803211, 0.007837655021852134, 0.9948700438909491, 0.6730657766831506, 0.9960481089406452, 0.7717709405235048, 0.9948709595277871]

  ┌─ Depth 4 | Patch (80, 96, 176, 192) | eff_threshold=0.830
  │  θ-only  (before QAOA): [[0.248 0.665]
 [0.268 0.635]]
  │  QAOA    (after  QAOA): [[0.343 0.996]
 [0.39  0.995]]
  │  θ-only  refine: [[0 0]
 [0 0]]
  │  QAOA    refine: [[0 1]
 [0 1]]
  │  Agreement: 2/4 cells
  │  Boundary activation: ['right']
  └─
Transpiling circuit (backend=state_vector, opt_level=0)
  IIIIIIIZ: (0.0027732130637850893+0j)
  IIIZIIII: (0.0027732130637850893+0j)
  IIIIIIIZ: (-2.0764391103312484e-50+0j)
  IIIZIIII: 0j
  IIIIIIZI: (0.2738842328765483+0j)
  IIZIIIII: (0.2738842328765483+0j)
  IIZIIIII: 0j
  IIIIIZII: (0.0077878906939705984+0j)
  IZIIIIII: (0.0077878906939705984+0j)
  IIIIIZII: (-4.287027024170246e-56+0j)
  IIIIZIII: (0.2942895008489489+0j)
  ZIIIIIII: (0.2942895008489489+0j)

 

Information about the circuit: 
Number of qubits: 8
 Depth : 7

--- Starting Optimization Loop (method=COBYLA) ---
Iter 10: Cost = -1.103945032548487
Iter 20: Cost = -1.1044070080355037
Optimization success: True
Optimal Params: [-0.32971194 -0.3308916   0.1748062   0.27407492]

--- Final Statevector (exact) ---
Marginals: [0.008939075892807093, 0.9906807050660138, 0.005856309539585414, 0.9896495716392136, 0.8088902038415292, 0.9906816253742935, 0.8582736424043935, 0.9896496083318286]

  ┌─ Depth 4 | Patch (96, 112, 176, 192) | eff_threshold=0.830
  │  θ-only  (before QAOA): [[0.288 0.6  ]
 [0.304 0.606]]
  │  QAOA    (after  QAOA): [[0.409 0.991]
 [0.432 0.99 ]]
  │  θ-only  refine: [[0 0]
 [0 0]]
  │  QAOA    refine: [[0 1]
 [0 1]]
  │  Agreement: 2/4 cells
  │  Boundary activation: ['right']
  └─
Transpiling circuit (backend=state_vector, opt_level=0)
  IIIIIIIZ: (0.02116605903449735+0j)
  IIIZIIII: (0.02116605903449735+0j)
  IIIIIIIZ: (-8.222986471712672e-62+0j)
  IIIZIIII: 0j
  IIIIIIZI: (0.34718297258872016+0j)
  IIZIIIII: (0.34718297258872016+0j)
  IIZIIIII: 0j
  IIIIIZII: (0.024527717688235442+0j)
  IZIIIIII: (0.024527717688235442+0j)
  IIIIIZII: (-2.971827480045335e-64+0j)
  IIIIZIII: (0.35829613332482985+0j)
  ZIIIIIII: (0.35829613332482985+0j)

 

Information about the circuit: 
Number of qubits: 8
 Depth : 7

--- Starting Optimization Loop (method=COBYLA) ---
Iter 10: Cost = -1.3321719862110708
Iter 20: Cost = -1.387847795650758
Optimization success: True
Optimal Params: [-0.36648105 -0.3294366   0.05074639  0.24891572]

--- Final Statevector (exact) ---
Marginals: [0.009830180910258788, 0.994806345648662, 0.008666953637113768, 0.9943682183583633, 0.8865691418212908, 0.9948063682392799, 0.9017521690692726, 0.9943682284973541]

  ┌─ Depth 4 | Patch (112, 128, 176, 192) | eff_threshold=0.830
  │  θ-only  (before QAOA): [[0.316 0.61 ]
 [0.321 0.613]]
  │  QAOA    (after  QAOA): [[0.448 0.995]
 [0.455 0.994]]
  │  θ-only  refine: [[0 0]
 [0 0]]
  │  QAOA    refine: [[0 1]
 [0 1]]
  │  Agreement: 2/4 cells
  │  Boundary activation: ['right']
  └─
Transpiling circuit (backend=state_vector, opt_level=0)
  IIIIIIIZ: (1+0j)
  IIIZIIII: (1+0j)
  IIIIIIIZ: (8.271807800178831e-47+0j)
  IIIZIIII: 0j
  IIIIIIZI: (0.433657375516123+0j)
  IIZIIIII: (0.433657375516123+0j)
  IIIIIIZI: (-0.12223922644885603+0j)
  IIZIIIII: 0j
  IIIIIZII: (0.7755745472779575+0j)
  IZIIIIII: (0.7755745472779575+0j)
  IIIIIZII: (2.4428716331779684e-45+0j)
  IIIIZIII: (0.4390970222244627+0j)
  ZIIIIIII: (0.4390970222244627+0j)
  IIIIZIII: (-0.10929051938039236+0j)

 

Information about the circuit: 
Number of qubits: 8
 Depth : 7

--- Starting Optimization Loop (method=COBYLA) ---
Iter 10: Cost = -2.849253659909077
Iter 20: Cost = -2.8827881205230246
Optimization success: True
Optimal Params: [-0.35177628 -0.19813691  0.0350269   0.42027444]

--- Final Statevector (exact) ---
Marginals: [0.9591568336494655, 0.004255897155175721, 0.9753256139728074, 0.0041663154989737715, 0.9428428096616422, 0.5957559411964254, 0.9754962939654314, 0.6816166159337754]

  ┌─ Depth 4 | Patch (64, 80, 192, 208) | eff_threshold=0.830
  │  θ-only  (before QAOA): [[0.866 0.244]
 [0.7   0.254]]
  │  QAOA    (after  QAOA): [[0.951 0.3  ]
 [0.975 0.343]]
  │  θ-only  refine: [[1 0]
 [0 0]]
  │  QAOA    refine: [[1 0]
 [1 0]]
  │  Agreement: 3/4 cells
  │  Boundary activation: ['left']
  └─
Transpiling circuit (backend=state_vector, opt_level=0)
  IIIIIIIZ: (-0.0002903698107257575+0j)
  IIIZIIII: (-0.0002903698107257575+0j)
  IIIIIIIZ: (-4.692904923809934e-07+0j)
  IIIZIIII: (-0+0j)
  IIIIIIZI: (-0.0004902789939265108+0j)
  IIZIIIII: (-0.0004902789939265108+0j)
  IIZIIIII: (-0+0j)
  IIIIIZII: (-0.0002907486497523918+0j)
  IZIIIIII: (-0.0002907486497523918+0j)
  IIIIIZII: (-4.3457866266532303e-07+0j)
  IIIIZIII: (-0.0004909975683797449+0j)
  ZIIIIIII: (-0.0004909975683797449+0j)

 

Information about the circuit: 
Number of qubits: 8
 Depth : 7

--- Starting Optimization Loop (method=COBYLA) ---
Iter 10: Cost = -0.0026923827092476113
Optimization success: True
Optimal Params: [ 0.07490552 -0.00267949  0.24902451  0.50216873]

--- Final Statevector (exact) ---
Marginals: [0.15702156733412015, 0.029490858823326832, 0.1567930077205304, 0.029217175636621708, 0.09389611982677441, 0.05052586174082396, 0.08531137060592962, 0.050562828245519]

  ┌─ Depth 4 | Patch (64, 80, 208, 224) | eff_threshold=0.830
  │  θ-only  (before QAOA): [[0.108 0.059]
 [0.108 0.058]]
  │  QAOA    (after  QAOA): [[0.125 0.04 ]
 [0.121 0.04 ]]
  │  θ-only  refine: [[0 0]
 [0 0]]
  │  QAOA    refine: [[0 0]
 [0 0]]
  │  Agreement: 4/4 cells
  └─
Transpiling circuit (backend=state_vector, opt_level=0)
  IIIIIIIZ: (0.994265686829484+0j)
  IIIZIIII: (0.994265686829484+0j)
  IIIIIIIZ: (3.602032392396012e-49+0j)
  IIIZIIII: 0j
  IIIIIIZI: (0.6408668831101846+0j)
  IIZIIIII: (0.6408668831101846+0j)
  IIIIIIZI: (-0.19061292423607093+0j)
  IIZIIIII: 0j
  IIIIIZII: (0.9683078787360725+0j)
  IZIIIIII: (0.9683078787360725+0j)
  IIIIIZII: (4.941070393021493e-53+0j)
  IIIIZIII: (0.6649858860508612+0j)
  ZIIIIIII: (0.6649858860508612+0j)
  IIIIZIII: (-0.1268657869990651+0j)

 

Information about the circuit: 
Number of qubits: 8
 Depth : 7

--- Starting Optimization Loop (method=COBYLA) ---
Iter 10: Cost = -2.0830703621511932
Iter 20: Cost = -3.748648598871811
Iter 30: Cost = -3.748747696495997
Optimization success: True
Optimal Params: [-0.39269908 -0.39269908  0.16068004 -0.14718936]

--- Final Statevector (exact) ---
Marginals: [0.9669363230283148, 0.05555040181471373, 0.9763083707020487, 0.0466287242467488, 0.9669802697524391, 0.8142520573866279, 0.9763084598892798, 0.905788107984424]

  ┌─ Depth 4 | Patch (80, 96, 192, 208) | eff_threshold=0.830
  │  θ-only  (before QAOA): [[0.681 0.27 ]
 [0.652 0.288]]
  │  QAOA    (after  QAOA): [[0.967 0.435]
 [0.976 0.476]]
  │  θ-only  refine: [[0 0]
 [0 0]]
  │  QAOA    refine: [[1 0]
 [1 0]]
  │  Agreement: 2/4 cells
  │  Boundary activation: ['left']
  └─
Transpiling circuit (backend=state_vector, opt_level=0)
  IIIIIIIZ: (-0.00020711273202746202+0j)
  IIIZIIII: (-0.00020711273202746202+0j)
  IIIIIIIZ: (-4.2922838069785063e-07+0j)
  IIIZIIII: (-0+0j)
  IIIIIIZI: (-0.00035087814769438114+0j)
  IIZIIIII: (-0.00035087814769438114+0j)
  IIZIIIII: (-0+0j)
  IIIIIZII: (-0.00020887244288743297+0j)
  IZIIIIII: (-0.00020887244288743297+0j)
  IIIIIZII: (-3.233631809410576e-07+0j)
  IIIIZIII: (-0.0003545751511712666+0j)
  ZIIIIIII: (-0.0003545751511712666+0j)

 

Information about the circuit: 
Number of qubits: 8
 Depth : 7

--- Starting Optimization Loop (method=COBYLA) ---
Iter 10: Cost = -0.0019507685757103352
Optimization success: True
Optimal Params: [0.05       0.05       0.3445081  0.63901619]

--- Final Statevector (exact) ---
Marginals: [0.17687015421114274, 0.019953760157225216, 0.17593125602617146, 0.018975946466676344, 0.07738584846499988, 0.04923825969301551, 0.06444708894564957, 0.04922080997709048]

  ┌─ Depth 4 | Patch (80, 96, 208, 224) | eff_threshold=0.830
  │  θ-only  (before QAOA): [[0.108 0.057]
 [0.107 0.056]]
  │  QAOA    (after  QAOA): [[0.127 0.035]
 [0.12  0.034]]
  │  θ-only  refine: [[0 0]
 [0 0]]
  │  QAOA    refine: [[0 0]
 [0 0]]
  │  Agreement: 4/4 cells
  └─
Transpiling circuit (backend=state_vector, opt_level=0)
  IIIIIIIZ: (0.9922806774711375+0j)
  IIIZIIII: (0.9922806774711375+0j)
  IIIIIIIZ: (2.3025503173658494e-59+0j)
  IIIZIIII: 0j
  IIIIIIZI: (0.8107504339465262+0j)
  IIZIIIII: (0.8107504339465262+0j)
  IIIIIIZI: (-0.23114630318465185+0j)
  IIZIIIII: 0j
  IIIIIZII: (0.9947076882768078+0j)
  IZIIIIII: (0.9947076882768078+0j)
  IIIIIZII: (1.0287161292323188e-64+0j)
  IIIIZIII: (0.8368355190193641+0j)
  ZIIIIIII: (0.8368355190193641+0j)
  IIIIZIII: (-0.12898609537596317+0j)

 

Information about the circuit: 
Number of qubits: 8
 Depth : 7

--- Starting Optimization Loop (method=COBYLA) ---
Iter 10: Cost = -3.65932714256616
Iter 20: Cost = -4.064966756660655
Optimization success: True
Optimal Params: [-0.3650786  -0.38899182 -0.01645171  0.05176045]

--- Final Statevector (exact) ---
Marginals: [0.9886173403883178, 0.02797735882841858, 0.9880776095230192, 0.022893470288191362, 0.9886173632600017, 0.8960607695860117, 0.9880776100748272, 0.933587023597181]

  ┌─ Depth 4 | Patch (96, 112, 192, 208) | eff_threshold=0.830
  │  θ-only  (before QAOA): [[0.636 0.306]
 [0.638 0.321]]
  │  QAOA    (after  QAOA): [[0.989 0.462]
 [0.988 0.478]]
  │  θ-only  refine: [[0 0]
 [0 0]]
  │  QAOA    refine: [[1 0]
 [1 0]]
  │  Agreement: 2/4 cells
  │  Boundary activation: ['left']
  └─
Transpiling circuit (backend=state_vector, opt_level=0)
  IIIIIIIZ: (-0.0003481745069315412+0j)
  IIIZIIII: (-0.0003481745069315412+0j)
  IIIIIIIZ: (-3.107835161631714e-07+0j)
  IIIZIIII: (-0+0j)
  IIIIIIZI: (-0.0005964431305012589+0j)
  IIZIIIII: (-0.0005964431305012589+0j)
  IIZIIIII: (-0+0j)
  IIIIIZII: (-0.0003515956389758664+0j)
  IZIIIIII: (-0.0003515956389758664+0j)
  IIIIIZII: (-2.114935855411267e-07+0j)
  IIIIZIII: (-0.0006047211417486198+0j)
  ZIIIIIII: (-0.0006047211417486198+0j)

 

Information about the circuit: 
Number of qubits: 8
 Depth : 7

--- Starting Optimization Loop (method=COBYLA) ---
Iter 10: Cost = -0.003318845056190145
Optimization success: True
Optimal Params: [0.05       0.05       0.29509363 0.64018726]

--- Final Statevector (exact) ---
Marginals: [0.1748509882618804, 0.017776698060535712, 0.17383343841243012, 0.016518000028529902, 0.06322094556267514, 0.04761442139514257, 0.05732707011235214, 0.0473303222250528]

  ┌─ Depth 4 | Patch (96, 112, 208, 224) | eff_threshold=0.830
  │  θ-only  (before QAOA): [[0.106 0.054]
 [0.105 0.051]]
  │  QAOA    (after  QAOA): [[0.119 0.033]
 [0.116 0.032]]
  │  θ-only  refine: [[0 0]
 [0 0]]
  │  QAOA    refine: [[0 0]
 [0 0]]
  │  Agreement: 4/4 cells
  └─
Transpiling circuit (backend=state_vector, opt_level=0)
  IIIIIIIZ: (0.9988712210783263+0j)
  IIIZIIII: (0.9988712210783263+0j)
  IIIIIIIZ: (1.0852814564263097e-69+0j)
  IIIZIIII: 0j
  IIIIIIZI: (0.895446215924363+0j)
  IIZIIIII: (0.895446215924363+0j)
  IIIIIIZI: (-0.2168477415749918+0j)
  IIZIIIII: 0j
  IIIIIZII: (0.9987964884785878+0j)
  IZIIIIII: (0.9987964884785878+0j)
  IIIIIZII: (8.973563135473463e-72+0j)
  IIIIZIII: (0.9073151439853914+0j)
  ZIIIIIII: (0.9073151439853914+0j)
  IIIIZIII: (-0.15160150512949006+0j)

 

Information about the circuit: 
Number of qubits: 8
 Depth : 7

--- Starting Optimization Loop (method=COBYLA) ---
Iter 10: Cost = -2.6492217403403457
Iter 20: Cost = -4.093924540184135
Iter 30: Cost = -4.142673623895958
Optimization success: True
Optimal Params: [-0.38724344 -0.39269908 -0.0564345   0.23343868]

--- Final Statevector (exact) ---
Marginals: [0.9775639017308754, 0.028527069633398565, 0.9774437811312184, 0.027201000542565443, 0.977563904241193, 0.9568275669455303, 0.977443782224785, 0.9617081414820334]

  ┌─ Depth 4 | Patch (112, 128, 192, 208) | eff_threshold=0.830
  │  θ-only  (before QAOA): [[0.639 0.332]
 [0.639 0.337]]
  │  QAOA    (after  QAOA): [[0.978 0.493]
 [0.977 0.494]]
  │  θ-only  refine: [[0 0]
 [0 0]]
  │  QAOA    refine: [[1 0]
 [1 0]]
  │  Agreement: 2/4 cells
  │  Boundary activation: ['left']
  └─
Transpiling circuit (backend=state_vector, opt_level=0)
  IIIIIIIZ: (-0.0004476269179994442+0j)
  IIIZIIII: (-0.0004476269179994442+0j)
  IIIIIIIZ: (-2.0754900225409896e-07+0j)
  IIIZIIII: (-0+0j)
  IIIIIIZI: (-0.0007810074650965873+0j)
  IIZIIIII: (-0.0007810074650965873+0j)
  IIZIIIII: (-0+0j)
  IIIIIZII: (-0.0004491227130001249+0j)
  IZIIIIII: (-0.0004491227130001249+0j)
  IIIIIZII: (-1.7470491901691286e-07+0j)
  IIIIZIII: (-0.000787772643905368+0j)
  ZIIIIIII: (-0.000787772643905368+0j)

 

Information about the circuit: 
Number of qubits: 8
 Depth : 7

--- Starting Optimization Loop (method=COBYLA) ---
Iter 10: Cost = -0.00434084570674097
Optimization success: True
Optimal Params: [0.05       0.05       0.26149798 0.52299596]

--- Final Statevector (exact) ---
Marginals: [0.17310551240106925, 0.01539803657455813, 0.1732272710948689, 0.01462744109026537, 0.056692825362637554, 0.04574025142984232, 0.05535467000774684, 0.04779868415558106]

  ┌─ Depth 4 | Patch (112, 128, 208, 224) | eff_threshold=0.830
  │  θ-only  (before QAOA): [[0.104 0.05 ]
 [0.105 0.048]]
  │  QAOA    (after  QAOA): [[0.115 0.031]
 [0.114 0.031]]
  │  θ-only  refine: [[0 0]
 [0 0]]
  │  QAOA    refine: [[0 0]
 [0 0]]
  │  Agreement: 4/4 cells
  └─
Transpiling circuit (backend=state_vector, opt_level=0)
  IIIIIIIZ: (0.029415276586119123+0j)
  IIIZIIII: (0.029415276586119123+0j)
  IIIIIIIZ: (-1.8200557600503693e-64+0j)
  IIIZIIII: 0j
  IIIIIIZI: (0.37106338669973504+0j)
  IIZIIIII: (0.37106338669973504+0j)
  IIZIIIII: 0j
  IIIIIZII: (0.02777530839289167+0j)
  IZIIIIII: (0.02777530839289167+0j)
  IIIIIZII: (-2.112320153190884e-62+0j)
  IIIIZIII: (0.36759306380242923+0j)
  ZIIIIIII: (0.36759306380242923+0j)

 

Information about the circuit: 
Number of qubits: 8
 Depth : 7

--- Starting Optimization Loop (method=COBYLA) ---
Iter 10: Cost = -1.456640705764145
Iter 20: Cost = -1.464607605023272
Optimization success: True
Optimal Params: [-0.28941694 -0.3917584  -0.04102831 -0.06124178]

--- Final Statevector (exact) ---
Marginals: [0.006089830250167286, 0.998948007461959, 0.00692148109287582, 0.9990051058853255, 0.892179012344059, 0.9989480030254129, 0.8783891306797322, 0.9990050971771521]

  ┌─ Depth 4 | Patch (128, 144, 48, 64) | eff_threshold=0.830
  │  θ-only  (before QAOA): [[0.322 0.613]
 [0.317 0.611]]
  │  QAOA    (after  QAOA): [[0.449 0.999]
 [0.443 0.999]]
  │  θ-only  refine: [[0 0]
 [0 0]]
  │  QAOA    refine: [[0 1]
 [0 1]]
  │  Agreement: 2/4 cells
  │  Boundary activation: ['right']
  └─
Transpiling circuit (backend=state_vector, opt_level=0)
  IIIIIIIZ: (0.018283587177701024+0j)
  IIIZIIII: (0.018283587177701024+0j)
  IIIIIIIZ: (-4.705065274596542e-57+0j)
  IIIZIIII: 0j
  IIIIIIZI: (0.3353655929107554+0j)
  IIZIIIII: (0.3353655929107554+0j)
  IIZIIIII: 0j
  IIIIIZII: (0.01396612134772767+0j)
  IZIIIIII: (0.01396612134772767+0j)
  IIIIIZII: (-1.7840360953142162e-51+0j)
  IIIIZIII: (0.31938547641910453+0j)
  ZIIIIIII: (0.31938547641910453+0j)

 

Information about the circuit: 
Number of qubits: 8
 Depth : 7

--- Starting Optimization Loop (method=COBYLA) ---
Iter 10: Cost = -1.2691903960574398
Iter 20: Cost = -1.2958384628537687
Optimization success: True
Optimal Params: [-0.2921723  -0.39269908  0.2134024  -0.20310456]

--- Final Statevector (exact) ---
Marginals: [0.009723394639809755, 0.99948602174794, 0.013450471863508538, 0.9995618545157899, 0.8741082845045123, 0.9994860288650512, 0.8282064307060241, 0.9995620119803678]

  ┌─ Depth 4 | Patch (144, 160, 48, 64) | eff_threshold=0.830
  │  θ-only  (before QAOA): [[0.306 0.607]
 [0.29  0.601]]
  │  QAOA    (after  QAOA): [[0.442 0.999]
 [0.421 1.   ]]
  │  θ-only  refine: [[0 0]
 [0 0]]
  │  QAOA    refine: [[0 1]
 [0 1]]
  │  Agreement: 2/4 cells
  │  Boundary activation: ['right']
  └─
Transpiling circuit (backend=state_vector, opt_level=0)
  IIIIIIIZ: (-0.0007436525685719979+0j)
  IIIZIIII: (-0.0007436525685719979+0j)
  IIIIIIIZ: (-2.246321219802378e-45+0j)
  IIIZIIII: 0j
  IIIIIIZI: (0.22721484103621328+0j)
  IIZIIIII: (0.22721484103621328+0j)
  IIZIIIII: 0j
  IIIIIZII: (-0.005162726689367307+0j)
  IZIIIIII: (-0.005162726689367307+0j)
  IIIIIZII: (-2.594149190949608e-41+0j)
  IIIIZIII: (0.20802896922905859+0j)
  ZIIIIIII: (0.20802896922905859+0j)

 

Information about the circuit: 
Number of qubits: 8
 Depth : 7

--- Starting Optimization Loop (method=COBYLA) ---
Iter 10: Cost = -0.75708383101922
Iter 20: Cost = -0.8643222801364766
Optimization success: True
Optimal Params: [-0.2669227  -0.39269908  0.32106894 -0.10857732]

--- Final Statevector (exact) ---
Marginals: [0.012606883174797677, 0.9971052749752142, 0.01830254908807212, 0.9960537235274004, 0.7969071595043246, 0.9971057984747028, 0.7015570220463035, 0.9961407558104066]

  ┌─ Depth 4 | Patch (160, 176, 48, 64) | eff_threshold=0.830
  │  θ-only  (before QAOA): [[0.271 0.633]
 [0.25  0.663]]
  │  QAOA    (after  QAOA): [[0.405 0.997]
 [0.36  0.996]]
  │  θ-only  refine: [[0 0]
 [0 0]]
  │  QAOA    refine: [[0 1]
 [0 1]]
  │  Agreement: 2/4 cells
  │  Boundary activation: ['right']
  └─
Transpiling circuit (backend=state_vector, opt_level=0)
  IIIIIIIZ: (-0.012406120872129951+0j)
  IIIZIIII: (-0.012406120872129951+0j)
  IIIIIIIZ: (-1.6216027572510928e-36+0j)
  IIIZIIII: 0j
  IIIIIIZI: (0.11491454567661656+0j)
  IIZIIIII: (0.11491454567661656+0j)
  IIZIIIII: 0j
  IIIIIZII: (-0.014491185840417503+0j)
  IZIIIIII: (-0.014491185840417503+0j)
  IIIIIZII: (-3.854112324533565e-34+0j)
  IIIIZIII: (0.10461617672763214+0j)
  ZIIIIIII: (0.10461617672763214+0j)

 

Information about the circuit: 
Number of qubits: 8
 Depth : 7

--- Starting Optimization Loop (method=COBYLA) ---
Iter 10: Cost = -0.42493823148315985
Iter 20: Cost = -0.4274130793392318
Optimization success: True
Optimal Params: [-0.23147302 -0.32439355  0.12244288  0.01013463]

--- Final Statevector (exact) ---
Marginals: [0.002850989153572259, 0.9980475913336486, 0.004751526891009466, 0.9987034108568011, 0.6125452887524561, 0.9980812723993233, 0.5276271172170193, 0.8496644680303427]

  ┌─ Depth 4 | Patch (176, 192, 48, 64) | eff_threshold=0.830
  │  θ-only  (before QAOA): [[0.232 0.683]
 [0.219 0.691]]
  │  QAOA    (after  QAOA): [[0.308 0.998]
 [0.266 0.924]]
  │  θ-only  refine: [[0 0]
 [0 0]]
  │  QAOA    refine: [[0 1]
 [0 1]]
  │  Agreement: 2/4 cells
  │  Boundary activation: ['right']
  └─
Transpiling circuit (backend=state_vector, opt_level=0)
  IIIIIIIZ: (0.9991882064285228+0j)
  IIIZIIII: (0.9991882064285228+0j)
  IIIIIIIZ: (5.568888338080804e-72+0j)
  IIIZIIII: 0j
  IIIIIIZI: (0.9160109270140288+0j)
  IIZIIIII: (0.9160109270140288+0j)
  IIIIIIZI: (-0.1541778839760486+0j)
  IIZIIIII: 0j
  IIIIIZII: (0.9991781897926828+0j)
  IZIIIIII: (0.9991781897926828+0j)
  IIIIIZII: (2.930278468025257e-70+0j)
  IIIIZIII: (0.9149135741563221+0j)
  ZIIIIIII: (0.9149135741563221+0j)
  IIIIZIII: (-0.21334149647439976+0j)

 

Information about the circuit: 
Number of qubits: 8
 Depth : 7

--- Starting Optimization Loop (method=COBYLA) ---
Iter 10: Cost = -3.9109491719390874
Iter 20: Cost = -4.1210548083823015
Optimization success: True
Optimal Params: [-0.39269908 -0.36581342 -0.00413194 -0.00704443]

--- Final Statevector (exact) ---
Marginals: [0.986888662718176, 0.01925729904891334, 0.9867944836091302, 0.020563189098041827, 0.9868886626230301, 0.9447205889142104, 0.9867944834253968, 0.9354258822623699]

  ┌─ Depth 4 | Patch (128, 144, 64, 80) | eff_threshold=0.830
  │  θ-only  (before QAOA): [[0.639 0.337]
 [0.64  0.333]]
  │  QAOA    (after  QAOA): [[0.987 0.482]
 [0.987 0.478]]
  │  θ-only  refine: [[0 0]
 [0 0]]
  │  QAOA    refine: [[1 0]
 [1 0]]
  │  Agreement: 2/4 cells
  │  Boundary activation: ['left']
  └─
Transpiling circuit (backend=state_vector, opt_level=0)
  IIIIIIIZ: (-0.0004426819508542559+0j)
  IIIZIIII: (-0.0004426819508542559+0j)
  IIIIIIIZ: (-1.821858958791629e-07+0j)
  IIIZIIII: (-0+0j)
  IIIIIIZI: (-0.0007891007145578817+0j)
  IIZIIIII: (-0.0007891007145578817+0j)
  IIZIIIII: (-0+0j)
  IIIIIZII: (-0.0004449264859981048+0j)
  IZIIIIII: (-0.0004449264859981048+0j)
  IIIIIZII: (-2.140869682455879e-07+0j)
  IIIIZIII: (-0.0007871775004279287+0j)
  ZIIIIIII: (-0.0007871775004279287+0j)

 

Information about the circuit: 
Number of qubits: 8
 Depth : 7

--- Starting Optimization Loop (method=COBYLA) ---
Iter 10: Cost = -0.004320199078208664
Optimization success: True
Optimal Params: [0.04959842 0.05157872 0.27281329 0.57619836]

--- Final Statevector (exact) ---
Marginals: [0.1742240816296731, 0.014324569148371713, 0.17403729702812779, 0.015059724121562847, 0.05489492504846234, 0.047837553639297016, 0.05607356354577081, 0.045815568207149916]

  ┌─ Depth 4 | Patch (128, 144, 80, 96) | eff_threshold=0.830
  │  θ-only  (before QAOA): [[0.105 0.048]
 [0.104 0.049]]
  │  QAOA    (after  QAOA): [[0.115 0.031]
 [0.115 0.03 ]]
  │  θ-only  refine: [[0 0]
 [0 0]]
  │  QAOA    refine: [[0 0]
 [0 0]]
  │  Agreement: 4/4 cells
  └─
Transpiling circuit (backend=state_vector, opt_level=0)
  IIIIIIIZ: (0.9999485303424158+0j)
  IIIZIIII: (0.9999485303424158+0j)
  IIIIIIIZ: (1.149631445406149e-65+0j)
  IIIZIIII: 0j
  IIIIIIZI: (0.8840335264250639+0j)
  IIZIIIII: (0.8840335264250639+0j)
  IIIIIIZI: (-0.12880985216580879+0j)
  IIZIIIII: 0j
  IIIIIZII: (0.9988400060045718+0j)
  IZIIIIII: (0.9988400060045718+0j)
  IIIIIZII: (1.8117837413957553e-60+0j)
  IIIIZIII: (0.8651186194501234+0j)
  ZIIIIIII: (0.8651186194501234+0j)
  IIIIZIII: (-0.2303340971960435+0j)

 

Information about the circuit: 
Number of qubits: 8
 Depth : 7

--- Starting Optimization Loop (method=COBYLA) ---
Iter 10: Cost = -4.026944965163023
Iter 20: Cost = -3.9979165402697427
Optimization success: True
Optimal Params: [-0.39269908 -0.37658527 -0.01953599  0.04160702]

--- Final Statevector (exact) ---
Marginals: [0.9844359425021482, 0.02693045363295574, 0.9848868144348375, 0.03225333143901684, 0.9844359427156308, 0.9390893640301443, 0.9848868218621336, 0.9033934896901636]

  ┌─ Depth 4 | Patch (144, 160, 64, 80) | eff_threshold=0.830
  │  θ-only  (before QAOA): [[0.64  0.323]
 [0.638 0.308]]
  │  QAOA    (after  QAOA): [[0.984 0.483]
 [0.985 0.468]]
  │  θ-only  refine: [[0 0]
 [0 0]]
  │  QAOA    refine: [[1 0]
 [1 0]]
  │  Agreement: 2/4 cells
  │  Boundary activation: ['left']
  └─
Transpiling circuit (backend=state_vector, opt_level=0)
  IIIIIIIZ: (-0.0003587029070216696+0j)
  IIIZIIII: (-0.0003587029070216696+0j)
  IIIIIIIZ: (-2.2161493266414584e-07+0j)
  IIIZIIII: (-0+0j)
  IIIIIIZI: (-0.0006237191406336242+0j)
  IIZIIIII: (-0.0006237191406336242+0j)
  IIZIIIII: (-0+0j)
  IIIIIZII: (-0.00035610219336733106+0j)
  IZIIIIII: (-0.00035610219336733106+0j)
  IIIIIZII: (-3.259322802373908e-07+0j)
  IIIIZIII: (-0.0006162123362037198+0j)
  ZIIIIIII: (-0.0006162123362037198+0j)

 

Information about the circuit: 
Number of qubits: 8
 Depth : 7

--- Starting Optimization Loop (method=COBYLA) ---
Iter 10: Cost = -0.003426837790984516
Optimization success: True
Optimal Params: [0.05025959 0.0500271  0.29437657 0.58379278]

--- Final Statevector (exact) ---
Marginals: [0.17406439198862622, 0.016378587391808017, 0.17506484556238283, 0.017630810658931302, 0.05702576230656611, 0.04733334808287008, 0.06259421670289923, 0.047628468828335206]

  ┌─ Depth 4 | Patch (144, 160, 80, 96) | eff_threshold=0.830
  │  θ-only  (before QAOA): [[0.105 0.051]
 [0.106 0.054]]
  │  QAOA    (after  QAOA): [[0.116 0.032]
 [0.119 0.033]]
  │  θ-only  refine: [[0 0]
 [0 0]]
  │  QAOA    refine: [[0 0]
 [0 0]]
  │  Agreement: 4/4 cells
  └─
Transpiling circuit (backend=state_vector, opt_level=0)
  IIIIIIIZ: (0.9277686250696751+0j)
  IIIZIIII: (0.9277686250696751+0j)
  IIIIIIIZ: (4.920975352679877e-54+0j)
  IIIZIIII: 0j
  IIIIIIZI: (0.7271619488566305+0j)
  IIZIIIII: (0.7271619488566305+0j)
  IIIIIIZI: (-0.1254256009175023+0j)
  IIZIIIII: 0j
  IIIIIZII: (0.9436753254285362+0j)
  IZIIIIII: (0.9436753254285362+0j)
  IIIIIZII: (5.956717137652639e-50+0j)
  IIIIZIII: (0.7010692383334732+0j)
  ZIIIIIII: (0.7010692383334732+0j)
  IIIIZIII: (-0.1929679711568012+0j)

 

Information about the circuit: 
Number of qubits: 8
 Depth : 7

--- Starting Optimization Loop (method=COBYLA) ---
Iter 10: Cost = -2.1018681736042257
Iter 20: Cost = -3.5606909116202963
Iter 30: Cost = -3.592655523539506
Optimization success: True
Optimal Params: [-0.38807485 -0.39269908  0.06147049  0.011636  ]

--- Final Statevector (exact) ---
Marginals: [0.9736836784855586, 0.04559234250578735, 0.9644441021177944, 0.05375234958923325, 0.9736837525097646, 0.9149009848461899, 0.9644759041914895, 0.8302781103428363]

  ┌─ Depth 4 | Patch (160, 176, 64, 80) | eff_threshold=0.830
  │  θ-only  (before QAOA): [[0.652 0.291]
 [0.679 0.273]]
  │  QAOA    (after  QAOA): [[0.974 0.48 ]
 [0.964 0.442]]
  │  θ-only  refine: [[0 0]
 [0 0]]
  │  QAOA    refine: [[1 0]
 [1 0]]
  │  Agreement: 2/4 cells
  │  Boundary activation: ['left']
  └─
Transpiling circuit (backend=state_vector, opt_level=0)
  IIIIIIIZ: (-0.00021296897660675934+0j)
  IIIZIIII: (-0.00021296897660675934+0j)
  IIIIIIIZ: (-3.4141689046570236e-07+0j)
  IIIZIIII: (-0+0j)
  IIIIIIZI: (-0.00036404609108397264+0j)
  IIZIIIII: (-0.00036404609108397264+0j)
  IIZIIIII: (-0+0j)
  IIIIIZII: (-0.00021085056496452794+0j)
  IZIIIIII: (-0.00021085056496452794+0j)
  IIIIIZII: (-4.543420208193689e-07+0j)
  IIIIZIII: (-0.000359282511440317+0j)
  ZIIIIIII: (-0.000359282511440317+0j)

 

Information about the circuit: 
Number of qubits: 8
 Depth : 7

--- Starting Optimization Loop (method=COBYLA) ---
Iter 10: Cost = -0.001992176878177626
Optimization success: True
Optimal Params: [0.05       0.05       0.34437054 0.63874108]

--- Final Statevector (exact) ---
Marginals: [0.17591876266695786, 0.018912879251580545, 0.17685696355334574, 0.01990639973746228, 0.06388251156959533, 0.04923926466272267, 0.0763463707240002, 0.04924285009841636]

  ┌─ Depth 4 | Patch (160, 176, 80, 96) | eff_threshold=0.830
  │  θ-only  (before QAOA): [[0.107 0.056]
 [0.107 0.057]]
  │  QAOA    (after  QAOA): [[0.12  0.034]
 [0.127 0.035]]
  │  θ-only  refine: [[0 0]
 [0 0]]
  │  QAOA    refine: [[0 0]
 [0 0]]
  │  Agreement: 4/4 cells
  └─
Transpiling circuit (backend=state_vector, opt_level=0)
  IIIIIIIZ: (0.7552106672296538+0j)
  IIIZIIII: (0.7552106672296538+0j)
  IIIIIIIZ: (6.818554555471283e-46+0j)
  IIIZIIII: 0j
  IIIIIIZI: (0.4666919155781418+0j)
  IIZIIIII: (0.4666919155781418+0j)
  IIIIIIZI: (-0.10825427320984435+0j)
  IIZIIIII: 0j
  IIIIIZII: (0.7672597286679327+0j)
  IZIIIIII: (0.7672597286679327+0j)
  IIIIIZII: (1.0326523677993114e-43+0j)
  IIIIZIII: (0.4525443207789088+0j)
  ZIIIIIII: (0.4525443207789088+0j)
  IIIIZIII: (-0.12328881263749385+0j)

 

Information about the circuit: 
Number of qubits: 8
 Depth : 7

--- Starting Optimization Loop (method=COBYLA) ---
Iter 10: Cost = -1.9489749899043378
Iter 20: Cost = -2.572028278261229
Optimization success: True
Optimal Params: [-0.38734873 -0.30594672  0.05991597  0.12312834]

--- Final Statevector (exact) ---
Marginals: [0.9792147711706347, 0.02778033371997988, 0.9771106283278632, 0.03179530425595836, 0.9792886118219264, 0.7750595756523395, 0.8992060533181853, 0.6707713521614386]

  ┌─ Depth 4 | Patch (176, 192, 64, 80) | eff_threshold=0.830
  │  θ-only  (before QAOA): [[0.699 0.256]
 [0.707 0.245]]
  │  QAOA    (after  QAOA): [[0.979 0.401]
 [0.938 0.351]]
  │  θ-only  refine: [[0 0]
 [0 0]]
  │  QAOA    refine: [[1 0]
 [1 0]]
  │  Agreement: 2/4 cells
  │  Boundary activation: ['left']
  └─
Transpiling circuit (backend=state_vector, opt_level=0)
  IIIIIIIZ: (-0.0002928821220596861+0j)
  IIIZIIII: (-0.0002928821220596861+0j)
  IIIIIIIZ: (-4.5058526255214793e-07+0j)
  IIIZIIII: (-0+0j)
  IIIIIIZI: (-0.0004957643917923183+0j)
  IIZIIIII: (-0.0004957643917923183+0j)
  IIZIIIII: (-0+0j)
  IIIIIZII: (-0.00029130259490632625+0j)
  IZIIIIII: (-0.00029130259490632625+0j)
  IIIIIZII: (-4.822121071376727e-07+0j)
  IIIIZIII: (-0.0004924637512773055+0j)
  ZIIIIIII: (-0.0004924637512773055+0j)

 

Information about the circuit: 
Number of qubits: 8
 Depth : 7

--- Starting Optimization Loop (method=COBYLA) ---
Iter 10: Cost = -0.0027053295809792576
Optimization success: True
Optimal Params: [-0.00472439  0.06163444  0.29039575  0.60401268]

--- Final Statevector (exact) ---
Marginals: [0.14581017592507223, 0.034562841974137136, 0.1460393403401056, 0.03489106519784477, 0.08882598552748391, 0.051454478424161586, 0.09616798093582313, 0.05150706463834464]

  ┌─ Depth 4 | Patch (176, 192, 80, 96) | eff_threshold=0.830
  │  θ-only  (before QAOA): [[0.108 0.058]
 [0.108 0.059]]
  │  QAOA    (after  QAOA): [[0.117 0.043]
 [0.121 0.043]]
  │  θ-only  refine: [[0 0]
 [0 0]]
  │  QAOA    refine: [[0 0]
 [0 0]]
  │  Agreement: 4/4 cells
  └─
Transpiling circuit (backend=state_vector, opt_level=0)
  IIIIIIIZ: (-0.01717274043077621+0j)
  IIIZIIII: (-0.01717274043077621+0j)
  IIIIIIIZ: (-7.639354174293547e-34+0j)
  IIIZIIII: 0j
  IIIIIIZI: (0.09103275747879148+0j)
  IIZIIIII: (0.09103275747879148+0j)
  IIZIIIII: 0j
  IIIIIZII: (-0.016387826462312943+0j)
  IZIIIIII: (-0.016387826462312943+0j)
  IIIIIZII: (-5.94810588367196e-36+0j)
  IIIIZIII: (0.09512789160375595+0j)
  ZIIIIIII: (0.09512789160375595+0j)

 

Information about the circuit: 
Number of qubits: 8
 Depth : 7

--- Starting Optimization Loop (method=COBYLA) ---
Iter 10: Cost = -0.327408383220837
Iter 20: Cost = -0.36928346256881284
Optimization success: True
Optimal Params: [-0.27211547 -0.30264563  0.18021817 -0.02500055]

--- Final Statevector (exact) ---
Marginals: [0.007955076485463676, 0.999588619571861, 0.0055944239237561205, 0.9992954793004568, 0.5376982687442392, 0.8156186606522906, 0.6115091578239399, 0.999347232441624]

  ┌─ Depth 4 | Patch (192, 208, 48, 64) | eff_threshold=0.830
  │  θ-only  (before QAOA): [[0.218 0.691]
 [0.23  0.684]]
  │  QAOA    (after  QAOA): [[0.273 0.908]
 [0.309 0.999]]
  │  θ-only  refine: [[0 0]
 [0 0]]
  │  QAOA    refine: [[0 1]
 [0 1]]
  │  Agreement: 2/4 cells
  │  Boundary activation: ['right']
  └─
Transpiling circuit (backend=state_vector, opt_level=0)
  IIIIIIIZ: (-0.014277388125468839+0j)
  IIIZIIII: (-0.014277388125468839+0j)
  IIIIIIIZ: (-1.6459795144565784e-40+0j)
  IIIZIIII: 0j
  IIIIIIZI: (0.16587338872958685+0j)
  IIZIIIII: (0.16587338872958685+0j)
  IIZIIIII: 0j
  IIIIIZII: (-0.010523558766398116+0j)
  IZIIIIII: (-0.010523558766398116+0j)
  IIIIIZII: (-1.6650112527375538e-44+0j)
  IIIIZIII: (0.18352756168376544+0j)
  ZIIIIIII: (0.18352756168376544+0j)

 

Information about the circuit: 
Number of qubits: 8
 Depth : 7

--- Starting Optimization Loop (method=COBYLA) ---
Iter 10: Cost = -0.6881037169435268
Iter 20: Cost = -0.7112161276494215
Iter 30: Cost = -0.7115795576111237
Optimization success: True
Optimal Params: [-0.34747624 -0.27781442  0.01758676  0.19145459]

--- Final Statevector (exact) ---
Marginals: [0.010870507058679982, 0.9995645764323975, 0.006592895585255417, 0.9989788504038285, 0.6651342798680784, 0.9996141131197865, 0.7658597594231135, 0.9989791330617345]

  ┌─ Depth 4 | Patch (208, 224, 48, 64) | eff_threshold=0.830
  │  θ-only  (before QAOA): [[0.248 0.665]
 [0.268 0.635]]
  │  QAOA    (after  QAOA): [[0.338 1.   ]
 [0.386 0.999]]
  │  θ-only  refine: [[0 0]
 [0 0]]
  │  QAOA    refine: [[0 1]
 [0 1]]
  │  Agreement: 2/4 cells
  │  Boundary activation: ['right']
  └─
Transpiling circuit (backend=state_vector, opt_level=0)
  IIIIIIIZ: (0.002773249493395646+0j)
  IIIZIIII: (0.002773249493395646+0j)
  IIIIIIIZ: (-2.0766272520617408e-50+0j)
  IIIZIIII: 0j
  IIIIIIZI: (0.2738841066726069+0j)
  IIZIIIII: (0.2738841066726069+0j)
  IIZIIIII: 0j
  IIIIIZII: (0.007787934936233273+0j)
  IZIIIIII: (0.007787934936233273+0j)
  IIIIIZII: (-4.28763828685035e-56+0j)
  IIIIZIII: (0.2942893032641892+0j)
  ZIIIIIII: (0.2942893032641892+0j)

 

Information about the circuit: 
Number of qubits: 8
 Depth : 7

--- Starting Optimization Loop (method=COBYLA) ---
Iter 10: Cost = -1.1283388267489052
Iter 20: Cost = -1.1291681990218045
Optimization success: True
Optimal Params: [-0.38810674 -0.28248828 -0.08166813  0.13954728]

--- Final Statevector (exact) ---
Marginals: [0.0109170019400085, 0.9997732599378263, 0.007472441753982011, 0.9999143811243888, 0.8118886224911727, 0.9997732467352908, 0.8619886141779772, 0.9999143805944056]

  ┌─ Depth 4 | Patch (224, 240, 48, 64) | eff_threshold=0.830
  │  θ-only  (before QAOA): [[0.288 0.6  ]
 [0.304 0.606]]
  │  QAOA    (after  QAOA): [[0.411 1.   ]
 [0.435 1.   ]]
  │  θ-only  refine: [[0 0]
 [0 0]]
  │  QAOA    refine: [[0 1]
 [0 1]]
  │  Agreement: 2/4 cells
  │  Boundary activation: ['right']
  └─
Transpiling circuit (backend=state_vector, opt_level=0)
  IIIIIIIZ: (0.021166126006840622+0j)
  IIIZIIII: (0.021166126006840622+0j)
  IIIIIIIZ: (-8.224644620097674e-62+0j)
  IIIZIIII: 0j
  IIIIIIZI: (0.347182839021988+0j)
  IIZIIIII: (0.347182839021988+0j)
  IIZIIIII: 0j
  IIIIIZII: (0.024527783888628706+0j)
  IZIIIIII: (0.024527783888628706+0j)
  IIIIIZII: (-2.9724972315327637e-64+0j)
  IIIIZIII: (0.35829596982011125+0j)
  ZIIIIIII: (0.35829596982011125+0j)

 

Information about the circuit: 
Number of qubits: 8
 Depth : 7

--- Starting Optimization Loop (method=COBYLA) ---
Iter 10: Cost = -1.3841621495551242
Iter 20: Cost = -1.4003157105945063
Optimization success: True
Optimal Params: [-0.34140462 -0.35933361  0.16950102 -0.16568625]

--- Final Statevector (exact) ---
Marginals: [0.010788754044242477, 0.998988611889317, 0.009562487621058635, 0.9987813513959037, 0.8869520158807812, 0.9989886183946224, 0.9030626029837076, 0.9987813543223963]

  ┌─ Depth 4 | Patch (240, 256, 48, 64) | eff_threshold=0.830
  │  θ-only  (before QAOA): [[0.316 0.61 ]
 [0.321 0.613]]
  │  QAOA    (after  QAOA): [[0.449 0.999]
 [0.456 0.999]]
  │  θ-only  refine: [[0 0]
 [0 0]]
  │  QAOA    refine: [[0 1]
 [0 1]]
  │  Agreement: 2/4 cells
  │  Boundary activation: ['right']
  └─
Transpiling circuit (backend=state_vector, opt_level=0)
  IIIIIIIZ: (1+0j)
  IIIZIIII: (1+0j)
  IIIIIIIZ: (8.272767409515156e-47+0j)
  IIIZIIII: 0j
  IIIIIIZI: (0.4336571224806105+0j)
  IIZIIIII: (0.4336571224806105+0j)
  IIIIIIZI: (-0.1222387884506602+0j)
  IIZIIIII: 0j
  IIIIIZII: (0.7755745515027428+0j)
  IZIIIIII: (0.7755745515027428+0j)
  IIIIIZII: (2.4430905497711412e-45+0j)
  IIIIZIII: (0.4390967929072361+0j)
  ZIIIIIII: (0.4390967929072361+0j)
  IIIIZIII: (-0.10929011032141989+0j)

 

Information about the circuit: 
Number of qubits: 8
 Depth : 7

--- Starting Optimization Loop (method=COBYLA) ---
Iter 10: Cost = -2.7031404290984713
Iter 20: Cost = -2.7881034568409335
Optimization success: True
Optimal Params: [-0.28536692 -0.28214503  0.25155545  0.0261807 ]

--- Final Statevector (exact) ---
Marginals: [0.920395419336156, 0.007945294740886982, 0.9647387681998771, 0.007606012930438809, 0.9359245465676029, 0.6279503017519198, 0.9649564435047396, 0.7058326116455435]

  ┌─ Depth 4 | Patch (192, 208, 64, 80) | eff_threshold=0.830
  │  θ-only  (before QAOA): [[0.866 0.244]
 [0.7   0.254]]
  │  QAOA    (after  QAOA): [[0.928 0.318]
 [0.965 0.357]]
  │  θ-only  refine: [[1 0]
 [0 0]]
  │  QAOA    refine: [[1 0]
 [1 0]]
  │  Agreement: 3/4 cells
  │  Boundary activation: ['left']
  └─
Transpiling circuit (backend=state_vector, opt_level=0)
  IIIIIIIZ: (0.9942656890867884+0j)
  IIIZIIII: (0.9942656890867884+0j)
  IIIIIIIZ: (3.602171622318167e-49+0j)
  IIIZIIII: 0j
  IIIIIIZI: (0.6408667752876851+0j)
  IIZIIIII: (0.6408667752876851+0j)
  IIIIIIZI: (-0.19061242839558357+0j)
  IIZIIIII: 0j
  IIIIIZII: (0.9683078910759197+0j)
  IZIIIIII: (0.9683078910759197+0j)
  IIIIIZII: (4.941026642114227e-53+0j)
  IIIIZIII: (0.6649858716270378+0j)
  ZIIIIIII: (0.6649858716270378+0j)
  IIIIZIII: (-0.12686546076997868+0j)

 

Information about the circuit: 
Number of qubits: 8
 Depth : 7

--- Starting Optimization Loop (method=COBYLA) ---
Iter 10: Cost = -3.6392584482894486
Iter 20: Cost = -3.769282543061933
Optimization success: True
Optimal Params: [-0.38639746 -0.39269908 -0.05931816  0.14417121]

--- Final Statevector (exact) ---
Marginals: [0.9702704711503667, 0.05250989290482539, 0.9792769108994045, 0.04372330254348582, 0.9703018722044006, 0.7963867344404298, 0.9792769757669693, 0.8945559433978454]

  ┌─ Depth 4 | Patch (208, 224, 64, 80) | eff_threshold=0.830
  │  θ-only  (before QAOA): [[0.681 0.27 ]
 [0.652 0.288]]
  │  QAOA    (after  QAOA): [[0.97  0.424]
 [0.979 0.469]]
  │  θ-only  refine: [[0 0]
 [0 0]]
  │  QAOA    refine: [[1 0]
 [1 0]]
  │  Agreement: 2/4 cells
  │  Boundary activation: ['left']
  └─
Transpiling circuit (backend=state_vector, opt_level=0)
  IIIIIIIZ: (0.9922804067433267+0j)
  IIIZIIII: (0.9922804067433267+0j)
  IIIIIIIZ: (2.302344870293743e-59+0j)
  IIIZIIII: 0j
  IIIIIIZI: (0.8107504114653133+0j)
  IIZIIIII: (0.8107504114653133+0j)
  IIIIIIZI: (-0.2311460148706353+0j)
  IIZIIIII: 0j
  IIIIIZII: (0.994707583258707+0j)
  IZIIIIII: (0.994707583258707+0j)
  IIIIIZII: (1.0285673500585772e-64+0j)
  IIIIZIII: (0.836835575870414+0j)
  ZIIIIIII: (0.836835575870414+0j)
  IIIIZIII: (-0.12898599763762364+0j)

 

Information about the circuit: 
Number of qubits: 8
 Depth : 7

--- Starting Optimization Loop (method=COBYLA) ---
Iter 10: Cost = -3.4414693865819115
Iter 20: Cost = -3.9623272932044573
Optimization success: True
Optimal Params: [-0.39269908 -0.33449978  0.05618937  0.1247265 ]

--- Final Statevector (exact) ---
Marginals: [0.9780180367548683, 0.024679790274223772, 0.97758968437172, 0.023008818709160158, 0.978018186352883, 0.9105250470791876, 0.9775896880024797, 0.9371701428201585]

  ┌─ Depth 4 | Patch (224, 240, 64, 80) | eff_threshold=0.830
  │  θ-only  (before QAOA): [[0.636 0.306]
 [0.638 0.321]]
  │  QAOA    (after  QAOA): [[0.978 0.468]
 [0.978 0.48 ]]
  │  θ-only  refine: [[0 0]
 [0 0]]
  │  QAOA    refine: [[1 0]
 [1 0]]
  │  Agreement: 2/4 cells
  │  Boundary activation: ['left']
  └─
Transpiling circuit (backend=state_vector, opt_level=0)
  IIIIIIIZ: (-0.00034815348886292093+0j)
  IIIZIIII: (-0.00034815348886292093+0j)
  IIIIIIIZ: (-3.1073743660878413e-07+0j)
  IIIZIIII: (-0+0j)
  IIIIIIZI: (-0.0005964070213566291+0j)
  IIZIIIII: (-0.0005964070213566291+0j)
  IIZIIIII: (-0+0j)
  IIIIIZII: (-0.0003515745911983872+0j)
  IZIIIIII: (-0.0003515745911983872+0j)
  IIIIIZII: (-2.1146352187506876e-07+0j)
  IIIIZIII: (-0.000604684731914052+0j)
  ZIIIIIII: (-0.000604684731914052+0j)

 

Information about the circuit: 
Number of qubits: 8
 Depth : 7

--- Starting Optimization Loop (method=COBYLA) ---
Iter 10: Cost = -0.003277937925471525
Optimization success: True
Optimal Params: [0.04689528 0.0354736  0.3712865  0.52302335]

--- Final Statevector (exact) ---
Marginals: [0.16166195937031508, 0.022734948862342248, 0.16067578300071342, 0.021311977203478216, 0.07015819910903019, 0.0480329852409097, 0.06481668300655143, 0.04819519629953379]

  ┌─ Depth 4 | Patch (224, 240, 80, 96) | eff_threshold=0.830
  │  θ-only  (before QAOA): [[0.106 0.054]
 [0.105 0.051]]
  │  QAOA    (after  QAOA): [[0.116 0.035]
 [0.113 0.035]]
  │  θ-only  refine: [[0 0]
 [0 0]]
  │  QAOA    refine: [[0 0]
 [0 0]]
  │  Agreement: 4/4 cells
  └─
Transpiling circuit (backend=state_vector, opt_level=0)
  IIIIIIIZ: (0.998871061640185+0j)
  IIIZIIII: (0.998871061640185+0j)
  IIIIIIIZ: (1.0850666817800593e-69+0j)
  IIIZIIII: 0j
  IIIIIIZI: (0.8954462815230948+0j)
  IIZIIIII: (0.8954462815230948+0j)
  IIIIIIZI: (-0.21684778938952992+0j)
  IIZIIIII: 0j
  IIIIIZII: (0.9987963354373206+0j)
  IZIIIIII: (0.9987963354373206+0j)
  IIIIIZII: (8.971490994019146e-72+0j)
  IIIIZIII: (0.9073152402204754+0j)
  ZIIIIIII: (0.9073152402204754+0j)
  IIIIZIII: (-0.1516016040695186+0j)

 

Information about the circuit: 
Number of qubits: 8
 Depth : 7

--- Starting Optimization Loop (method=COBYLA) ---
Iter 10: Cost = -3.382920932413549
Iter 20: Cost = -4.065067546449156
Iter 30: Cost = -4.04197585203646
Optimization success: True
Optimal Params: [-0.39269908 -0.38599712 -0.15109397  0.36932811]

--- Final Statevector (exact) ---
Marginals: [0.9864485774196562, 0.022491018014102852, 0.9863712428765343, 0.02022441672040054, 0.9864485796791843, 0.9416068480709783, 0.9863712438626091, 0.9477278829066915]

  ┌─ Depth 4 | Patch (240, 256, 64, 80) | eff_threshold=0.830
  │  θ-only  (before QAOA): [[0.639 0.332]
 [0.639 0.337]]
  │  QAOA    (after  QAOA): [[0.986 0.482]
 [0.986 0.484]]
  │  θ-only  refine: [[0 0]
 [0 0]]
  │  QAOA    refine: [[1 0]
 [1 0]]
  │  Agreement: 2/4 cells
  │  Boundary activation: ['left']
  └─
Transpiling circuit (backend=state_vector, opt_level=0)
  IIIIIIIZ: (-0.0004476055611204744+0j)
  IIIZIIII: (-0.0004476055611204744+0j)
  IIIIIIIZ: (-2.0752841023244107e-07+0j)
  IIIZIIII: (-0+0j)
  IIIIIIZI: (-0.0007809696283299383+0j)
  IIZIIIII: (-0.0007809696283299383+0j)
  IIZIIIII: (-0+0j)
  IIIIIZII: (-0.000449101411812781+0j)
  IZIIIIII: (-0.000449101411812781+0j)
  IIIIIZII: (-1.7468794977984035e-07+0j)
  IIIIZIII: (-0.000787734643798173+0j)
  ZIIIIIII: (-0.000787734643798173+0j)

 

Information about the circuit: 
Number of qubits: 8
 Depth : 7

--- Starting Optimization Loop (method=COBYLA) ---
Iter 10: Cost = -0.004328709793755159
Optimization success: True
Optimal Params: [0.04715706 0.         0.26561074 0.52299525]

--- Final Statevector (exact) ---
Marginals: [0.13501876911422336, 0.031090656055677856, 0.13512872508236123, 0.030000138984231803, 0.08000369930395654, 0.046314182265626114, 0.07924985735644903, 0.04568268107543714]

  ┌─ Depth 4 | Patch (240, 256, 80, 96) | eff_threshold=0.830
  │  θ-only  (before QAOA): [[0.104 0.05 ]
 [0.105 0.048]]
  │  QAOA    (after  QAOA): [[0.108 0.039]
 [0.107 0.038]]
  │  θ-only  refine: [[0 0]
 [0 0]]
  │  QAOA    refine: [[0 0]
 [0 0]]
  │  Agreement: 4/4 cells
  └─
Transpiling circuit (backend=state_vector, opt_level=0)
  IIIIIIIZ: (0.030121141314857457+0j)
  IIIZIIII: (0.030121141314857457+0j)
  IIIIIIIZ: (-2.140829342183717e-64+0j)
  IIIZIIII: 0j
  IIIIIIZI: (0.3716394087235711+0j)
  IIZIIIII: (0.3716394087235711+0j)
  IIZIIIII: 0j
  IIIIIZII: (0.030358233258456234+0j)
  IZIIIIII: (0.030358233258456234+0j)
  IIIIIZII: (-2.5075491103993027e-62+0j)
  IIIIZIII: (0.37118901614084554+0j)
  ZIIIIIII: (0.37118901614084554+0j)

 

Information about the circuit: 
Number of qubits: 8
 Depth : 7

--- Starting Optimization Loop (method=COBYLA) ---
Iter 10: Cost = -1.4664091198141096
Iter 20: Cost = -1.468130481704506
Optimization success: True
Optimal Params: [-0.27291642 -0.39269908 -0.1113616   0.019733  ]

--- Final Statevector (exact) ---
Marginals: [0.003886948996421243, 0.998736861221618, 0.004138757105238186, 0.9986116272063126, 0.883717030921172, 0.9987368561982529, 0.8810821213831521, 0.9986116050809114]

  ┌─ Depth 4 | Patch (128, 144, 176, 192) | eff_threshold=0.830
  │  θ-only  (before QAOA): [[0.322 0.613]
 [0.32  0.606]]
  │  QAOA    (after  QAOA): [[0.444 0.999]
 [0.443 0.999]]
  │  θ-only  refine: [[0 0]
 [0 0]]
  │  QAOA    refine: [[0 1]
 [0 1]]
  │  Agreement: 2/4 cells
  │  Boundary activation: ['right']
  └─
Transpiling circuit (backend=state_vector, opt_level=0)
  IIIIIIIZ: (0.028909257643693367+0j)
  IIIZIIII: (0.028909257643693367+0j)
  IIIIIIIZ: (-9.255280246224439e-57+0j)
  IIIZIIII: 0j
  IIIIIIZI: (0.36436352012676343+0j)
  IIZIIIII: (0.36436352012676343+0j)
  IIZIIIII: 0j
  IIIIIZII: (0.026462936467196826+0j)
  IZIIIIII: (0.026462936467196826+0j)
  IIIIIZII: (-1.973274979429269e-51+0j)
  IIIIZIII: (0.3504666630124215+0j)
  ZIIIIIII: (0.3504666630124215+0j)

 

Information about the circuit: 
Number of qubits: 8
 Depth : 7

--- Starting Optimization Loop (method=COBYLA) ---
Iter 10: Cost = -1.4075364568311557
Iter 20: Cost = -1.4162898882853145
Optimization success: True
Optimal Params: [-0.34550576 -0.34352079  0.10506961 -0.0745313 ]

--- Final Statevector (exact) ---
Marginals: [0.00926335625711206, 0.9995821120024605, 0.012311108807082754, 0.9995027545625369, 0.8900346876282241, 0.9995821273894269, 0.859512092609796, 0.9995032556465094]

  ┌─ Depth 4 | Patch (144, 160, 176, 192) | eff_threshold=0.830
  │  θ-only  (before QAOA): [[0.312 0.594]
 [0.298 0.586]]
  │  QAOA    (after  QAOA): [[0.45  1.   ]
 [0.436 1.   ]]
  │  θ-only  refine: [[0 0]
 [0 0]]
  │  QAOA    refine: [[0 1]
 [0 1]]
  │  Agreement: 2/4 cells
  │  Boundary activation: ['right']
  └─
Transpiling circuit (backend=state_vector, opt_level=0)
  IIIIIIIZ: (0.01381681863873868+0j)
  IIIZIIII: (0.01381681863873868+0j)
  IIIIIIIZ: (-9.069045248838214e-46+0j)
  IIIZIIII: 0j
  IIIIIIZI: (0.25822653889244446+0j)
  IIZIIIII: (0.25822653889244446+0j)
  IIZIIIII: 0j
  IIIIIZII: (0.010135729601511536+0j)
  IZIIIIII: (0.010135729601511536+0j)
  IIIIIZII: (-4.284713447538544e-42+0j)
  IIIIZIII: (0.2392581445358915+0j)
  ZIIIIIII: (0.2392581445358915+0j)

 

Information about the circuit: 
Number of qubits: 8
 Depth : 7

--- Starting Optimization Loop (method=COBYLA) ---
Iter 10: Cost = -0.9790567359600012
Iter 20: Cost = -0.9838307536057085
Optimization success: True
Optimal Params: [-0.39269908 -0.26522053  0.08701012 -0.01145482]

--- Final Statevector (exact) ---
Marginals: [0.00987366512813892, 0.9993946515614349, 0.014634348558499974, 0.9993887168834041, 0.8273755731582864, 0.9993953356956289, 0.7423235094690553, 0.9994699189108054]

  ┌─ Depth 4 | Patch (160, 176, 176, 192) | eff_threshold=0.830
  │  θ-only  (before QAOA): [[0.281 0.613]
 [0.261 0.642]]
  │  QAOA    (after  QAOA): [[0.419 0.999]
 [0.378 0.999]]
  │  θ-only  refine: [[0 0]
 [0 0]]
  │  QAOA    refine: [[0 1]
 [0 1]]
  │  Agreement: 2/4 cells
  │  Boundary activation: ['right']
  └─
Transpiling circuit (backend=state_vector, opt_level=0)
  IIIIIIIZ: (-0.0001929521562874007+0j)
  IIIZIIII: (-0.0001929521562874007+0j)
  IIIIIIIZ: (-6.963078629380131e-38+0j)
  IIIZIIII: 0j
  IIIIIIZI: (0.14454152301214046+0j)
  IIZIIIII: (0.14454152301214046+0j)
  IIZIIIII: 0j
  IIIIIZII: (-0.002281970501233728+0j)
  IZIIIIII: (-0.002281970501233728+0j)
  IIIIIZII: (-1.0180321489493941e-35+0j)
  IIIIZIII: (0.13332894691435898+0j)
  ZIIIIIII: (0.13332894691435898+0j)

 

Information about the circuit: 
Number of qubits: 8
 Depth : 7

--- Starting Optimization Loop (method=COBYLA) ---
Iter 10: Cost = -0.3366809076189612
Iter 20: Cost = -0.5148102893146757
Optimization success: True
Optimal Params: [-0.39269908 -0.17973502  0.19096576  0.33586048]

--- Final Statevector (exact) ---
Marginals: [0.0031743847817650027, 0.9956916869941008, 0.005105313157889168, 0.9967055903653808, 0.6649228227052275, 0.9959566678370604, 0.5637107078818266, 0.856875806842796]

  ┌─ Depth 4 | Patch (176, 192, 176, 192) | eff_threshold=0.830
  │  θ-only  (before QAOA): [[0.244 0.661]
 [0.231 0.669]]
  │  QAOA    (after  QAOA): [[0.334 0.996]
 [0.284 0.927]]
  │  θ-only  refine: [[0 0]
 [0 0]]
  │  QAOA    refine: [[0 1]
 [0 1]]
  │  Agreement: 2/4 cells
  │  Boundary activation: ['right']
  └─
Transpiling circuit (backend=state_vector, opt_level=0)
  IIIIIIIZ: (0.9994393303437127+0j)
  IIIZIIII: (0.9994393303437127+0j)
  IIIIIIIZ: (8.39095125269527e-72+0j)
  IIIZIIII: 0j
  IIIIIIZI: (0.9172628699259349+0j)
  IIZIIIII: (0.9172628699259349+0j)
  IIIIIIZI: (-0.16762312960953038+0j)
  IIZIIIII: 0j
  IIIIIZII: (0.9949175078298474+0j)
  IZIIIIII: (0.9949175078298474+0j)
  IIIIIZII: (8.646244124954718e-70+0j)
  IIIIZIII: (0.9137548518417187+0j)
  ZIIIIIII: (0.9137548518417187+0j)
  IIIIZIII: (-0.17142103708193004+0j)

 

Information about the circuit: 
Number of qubits: 8
 Depth : 7

--- Starting Optimization Loop (method=COBYLA) ---
Iter 10: Cost = -2.845952454955569
Iter 20: Cost = -4.059979036377648
Optimization success: True
Optimal Params: [-0.33074738 -0.39269908  0.21377095 -0.17554573]

--- Final Statevector (exact) ---
Marginals: [0.9881644309066557, 0.013417603595166075, 0.9889809324357651, 0.013697483183860493, 0.9881644318555903, 0.941574662128452, 0.9889809383605959, 0.9400651952841607]

  ┌─ Depth 4 | Patch (128, 144, 192, 208) | eff_threshold=0.830
  │  θ-only  (before QAOA): [[0.639 0.337]
 [0.633 0.336]]
  │  QAOA    (after  QAOA): [[0.988 0.477]
 [0.989 0.477]]
  │  θ-only  refine: [[0 0]
 [0 0]]
  │  QAOA    refine: [[1 0]
 [1 0]]
  │  Agreement: 2/4 cells
  │  Boundary activation: ['left']
  └─
Transpiling circuit (backend=state_vector, opt_level=0)
  IIIIIIIZ: (0.9984644569380552+0j)
  IIIZIIII: (0.9984644569380552+0j)
  IIIIIIIZ: (8.934687606596915e-65+0j)
  IIIZIIII: 0j
  IIIIIIZI: (0.9017541937576894+0j)
  IIZIIIII: (0.9017541937576894+0j)
  IIIIIIZI: (-0.13070026379642113+0j)
  IIZIIIII: 0j
  IIIIIZII: (0.9923486797012812+0j)
  IZIIIIII: (0.9923486797012812+0j)
  IIIIIZII: (9.04582396068589e-60+0j)
  IIIIZIII: (0.881386479323025+0j)
  ZIIIIIII: (0.881386479323025+0j)
  IIIIZIII: (-0.20256397503897972+0j)

 

Information about the circuit: 
Number of qubits: 8
 Depth : 7

--- Starting Optimization Loop (method=COBYLA) ---
Iter 10: Cost = -3.359493069630445
Iter 20: Cost = -4.122365499010699
Iter 30: Cost = -4.101520338597526
Optimization success: True
Optimal Params: [-0.39139742 -0.39269908  0.19037242 -0.22149664]

--- Final Statevector (exact) ---
Marginals: [0.9886193786611273, 0.02592520546171269, 0.9897265922872055, 0.031125199323912292, 0.9886193816694308, 0.9508485732918809, 0.9897267735507811, 0.9304577993553634]

  ┌─ Depth 4 | Patch (144, 160, 192, 208) | eff_threshold=0.830
  │  θ-only  (before QAOA): [[0.625 0.328]
 [0.619 0.316]]
  │  QAOA    (after  QAOA): [[0.989 0.488]
 [0.99  0.481]]
  │  θ-only  refine: [[0 0]
 [0 0]]
  │  QAOA    refine: [[1 0]
 [1 0]]
  │  Agreement: 2/4 cells
  │  Boundary activation: ['left']
  └─
Transpiling circuit (backend=state_vector, opt_level=0)
  IIIIIIIZ: (0.9264586145596748+0j)
  IIIZIIII: (0.9264586145596748+0j)
  IIIIIIIZ: (1.2308955328632797e-53+0j)
  IIIZIIII: 0j
  IIIIIIZI: (0.7554932616809878+0j)
  IIZIIIII: (0.7554932616809878+0j)
  IIIIIIZI: (-0.10852667869556455+0j)
  IIZIIIII: 0j
  IIIIIZII: (0.9431940799516241+0j)
  IZIIIIII: (0.9431940799516241+0j)
  IIIIIZII: (5.841530278064273e-50+0j)
  IIIIZIII: (0.7301708904665496+0j)
  ZIIIIIII: (0.7301708904665496+0j)
  IIIIZIII: (-0.1738283722128526+0j)

 

Information about the circuit: 
Number of qubits: 8
 Depth : 7

--- Starting Optimization Loop (method=COBYLA) ---
Iter 10: Cost = -3.576203688022079
Iter 20: Cost = -3.6739458944387167
Optimization success: True
Optimal Params: [-0.39269908 -0.39269908  0.01520397  0.15614584]

--- Final Statevector (exact) ---
Marginals: [0.972897680348041, 0.0455887531427892, 0.9656775629645822, 0.05214882891631754, 0.9728984855613179, 0.9437452923295129, 0.9659012765514157, 0.8840990199970898]

  ┌─ Depth 4 | Patch (160, 176, 192, 208) | eff_threshold=0.830
  │  θ-only  (before QAOA): [[0.629 0.3  ]
 [0.654 0.283]]
  │  QAOA    (after  QAOA): [[0.973 0.495]
 [0.966 0.468]]
  │  θ-only  refine: [[0 0]
 [0 0]]
  │  QAOA    refine: [[1 0]
 [1 0]]
  │  Agreement: 2/4 cells
  │  Boundary activation: ['left']
  └─
Transpiling circuit (backend=state_vector, opt_level=0)
  IIIIIIIZ: (0.7940342615329457+0j)
  IIIZIIII: (0.7940342615329457+0j)
  IIIIIIIZ: (1.905305991356071e-46+0j)
  IIIZIIII: 0j
  IIIIIIZI: (0.5170441815980548+0j)
  IIZIIIII: (0.5170441815980548+0j)
  IIIIIIZI: (-0.09361866669274094+0j)
  IIZIIIII: 0j
  IIIIIZII: (0.8068771288143957+0j)
  IZIIIIII: (0.8068771288143957+0j)
  IIIIIZII: (1.7370028440855077e-44+0j)
  IIIIZIII: (0.5035336837242154+0j)
  ZIIIIIII: (0.5035336837242154+0j)
  IIIIZIII: (-0.1147579386956472+0j)

 

Information about the circuit: 
Number of qubits: 8
 Depth : 7

--- Starting Optimization Loop (method=COBYLA) ---
Iter 10: Cost = -2.6979583060687977
Iter 20: Cost = -2.6859373834385063
Optimization success: True
Optimal Params: [-0.28799219 -0.38674249  0.31099887 -0.17464779]

--- Final Statevector (exact) ---
Marginals: [0.9766781581729738, 0.02182412991598502, 0.9751773220638333, 0.024369996336562286, 0.9770812607859615, 0.8140572715541492, 0.9227306433975733, 0.7055681409126512]

  ┌─ Depth 4 | Patch (176, 192, 192, 208) | eff_threshold=0.830
  │  θ-only  (before QAOA): [[0.674 0.268]
 [0.681 0.257]]
  │  QAOA    (after  QAOA): [[0.977 0.418]
 [0.949 0.365]]
  │  θ-only  refine: [[0 0]
 [0 0]]
  │  QAOA    refine: [[1 0]
 [1 0]]
  │  Agreement: 2/4 cells
  │  Boundary activation: ['left']
  └─
Transpiling circuit (backend=state_vector, opt_level=0)
  IIIIIIIZ: (-0.005033167113076825+0j)
  IIIZIIII: (-0.005033167113076825+0j)
  IIIIIIIZ: (-1.9456097785409074e-35+0j)
  IIIZIIII: 0j
  IIIIIIZI: (0.1184050874024208+0j)
  IIZIIIII: (0.1184050874024208+0j)
  IIZIIIII: 0j
  IIIIIZII: (-0.004227216512654237+0j)
  IZIIIIII: (-0.004227216512654237+0j)
  IIIIIZII: (-2.4168209934157483e-37+0j)
  IIIIZIII: (0.12289466700381174+0j)
  ZIIIIIII: (0.12289466700381174+0j)

 

Information about the circuit: 
Number of qubits: 8
 Depth : 7

--- Starting Optimization Loop (method=COBYLA) ---
Iter 10: Cost = -0.42259214762652253
Iter 20: Cost = -0.4382532545974503
Optimization success: True
Optimal Params: [-0.39269908 -0.1431954  -0.01234553  0.20116007]

--- Final Statevector (exact) ---
Marginals: [0.0013230897169448014, 0.9939476284671548, 0.0004987394142242445, 0.9927845039049402, 0.5381893327874063, 0.8090418593879115, 0.6222578421427076, 0.9928167477716933]

  ┌─ Depth 4 | Patch (192, 208, 176, 192) | eff_threshold=0.830
  │  θ-only  (before QAOA): [[0.229 0.669]
 [0.241 0.662]]
  │  QAOA    (after  QAOA): [[0.27  0.901]
 [0.311 0.993]]
  │  θ-only  refine: [[0 0]
 [0 0]]
  │  QAOA    refine: [[0 1]
 [0 1]]
  │  Agreement: 2/4 cells
  │  Boundary activation: ['right']
  └─
Transpiling circuit (backend=state_vector, opt_level=0)
  IIIIIIIZ: (0.0019344304409710574+0j)
  IIIZIIII: (0.0019344304409710574+0j)
  IIIIIIIZ: (-2.500048587830105e-41+0j)
  IIIZIIII: 0j
  IIIIIIZI: (0.19644830813088496+0j)
  IIZIIIII: (0.19644830813088496+0j)
  IIZIIIII: 0j
  IIIIIZII: (0.005359015714588093+0j)
  IZIIIIII: (0.005359015714588093+0j)
  IIIIIZII: (-6.136933024665816e-45+0j)
  IIIIZIII: (0.21446415824997414+0j)
  ZIIIIIII: (0.21446415824997414+0j)

 

Information about the circuit: 
Number of qubits: 8
 Depth : 7

--- Starting Optimization Loop (method=COBYLA) ---
Iter 10: Cost = -0.7930713402122691
Iter 20: Cost = -0.8115611365124722
Optimization success: True
Optimal Params: [-0.38310067 -0.31957869  0.13346356  0.20013205]

--- Final Statevector (exact) ---
Marginals: [0.028292835072538165, 0.9938303161838586, 0.021510596048385577, 0.9961204058519907, 0.7514454384759577, 0.9941367735188074, 0.8452659131264283, 0.9961228179592823]

  ┌─ Depth 4 | Patch (208, 224, 176, 192) | eff_threshold=0.830
  │  θ-only  (before QAOA): [[0.259 0.643]
 [0.278 0.614]]
  │  QAOA    (after  QAOA): [[0.39  0.994]
 [0.433 0.996]]
  │  θ-only  refine: [[0 0]
 [0 0]]
  │  QAOA    refine: [[0 1]
 [0 1]]
  │  Agreement: 2/4 cells
  │  Boundary activation: ['right']
  └─
Transpiling circuit (backend=state_vector, opt_level=0)
  IIIIIIIZ: (1+0j)
  IIIZIIII: (1+0j)
  IIIIIIIZ: (9.679472828203326e-47+0j)
  IIIZIIII: 0j
  IIIIIIZI: (0.4855768998939943+0j)
  IIZIIIII: (0.4855768998939943+0j)
  IIIIIIZI: (-0.11338461158589523+0j)
  IIZIIIII: 0j
  IIIIIZII: (0.8157100535041549+0j)
  IZIIIIII: (0.8157100535041549+0j)
  IIIIIZII: (6.4881445386429005e-46+0j)
  IIIIZIII: (0.4905997662933415+0j)
  ZIIIIIII: (0.4905997662933415+0j)
  IIIIZIII: (-0.09486429864262783+0j)

 

Information about the circuit: 
Number of qubits: 8
 Depth : 7

--- Starting Optimization Loop (method=COBYLA) ---
Iter 10: Cost = -2.630511073379906
Iter 20: Cost = -2.8992893194124507
Optimization success: True
Optimal Params: [-0.23996385 -0.37681282  0.18542675  0.01516826]

--- Final Statevector (exact) ---
Marginals: [0.9482401552744909, 0.011883666182145433, 0.9773994536918512, 0.010651966345538891, 0.9168569243179487, 0.6707351905139207, 0.9780197315369805, 0.764414885852958]

  ┌─ Depth 4 | Patch (192, 208, 192, 208) | eff_threshold=0.830
  │  θ-only  (before QAOA): [[0.799 0.256]
 [0.675 0.266]]
  │  QAOA    (after  QAOA): [[0.933 0.341]
 [0.978 0.388]]
  │  θ-only  refine: [[0 0]
 [0 0]]
  │  QAOA    refine: [[1 0]
 [1 0]]
  │  Agreement: 2/4 cells
  │  Boundary activation: ['left']
  └─
Transpiling circuit (backend=state_vector, opt_level=0)
  IIIIIIIZ: (0.9941913073567874+0j)
  IIIZIIII: (0.9941913073567874+0j)
  IIIIIIIZ: (3.2916185886202865e-49+0j)
  IIIZIIII: 0j
  IIIIIIZI: (0.6729742314822719+0j)
  IIZIIIII: (0.6729742314822719+0j)
  IIIIIIZI: (-0.17183527997303388+0j)
  IIZIIIII: 0j
  IIIIIZII: (0.9679762370162608+0j)
  IZIIIIII: (0.9679762370162608+0j)
  IIIIIZII: (1.1070761813275617e-52+0j)
  IIIIZIII: (0.6953792512589613+0j)
  ZIIIIIII: (0.6953792512589613+0j)
  IIIIZIII: (-0.10905707968383287+0j)

 

Information about the circuit: 
Number of qubits: 8
 Depth : 7

--- Starting Optimization Loop (method=COBYLA) ---
Iter 10: Cost = -3.65827048485234
Iter 20: Cost = -3.852920160935011
Optimization success: True
Optimal Params: [-0.38101285 -0.39269908  0.01145338  0.08389889]

--- Final Statevector (exact) ---
Marginals: [0.9749359932065671, 0.04631963334959238, 0.9823156147327359, 0.039170840441945305, 0.9751317658929698, 0.8440853896573646, 0.9823162807229903, 0.9251158435746925]

  ┌─ Depth 4 | Patch (208, 224, 192, 208) | eff_threshold=0.830
  │  θ-only  (before QAOA): [[0.656 0.281]
 [0.628 0.298]]
  │  QAOA    (after  QAOA): [[0.975 0.445]
 [0.982 0.482]]
  │  θ-only  refine: [[0 0]
 [0 0]]
  │  QAOA    refine: [[1 0]
 [1 0]]
  │  Agreement: 2/4 cells
  │  Boundary activation: ['left']
  └─
Transpiling circuit (backend=state_vector, opt_level=0)
  IIIIIIIZ: (0.9797573582777827+0j)
  IIIZIIII: (0.9797573582777827+0j)
  IIIIIIIZ: (1.1365817391587511e-58+0j)
  IIIZIIII: 0j
  IIIIIIZI: (0.827352203022163+0j)
  IIZIIIII: (0.827352203022163+0j)
  IIIIIIZI: (-0.2041145866256022+0j)
  IIZIIIII: 0j
  IIIIIZII: (0.9854552215605465+0j)
  IZIIIIII: (0.9854552215605465+0j)
  IIIIIZII: (7.827691787829734e-64+0j)
  IIIIZIII: (0.8534361318437056+0j)
  ZIIIIIII: (0.8534361318437056+0j)
  IIIIZIII: (-0.12934137069789584+0j)

 

Information about the circuit: 
Number of qubits: 8
 Depth : 7

--- Starting Optimization Loop (method=COBYLA) ---
Iter 10: Cost = -3.9615196309612744
Iter 20: Cost = -4.048115017676323
Optimization success: True
Optimal Params: [-0.39269908 -0.39246137  0.0625309   0.03747765]

--- Final Statevector (exact) ---
Marginals: [0.9790675793568204, 0.038540300987459655, 0.9775172399035775, 0.03461191858072133, 0.9790681875175088, 0.9458367526054964, 0.9775172489194169, 0.9644148572282462]

  ┌─ Depth 4 | Patch (224, 240, 192, 208) | eff_threshold=0.830
  │  θ-only  (before QAOA): [[0.617 0.314]
 [0.623 0.327]]
  │  QAOA    (after  QAOA): [[0.979 0.492]
 [0.978 0.5  ]]
  │  θ-only  refine: [[0 0]
 [0 0]]
  │  QAOA    refine: [[1 0]
 [1 0]]
  │  Agreement: 2/4 cells
  │  Boundary activation: ['left']
  └─
Transpiling circuit (backend=state_vector, opt_level=0)
  IIIIIIIZ: (0.9735043719323225+0j)
  IIIZIIII: (0.9735043719323225+0j)
  IIIIIIIZ: (3.413582210478613e-69+0j)
  IIIZIIII: 0j
  IIIIIIZI: (0.8886461332432495+0j)
  IIZIIIII: (0.8886461332432495+0j)
  IIIIIIZI: (-0.1766243624790306+0j)
  IIZIIIII: 0j
  IIIIIZII: (0.9837352389002048+0j)
  IZIIIIII: (0.9837352389002048+0j)
  IIIIIZII: (1.3767883242332585e-71+0j)
  IIIIZIII: (0.9025209686690385+0j)
  ZIIIIIII: (0.9025209686690385+0j)
  IIIIZIII: (-0.1664295501189878+0j)

 

Information about the circuit: 
Number of qubits: 8
 Depth : 7

--- Starting Optimization Loop (method=COBYLA) ---
Iter 10: Cost = -2.1152379813594298
Iter 20: Cost = -4.02246371190145
Optimization success: True
Optimal Params: [-0.39026531 -0.38961821  0.16893051 -0.09934538]

--- Final Statevector (exact) ---
Marginals: [0.976137959411447, 0.030169421645265312, 0.9740684342178718, 0.02967479275869828, 0.9761379673857, 0.9660426962557789, 0.9740684353124396, 0.9679225288104916]

  ┌─ Depth 4 | Patch (240, 256, 192, 208) | eff_threshold=0.830
  │  θ-only  (before QAOA): [[0.631 0.335]
 [0.638 0.337]]
  │  QAOA    (after  QAOA): [[0.976 0.498]
 [0.974 0.499]]
  │  θ-only  refine: [[0 0]
 [0 0]]
  │  QAOA    refine: [[1 0]
 [1 0]]
  │  Agreement: 2/4 cells
  │  Boundary activation: ['left']
  └─
  Depth 5: 240 patch(es) to evaluate

  ┌─ Depth 5 | Patch (0, 8, 48, 56) | eff_threshold=1.000 (max depth, VQA skipped)
  └─

  ┌─ Depth 5 | Patch (0, 8, 56, 64) | eff_threshold=1.000 (max depth, VQA skipped)
  └─

  ┌─ Depth 5 | Patch (8, 16, 48, 56) | eff_threshold=1.000 (max depth, VQA skipped)
  └─

  ┌─ Depth 5 | Patch (8, 16, 56, 64) | eff_threshold=1.000 (max depth, VQA skipped)
  └─

  ┌─ Depth 5 | Patch (16, 24, 48, 56) | eff_threshold=1.000 (max depth, VQA skipped)
  └─

  ┌─ Depth 5 | Patch (16, 24, 56, 64) | eff_threshold=1.000 (max depth, VQA skipped)
  └─

  ┌─ Depth 5 | Patch (24, 32, 48, 56) | eff_threshold=1.000 (max depth, VQA skipped)
  └─

  ┌─ Depth 5 | Patch (24, 32, 56, 64) | eff_threshold=1.000 (max depth, VQA skipped)
  └─

  ┌─ Depth 5 | Patch (32, 40, 48, 56) | eff_threshold=1.000 (max depth, VQA skipped)
  └─

  ┌─ Depth 5 | Patch (32, 40, 56, 64) | eff_threshold=1.000 (max depth, VQA skipped)
  └─

  ┌─ Depth 5 | Patch (40, 48, 48, 56) | eff_threshold=1.000 (max depth, VQA skipped)
  └─

  ┌─ Depth 5 | Patch (40, 48, 56, 64) | eff_threshold=1.000 (max depth, VQA skipped)
  └─

  ┌─ Depth 5 | Patch (48, 56, 48, 56) | eff_threshold=1.000 (max depth, VQA skipped)
  └─

  ┌─ Depth 5 | Patch (48, 56, 56, 64) | eff_threshold=1.000 (max depth, VQA skipped)
  └─

  ┌─ Depth 5 | Patch (56, 64, 48, 56) | eff_threshold=1.000 (max depth, VQA skipped)
  └─

  ┌─ Depth 5 | Patch (56, 64, 56, 64) | eff_threshold=1.000 (max depth, VQA skipped)
  └─

  ┌─ Depth 5 | Patch (0, 8, 64, 72) | eff_threshold=1.000 (max depth, VQA skipped)
  └─

  ┌─ Depth 5 | Patch (0, 8, 72, 80) | eff_threshold=1.000 (max depth, VQA skipped)
  └─

  ┌─ Depth 5 | Patch (8, 16, 64, 72) | eff_threshold=1.000 (max depth, VQA skipped)
  └─

  ┌─ Depth 5 | Patch (8, 16, 72, 80) | eff_threshold=1.000 (max depth, VQA skipped)
  └─

  ┌─ Depth 5 | Patch (16, 24, 64, 72) | eff_threshold=1.000 (max depth, VQA skipped)
  └─

  ┌─ Depth 5 | Patch (16, 24, 72, 80) | eff_threshold=1.000 (max depth, VQA skipped)
  └─

  ┌─ Depth 5 | Patch (24, 32, 64, 72) | eff_threshold=1.000 (max depth, VQA skipped)
  └─

  ┌─ Depth 5 | Patch (24, 32, 72, 80) | eff_threshold=1.000 (max depth, VQA skipped)
  └─

  ┌─ Depth 5 | Patch (32, 40, 64, 72) | eff_threshold=1.000 (max depth, VQA skipped)
  └─

  ┌─ Depth 5 | Patch (32, 40, 72, 80) | eff_threshold=1.000 (max depth, VQA skipped)
  └─

  ┌─ Depth 5 | Patch (40, 48, 64, 72) | eff_threshold=1.000 (max depth, VQA skipped)
  └─

  ┌─ Depth 5 | Patch (40, 48, 72, 80) | eff_threshold=1.000 (max depth, VQA skipped)
  └─

  ┌─ Depth 5 | Patch (48, 56, 64, 72) | eff_threshold=1.000 (max depth, VQA skipped)
  └─

  ┌─ Depth 5 | Patch (48, 56, 72, 80) | eff_threshold=1.000 (max depth, VQA skipped)
  └─

  ┌─ Depth 5 | Patch (56, 64, 64, 72) | eff_threshold=1.000 (max depth, VQA skipped)
  └─

  ┌─ Depth 5 | Patch (56, 64, 72, 80) | eff_threshold=1.000 (max depth, VQA skipped)
  └─

  ┌─ Depth 5 | Patch (64, 72, 48, 56) | eff_threshold=1.000 (max depth, VQA skipped)
  └─

  ┌─ Depth 5 | Patch (64, 72, 56, 64) | eff_threshold=1.000 (max depth, VQA skipped)
  └─

  ┌─ Depth 5 | Patch (72, 80, 48, 56) | eff_threshold=1.000 (max depth, VQA skipped)
  └─

  ┌─ Depth 5 | Patch (72, 80, 56, 64) | eff_threshold=1.000 (max depth, VQA skipped)
  └─

  ┌─ Depth 5 | Patch (80, 88, 48, 56) | eff_threshold=1.000 (max depth, VQA skipped)
  └─

  ┌─ Depth 5 | Patch (80, 88, 56, 64) | eff_threshold=1.000 (max depth, VQA skipped)
  └─

  ┌─ Depth 5 | Patch (88, 96, 48, 56) | eff_threshold=1.000 (max depth, VQA skipped)
  └─

  ┌─ Depth 5 | Patch (88, 96, 56, 64) | eff_threshold=1.000 (max depth, VQA skipped)
  └─

  ┌─ Depth 5 | Patch (64, 72, 64, 72) | eff_threshold=1.000 (max depth, VQA skipped)
  └─

  ┌─ Depth 5 | Patch (64, 72, 72, 80) | eff_threshold=1.000 (max depth, VQA skipped)
  └─

  ┌─ Depth 5 | Patch (72, 80, 64, 72) | eff_threshold=1.000 (max depth, VQA skipped)
  └─

  ┌─ Depth 5 | Patch (72, 80, 72, 80) | eff_threshold=1.000 (max depth, VQA skipped)
  └─

  ┌─ Depth 5 | Patch (80, 88, 64, 72) | eff_threshold=1.000 (max depth, VQA skipped)
  └─

  ┌─ Depth 5 | Patch (80, 88, 72, 80) | eff_threshold=1.000 (max depth, VQA skipped)
  └─

  ┌─ Depth 5 | Patch (88, 96, 64, 72) | eff_threshold=1.000 (max depth, VQA skipped)
  └─

  ┌─ Depth 5 | Patch (88, 96, 72, 80) | eff_threshold=1.000 (max depth, VQA skipped)
  └─

  ┌─ Depth 5 | Patch (96, 104, 64, 72) | eff_threshold=1.000 (max depth, VQA skipped)
  └─

  ┌─ Depth 5 | Patch (96, 104, 72, 80) | eff_threshold=1.000 (max depth, VQA skipped)
  └─

  ┌─ Depth 5 | Patch (104, 112, 64, 72) | eff_threshold=1.000 (max depth, VQA skipped)
  └─

  ┌─ Depth 5 | Patch (104, 112, 72, 80) | eff_threshold=1.000 (max depth, VQA skipped)
  └─

  ┌─ Depth 5 | Patch (112, 120, 64, 72) | eff_threshold=1.000 (max depth, VQA skipped)
  └─

  ┌─ Depth 5 | Patch (112, 120, 72, 80) | eff_threshold=1.000 (max depth, VQA skipped)
  └─

  ┌─ Depth 5 | Patch (120, 128, 64, 72) | eff_threshold=1.000 (max depth, VQA skipped)
  └─

  ┌─ Depth 5 | Patch (120, 128, 72, 80) | eff_threshold=1.000 (max depth, VQA skipped)
  └─

  ┌─ Depth 5 | Patch (0, 8, 176, 184) | eff_threshold=1.000 (max depth, VQA skipped)
  └─

  ┌─ Depth 5 | Patch (0, 8, 184, 192) | eff_threshold=1.000 (max depth, VQA skipped)
  └─

  ┌─ Depth 5 | Patch (8, 16, 176, 184) | eff_threshold=1.000 (max depth, VQA skipped)
  └─

  ┌─ Depth 5 | Patch (8, 16, 184, 192) | eff_threshold=1.000 (max depth, VQA skipped)
  └─

  ┌─ Depth 5 | Patch (16, 24, 176, 184) | eff_threshold=1.000 (max depth, VQA skipped)
  └─

  ┌─ Depth 5 | Patch (16, 24, 184, 192) | eff_threshold=1.000 (max depth, VQA skipped)
  └─

  ┌─ Depth 5 | Patch (24, 32, 176, 184) | eff_threshold=1.000 (max depth, VQA skipped)
  └─

  ┌─ Depth 5 | Patch (24, 32, 184, 192) | eff_threshold=1.000 (max depth, VQA skipped)
  └─

  ┌─ Depth 5 | Patch (32, 40, 176, 184) | eff_threshold=1.000 (max depth, VQA skipped)
  └─

  ┌─ Depth 5 | Patch (32, 40, 184, 192) | eff_threshold=1.000 (max depth, VQA skipped)
  └─

  ┌─ Depth 5 | Patch (40, 48, 176, 184) | eff_threshold=1.000 (max depth, VQA skipped)
  └─

  ┌─ Depth 5 | Patch (40, 48, 184, 192) | eff_threshold=1.000 (max depth, VQA skipped)
  └─

  ┌─ Depth 5 | Patch (48, 56, 176, 184) | eff_threshold=1.000 (max depth, VQA skipped)
  └─

  ┌─ Depth 5 | Patch (48, 56, 184, 192) | eff_threshold=1.000 (max depth, VQA skipped)
  └─

  ┌─ Depth 5 | Patch (56, 64, 176, 184) | eff_threshold=1.000 (max depth, VQA skipped)
  └─

  ┌─ Depth 5 | Patch (56, 64, 184, 192) | eff_threshold=1.000 (max depth, VQA skipped)
  └─

  ┌─ Depth 5 | Patch (0, 8, 192, 200) | eff_threshold=1.000 (max depth, VQA skipped)
  └─

  ┌─ Depth 5 | Patch (0, 8, 200, 208) | eff_threshold=1.000 (max depth, VQA skipped)
  └─

  ┌─ Depth 5 | Patch (8, 16, 192, 200) | eff_threshold=1.000 (max depth, VQA skipped)
  └─

  ┌─ Depth 5 | Patch (8, 16, 200, 208) | eff_threshold=1.000 (max depth, VQA skipped)
  └─

  ┌─ Depth 5 | Patch (16, 24, 192, 200) | eff_threshold=1.000 (max depth, VQA skipped)
  └─

  ┌─ Depth 5 | Patch (16, 24, 200, 208) | eff_threshold=1.000 (max depth, VQA skipped)
  └─

  ┌─ Depth 5 | Patch (24, 32, 192, 200) | eff_threshold=1.000 (max depth, VQA skipped)
  └─

  ┌─ Depth 5 | Patch (24, 32, 200, 208) | eff_threshold=1.000 (max depth, VQA skipped)
  └─

  ┌─ Depth 5 | Patch (32, 40, 192, 200) | eff_threshold=1.000 (max depth, VQA skipped)
  └─

  ┌─ Depth 5 | Patch (32, 40, 200, 208) | eff_threshold=1.000 (max depth, VQA skipped)
  └─

  ┌─ Depth 5 | Patch (40, 48, 192, 200) | eff_threshold=1.000 (max depth, VQA skipped)
  └─

  ┌─ Depth 5 | Patch (40, 48, 200, 208) | eff_threshold=1.000 (max depth, VQA skipped)
  └─

  ┌─ Depth 5 | Patch (48, 56, 192, 200) | eff_threshold=1.000 (max depth, VQA skipped)
  └─

  ┌─ Depth 5 | Patch (48, 56, 200, 208) | eff_threshold=1.000 (max depth, VQA skipped)
  └─

  ┌─ Depth 5 | Patch (56, 64, 192, 200) | eff_threshold=1.000 (max depth, VQA skipped)
  └─

  ┌─ Depth 5 | Patch (56, 64, 200, 208) | eff_threshold=1.000 (max depth, VQA skipped)
  └─

  ┌─ Depth 5 | Patch (64, 72, 176, 184) | eff_threshold=1.000 (max depth, VQA skipped)
  └─

  ┌─ Depth 5 | Patch (64, 72, 184, 192) | eff_threshold=1.000 (max depth, VQA skipped)
  └─

  ┌─ Depth 5 | Patch (72, 80, 176, 184) | eff_threshold=1.000 (max depth, VQA skipped)
  └─

  ┌─ Depth 5 | Patch (72, 80, 184, 192) | eff_threshold=1.000 (max depth, VQA skipped)
  └─

  ┌─ Depth 5 | Patch (80, 88, 176, 184) | eff_threshold=1.000 (max depth, VQA skipped)
  └─

  ┌─ Depth 5 | Patch (80, 88, 184, 192) | eff_threshold=1.000 (max depth, VQA skipped)
  └─

  ┌─ Depth 5 | Patch (88, 96, 176, 184) | eff_threshold=1.000 (max depth, VQA skipped)
  └─

  ┌─ Depth 5 | Patch (88, 96, 184, 192) | eff_threshold=1.000 (max depth, VQA skipped)
  └─

  ┌─ Depth 5 | Patch (96, 104, 176, 184) | eff_threshold=1.000 (max depth, VQA skipped)
  └─

  ┌─ Depth 5 | Patch (96, 104, 184, 192) | eff_threshold=1.000 (max depth, VQA skipped)
  └─

  ┌─ Depth 5 | Patch (104, 112, 176, 184) | eff_threshold=1.000 (max depth, VQA skipped)
  └─

  ┌─ Depth 5 | Patch (104, 112, 184, 192) | eff_threshold=1.000 (max depth, VQA skipped)
  └─

  ┌─ Depth 5 | Patch (112, 120, 176, 184) | eff_threshold=1.000 (max depth, VQA skipped)
  └─

  ┌─ Depth 5 | Patch (112, 120, 184, 192) | eff_threshold=1.000 (max depth, VQA skipped)
  └─

  ┌─ Depth 5 | Patch (120, 128, 176, 184) | eff_threshold=1.000 (max depth, VQA skipped)
  └─

  ┌─ Depth 5 | Patch (120, 128, 184, 192) | eff_threshold=1.000 (max depth, VQA skipped)
  └─

  ┌─ Depth 5 | Patch (64, 72, 192, 200) | eff_threshold=1.000 (max depth, VQA skipped)
  └─

  ┌─ Depth 5 | Patch (64, 72, 200, 208) | eff_threshold=1.000 (max depth, VQA skipped)
  └─

  ┌─ Depth 5 | Patch (72, 80, 192, 200) | eff_threshold=1.000 (max depth, VQA skipped)
  └─

  ┌─ Depth 5 | Patch (72, 80, 200, 208) | eff_threshold=1.000 (max depth, VQA skipped)
  └─

  ┌─ Depth 5 | Patch (80, 88, 192, 200) | eff_threshold=1.000 (max depth, VQA skipped)
  └─

  ┌─ Depth 5 | Patch (80, 88, 200, 208) | eff_threshold=1.000 (max depth, VQA skipped)
  └─

  ┌─ Depth 5 | Patch (88, 96, 192, 200) | eff_threshold=1.000 (max depth, VQA skipped)
  └─

  ┌─ Depth 5 | Patch (88, 96, 200, 208) | eff_threshold=1.000 (max depth, VQA skipped)
  └─

  ┌─ Depth 5 | Patch (96, 104, 192, 200) | eff_threshold=1.000 (max depth, VQA skipped)
  └─

  ┌─ Depth 5 | Patch (96, 104, 200, 208) | eff_threshold=1.000 (max depth, VQA skipped)
  └─

  ┌─ Depth 5 | Patch (104, 112, 192, 200) | eff_threshold=1.000 (max depth, VQA skipped)
  └─

  ┌─ Depth 5 | Patch (104, 112, 200, 208) | eff_threshold=1.000 (max depth, VQA skipped)
  └─

  ┌─ Depth 5 | Patch (112, 120, 192, 200) | eff_threshold=1.000 (max depth, VQA skipped)
  └─

  ┌─ Depth 5 | Patch (112, 120, 200, 208) | eff_threshold=1.000 (max depth, VQA skipped)
  └─

  ┌─ Depth 5 | Patch (120, 128, 192, 200) | eff_threshold=1.000 (max depth, VQA skipped)
  └─

  ┌─ Depth 5 | Patch (120, 128, 200, 208) | eff_threshold=1.000 (max depth, VQA skipped)
  └─

  ┌─ Depth 5 | Patch (128, 136, 48, 56) | eff_threshold=1.000 (max depth, VQA skipped)
  └─

  ┌─ Depth 5 | Patch (128, 136, 56, 64) | eff_threshold=1.000 (max depth, VQA skipped)
  └─

  ┌─ Depth 5 | Patch (136, 144, 48, 56) | eff_threshold=1.000 (max depth, VQA skipped)
  └─

  ┌─ Depth 5 | Patch (136, 144, 56, 64) | eff_threshold=1.000 (max depth, VQA skipped)
  └─

  ┌─ Depth 5 | Patch (144, 152, 48, 56) | eff_threshold=1.000 (max depth, VQA skipped)
  └─

  ┌─ Depth 5 | Patch (144, 152, 56, 64) | eff_threshold=1.000 (max depth, VQA skipped)
  └─

  ┌─ Depth 5 | Patch (152, 160, 48, 56) | eff_threshold=1.000 (max depth, VQA skipped)
  └─

  ┌─ Depth 5 | Patch (152, 160, 56, 64) | eff_threshold=1.000 (max depth, VQA skipped)
  └─

  ┌─ Depth 5 | Patch (160, 168, 48, 56) | eff_threshold=1.000 (max depth, VQA skipped)
  └─

  ┌─ Depth 5 | Patch (160, 168, 56, 64) | eff_threshold=1.000 (max depth, VQA skipped)
  └─

  ┌─ Depth 5 | Patch (168, 176, 48, 56) | eff_threshold=1.000 (max depth, VQA skipped)
  └─

  ┌─ Depth 5 | Patch (168, 176, 56, 64) | eff_threshold=1.000 (max depth, VQA skipped)
  └─

  ┌─ Depth 5 | Patch (176, 184, 48, 56) | eff_threshold=1.000 (max depth, VQA skipped)
  └─

  ┌─ Depth 5 | Patch (176, 184, 56, 64) | eff_threshold=1.000 (max depth, VQA skipped)
  └─

  ┌─ Depth 5 | Patch (184, 192, 48, 56) | eff_threshold=1.000 (max depth, VQA skipped)
  └─

  ┌─ Depth 5 | Patch (184, 192, 56, 64) | eff_threshold=1.000 (max depth, VQA skipped)
  └─

  ┌─ Depth 5 | Patch (128, 136, 64, 72) | eff_threshold=1.000 (max depth, VQA skipped)
  └─

  ┌─ Depth 5 | Patch (128, 136, 72, 80) | eff_threshold=1.000 (max depth, VQA skipped)
  └─

  ┌─ Depth 5 | Patch (136, 144, 64, 72) | eff_threshold=1.000 (max depth, VQA skipped)
  └─

  ┌─ Depth 5 | Patch (136, 144, 72, 80) | eff_threshold=1.000 (max depth, VQA skipped)
  └─

  ┌─ Depth 5 | Patch (144, 152, 64, 72) | eff_threshold=1.000 (max depth, VQA skipped)
  └─

  ┌─ Depth 5 | Patch (144, 152, 72, 80) | eff_threshold=1.000 (max depth, VQA skipped)
  └─

  ┌─ Depth 5 | Patch (152, 160, 64, 72) | eff_threshold=1.000 (max depth, VQA skipped)
  └─

  ┌─ Depth 5 | Patch (152, 160, 72, 80) | eff_threshold=1.000 (max depth, VQA skipped)
  └─

  ┌─ Depth 5 | Patch (160, 168, 64, 72) | eff_threshold=1.000 (max depth, VQA skipped)
  └─

  ┌─ Depth 5 | Patch (160, 168, 72, 80) | eff_threshold=1.000 (max depth, VQA skipped)
  └─

  ┌─ Depth 5 | Patch (168, 176, 64, 72) | eff_threshold=1.000 (max depth, VQA skipped)
  └─

  ┌─ Depth 5 | Patch (168, 176, 72, 80) | eff_threshold=1.000 (max depth, VQA skipped)
  └─

  ┌─ Depth 5 | Patch (176, 184, 64, 72) | eff_threshold=1.000 (max depth, VQA skipped)
  └─

  ┌─ Depth 5 | Patch (176, 184, 72, 80) | eff_threshold=1.000 (max depth, VQA skipped)
  └─

  ┌─ Depth 5 | Patch (184, 192, 64, 72) | eff_threshold=1.000 (max depth, VQA skipped)
  └─

  ┌─ Depth 5 | Patch (184, 192, 72, 80) | eff_threshold=1.000 (max depth, VQA skipped)
  └─

  ┌─ Depth 5 | Patch (192, 200, 48, 56) | eff_threshold=1.000 (max depth, VQA skipped)
  └─

  ┌─ Depth 5 | Patch (192, 200, 56, 64) | eff_threshold=1.000 (max depth, VQA skipped)
  └─

  ┌─ Depth 5 | Patch (200, 208, 48, 56) | eff_threshold=1.000 (max depth, VQA skipped)
  └─

  ┌─ Depth 5 | Patch (200, 208, 56, 64) | eff_threshold=1.000 (max depth, VQA skipped)
  └─

  ┌─ Depth 5 | Patch (208, 216, 48, 56) | eff_threshold=1.000 (max depth, VQA skipped)
  └─

  ┌─ Depth 5 | Patch (208, 216, 56, 64) | eff_threshold=1.000 (max depth, VQA skipped)
  └─

  ┌─ Depth 5 | Patch (216, 224, 48, 56) | eff_threshold=1.000 (max depth, VQA skipped)
  └─

  ┌─ Depth 5 | Patch (216, 224, 56, 64) | eff_threshold=1.000 (max depth, VQA skipped)
  └─

  ┌─ Depth 5 | Patch (224, 232, 48, 56) | eff_threshold=1.000 (max depth, VQA skipped)
  └─

  ┌─ Depth 5 | Patch (224, 232, 56, 64) | eff_threshold=1.000 (max depth, VQA skipped)
  └─

  ┌─ Depth 5 | Patch (232, 240, 48, 56) | eff_threshold=1.000 (max depth, VQA skipped)
  └─

  ┌─ Depth 5 | Patch (232, 240, 56, 64) | eff_threshold=1.000 (max depth, VQA skipped)
  └─

  ┌─ Depth 5 | Patch (240, 248, 48, 56) | eff_threshold=1.000 (max depth, VQA skipped)
  └─

  ┌─ Depth 5 | Patch (240, 248, 56, 64) | eff_threshold=1.000 (max depth, VQA skipped)
  └─

  ┌─ Depth 5 | Patch (248, 256, 48, 56) | eff_threshold=1.000 (max depth, VQA skipped)
  └─

  ┌─ Depth 5 | Patch (248, 256, 56, 64) | eff_threshold=1.000 (max depth, VQA skipped)
  └─

  ┌─ Depth 5 | Patch (192, 200, 64, 72) | eff_threshold=1.000 (max depth, VQA skipped)
  └─

  ┌─ Depth 5 | Patch (192, 200, 72, 80) | eff_threshold=1.000 (max depth, VQA skipped)
  └─

  ┌─ Depth 5 | Patch (200, 208, 64, 72) | eff_threshold=1.000 (max depth, VQA skipped)
  └─

  ┌─ Depth 5 | Patch (200, 208, 72, 80) | eff_threshold=1.000 (max depth, VQA skipped)
  └─

  ┌─ Depth 5 | Patch (208, 216, 64, 72) | eff_threshold=1.000 (max depth, VQA skipped)
  └─

  ┌─ Depth 5 | Patch (208, 216, 72, 80) | eff_threshold=1.000 (max depth, VQA skipped)
  └─

  ┌─ Depth 5 | Patch (216, 224, 64, 72) | eff_threshold=1.000 (max depth, VQA skipped)
  └─

  ┌─ Depth 5 | Patch (216, 224, 72, 80) | eff_threshold=1.000 (max depth, VQA skipped)
  └─

  ┌─ Depth 5 | Patch (224, 232, 64, 72) | eff_threshold=1.000 (max depth, VQA skipped)
  └─

  ┌─ Depth 5 | Patch (224, 232, 72, 80) | eff_threshold=1.000 (max depth, VQA skipped)
  └─

  ┌─ Depth 5 | Patch (232, 240, 64, 72) | eff_threshold=1.000 (max depth, VQA skipped)
  └─

  ┌─ Depth 5 | Patch (232, 240, 72, 80) | eff_threshold=1.000 (max depth, VQA skipped)
  └─

  ┌─ Depth 5 | Patch (240, 248, 64, 72) | eff_threshold=1.000 (max depth, VQA skipped)
  └─

  ┌─ Depth 5 | Patch (240, 248, 72, 80) | eff_threshold=1.000 (max depth, VQA skipped)
  └─

  ┌─ Depth 5 | Patch (248, 256, 64, 72) | eff_threshold=1.000 (max depth, VQA skipped)
  └─

  ┌─ Depth 5 | Patch (248, 256, 72, 80) | eff_threshold=1.000 (max depth, VQA skipped)
  └─

  ┌─ Depth 5 | Patch (128, 136, 176, 184) | eff_threshold=1.000 (max depth, VQA skipped)
  └─

  ┌─ Depth 5 | Patch (128, 136, 184, 192) | eff_threshold=1.000 (max depth, VQA skipped)
  └─

  ┌─ Depth 5 | Patch (136, 144, 176, 184) | eff_threshold=1.000 (max depth, VQA skipped)
  └─

  ┌─ Depth 5 | Patch (136, 144, 184, 192) | eff_threshold=1.000 (max depth, VQA skipped)
  └─

  ┌─ Depth 5 | Patch (144, 152, 176, 184) | eff_threshold=1.000 (max depth, VQA skipped)
  └─

  ┌─ Depth 5 | Patch (144, 152, 184, 192) | eff_threshold=1.000 (max depth, VQA skipped)
  └─

  ┌─ Depth 5 | Patch (152, 160, 176, 184) | eff_threshold=1.000 (max depth, VQA skipped)
  └─

  ┌─ Depth 5 | Patch (152, 160, 184, 192) | eff_threshold=1.000 (max depth, VQA skipped)
  └─

  ┌─ Depth 5 | Patch (160, 168, 176, 184) | eff_threshold=1.000 (max depth, VQA skipped)
  └─

  ┌─ Depth 5 | Patch (160, 168, 184, 192) | eff_threshold=1.000 (max depth, VQA skipped)
  └─

  ┌─ Depth 5 | Patch (168, 176, 176, 184) | eff_threshold=1.000 (max depth, VQA skipped)
  └─

  ┌─ Depth 5 | Patch (168, 176, 184, 192) | eff_threshold=1.000 (max depth, VQA skipped)
  └─

  ┌─ Depth 5 | Patch (176, 184, 176, 184) | eff_threshold=1.000 (max depth, VQA skipped)
  └─

  ┌─ Depth 5 | Patch (176, 184, 184, 192) | eff_threshold=1.000 (max depth, VQA skipped)
  └─

  ┌─ Depth 5 | Patch (184, 192, 176, 184) | eff_threshold=1.000 (max depth, VQA skipped)
  └─

  ┌─ Depth 5 | Patch (184, 192, 184, 192) | eff_threshold=1.000 (max depth, VQA skipped)
  └─

  ┌─ Depth 5 | Patch (128, 136, 192, 200) | eff_threshold=1.000 (max depth, VQA skipped)
  └─

  ┌─ Depth 5 | Patch (128, 136, 200, 208) | eff_threshold=1.000 (max depth, VQA skipped)
  └─

  ┌─ Depth 5 | Patch (136, 144, 192, 200) | eff_threshold=1.000 (max depth, VQA skipped)
  └─

  ┌─ Depth 5 | Patch (136, 144, 200, 208) | eff_threshold=1.000 (max depth, VQA skipped)
  └─

  ┌─ Depth 5 | Patch (144, 152, 192, 200) | eff_threshold=1.000 (max depth, VQA skipped)
  └─

  ┌─ Depth 5 | Patch (144, 152, 200, 208) | eff_threshold=1.000 (max depth, VQA skipped)
  └─

  ┌─ Depth 5 | Patch (152, 160, 192, 200) | eff_threshold=1.000 (max depth, VQA skipped)
  └─

  ┌─ Depth 5 | Patch (152, 160, 200, 208) | eff_threshold=1.000 (max depth, VQA skipped)
  └─

  ┌─ Depth 5 | Patch (160, 168, 192, 200) | eff_threshold=1.000 (max depth, VQA skipped)
  └─

  ┌─ Depth 5 | Patch (160, 168, 200, 208) | eff_threshold=1.000 (max depth, VQA skipped)
  └─

  ┌─ Depth 5 | Patch (168, 176, 192, 200) | eff_threshold=1.000 (max depth, VQA skipped)
  └─

  ┌─ Depth 5 | Patch (168, 176, 200, 208) | eff_threshold=1.000 (max depth, VQA skipped)
  └─

  ┌─ Depth 5 | Patch (176, 184, 192, 200) | eff_threshold=1.000 (max depth, VQA skipped)
  └─

  ┌─ Depth 5 | Patch (176, 184, 200, 208) | eff_threshold=1.000 (max depth, VQA skipped)
  └─

  ┌─ Depth 5 | Patch (184, 192, 192, 200) | eff_threshold=1.000 (max depth, VQA skipped)
  └─

  ┌─ Depth 5 | Patch (184, 192, 200, 208) | eff_threshold=1.000 (max depth, VQA skipped)
  └─

  ┌─ Depth 5 | Patch (192, 200, 176, 184) | eff_threshold=1.000 (max depth, VQA skipped)
  └─

  ┌─ Depth 5 | Patch (192, 200, 184, 192) | eff_threshold=1.000 (max depth, VQA skipped)
  └─

  ┌─ Depth 5 | Patch (200, 208, 176, 184) | eff_threshold=1.000 (max depth, VQA skipped)
  └─

  ┌─ Depth 5 | Patch (200, 208, 184, 192) | eff_threshold=1.000 (max depth, VQA skipped)
  └─

  ┌─ Depth 5 | Patch (208, 216, 176, 184) | eff_threshold=1.000 (max depth, VQA skipped)
  └─

  ┌─ Depth 5 | Patch (208, 216, 184, 192) | eff_threshold=1.000 (max depth, VQA skipped)
  └─

  ┌─ Depth 5 | Patch (216, 224, 176, 184) | eff_threshold=1.000 (max depth, VQA skipped)
  └─

  ┌─ Depth 5 | Patch (216, 224, 184, 192) | eff_threshold=1.000 (max depth, VQA skipped)
  └─

  ┌─ Depth 5 | Patch (192, 200, 192, 200) | eff_threshold=1.000 (max depth, VQA skipped)
  └─

  ┌─ Depth 5 | Patch (192, 200, 200, 208) | eff_threshold=1.000 (max depth, VQA skipped)
  └─

  ┌─ Depth 5 | Patch (200, 208, 192, 200) | eff_threshold=1.000 (max depth, VQA skipped)
  └─

  ┌─ Depth 5 | Patch (200, 208, 200, 208) | eff_threshold=1.000 (max depth, VQA skipped)
  └─

  ┌─ Depth 5 | Patch (208, 216, 192, 200) | eff_threshold=1.000 (max depth, VQA skipped)
  └─

  ┌─ Depth 5 | Patch (208, 216, 200, 208) | eff_threshold=1.000 (max depth, VQA skipped)
  └─

  ┌─ Depth 5 | Patch (216, 224, 192, 200) | eff_threshold=1.000 (max depth, VQA skipped)
  └─

  ┌─ Depth 5 | Patch (216, 224, 200, 208) | eff_threshold=1.000 (max depth, VQA skipped)
  └─

  ┌─ Depth 5 | Patch (224, 232, 192, 200) | eff_threshold=1.000 (max depth, VQA skipped)
  └─

  ┌─ Depth 5 | Patch (224, 232, 200, 208) | eff_threshold=1.000 (max depth, VQA skipped)
  └─

  ┌─ Depth 5 | Patch (232, 240, 192, 200) | eff_threshold=1.000 (max depth, VQA skipped)
  └─

  ┌─ Depth 5 | Patch (232, 240, 200, 208) | eff_threshold=1.000 (max depth, VQA skipped)
  └─

  ┌─ Depth 5 | Patch (240, 248, 192, 200) | eff_threshold=1.000 (max depth, VQA skipped)
  └─

  ┌─ Depth 5 | Patch (240, 248, 200, 208) | eff_threshold=1.000 (max depth, VQA skipped)
  └─

  ┌─ Depth 5 | Patch (248, 256, 192, 200) | eff_threshold=1.000 (max depth, VQA skipped)
  └─

  ┌─ Depth 5 | Patch (248, 256, 200, 208) | eff_threshold=1.000 (max depth, VQA skipped)
  └─
--- SCAN COMPLETE: 430 Active Zones Identified ---
[{'bounds': (0, 32, 0, 32), 'depth': 2, 'score': np.float64(0.09466337339740397), 'type': 'coarse_leaf'}, {'bounds': (32, 64, 0, 32), 'depth': 2, 'score': np.float64(0.07368236626935051), 'type': 'coarse_leaf'}, {'bounds': (64, 96, 0, 32), 'depth': 2, 'score': np.float64(0.07758850117498116), 'type': 'coarse_leaf'}, {'bounds': (96, 128, 0, 32), 'depth': 2, 'score': np.float64(0.09846999059639423), 'type': 'coarse_leaf'}, {'bounds': (0, 32, 128, 160), 'depth': 2, 'score': np.float64(0.11819779156732994), 'type': 'coarse_leaf'}, {'bounds': (32, 64, 128, 160), 'depth': 2, 'score': np.float64(0.09430093274136048), 'type': 'coarse_leaf'}, {'bounds': (64, 96, 128, 160), 'depth': 2, 'score': np.float64(0.04646788171097724), 'type': 'coarse_leaf'}, {'bounds': (96, 128, 128, 160), 'depth': 2, 'score': np.float64(0.059627498718414856), 'type': 'coarse_leaf'}, {'bounds': (128, 160, 0, 32), 'depth': 2, 'score': np.float64(0.09702176123788307), 'type': 'coarse_leaf'}, {'bounds': (160, 192, 0, 32), 'depth': 2, 'score': np.float64(0.07700007012306304), 'type': 'coarse_leaf'}, {'bounds': (192, 224, 0, 32), 'depth': 2, 'score': np.float64(0.09337924547986688), 'type': 'coarse_leaf'}, {'bounds': (224, 256, 0, 32), 'depth': 2, 'score': np.float64(0.1165954939100084), 'type': 'coarse_leaf'}, {'bounds': (128, 160, 128, 160), 'depth': 2, 'score': np.float64(0.10106558529588591), 'type': 'coarse_leaf'}, {'bounds': (160, 192, 128, 160), 'depth': 2, 'score': np.float64(0.0784380963416017), 'type': 'coarse_leaf'}, {'bounds': (192, 224, 128, 160), 'depth': 2, 'score': np.float64(0.0836055980142283), 'type': 'coarse_leaf'}, {'bounds': (224, 256, 128, 160), 'depth': 2, 'score': np.float64(0.10388781392986071), 'type': 'coarse_leaf'}, {'bounds': (0, 16, 32, 48), 'depth': 3, 'score': np.float64(0.10141289618484509), 'type': 'coarse_leaf'}, {'bounds': (16, 32, 32, 48), 'depth': 3, 'score': np.float64(0.09248414031399112), 'type': 'coarse_leaf'}, {'bounds': (32, 48, 32, 48), 'depth': 3, 'score': np.float64(0.10727600067372196), 'type': 'coarse_leaf'}, {'bounds': (48, 64, 32, 48), 'depth': 3, 'score': np.float64(0.10098318627256123), 'type': 'coarse_leaf'}, {'bounds': (0, 16, 80, 96), 'depth': 3, 'score': np.float64(0.0758551814338833), 'type': 'coarse_leaf'}, {'bounds': (16, 32, 80, 96), 'depth': 3, 'score': np.float64(0.08731531753765923), 'type': 'coarse_leaf'}, {'bounds': (0, 16, 96, 112), 'depth': 3, 'score': np.float64(0.025747028593877383), 'type': 'coarse_leaf'}, {'bounds': (0, 16, 112, 128), 'depth': 3, 'score': np.float64(0.013583977832118295), 'type': 'coarse_leaf'}, {'bounds': (16, 32, 96, 112), 'depth': 3, 'score': np.float64(0.030051127634654097), 'type': 'coarse_leaf'}, {'bounds': (16, 32, 112, 128), 'depth': 3, 'score': np.float64(0.013679557646015864), 'type': 'coarse_leaf'}, {'bounds': (32, 48, 80, 96), 'depth': 3, 'score': np.float64(0.08624884394488481), 'type': 'coarse_leaf'}, {'bounds': (48, 64, 80, 96), 'depth': 3, 'score': np.float64(0.08539615270626141), 'type': 'coarse_leaf'}, {'bounds': (32, 48, 96, 112), 'depth': 3, 'score': np.float64(0.03418810644280922), 'type': 'coarse_leaf'}, {'bounds': (32, 48, 112, 128), 'depth': 3, 'score': np.float64(0.013975286683231294), 'type': 'coarse_leaf'}, {'bounds': (48, 64, 96, 112), 'depth': 3, 'score': np.float64(0.0359331070117353), 'type': 'coarse_leaf'}, {'bounds': (48, 64, 112, 128), 'depth': 3, 'score': np.float64(0.014137552344038146), 'type': 'coarse_leaf'}, {'bounds': (64, 80, 32, 48), 'depth': 3, 'score': np.float64(0.09607828517608896), 'type': 'coarse_leaf'}, {'bounds': (80, 96, 32, 48), 'depth': 3, 'score': np.float64(0.1041666033732249), 'type': 'coarse_leaf'}, {'bounds': (96, 112, 32, 48), 'depth': 3, 'score': np.float64(0.12617336957152117), 'type': 'coarse_leaf'}, {'bounds': (96, 112, 48, 64), 'depth': 3, 'score': np.float64(0.132874919273086), 'type': 'coarse_leaf'}, {'bounds': (112, 128, 32, 48), 'depth': 3, 'score': np.float64(0.13942174936066934), 'type': 'coarse_leaf'}, {'bounds': (112, 128, 48, 64), 'depth': 3, 'score': np.float64(0.1455433478242959), 'type': 'coarse_leaf'}, {'bounds': (64, 80, 80, 96), 'depth': 3, 'score': np.float64(0.10460842334580898), 'type': 'coarse_leaf'}, {'bounds': (80, 96, 80, 96), 'depth': 3, 'score': np.float64(0.09723440621056356), 'type': 'coarse_leaf'}, {'bounds': (64, 80, 96, 112), 'depth': 3, 'score': np.float64(0.03593618813048114), 'type': 'coarse_leaf'}, {'bounds': (64, 80, 112, 128), 'depth': 3, 'score': np.float64(0.014137826284113109), 'type': 'coarse_leaf'}, {'bounds': (80, 96, 96, 112), 'depth': 3, 'score': np.float64(0.03428177787694366), 'type': 'coarse_leaf'}, {'bounds': (80, 96, 112, 128), 'depth': 3, 'score': np.float64(0.013982468548812193), 'type': 'coarse_leaf'}, {'bounds': (96, 112, 80, 96), 'depth': 3, 'score': np.float64(0.11086457512179954), 'type': 'coarse_leaf'}, {'bounds': (112, 128, 80, 96), 'depth': 3, 'score': np.float64(0.1069792765629733), 'type': 'coarse_leaf'}, {'bounds': (96, 112, 96, 112), 'depth': 3, 'score': np.float64(0.03019068714592362), 'type': 'coarse_leaf'}, {'bounds': (96, 112, 112, 128), 'depth': 3, 'score': np.float64(0.013685773972215778), 'type': 'coarse_leaf'}, {'bounds': (112, 128, 96, 112), 'depth': 3, 'score': np.float64(0.025851056923015342), 'type': 'coarse_leaf'}, {'bounds': (112, 128, 112, 128), 'depth': 3, 'score': np.float64(0.013580973027563467), 'type': 'coarse_leaf'}, {'bounds': (0, 16, 160, 176), 'depth': 3, 'score': np.float64(0.07754847437310644), 'type': 'coarse_leaf'}, {'bounds': (16, 32, 160, 176), 'depth': 3, 'score': np.float64(0.06968656033246363), 'type': 'coarse_leaf'}, {'bounds': (32, 48, 160, 176), 'depth': 3, 'score': np.float64(0.10293351546609167), 'type': 'coarse_leaf'}, {'bounds': (48, 64, 160, 176), 'depth': 3, 'score': np.float64(0.0984677428275813), 'type': 'coarse_leaf'}, {'bounds': (0, 16, 224, 240), 'depth': 3, 'score': np.float64(0.02583736659715099), 'type': 'coarse_leaf'}, {'bounds': (0, 16, 240, 256), 'depth': 3, 'score': np.float64(0.013646080537369373), 'type': 'coarse_leaf'}, {'bounds': (16, 32, 224, 240), 'depth': 3, 'score': np.float64(0.029365679198932893), 'type': 'coarse_leaf'}, {'bounds': (16, 32, 240, 256), 'depth': 3, 'score': np.float64(0.013644536069280518), 'type': 'coarse_leaf'}, {'bounds': (32, 48, 224, 240), 'depth': 3, 'score': np.float64(0.03236836645319052), 'type': 'coarse_leaf'}, {'bounds': (32, 48, 240, 256), 'depth': 3, 'score': np.float64(0.013509731672882153), 'type': 'coarse_leaf'}, {'bounds': (48, 64, 224, 240), 'depth': 3, 'score': np.float64(0.033562489211957314), 'type': 'coarse_leaf'}, {'bounds': (48, 64, 240, 256), 'depth': 3, 'score': np.float64(0.013250826097126222), 'type': 'coarse_leaf'}, {'bounds': (64, 80, 160, 176), 'depth': 3, 'score': np.float64(0.09008332769943506), 'type': 'coarse_leaf'}, {'bounds': (80, 96, 160, 176), 'depth': 3, 'score': np.float64(0.0902431711833437), 'type': 'coarse_leaf'}, {'bounds': (96, 112, 160, 176), 'depth': 3, 'score': np.float64(0.12179949825286555), 'type': 'coarse_leaf'}, {'bounds': (112, 128, 160, 176), 'depth': 3, 'score': np.float64(0.12803504506343724), 'type': 'coarse_leaf'}, {'bounds': (64, 80, 224, 240), 'depth': 3, 'score': np.float64(0.033564465449239064), 'type': 'coarse_leaf'}, {'bounds': (64, 80, 240, 256), 'depth': 3, 'score': np.float64(0.013242168581777559), 'type': 'coarse_leaf'}, {'bounds': (80, 96, 224, 240), 'depth': 3, 'score': np.float64(0.03243016314801534), 'type': 'coarse_leaf'}, {'bounds': (80, 96, 240, 256), 'depth': 3, 'score': np.float64(0.013500519949068849), 'type': 'coarse_leaf'}, {'bounds': (96, 112, 224, 240), 'depth': 3, 'score': np.float64(0.029465484782462893), 'type': 'coarse_leaf'}, {'bounds': (96, 112, 240, 256), 'depth': 3, 'score': np.float64(0.013642111705314057), 'type': 'coarse_leaf'}, {'bounds': (112, 128, 224, 240), 'depth': 3, 'score': np.float64(0.025922623280793363), 'type': 'coarse_leaf'}, {'bounds': (112, 128, 240, 256), 'depth': 3, 'score': np.float64(0.01364462817370151), 'type': 'coarse_leaf'}, {'bounds': (128, 144, 32, 48), 'depth': 3, 'score': np.float64(0.10682060442560411), 'type': 'coarse_leaf'}, {'bounds': (144, 160, 32, 48), 'depth': 3, 'score': np.float64(0.09949395018240483), 'type': 'coarse_leaf'}, {'bounds': (160, 176, 32, 48), 'depth': 3, 'score': np.float64(0.12170918460965997), 'type': 'coarse_leaf'}, {'bounds': (176, 192, 32, 48), 'depth': 3, 'score': np.float64(0.11173012613319977), 'type': 'coarse_leaf'}, {'bounds': (128, 144, 96, 112), 'depth': 3, 'score': np.float64(0.02583707709150127), 'type': 'coarse_leaf'}, {'bounds': (128, 144, 112, 128), 'depth': 3, 'score': np.float64(0.013645262735735828), 'type': 'coarse_leaf'}, {'bounds': (144, 160, 96, 112), 'depth': 3, 'score': np.float64(0.029365564504157646), 'type': 'coarse_leaf'}, {'bounds': (144, 160, 112, 128), 'depth': 3, 'score': np.float64(0.01364376794285126), 'type': 'coarse_leaf'}, {'bounds': (160, 176, 96, 112), 'depth': 3, 'score': np.float64(0.03236839199119408), 'type': 'coarse_leaf'}, {'bounds': (160, 176, 112, 128), 'depth': 3, 'score': np.float64(0.01350947730856114), 'type': 'coarse_leaf'}, {'bounds': (176, 192, 96, 112), 'depth': 3, 'score': np.float64(0.03356256910470132), 'type': 'coarse_leaf'}, {'bounds': (176, 192, 112, 128), 'depth': 3, 'score': np.float64(0.01325108000240047), 'type': 'coarse_leaf'}, {'bounds': (192, 208, 32, 48), 'depth': 3, 'score': np.float64(0.13367935039734027), 'type': 'coarse_leaf'}, {'bounds': (208, 224, 32, 48), 'depth': 3, 'score': np.float64(0.14169360110353524), 'type': 'coarse_leaf'}, {'bounds': (224, 240, 32, 48), 'depth': 3, 'score': np.float64(0.09684698382705714), 'type': 'coarse_leaf'}, {'bounds': (240, 256, 32, 48), 'depth': 3, 'score': np.float64(0.1064204746426734), 'type': 'coarse_leaf'}, {'bounds': (192, 208, 80, 96), 'depth': 3, 'score': np.float64(0.14830933674016117), 'type': 'coarse_leaf'}, {'bounds': (208, 224, 80, 96), 'depth': 3, 'score': np.float64(0.14727565158123956), 'type': 'coarse_leaf'}, {'bounds': (192, 208, 96, 112), 'depth': 3, 'score': np.float64(0.03356454544806872), 'type': 'coarse_leaf'}, {'bounds': (192, 208, 112, 128), 'depth': 3, 'score': np.float64(0.013242436704645163), 'type': 'coarse_leaf'}, {'bounds': (208, 224, 96, 112), 'depth': 3, 'score': np.float64(0.03243019203809932), 'type': 'coarse_leaf'}, {'bounds': (208, 224, 112, 128), 'depth': 3, 'score': np.float64(0.013500285827114891), 'type': 'coarse_leaf'}, {'bounds': (224, 240, 96, 112), 'depth': 3, 'score': np.float64(0.029465375681938372), 'type': 'coarse_leaf'}, {'bounds': (224, 240, 112, 128), 'depth': 3, 'score': np.float64(0.013641358733566493), 'type': 'coarse_leaf'}, {'bounds': (240, 256, 96, 112), 'depth': 3, 'score': np.float64(0.025922338848582423), 'type': 'coarse_leaf'}, {'bounds': (240, 256, 112, 128), 'depth': 3, 'score': np.float64(0.013643800470431578), 'type': 'coarse_leaf'}, {'bounds': (128, 144, 160, 176), 'depth': 3, 'score': np.float64(0.11523386195536144), 'type': 'coarse_leaf'}, {'bounds': (144, 160, 160, 176), 'depth': 3, 'score': np.float64(0.10062588679744315), 'type': 'coarse_leaf'}, {'bounds': (160, 176, 160, 176), 'depth': 3, 'score': np.float64(0.0896144495902239), 'type': 'coarse_leaf'}, {'bounds': (176, 192, 160, 176), 'depth': 3, 'score': np.float64(0.08128260138203504), 'type': 'coarse_leaf'}, {'bounds': (128, 144, 208, 224), 'depth': 3, 'score': np.float64(0.09421672923770359), 'type': 'coarse_leaf'}, {'bounds': (144, 160, 208, 224), 'depth': 3, 'score': np.float64(0.07748444471966663), 'type': 'coarse_leaf'}, {'bounds': (128, 144, 224, 240), 'depth': 3, 'score': np.float64(0.025747318947088704), 'type': 'coarse_leaf'}, {'bounds': (128, 144, 240, 256), 'depth': 3, 'score': np.float64(0.013584983946617241), 'type': 'coarse_leaf'}, {'bounds': (144, 160, 224, 240), 'depth': 3, 'score': np.float64(0.03005123462906055), 'type': 'coarse_leaf'}, {'bounds': (144, 160, 240, 256), 'depth': 3, 'score': np.float64(0.013679861998823904), 'type': 'coarse_leaf'}, {'bounds': (160, 176, 208, 224), 'depth': 3, 'score': np.float64(0.09702260529597045), 'type': 'coarse_leaf'}, {'bounds': (176, 192, 208, 224), 'depth': 3, 'score': np.float64(0.10083117513198288), 'type': 'coarse_leaf'}, {'bounds': (160, 176, 224, 240), 'depth': 3, 'score': np.float64(0.034188070620458526), 'type': 'coarse_leaf'}, {'bounds': (160, 176, 240, 256), 'depth': 3, 'score': np.float64(0.013975053453833788), 'type': 'coarse_leaf'}, {'bounds': (176, 192, 224, 240), 'depth': 3, 'score': np.float64(0.035933017657452035), 'type': 'coarse_leaf'}, {'bounds': (176, 192, 240, 256), 'depth': 3, 'score': np.float64(0.014137085061630594), 'type': 'coarse_leaf'}, {'bounds': (192, 208, 160, 176), 'depth': 3, 'score': np.float64(0.0966745313869741), 'type': 'coarse_leaf'}, {'bounds': (208, 224, 160, 176), 'depth': 3, 'score': np.float64(0.10247254629603494), 'type': 'coarse_leaf'}, {'bounds': (224, 240, 160, 176), 'depth': 3, 'score': np.float64(0.13568996572410588), 'type': 'coarse_leaf'}, {'bounds': (224, 240, 176, 192), 'depth': 3, 'score': np.float64(0.12113610824854981), 'type': 'coarse_leaf'}, {'bounds': (240, 256, 160, 176), 'depth': 3, 'score': np.float64(0.14807474245071198), 'type': 'coarse_leaf'}, {'bounds': (240, 256, 176, 192), 'depth': 3, 'score': np.float64(0.13364387761516994), 'type': 'coarse_leaf'}, {'bounds': (192, 208, 208, 224), 'depth': 3, 'score': np.float64(0.11595457531429765), 'type': 'coarse_leaf'}, {'bounds': (208, 224, 208, 224), 'depth': 3, 'score': np.float64(0.11446845390600617), 'type': 'coarse_leaf'}, {'bounds': (192, 208, 224, 240), 'depth': 3, 'score': np.float64(0.03593609867274543), 'type': 'coarse_leaf'}, {'bounds': (192, 208, 240, 256), 'depth': 3, 'score': np.float64(0.01413735849950906), 'type': 'coarse_leaf'}, {'bounds': (208, 224, 224, 240), 'depth': 3, 'score': np.float64(0.03428173871554999), 'type': 'coarse_leaf'}, {'bounds': (208, 224, 240, 256), 'depth': 3, 'score': np.float64(0.013982220281135785), 'type': 'coarse_leaf'}, {'bounds': (224, 240, 208, 224), 'depth': 3, 'score': np.float64(0.09401924860665442), 'type': 'coarse_leaf'}, {'bounds': (240, 256, 208, 224), 'depth': 3, 'score': np.float64(0.08996908946508897), 'type': 'coarse_leaf'}, {'bounds': (224, 240, 224, 240), 'depth': 3, 'score': np.float64(0.03019078829348152), 'type': 'coarse_leaf'}, {'bounds': (224, 240, 240, 256), 'depth': 3, 'score': np.float64(0.013686057235552369), 'type': 'coarse_leaf'}, {'bounds': (240, 256, 224, 240), 'depth': 3, 'score': np.float64(0.025851341833181954), 'type': 'coarse_leaf'}, {'bounds': (240, 256, 240, 256), 'depth': 3, 'score': np.float64(0.013581979649336343), 'type': 'coarse_leaf'}, {'bounds': (0, 8, 208, 216), 'depth': 4, 'score': np.float64(0.10753654570158437), 'type': 'coarse_leaf'}, {'bounds': (0, 8, 216, 224), 'depth': 4, 'score': np.float64(0.03732909470267293), 'type': 'coarse_leaf'}, {'bounds': (8, 16, 208, 216), 'depth': 4, 'score': np.float64(0.10779283976518009), 'type': 'coarse_leaf'}, {'bounds': (8, 16, 216, 224), 'depth': 4, 'score': np.float64(0.03815097326081086), 'type': 'coarse_leaf'}, {'bounds': (16, 24, 208, 216), 'depth': 4, 'score': np.float64(0.11567293325978059), 'type': 'coarse_leaf'}, {'bounds': (16, 24, 216, 224), 'depth': 4, 'score': np.float64(0.03279631376318932), 'type': 'coarse_leaf'}, {'bounds': (24, 32, 208, 216), 'depth': 4, 'score': np.float64(0.1191432097294626), 'type': 'coarse_leaf'}, {'bounds': (24, 32, 216, 224), 'depth': 4, 'score': np.float64(0.03309637389284977), 'type': 'coarse_leaf'}, {'bounds': (32, 40, 208, 216), 'depth': 4, 'score': np.float64(0.11172827755427288), 'type': 'coarse_leaf'}, {'bounds': (32, 40, 216, 224), 'depth': 4, 'score': np.float64(0.04249509002752571), 'type': 'coarse_leaf'}, {'bounds': (40, 48, 208, 216), 'depth': 4, 'score': np.float64(0.11565571985693884), 'type': 'coarse_leaf'}, {'bounds': (40, 48, 216, 224), 'depth': 4, 'score': np.float64(0.04340375345639358), 'type': 'coarse_leaf'}, {'bounds': (48, 56, 208, 216), 'depth': 4, 'score': np.float64(0.12085099032903104), 'type': 'coarse_leaf'}, {'bounds': (48, 56, 216, 224), 'depth': 4, 'score': np.float64(0.04015732279398888), 'type': 'coarse_leaf'}, {'bounds': (56, 64, 208, 216), 'depth': 4, 'score': np.float64(0.12514157362716327), 'type': 'coarse_leaf'}, {'bounds': (56, 64, 216, 224), 'depth': 4, 'score': np.float64(0.04022991117462875), 'type': 'coarse_leaf'}, {'bounds': (64, 72, 208, 216), 'depth': 4, 'score': np.float64(0.1254588435804473), 'type': 'coarse_leaf'}, {'bounds': (64, 72, 216, 224), 'depth': 4, 'score': np.float64(0.0400083602820754), 'type': 'coarse_leaf'}, {'bounds': (72, 80, 208, 216), 'depth': 4, 'score': np.float64(0.12105218916323002), 'type': 'coarse_leaf'}, {'bounds': (72, 80, 216, 224), 'depth': 4, 'score': np.float64(0.039890001941070355), 'type': 'coarse_leaf'}, {'bounds': (80, 88, 208, 216), 'depth': 4, 'score': np.float64(0.1271280013380713), 'type': 'coarse_leaf'}, {'bounds': (80, 88, 216, 224), 'depth': 4, 'score': np.float64(0.034596009925120366), 'type': 'coarse_leaf'}, {'bounds': (88, 96, 208, 216), 'depth': 4, 'score': np.float64(0.12018917248591052), 'type': 'coarse_leaf'}, {'bounds': (88, 96, 216, 224), 'depth': 4, 'score': np.float64(0.03409837822188341), 'type': 'coarse_leaf'}, {'bounds': (96, 104, 208, 216), 'depth': 4, 'score': np.float64(0.11903596691227777), 'type': 'coarse_leaf'}, {'bounds': (96, 104, 216, 224), 'depth': 4, 'score': np.float64(0.03269555972783914), 'type': 'coarse_leaf'}, {'bounds': (104, 112, 208, 216), 'depth': 4, 'score': np.float64(0.11558025426239113), 'type': 'coarse_leaf'}, {'bounds': (104, 112, 216, 224), 'depth': 4, 'score': np.float64(0.03192416112679135), 'type': 'coarse_leaf'}, {'bounds': (112, 120, 208, 216), 'depth': 4, 'score': np.float64(0.1148991688818534), 'type': 'coarse_leaf'}, {'bounds': (112, 120, 216, 224), 'depth': 4, 'score': np.float64(0.030569144002200226), 'type': 'coarse_leaf'}, {'bounds': (120, 128, 208, 216), 'depth': 4, 'score': np.float64(0.11429097055130788), 'type': 'coarse_leaf'}, {'bounds': (120, 128, 216, 224), 'depth': 4, 'score': np.float64(0.031213062622923216), 'type': 'coarse_leaf'}, {'bounds': (128, 136, 80, 88), 'depth': 4, 'score': np.float64(0.11455950333906773), 'type': 'coarse_leaf'}, {'bounds': (128, 136, 88, 96), 'depth': 4, 'score': np.float64(0.031081061393834365), 'type': 'coarse_leaf'}, {'bounds': (136, 144, 80, 88), 'depth': 4, 'score': np.float64(0.1150554302869493), 'type': 'coarse_leaf'}, {'bounds': (136, 144, 88, 96), 'depth': 4, 'score': np.float64(0.03043764616435638), 'type': 'coarse_leaf'}, {'bounds': (144, 152, 80, 88), 'depth': 4, 'score': np.float64(0.11554507714759617), 'type': 'coarse_leaf'}, {'bounds': (144, 152, 88, 96), 'depth': 4, 'score': np.float64(0.03185596773733905), 'type': 'coarse_leaf'}, {'bounds': (152, 160, 80, 88), 'depth': 4, 'score': np.float64(0.11882953113264103), 'type': 'coarse_leaf'}, {'bounds': (152, 160, 88, 96), 'depth': 4, 'score': np.float64(0.032629639743633254), 'type': 'coarse_leaf'}, {'bounds': (160, 168, 80, 88), 'depth': 4, 'score': np.float64(0.11990063711827659), 'type': 'coarse_leaf'}, {'bounds': (160, 168, 88, 96), 'depth': 4, 'score': np.float64(0.03407607195715161), 'type': 'coarse_leaf'}, {'bounds': (168, 176, 80, 88), 'depth': 4, 'score': np.float64(0.12660166713867296), 'type': 'coarse_leaf'}, {'bounds': (168, 176, 88, 96), 'depth': 4, 'score': np.float64(0.03457462491793932), 'type': 'coarse_leaf'}, {'bounds': (176, 184, 80, 88), 'depth': 4, 'score': np.float64(0.11731808072627807), 'type': 'coarse_leaf'}, {'bounds': (176, 184, 88, 96), 'depth': 4, 'score': np.float64(0.04300866019914936), 'type': 'coarse_leaf'}, {'bounds': (184, 192, 80, 88), 'depth': 4, 'score': np.float64(0.12110366063796436), 'type': 'coarse_leaf'}, {'bounds': (184, 192, 88, 96), 'depth': 4, 'score': np.float64(0.04319906491809471), 'type': 'coarse_leaf'}, {'bounds': (224, 232, 80, 88), 'depth': 4, 'score': np.float64(0.11591007923967264), 'type': 'coarse_leaf'}, {'bounds': (224, 232, 88, 96), 'depth': 4, 'score': np.float64(0.03538396705162598), 'type': 'coarse_leaf'}, {'bounds': (232, 240, 80, 88), 'depth': 4, 'score': np.float64(0.11274623300363243), 'type': 'coarse_leaf'}, {'bounds': (232, 240, 88, 96), 'depth': 4, 'score': np.float64(0.034753586751506), 'type': 'coarse_leaf'}, {'bounds': (240, 248, 80, 88), 'depth': 4, 'score': np.float64(0.10751123420908995), 'type': 'coarse_leaf'}, {'bounds': (240, 248, 88, 96), 'depth': 4, 'score': np.float64(0.03870241916065199), 'type': 'coarse_leaf'}, {'bounds': (248, 256, 80, 88), 'depth': 4, 'score': np.float64(0.10718929121940513), 'type': 'coarse_leaf'}, {'bounds': (248, 256, 88, 96), 'depth': 4, 'score': np.float64(0.037841410029834474), 'type': 'coarse_leaf'}, {'bounds': (0, 8, 48, 56), 'depth': 5, 'score': np.float64(0.3218929138090688), 'type': 'leaf_depth'}, {'bounds': (0, 8, 56, 64), 'depth': 5, 'score': np.float64(0.6129899783792899), 'type': 'leaf_depth'}, {'bounds': (8, 16, 48, 56), 'depth': 5, 'score': np.float64(0.320032225884654), 'type': 'leaf_depth'}, {'bounds': (8, 16, 56, 64), 'depth': 5, 'score': np.float64(0.6063951051963273), 'type': 'leaf_depth'}, {'bounds': (16, 24, 48, 56), 'depth': 5, 'score': np.float64(0.311982812888369), 'type': 'leaf_depth'}, {'bounds': (16, 24, 56, 64), 'depth': 5, 'score': np.float64(0.5942414998813298), 'type': 'leaf_depth'}, {'bounds': (24, 32, 48, 56), 'depth': 5, 'score': np.float64(0.29836065562860753), 'type': 'leaf_depth'}, {'bounds': (24, 32, 56, 64), 'depth': 5, 'score': np.float64(0.5856160569784278), 'type': 'leaf_depth'}, {'bounds': (32, 40, 48, 56), 'depth': 5, 'score': np.float64(0.28071475324558376), 'type': 'leaf_depth'}, {'bounds': (32, 40, 56, 64), 'depth': 5, 'score': np.float64(0.6126241941577673), 'type': 'leaf_depth'}, {'bounds': (40, 48, 48, 56), 'depth': 5, 'score': np.float64(0.2613887203761526), 'type': 'leaf_depth'}, {'bounds': (40, 48, 56, 64), 'depth': 5, 'score': np.float64(0.6417176421697296), 'type': 'leaf_depth'}, {'bounds': (48, 56, 48, 56), 'depth': 5, 'score': np.float64(0.24350216420032703), 'type': 'leaf_depth'}, {'bounds': (48, 56, 56, 64), 'depth': 5, 'score': np.float64(0.6610708425032212), 'type': 'leaf_depth'}, {'bounds': (56, 64, 48, 56), 'depth': 5, 'score': np.float64(0.2306272667215939), 'type': 'leaf_depth'}, {'bounds': (56, 64, 56, 64), 'depth': 5, 'score': np.float64(0.6685463337585692), 'type': 'leaf_depth'}, {'bounds': (0, 8, 64, 72), 'depth': 5, 'score': np.float64(0.6387412460604418), 'type': 'leaf_depth'}, {'bounds': (0, 8, 72, 80), 'depth': 5, 'score': np.float64(0.33724400824157014), 'type': 'leaf_depth'}, {'bounds': (8, 16, 64, 72), 'depth': 5, 'score': np.float64(0.6326152012213122), 'type': 'leaf_depth'}, {'bounds': (8, 16, 72, 80), 'depth': 5, 'score': np.float64(0.33558993541851745), 'type': 'leaf_depth'}, {'bounds': (16, 24, 64, 72), 'depth': 5, 'score': np.float64(0.6247382718601583), 'type': 'leaf_depth'}, {'bounds': (16, 24, 72, 80), 'depth': 5, 'score': np.float64(0.3283320676431506), 'type': 'leaf_depth'}, {'bounds': (24, 32, 64, 72), 'depth': 5, 'score': np.float64(0.6190096658456357), 'type': 'leaf_depth'}, {'bounds': (24, 32, 72, 80), 'depth': 5, 'score': np.float64(0.31608634662580737), 'type': 'leaf_depth'}, {'bounds': (32, 40, 64, 72), 'depth': 5, 'score': np.float64(0.6285125886066872), 'type': 'leaf_depth'}, {'bounds': (32, 40, 72, 80), 'depth': 5, 'score': np.float64(0.3003505491414759), 'type': 'leaf_depth'}, {'bounds': (40, 48, 64, 72), 'depth': 5, 'score': np.float64(0.654329133626449), 'type': 'leaf_depth'}, {'bounds': (40, 48, 72, 80), 'depth': 5, 'score': np.float64(0.283314472366537), 'type': 'leaf_depth'}, {'bounds': (48, 56, 64, 72), 'depth': 5, 'score': np.float64(0.6737997582267187), 'type': 'leaf_depth'}, {'bounds': (48, 56, 72, 80), 'depth': 5, 'score': np.float64(0.26776259888435816), 'type': 'leaf_depth'}, {'bounds': (56, 64, 64, 72), 'depth': 5, 'score': np.float64(0.6813176995963656), 'type': 'leaf_depth'}, {'bounds': (56, 64, 72, 80), 'depth': 5, 'score': np.float64(0.25671154762662535), 'type': 'leaf_depth'}, {'bounds': (64, 72, 48, 56), 'depth': 5, 'score': np.float64(0.22943896783294201), 'type': 'leaf_depth'}, {'bounds': (64, 72, 56, 64), 'depth': 5, 'score': np.float64(0.6685920391801815), 'type': 'leaf_depth'}, {'bounds': (72, 80, 48, 56), 'depth': 5, 'score': np.float64(0.24135788553151735), 'type': 'leaf_depth'}, {'bounds': (72, 80, 56, 64), 'depth': 5, 'score': np.float64(0.6618318683056471), 'type': 'leaf_depth'}, {'bounds': (80, 88, 48, 56), 'depth': 5, 'score': np.float64(0.25877358519879545), 'type': 'leaf_depth'}, {'bounds': (80, 88, 56, 64), 'depth': 5, 'score': np.float64(0.6431082761946433), 'type': 'leaf_depth'}, {'bounds': (88, 96, 48, 56), 'depth': 5, 'score': np.float64(0.2781069756937673), 'type': 'leaf_depth'}, {'bounds': (88, 96, 56, 64), 'depth': 5, 'score': np.float64(0.6144757266600156), 'type': 'leaf_depth'}, {'bounds': (64, 72, 64, 72), 'depth': 5, 'score': np.float64(0.7992653371858415), 'type': 'leaf_depth'}, {'bounds': (64, 72, 72, 80), 'depth': 5, 'score': np.float64(0.25565679760405036), 'type': 'leaf_depth'}, {'bounds': (72, 80, 64, 72), 'depth': 5, 'score': np.float64(0.6745518943008459), 'type': 'leaf_depth'}, {'bounds': (72, 80, 72, 80), 'depth': 5, 'score': np.float64(0.2658364580459756), 'type': 'leaf_depth'}, {'bounds': (80, 88, 64, 72), 'depth': 5, 'score': np.float64(0.6557023052517088), 'type': 'leaf_depth'}, {'bounds': (80, 88, 72, 80), 'depth': 5, 'score': np.float64(0.28093108297237496), 'type': 'leaf_depth'}, {'bounds': (88, 96, 64, 72), 'depth': 5, 'score': np.float64(0.6284592463212669), 'type': 'leaf_depth'}, {'bounds': (88, 96, 72, 80), 'depth': 5, 'score': np.float64(0.29794246380464123), 'type': 'leaf_depth'}, {'bounds': (96, 104, 64, 72), 'depth': 5, 'score': np.float64(0.616523889652831), 'type': 'leaf_depth'}, {'bounds': (96, 104, 72, 80), 'depth': 5, 'score': np.float64(0.31401931070981476), 'type': 'leaf_depth'}, {'bounds': (104, 112, 64, 72), 'depth': 5, 'score': np.float64(0.6226166488981321), 'type': 'leaf_depth'}, {'bounds': (104, 112, 72, 80), 'depth': 5, 'score': np.float64(0.32687367147096075), 'type': 'leaf_depth'}, {'bounds': (112, 120, 64, 72), 'depth': 5, 'score': np.float64(0.6308250131142804), 'type': 'leaf_depth'}, {'bounds': (112, 120, 72, 80), 'depth': 5, 'score': np.float64(0.3349060582097316), 'type': 'leaf_depth'}, {'bounds': (120, 128, 64, 72), 'depth': 5, 'score': np.float64(0.6383267426024882), 'type': 'leaf_depth'}, {'bounds': (120, 128, 72, 80), 'depth': 5, 'score': np.float64(0.3372449741063415), 'type': 'leaf_depth'}, {'bounds': (0, 8, 176, 184), 'depth': 5, 'score': np.float64(0.3217086757228443), 'type': 'leaf_depth'}, {'bounds': (0, 8, 184, 192), 'depth': 5, 'score': np.float64(0.6134282577670015), 'type': 'leaf_depth'}, {'bounds': (8, 16, 176, 184), 'depth': 5, 'score': np.float64(0.316877953085028), 'type': 'leaf_depth'}, {'bounds': (8, 16, 184, 192), 'depth': 5, 'score': np.float64(0.6112042029777082), 'type': 'leaf_depth'}, {'bounds': (16, 24, 176, 184), 'depth': 5, 'score': np.float64(0.30594219950098944), 'type': 'leaf_depth'}, {'bounds': (16, 24, 184, 192), 'depth': 5, 'score': np.float64(0.6071976546665576), 'type': 'leaf_depth'}, {'bounds': (24, 32, 176, 184), 'depth': 5, 'score': np.float64(0.28996224727085546), 'type': 'leaf_depth'}, {'bounds': (24, 32, 184, 192), 'depth': 5, 'score': np.float64(0.6012797499782341), 'type': 'leaf_depth'}, {'bounds': (32, 40, 176, 184), 'depth': 5, 'score': np.float64(0.2706250822006954), 'type': 'leaf_depth'}, {'bounds': (32, 40, 184, 192), 'depth': 5, 'score': np.float64(0.6333238080693241), 'type': 'leaf_depth'}, {'bounds': (40, 48, 176, 184), 'depth': 5, 'score': np.float64(0.250281234843673), 'type': 'leaf_depth'}, {'bounds': (40, 48, 184, 192), 'depth': 5, 'score': np.float64(0.6633241897493898), 'type': 'leaf_depth'}, {'bounds': (48, 56, 176, 184), 'depth': 5, 'score': np.float64(0.23192602530213147), 'type': 'leaf_depth'}, {'bounds': (48, 56, 184, 192), 'depth': 5, 'score': np.float64(0.6831065256782625), 'type': 'leaf_depth'}, {'bounds': (56, 64, 176, 184), 'depth': 5, 'score': np.float64(0.21891892939333768), 'type': 'leaf_depth'}, {'bounds': (56, 64, 184, 192), 'depth': 5, 'score': np.float64(0.6907295472691843), 'type': 'leaf_depth'}, {'bounds': (0, 8, 192, 200), 'depth': 5, 'score': np.float64(0.6394609090469474), 'type': 'leaf_depth'}, {'bounds': (0, 8, 200, 208), 'depth': 5, 'score': np.float64(0.33706735256907466), 'type': 'leaf_depth'}, {'bounds': (8, 16, 192, 200), 'depth': 5, 'score': np.float64(0.6398589857691739), 'type': 'leaf_depth'}, {'bounds': (8, 16, 200, 208), 'depth': 5, 'score': np.float64(0.33263017965617725), 'type': 'leaf_depth'}, {'bounds': (16, 24, 192, 200), 'depth': 5, 'score': np.float64(0.6398337564232214), 'type': 'leaf_depth'}, {'bounds': (16, 24, 200, 208), 'depth': 5, 'score': np.float64(0.32263653347905535), 'type': 'leaf_depth'}, {'bounds': (24, 32, 192, 200), 'depth': 5, 'score': np.float64(0.6380658736356262), 'type': 'leaf_depth'}, {'bounds': (24, 32, 200, 208), 'depth': 5, 'score': np.float64(0.3081136047662128), 'type': 'leaf_depth'}, {'bounds': (32, 40, 192, 200), 'depth': 5, 'score': np.float64(0.652250312406188), 'type': 'leaf_depth'}, {'bounds': (32, 40, 200, 208), 'depth': 5, 'score': np.float64(0.2906833961262009), 'type': 'leaf_depth'}, {'bounds': (40, 48, 192, 200), 'depth': 5, 'score': np.float64(0.679107092551462), 'type': 'leaf_depth'}, {'bounds': (40, 48, 200, 208), 'depth': 5, 'score': np.float64(0.2725511081588569), 'type': 'leaf_depth'}, {'bounds': (48, 56, 192, 200), 'depth': 5, 'score': np.float64(0.6992839475304796), 'type': 'leaf_depth'}, {'bounds': (48, 56, 200, 208), 'depth': 5, 'score': np.float64(0.25641087649014443), 'type': 'leaf_depth'}, {'bounds': (56, 64, 192, 200), 'depth': 5, 'score': np.float64(0.7070571257644783), 'type': 'leaf_depth'}, {'bounds': (56, 64, 200, 208), 'depth': 5, 'score': np.float64(0.24512081905491395), 'type': 'leaf_depth'}, {'bounds': (64, 72, 176, 184), 'depth': 5, 'score': np.float64(0.21775026940740225), 'type': 'leaf_depth'}, {'bounds': (64, 72, 184, 192), 'depth': 5, 'score': np.float64(0.6907789735604088), 'type': 'leaf_depth'}, {'bounds': (72, 80, 176, 184), 'depth': 5, 'score': np.float64(0.22979210719582752), 'type': 'leaf_depth'}, {'bounds': (72, 80, 184, 192), 'depth': 5, 'score': np.float64(0.6839331472302256), 'type': 'leaf_depth'}, {'bounds': (80, 88, 176, 184), 'depth': 5, 'score': np.float64(0.24762221434586162), 'type': 'leaf_depth'}, {'bounds': (80, 88, 184, 192), 'depth': 5, 'score': np.float64(0.6648545371335544), 'type': 'leaf_depth'}, {'bounds': (88, 96, 176, 184), 'depth': 5, 'score': np.float64(0.2678817323282492), 'type': 'leaf_depth'}, {'bounds': (88, 96, 184, 192), 'depth': 5, 'score': np.float64(0.6354116466584051), 'type': 'leaf_depth'}, {'bounds': (96, 104, 176, 184), 'depth': 5, 'score': np.float64(0.2875021092076532), 'type': 'leaf_depth'}, {'bounds': (96, 104, 184, 192), 'depth': 5, 'score': np.float64(0.5996934429541673), 'type': 'leaf_depth'}, {'bounds': (104, 112, 176, 184), 'depth': 5, 'score': np.float64(0.3040437432977576), 'type': 'leaf_depth'}, {'bounds': (104, 112, 184, 192), 'depth': 5, 'score': np.float64(0.6055113706777746), 'type': 'leaf_depth'}, {'bounds': (112, 120, 176, 184), 'depth': 5, 'score': np.float64(0.31573403024938057), 'type': 'leaf_depth'}, {'bounds': (112, 120, 184, 192), 'depth': 5, 'score': np.float64(0.6098370318660243), 'type': 'leaf_depth'}, {'bounds': (120, 128, 176, 184), 'depth': 5, 'score': np.float64(0.3214307046756197), 'type': 'leaf_depth'}, {'bounds': (120, 128, 184, 192), 'depth': 5, 'score': np.float64(0.6132811252502647), 'type': 'leaf_depth'}, {'bounds': (64, 72, 192, 200), 'depth': 5, 'score': np.float64(0.8660254037844386), 'type': 'leaf_depth'}, {'bounds': (64, 72, 200, 208), 'depth': 5, 'score': np.float64(0.24408440989240696), 'type': 'leaf_depth'}, {'bounds': (72, 80, 192, 200), 'depth': 5, 'score': np.float64(0.7001151190532963), 'type': 'leaf_depth'}, {'bounds': (72, 80, 200, 208), 'depth': 5, 'score': np.float64(0.25449495067613426), 'type': 'leaf_depth'}, {'bounds': (80, 88, 192, 200), 'depth': 5, 'score': np.float64(0.6806461371617608), 'type': 'leaf_depth'}, {'bounds': (80, 88, 200, 208), 'depth': 5, 'score': np.float64(0.2701274785979745), 'type': 'leaf_depth'}, {'bounds': (88, 96, 192, 200), 'depth': 5, 'score': np.float64(0.652231490417858), 'type': 'leaf_depth'}, {'bounds': (88, 96, 200, 208), 'depth': 5, 'score': np.float64(0.2881480044382968), 'type': 'leaf_depth'}, {'bounds': (96, 104, 192, 200), 'depth': 5, 'score': np.float64(0.635940988100532), 'type': 'leaf_depth'}, {'bounds': (96, 104, 200, 208), 'depth': 5, 'score': np.float64(0.3058147847820632), 'type': 'leaf_depth'}, {'bounds': (104, 112, 192, 200), 'depth': 5, 'score': np.float64(0.6383988304030319), 'type': 'leaf_depth'}, {'bounds': (104, 112, 200, 208), 'depth': 5, 'score': np.float64(0.3208482730689371), 'type': 'leaf_depth'}, {'bounds': (112, 120, 192, 200), 'depth': 5, 'score': np.float64(0.6386684762824074), 'type': 'leaf_depth'}, {'bounds': (112, 120, 200, 208), 'depth': 5, 'score': np.float64(0.3315463275407575), 'type': 'leaf_depth'}, {'bounds': (120, 128, 192, 200), 'depth': 5, 'score': np.float64(0.6392211522959202), 'type': 'leaf_depth'}, {'bounds': (120, 128, 200, 208), 'depth': 5, 'score': np.float64(0.33680074641710245), 'type': 'leaf_depth'}, {'bounds': (128, 136, 48, 56), 'depth': 5, 'score': np.float64(0.3217084749248421), 'type': 'leaf_depth'}, {'bounds': (128, 136, 56, 64), 'depth': 5, 'score': np.float64(0.6134279678188496), 'type': 'leaf_depth'}, {'bounds': (136, 144, 48, 56), 'depth': 5, 'score': np.float64(0.3168777700244339), 'type': 'leaf_depth'}, {'bounds': (136, 144, 56, 64), 'depth': 5, 'score': np.float64(0.6112039205575506), 'type': 'leaf_depth'}, {'bounds': (144, 152, 48, 56), 'depth': 5, 'score': np.float64(0.30594205303846317), 'type': 'leaf_depth'}, {'bounds': (144, 152, 56, 64), 'depth': 5, 'score': np.float64(0.6071974593024267), 'type': 'leaf_depth'}, {'bounds': (152, 160, 48, 56), 'depth': 5, 'score': np.float64(0.2899621544086949), 'type': 'leaf_depth'}, {'bounds': (152, 160, 56, 64), 'depth': 5, 'score': np.float64(0.6012796037493181), 'type': 'leaf_depth'}, {'bounds': (160, 168, 48, 56), 'depth': 5, 'score': np.float64(0.27062505661268005), 'type': 'leaf_depth'}, {'bounds': (160, 168, 56, 64), 'depth': 5, 'score': np.float64(0.6333238174726176), 'type': 'leaf_depth'}, {'bounds': (168, 176, 48, 56), 'depth': 5, 'score': np.float64(0.2502812843551228), 'type': 'leaf_depth'}, {'bounds': (168, 176, 56, 64), 'depth': 5, 'score': np.float64(0.6633242160432655), 'type': 'leaf_depth'}, {'bounds': (176, 184, 48, 56), 'depth': 5, 'score': np.float64(0.23192614765542638), 'type': 'leaf_depth'}, {'bounds': (176, 184, 56, 64), 'depth': 5, 'score': np.float64(0.683106563735921), 'type': 'leaf_depth'}, {'bounds': (184, 192, 48, 56), 'depth': 5, 'score': np.float64(0.21891910701846637), 'type': 'leaf_depth'}, {'bounds': (184, 192, 56, 64), 'depth': 5, 'score': np.float64(0.6907295900937204), 'type': 'leaf_depth'}, {'bounds': (128, 136, 64, 72), 'depth': 5, 'score': np.float64(0.6394611875687698), 'type': 'leaf_depth'}, {'bounds': (128, 136, 72, 80), 'depth': 5, 'score': np.float64(0.3370675436137445), 'type': 'leaf_depth'}, {'bounds': (136, 144, 64, 72), 'depth': 5, 'score': np.float64(0.6398591782399793), 'type': 'leaf_depth'}, {'bounds': (136, 144, 72, 80), 'depth': 5, 'score': np.float64(0.33263035248457046), 'type': 'leaf_depth'}, {'bounds': (144, 152, 64, 72), 'depth': 5, 'score': np.float64(0.6398339446777923), 'type': 'leaf_depth'}, {'bounds': (144, 152, 72, 80), 'depth': 5, 'score': np.float64(0.32263666832979915), 'type': 'leaf_depth'}, {'bounds': (152, 160, 64, 72), 'depth': 5, 'score': np.float64(0.6380660163835796), 'type': 'leaf_depth'}, {'bounds': (152, 160, 72, 80), 'depth': 5, 'score': np.float64(0.3081136841279489), 'type': 'leaf_depth'}, {'bounds': (160, 168, 64, 72), 'depth': 5, 'score': np.float64(0.652250329230519), 'type': 'leaf_depth'}, {'bounds': (160, 168, 72, 80), 'depth': 5, 'score': np.float64(0.29068340658763214), 'type': 'leaf_depth'}, {'bounds': (168, 176, 64, 72), 'depth': 5, 'score': np.float64(0.6791070946252752), 'type': 'leaf_depth'}, {'bounds': (168, 176, 72, 80), 'depth': 5, 'score': np.float64(0.2725510431769801), 'type': 'leaf_depth'}, {'bounds': (176, 184, 64, 72), 'depth': 5, 'score': np.float64(0.6992839412584996), 'type': 'leaf_depth'}, {'bounds': (176, 184, 72, 80), 'depth': 5, 'score': np.float64(0.25641074027595945), 'type': 'leaf_depth'}, {'bounds': (184, 192, 64, 72), 'depth': 5, 'score': np.float64(0.7070571160497953), 'type': 'leaf_depth'}, {'bounds': (184, 192, 72, 80), 'depth': 5, 'score': np.float64(0.24512063034375736), 'type': 'leaf_depth'}, {'bounds': (192, 200, 48, 56), 'depth': 5, 'score': np.float64(0.21775045167208915), 'type': 'leaf_depth'}, {'bounds': (192, 200, 56, 64), 'depth': 5, 'score': np.float64(0.6907790164385046), 'type': 'leaf_depth'}, {'bounds': (200, 208, 48, 56), 'depth': 5, 'score': np.float64(0.22979223746002286), 'type': 'leaf_depth'}, {'bounds': (200, 208, 56, 64), 'depth': 5, 'score': np.float64(0.683933186169772), 'type': 'leaf_depth'}, {'bounds': (208, 216, 48, 56), 'depth': 5, 'score': np.float64(0.2476222729023112), 'type': 'leaf_depth'}, {'bounds': (208, 216, 56, 64), 'depth': 5, 'score': np.float64(0.6648545649904297), 'type': 'leaf_depth'}, {'bounds': (216, 224, 48, 56), 'depth': 5, 'score': np.float64(0.26788171535790933), 'type': 'leaf_depth'}, {'bounds': (216, 224, 56, 64), 'depth': 5, 'score': np.float64(0.6354116580398445), 'type': 'leaf_depth'}, {'bounds': (224, 232, 48, 56), 'depth': 5, 'score': np.float64(0.28750202363319727), 'type': 'leaf_depth'}, {'bounds': (224, 232, 56, 64), 'depth': 5, 'score': np.float64(0.599693398368053), 'type': 'leaf_depth'}, {'bounds': (232, 240, 48, 56), 'depth': 5, 'score': np.float64(0.3040436023030808), 'type': 'leaf_depth'}, {'bounds': (232, 240, 56, 64), 'depth': 5, 'score': np.float64(0.6055111796690681), 'type': 'leaf_depth'}, {'bounds': (240, 248, 48, 56), 'depth': 5, 'score': np.float64(0.31573385056201686), 'type': 'leaf_depth'}, {'bounds': (240, 248, 56, 64), 'depth': 5, 'score': np.float64(0.6098367519389559), 'type': 'leaf_depth'}, {'bounds': (248, 256, 48, 56), 'depth': 5, 'score': np.float64(0.32143050500091475), 'type': 'leaf_depth'}, {'bounds': (248, 256, 56, 64), 'depth': 5, 'score': np.float64(0.6132808353418254), 'type': 'leaf_depth'}, {'bounds': (192, 200, 64, 72), 'depth': 5, 'score': np.float64(0.8660253881617466), 'type': 'leaf_depth'}, {'bounds': (192, 200, 72, 80), 'depth': 5, 'score': np.float64(0.24408421699911292), 'type': 'leaf_depth'}, {'bounds': (200, 208, 64, 72), 'depth': 5, 'score': np.float64(0.7001151119925638), 'type': 'leaf_depth'}, {'bounds': (200, 208, 72, 80), 'depth': 5, 'score': np.float64(0.2544948071499584), 'type': 'leaf_depth'}, {'bounds': (208, 216, 64, 72), 'depth': 5, 'score': np.float64(0.6806461378485658), 'type': 'leaf_depth'}, {'bounds': (208, 216, 72, 80), 'depth': 5, 'score': np.float64(0.27012740501766486), 'type': 'leaf_depth'}, {'bounds': (216, 224, 64, 72), 'depth': 5, 'score': np.float64(0.6522315020866754), 'type': 'leaf_depth'}, {'bounds': (216, 224, 72, 80), 'depth': 5, 'score': np.float64(0.2881480065184989), 'type': 'leaf_depth'}, {'bounds': (224, 232, 64, 72), 'depth': 5, 'score': np.float64(0.6359411243651243), 'type': 'leaf_depth'}, {'bounds': (224, 232, 72, 80), 'depth': 5, 'score': np.float64(0.30581485694482247), 'type': 'leaf_depth'}, {'bounds': (232, 240, 64, 72), 'depth': 5, 'score': np.float64(0.6383990144747888), 'type': 'leaf_depth'}, {'bounds': (232, 240, 72, 80), 'depth': 5, 'score': np.float64(0.3208484024640481), 'type': 'leaf_depth'}, {'bounds': (240, 248, 64, 72), 'depth': 5, 'score': np.float64(0.6386686763885626), 'type': 'leaf_depth'}, {'bounds': (240, 248, 72, 80), 'depth': 5, 'score': np.float64(0.3315464969765141), 'type': 'leaf_depth'}, {'bounds': (248, 256, 64, 72), 'depth': 5, 'score': np.float64(0.6392214307810336), 'type': 'leaf_depth'}, {'bounds': (248, 256, 72, 80), 'depth': 5, 'score': np.float64(0.33680093630604563), 'type': 'leaf_depth'}, {'bounds': (128, 136, 176, 184), 'depth': 5, 'score': np.float64(0.3218931159404355), 'type': 'leaf_depth'}, {'bounds': (128, 136, 184, 192), 'depth': 5, 'score': np.float64(0.6129902673544566), 'type': 'leaf_depth'}, {'bounds': (136, 144, 176, 184), 'depth': 5, 'score': np.float64(0.3200324245888843), 'type': 'leaf_depth'}, {'bounds': (136, 144, 184, 192), 'depth': 5, 'score': np.float64(0.6063953749523009), 'type': 'leaf_depth'}, {'bounds': (144, 152, 176, 184), 'depth': 5, 'score': np.float64(0.31198299001198043), 'type': 'leaf_depth'}, {'bounds': (144, 152, 184, 192), 'depth': 5, 'score': np.float64(0.5942416623657629), 'type': 'leaf_depth'}, {'bounds': (152, 160, 176, 184), 'depth': 5, 'score': np.float64(0.2983607930319976), 'type': 'leaf_depth'}, {'bounds': (152, 160, 184, 192), 'depth': 5, 'score': np.float64(0.5856161731198126), 'type': 'leaf_depth'}, {'bounds': (160, 168, 176, 184), 'depth': 5, 'score': np.float64(0.2807148357945528), 'type': 'leaf_depth'}, {'bounds': (160, 168, 184, 192), 'depth': 5, 'score': np.float64(0.6126241953320354), 'type': 'leaf_depth'}, {'bounds': (168, 176, 176, 184), 'depth': 5, 'score': np.float64(0.26138873859211537), 'type': 'leaf_depth'}, {'bounds': (168, 176, 184, 192), 'depth': 5, 'score': np.float64(0.6417176411209062), 'type': 'leaf_depth'}, {'bounds': (176, 184, 176, 184), 'depth': 5, 'score': np.float64(0.2435021183724475), 'type': 'leaf_depth'}, {'bounds': (176, 184, 184, 192), 'depth': 5, 'score': np.float64(0.661070840634571), 'type': 'leaf_depth'}, {'bounds': (184, 192, 176, 184), 'depth': 5, 'score': np.float64(0.23062717167491942), 'type': 'leaf_depth'}, {'bounds': (184, 192, 184, 192), 'depth': 5, 'score': np.float64(0.6685463316690062), 'type': 'leaf_depth'}, {'bounds': (128, 136, 192, 200), 'depth': 5, 'score': np.float64(0.6387409682275782), 'type': 'leaf_depth'}, {'bounds': (128, 136, 200, 208), 'depth': 5, 'score': np.float64(0.33724381597195996), 'type': 'leaf_depth'}, {'bounds': (136, 144, 192, 200), 'depth': 5, 'score': np.float64(0.6326149417596867), 'type': 'leaf_depth'}, {'bounds': (136, 144, 200, 208), 'depth': 5, 'score': np.float64(0.3355897470990699), 'type': 'leaf_depth'}, {'bounds': (144, 152, 192, 200), 'depth': 5, 'score': np.float64(0.6247381148402784), 'type': 'leaf_depth'}, {'bounds': (144, 152, 200, 208), 'depth': 5, 'score': np.float64(0.3283319021544717), 'type': 'leaf_depth'}, {'bounds': (152, 160, 192, 200), 'depth': 5, 'score': np.float64(0.619009551983614), 'type': 'leaf_depth'}, {'bounds': (152, 160, 200, 208), 'depth': 5, 'score': np.float64(0.3160862222279846), 'type': 'leaf_depth'}, {'bounds': (160, 168, 192, 200), 'depth': 5, 'score': np.float64(0.6285125751784952), 'type': 'leaf_depth'}, {'bounds': (160, 168, 200, 208), 'depth': 5, 'score': np.float64(0.30035048031205674), 'type': 'leaf_depth'}, {'bounds': (168, 176, 192, 200), 'depth': 5, 'score': np.float64(0.6543291350144111), 'type': 'leaf_depth'}, {'bounds': (168, 176, 200, 208), 'depth': 5, 'score': np.float64(0.2833144670867733), 'type': 'leaf_depth'}, {'bounds': (176, 184, 192, 200), 'depth': 5, 'score': np.float64(0.6737997610480273), 'type': 'leaf_depth'}, {'bounds': (176, 184, 200, 208), 'depth': 5, 'score': np.float64(0.26776265501941704), 'type': 'leaf_depth'}, {'bounds': (184, 192, 192, 200), 'depth': 5, 'score': np.float64(0.6813177028944837), 'type': 'leaf_depth'}, {'bounds': (184, 192, 200, 208), 'depth': 5, 'score': np.float64(0.25671164957874854), 'type': 'leaf_depth'}, {'bounds': (192, 200, 176, 184), 'depth': 5, 'score': np.float64(0.2294388685182603), 'type': 'leaf_depth'}, {'bounds': (192, 200, 184, 192), 'depth': 5, 'score': np.float64(0.6685920370827382), 'type': 'leaf_depth'}, {'bounds': (200, 208, 176, 184), 'depth': 5, 'score': np.float64(0.241357832487953), 'type': 'leaf_depth'}, {'bounds': (200, 208, 184, 192), 'depth': 5, 'score': np.float64(0.661831866294358), 'type': 'leaf_depth'}, {'bounds': (208, 216, 176, 184), 'depth': 5, 'score': np.float64(0.25877359533101885), 'type': 'leaf_depth'}, {'bounds': (208, 216, 184, 192), 'depth': 5, 'score': np.float64(0.643108274824636), 'type': 'leaf_depth'}, {'bounds': (216, 224, 176, 184), 'depth': 5, 'score': np.float64(0.27810705084565135), 'type': 'leaf_depth'}, {'bounds': (216, 224, 184, 192), 'depth': 5, 'score': np.float64(0.6144757272642911), 'type': 'leaf_depth'}, {'bounds': (192, 200, 192, 200), 'depth': 5, 'score': np.float64(0.799265333923654), 'type': 'leaf_depth'}, {'bounds': (192, 200, 200, 208), 'depth': 5, 'score': np.float64(0.25565690337231095), 'type': 'leaf_depth'}, {'bounds': (200, 208, 192, 200), 'depth': 5, 'score': np.float64(0.674551897285378), 'type': 'leaf_depth'}, {'bounds': (200, 208, 200, 208), 'depth': 5, 'score': np.float64(0.26583652078344755), 'type': 'leaf_depth'}, {'bounds': (208, 216, 192, 200), 'depth': 5, 'score': np.float64(0.6557023070007706), 'type': 'leaf_depth'}, {'bounds': (208, 216, 200, 208), 'depth': 5, 'score': np.float64(0.2809310852829377), 'type': 'leaf_depth'}, {'bounds': (216, 224, 192, 200), 'depth': 5, 'score': np.float64(0.6284592352696712), 'type': 'leaf_depth'}, {'bounds': (216, 224, 200, 208), 'depth': 5, 'score': np.float64(0.29794240206661293), 'type': 'leaf_depth'}, {'bounds': (224, 232, 192, 200), 'depth': 5, 'score': np.float64(0.6165237813980411), 'type': 'leaf_depth'}, {'bounds': (224, 232, 200, 208), 'depth': 5, 'score': np.float64(0.31401919195036315), 'type': 'leaf_depth'}, {'bounds': (232, 240, 192, 200), 'depth': 5, 'score': np.float64(0.6226164967725242), 'type': 'leaf_depth'}, {'bounds': (232, 240, 200, 208), 'depth': 5, 'score': np.float64(0.32687350964136436), 'type': 'leaf_depth'}, {'bounds': (240, 248, 192, 200), 'depth': 5, 'score': np.float64(0.6308247571363564), 'type': 'leaf_depth'}, {'bounds': (240, 248, 200, 208), 'depth': 5, 'score': np.float64(0.3349058713215221), 'type': 'leaf_depth'}, {'bounds': (248, 256, 192, 200), 'depth': 5, 'score': np.float64(0.6383264655963942), 'type': 'leaf_depth'}, {'bounds': (248, 256, 200, 208), 'depth': 5, 'score': np.float64(0.3372447817244243), 'type': 'leaf_depth'}]
--- START CLASSICAL AMR SCAN ---
  Depth 0: 1 patch(es)
  Depth 1: 4 patch(es)
  Depth 2: 16 patch(es)
  Depth 3: 32 patch(es)
  Depth 4: 64 patch(es)
  Depth 5: 256 patch(es)
--- CLASSICAL SCAN COMPLETE: 352 patches ---

──────────────────────────────────────────────────
Analyzing: MHD Rotor
──────────────────────────────────────────────────
  Computing Hamiltonian at multiple depths...
    Depth 0: H=47.6716 C=816.5443 K=0.0000
    Depth 1: H=559935.2436 C=53292.2429 K=141893.0300
    Depth 2: H=58625.9522 C=38571.3831 K=94514.5671
    Depth 3: H=5680.1582 C=13760.8174 K=30133.1039
--- START LEVEL-BY-LEVEL VQA SCAN ---
Average Phi Dev: 0.00513291403921484
  Depth 0: 1 patch(es) to evaluate
Transpiling circuit (backend=state_vector, opt_level=0)
  IIIIIIIZ: (1+0j)
  IIIZIIII: (1+0j)
  IIZZIZIZ: (-0.14394509214682957+0j)
  IIIIIIZI: (0.5550543690291295+0j)
  IIZIIIII: (0.5550543690291295+0j)
  IIZZZIZI: (-0.1445028727309662+0j)
  IIIIIZII: (0.5353244435660123+0j)
  IZIIIIII: (0.5353244435660123+0j)
  ZZIIIZIZ: (-0.14436018592859431+0j)
  IIIIZIII: (0.8495134734731795+0j)
  ZIIIIIII: (0.8495134734731795+0j)
  ZZIIZIZI: (-0.14490305882243795+0j)

 

Information about the circuit: 
Number of qubits: 8
 Depth : 41

--- Starting Optimization Loop (method=COBYLA) ---
Iter 10: Cost = -4.198948232708863
Iter 20: Cost = -5.38697155633121
Iter 30: Cost = -5.416587876728056
Optimization success: True
Optimal Params: [-0.26244387 -0.37446007  0.32275368  0.44160934]

--- Final Statevector (exact) ---
Marginals: [0.939880612475595, 0.9375427995400084, 0.9258497926940487, 0.9722569269395397, 0.9597633279620372, 0.9571001284373627, 0.6834995546432606, 0.984211127449946]

  ┌─ Depth 0 | Patch (0, 256, 0, 256) | eff_threshold=0.150
  │  θ-only  (before QAOA): [[0.816 0.519]
 [0.506 0.715]]
  │  QAOA    (after  QAOA): [[0.95  0.947]
 [0.805 0.978]]
  │  θ-only  refine: [[1 1]
 [1 1]]
  │  QAOA    refine: [[1 1]
 [1 1]]
  │  Agreement: 4/4 cells
  └─
  Depth 1: 4 patch(es) to evaluate
Transpiling circuit (backend=state_vector, opt_level=0)
  IIIIIIIZ: (-0.14284006257069248+0j)
  IIIZIIII: (-0.14284006257069248+0j)
  IIIIIIIZ: (-2.5944531821025944e-18+0j)
  IIIZIIII: (-1.4604845282753468e-18+0j)
  IIZZIZIZ: (-1.530557634995942e-05+0j)
  IIIIIIZI: (-0.14281863934869155+0j)
  IIZIIIII: (-0.14281863934869155+0j)
  ZIZIIIII: (-0.00011144646777131022+0j)
  IIZIIIII: (-0.0003424506960397909+0j)
  IIZIZIZI: (-0.43617075636703057+0j)
  IIZIZIZI: (-0.11093509729574877+0j)
  IIIIIZII: (-0.14281508914766206+0j)
  IZIIIIII: (-0.14281508914766206+0j)
  IIIIZZII: (-0.00010632045594091377+0j)
  IIIIIZII: (-0.00032794380118744313+0j)
  ZZIIIZII: (-0.42469991743191804+0j)
  ZZIIIZII: (-0.4406485693838709+0j)
  IIIIZIII: (-0.14193883319001654+0j)
  ZIIIIIII: (-0.14193883319001654+0j)
  ZIIIZIII: (-0.00029269496082873545+0j)
  ZIIIZIII: (-0.00025981343945326394+0j)

 

Information about the circuit: 
Number of qubits: 8
 Depth : 68

--- Starting Optimization Loop (method=COBYLA) ---
Iter 10: Cost = 0.13439667413828082
Optimization success: True
Optimal Params: [0.05      0.05      0.0976441 0.0952882]

--- Final Statevector (exact) ---
Marginals: [0.008931207158882298, 0.0229933156062206, 0.0006311197702409063, 0.8856058235686549, 0.012426321734041795, 0.032789955268034576, 0.02963887343429397, 0.77535199661779]

  ┌─ Depth 1 | Patch (0, 128, 0, 128) | eff_threshold=0.320
  │  θ-only  (before QAOA): [[0.002 0.007]
 [0.007 0.816]]
  │  QAOA    (after  QAOA): [[0.011 0.028]
 [0.015 0.83 ]]
  │  θ-only  refine: [[0 0]
 [0 1]]
  │  QAOA    refine: [[0 0]
 [0 1]]
  │  Agreement: 4/4 cells
  │  Boundary activation: ['bottom', 'right']
  └─
Transpiling circuit (backend=state_vector, opt_level=0)
  IIIIIIIZ: (-0.3135151895076904+0j)
  IIIZIIII: (-0.3135151895076904+0j)
  IZIZIIII: (-1+0j)
  IIIIIIIZ: (-2.041851066773211e-18+0j)
  IIIZIIII: (-3.077033657602961+0j)
  IIZZIZIZ: (-0.2749041791352727+0j)
  IIIIIIZI: (-0.315666338027699+0j)
  IIZIIIII: (-0.315666338027699+0j)
  IIZIIIII: (-1.2423970862260056e-18+0j)
  IIZIZIZI: (-0.22288161141309698+0j)
  IIIIIZII: (-0.3035812075023131+0j)
  IZIIIIII: (-0.3035812075023131+0j)
  IIIIZZII: (-0.9738571334814853+0j)
  IIIIIZII: (7.779625746805465+0j)
  ZZIIIZII: (0.013486974883265163+0j)
  ZZIIIZII: (0.014370004336405298+0j)
  IIIIZIII: (-0.3073789351777921+0j)
  ZIIIIIII: (-0.3073789351777921+0j)
  ZIIIZIII: (-0.2673584442489418+0j)
  ZIIIZIII: (-0.285982259411102+0j)

 

Information about the circuit: 
Number of qubits: 8
 Depth : 61

--- Starting Optimization Loop (method=COBYLA) ---
Iter 10: Cost = -7.339253937218712
Iter 20: Cost = -8.51848392976979
Optimization success: True
Optimal Params: [ 0.15991792  0.23696969 -0.05651924  0.03965694]

--- Final Statevector (exact) ---
Marginals: [0.16766668529371714, 0.1367763634709467, 0.8610889586939556, 0.10804116372802959, 0.17683078901286364, 0.17914931330843595, 0.29339288190752616, 0.2107680702127071]

  ┌─ Depth 1 | Patch (0, 128, 128, 256) | eff_threshold=0.320
  │  θ-only  (before QAOA): [[0.007 0.002]
 [0.519 0.007]]
  │  QAOA    (after  QAOA): [[0.172 0.158]
 [0.577 0.159]]
  │  θ-only  refine: [[0 0]
 [1 0]]
  │  QAOA    refine: [[0 0]
 [1 0]]
  │  Agreement: 4/4 cells
  │  Boundary activation: ['bottom', 'left']
  └─
Transpiling circuit (backend=state_vector, opt_level=0)
  IIIIIIIZ: (-0.26121380807741557+0j)
  IIIZIIII: (-0.26121380807741557+0j)
  IIIIIIZZ: (-0.9273359529003355+0j)
  IIIIIIIZ: (-2.857228904584936+0j)
  IIIZIIII: (-1.0033506575612645e-18+0j)
  IIZZIZIZ: (-0.24717335853966105+0j)
  IIZZIZIZ: (-0.22758388535155585+0j)
  IIIIIIZI: (-0.25275225699204146+0j)
  IIZIIIII: (-0.25275225699204146+0j)
  ZIZIIIII: (-1+0j)
  IIZIIIII: (7.679916244708623+0j)
  IIZIZIZI: (0.0007755983620876334+0j)
  IIZIZIZI: (0.0008298494463533176+0j)
  IIIIIZII: (-0.26244761289113855+0j)
  IZIIIIII: (-0.26244761289113855+0j)
  IIIIIZII: (-2.1439949497991107e-18+0j)
  ZZIIIZII: (-0.1784075128472671+0j)
  IIIIZIII: (-0.2565691436436083+0j)
  ZIIIIIII: (-0.2565691436436083+0j)
  ZIIIZIII: (-0.25374872186126224+0j)

 

Information about the circuit: 
Number of qubits: 8
 Depth : 61

--- Starting Optimization Loop (method=COBYLA) ---
Iter 10: Cost = -5.983515249455236
Optimization success: True
Optimal Params: [-0.06943036 -0.03354998  0.02592485  0.16654252]

--- Final Statevector (exact) ---
Marginals: [0.017668098228941664, 0.4055221745857165, 0.005152665087232164, 0.0026146656425096166, 0.0007618346401977433, 0.5632721399892148, 0.014013169164326954, 0.006647600749625371]

  ┌─ Depth 1 | Patch (128, 256, 0, 128) | eff_threshold=0.320
  │  θ-only  (before QAOA): [[0.007 0.506]
 [0.002 0.008]]
  │  QAOA    (after  QAOA): [[0.009 0.484]
 [0.01  0.005]]
  │  θ-only  refine: [[0 1]
 [0 0]]
  │  QAOA    refine: [[0 1]
 [0 0]]
  │  Agreement: 4/4 cells
  └─
Transpiling circuit (backend=state_vector, opt_level=0)
  IIIIIIIZ: (1+0j)
  IIIZIIII: (1+0j)
  IIIIIIZZ: (-0.0005073537332956416+0j)
  IZIZIIII: (-0.0005536095429911867+0j)
  IIIIIIIZ: (0.003574832035498219+0j)
  IIIZIIII: (0.004255073625535852+0j)
  IIZZIZIZ: (-0.3597958306284552+0j)
  IIZZIZIZ: (-0.42606095148103895+0j)
  IIIIIIZI: (0.461435353659015+0j)
  IIZIIIII: (0.461435353659015+0j)
  IIZIIIII: (-1.5706640417955218e-18+0j)
  IIZIZIZI: (-0.29579367967462483+0j)
  IIZIZIZI: (-0.4216798462098422+0j)
  IIIIIZII: (0.7647467510159897+0j)
  IZIIIIII: (0.7647467510159897+0j)
  IIIIIZII: (-3.0442673860476064e-18+0j)
  ZZIIIZII: (-0.30428571043407093+0j)
  ZZIIIZII: (-0.1373262740308917+0j)
  IIIIZIII: (0.22750644064645847+0j)
  ZIIIIIII: (0.22750644064645847+0j)

 

Information about the circuit: 
Number of qubits: 8
 Depth : 59

--- Starting Optimization Loop (method=COBYLA) ---
Iter 10: Cost = 0.6813733184559246
Iter 20: Cost = 0.6352292327281872
Optimization success: True
Optimal Params: [ 0.14493185 -0.02550127 -0.02010772  0.02331616]

--- Final Statevector (exact) ---
Marginals: [0.8145453173777046, 0.007145142191087673, 0.036751911604855275, 0.024702064043193635, 0.6664864166699053, 0.011591507264433493, 0.04014900655025005, 0.014269128060148191]

  ┌─ Depth 1 | Patch (128, 256, 128, 256) | eff_threshold=0.320
  │  θ-only  (before QAOA): [[0.715 0.007]
 [0.007 0.002]]
  │  QAOA    (after  QAOA): [[0.741 0.009]
 [0.038 0.019]]
  │  θ-only  refine: [[1 0]
 [0 0]]
  │  QAOA    refine: [[1 0]
 [0 0]]
  │  Agreement: 4/4 cells
  │  Boundary activation: ['top', 'left']
  └─
  Depth 2: 7 patch(es) to evaluate
Transpiling circuit (backend=state_vector, opt_level=0)
  IIIIIIIZ: (-0.12430959364453585+0j)
  IIIZIIII: (-0.12430959364453585+0j)
  IIIIIIZZ: (-1.3851682763872224e-05+0j)
  IZIZIIII: (-0.12082353930251154+0j)
  IIIIIIIZ: (-4.174747595106743e-05+0j)
  IIIZIIII: (-0.36262123091164894+0j)
  IIZZIZIZ: (-0.21119123891032282+0j)
  IIZZIZIZ: (-0.16689292343099965+0j)
  IIIIIIZI: (-0.1178602039969671+0j)
  IIZIIIII: (-0.1178602039969671+0j)
  IIZIIIII: (-7.545659549152836e-101+0j)
  IIZIZIZI: (0.0060617004348519415+0j)
  IIZIZIZI: (0.00604452679502296+0j)
  IIIIIZII: (-0.12084898987006958+0j)
  IZIIIIII: (-0.12084898987006958+0j)
  IIIIIZII: (-1.005738313929983e-76+0j)
  ZZIIIZII: (-0.04081882891062948+0j)
  ZZIIIZII: (-0.03496270605300598+0j)
  IIIIZIII: (0.0954208551350158+0j)
  ZIIIIIII: (0.0954208551350158+0j)
  ZIIIZIII: (0.0013211554144857618+0j)

 

Information about the circuit: 
Number of qubits: 8
 Depth : 60

--- Starting Optimization Loop (method=COBYLA) ---
Iter 10: Cost = -0.443201289914307
Optimization success: True
Optimal Params: [-0.0274713   0.00856589  0.14221552  0.06135534]

--- Final Statevector (exact) ---
Marginals: [0.24420971309129352, 0.6288898019105065, 0.3914100591096772, 0.8007808008084931, 0.25231209944525224, 0.6552335001924151, 0.40690063721664715, 0.8255440573166514]

  ┌─ Depth 2 | Patch (64, 128, 64, 128) | eff_threshold=0.490
  │  θ-only  (before QAOA): [[0.26  0.637]
 [0.401 0.816]]
  │  QAOA    (after  QAOA): [[0.248 0.642]
 [0.399 0.813]]
  │  θ-only  refine: [[0 1]
 [0 1]]
  │  QAOA    refine: [[0 1]
 [0 1]]
  │  Agreement: 4/4 cells
  │  Boundary activation: ['right']
  └─
Transpiling circuit (backend=state_vector, opt_level=0)
  IIIIIIIZ: (-0.48292644358649084+0j)
  IIIZIIII: (-0.48292644358649084+0j)
  IIIIIIIZ: (-0+0j)
  IIIZIIII: (-4.873782177874959e-19+0j)
  IIZZIZIZ: (-0.12295216878621992+0j)
  IIIIIIZI: (-0.4854108670506731+0j)
  IIZIIIII: (-0.4854108670506731+0j)
  IIZIIIII: (-2.9406942602520935e-20+0j)
  IIZIZIZI: (-0.11129455596554926+0j)
  IIIIIZII: (-0.48175775258533715+0j)
  IZIIIIII: (-0.48175775258533715+0j)
  IIIIIZII: (-1.1077535181978553e-18+0j)
  ZZIIIZII: (-0.8997465719842266+0j)
  IIIIZIII: (-0.48396809636301125+0j)
  ZIIIIIII: (-0.48396809636301125+0j)
  ZIIIZIII: (-0.6336056052082866+0j)

 

Information about the circuit: 
Number of qubits: 8
 Depth : 35

--- Starting Optimization Loop (method=COBYLA) ---
Iter 10: Cost = -5.5742356464265015
Optimization success: True
Optimal Params: [-0.0003158  -0.00076345  0.07722637  0.10902493]

--- Final Statevector (exact) ---
Marginals: [0.002536288324654701, 0.001521079047017256, 0.007217981937254587, 0.005409739756424437, 0.002501523989873243, 0.001511176813223243, 0.007162255699324959, 0.0053891111479034155]

  ┌─ Depth 2 | Patch (0, 64, 128, 192) | eff_threshold=0.490
  │  θ-only  (before QAOA): [[0.003 0.002]
 [0.007 0.005]]
  │  QAOA    (after  QAOA): [[0.003 0.002]
 [0.007 0.005]]
  │  θ-only  refine: [[0 0]
 [0 0]]
  │  QAOA    refine: [[0 0]
 [0 0]]
  │  Agreement: 4/4 cells
  └─
Transpiling circuit (backend=state_vector, opt_level=0)
  IIIIIIIZ: (-0+0j)
  IIIZIIII: (-0+0j)
  IIZIIIII: (-0+0j)
  IIIIIZII: (-0+0j)

 

Information about the circuit: 
Number of qubits: 8
 Depth : 5

--- Null Hamiltonian detected (all coefficients zero). Skipping optimization — returning θ-init marginals. ---

--- Final Statevector (exact) ---
Marginals: [0.0012305578281034356, 0.0013538163139162958, 0.002351335961066163, 0.001245265350029153, 0.001230557828103436, 0.0013538163139162958, 0.0023513359610661637, 0.001245265350029153]

  ┌─ Depth 2 | Patch (0, 64, 192, 256) | eff_threshold=0.490
  │  θ-only  (before QAOA): [[0.001 0.001]
 [0.002 0.001]]
  │  QAOA    (after  QAOA): [[0.001 0.001]
 [0.002 0.001]]
  │  θ-only  refine: [[0 0]
 [0 0]]
  │  QAOA    refine: [[0 0]
 [0 0]]
  │  Agreement: 4/4 cells
  └─
Transpiling circuit (backend=state_vector, opt_level=0)
  IIIIIIIZ: (0.027797834043750417+0j)
  IIIZIIII: (0.027797834043750417+0j)
  IIIIIIZZ: (-0.37178370775132524+0j)
  IIIIIIIZ: (2.9699819466589106+0j)
  IIIZIIII: (-5.924417403070748e-35+0j)
  IIZZIZIZ: (-0.17546682460617008+0j)
  IIZZIZIZ: (-0.12673173058419593+0j)
  IIIIIIZI: (-0.026708770502441512+0j)
  IIZIIIII: (-0.026708770502441512+0j)
  ZIZIIIII: (-0.0009256982030809694+0j)
  IIZIIIII: (-0.0027742689110009677+0j)
  IIZIZIZI: (-0.13255054126661991+0j)
  IIZIZIZI: (-0.12998815387978097+0j)
  IIIIIZII: (0.1955235033719067+0j)
  IZIIIIII: (0.1955235033719067+0j)
  IIIIIZII: (2.2893945778969114e-22+0j)
  ZZIIIZII: (0.0051178079019382604+0j)
  ZZIIIZII: (0.005115753608702926+0j)
  IIIIZIII: (0.004621312690475386+0j)
  ZIIIIIII: (0.004621312690475386+0j)
  IIIIZIII: (-7.70370561901059e-05+0j)
  ZIIIIIII: (0.0018000848425055907+0j)
  ZIIIZIII: (-0.019309782582538307+0j)
  ZIIIZIII: (-0.022276059569572463+0j)

 

Information about the circuit: 
Number of qubits: 8
 Depth : 63

--- Starting Optimization Loop (method=COBYLA) ---
Iter 10: Cost = -1.817586266381818
Iter 20: Cost = -2.215382886836798
Optimization success: True
Optimal Params: [-0.19143256 -0.39269908 -0.00670528  0.26574609]

--- Final Statevector (exact) ---
Marginals: [0.8669800327795882, 0.2659958233196327, 0.10082449904317685, 0.6213611506468879, 0.9622119051968785, 0.37406212760602575, 0.7898315530242349, 0.027870952864685584]

  ┌─ Depth 2 | Patch (64, 128, 128, 192) | eff_threshold=0.490
  │  θ-only  (before QAOA): [[0.517 0.071]
 [0.519 0.459]]
  │  QAOA    (after  QAOA): [[0.915 0.32 ]
 [0.445 0.325]]
  │  θ-only  refine: [[1 0]
 [1 0]]
  │  QAOA    refine: [[1 0]
 [0 0]]
  │  Agreement: 3/4 cells
  │  Boundary activation: ['top', 'left']
  └─
Transpiling circuit (backend=state_vector, opt_level=0)
  IIIIIIIZ: (-0.4953416598583047+0j)
  IIIZIIII: (-0.4953416598583047+0j)
  IIIIIIIZ: (-1.0283722123639998e-20+0j)
  IIIZIIII: (-5.670533431747638e-19+0j)
  IIZZIZIZ: (-0.33480975121305157+0j)
  IIIIIIZI: (-0.4996290638407611+0j)
  IIZIIIII: (-0.4996290638407611+0j)
  IIZIIIII: (-0+0j)
  IIIIIZII: (-0.48928698334704684+0j)
  IZIIIIII: (-0.48928698334704684+0j)
  IIIIIZII: (-2.648158319449172e-19+0j)
  ZZIIIZII: (-0.2698385016356487+0j)
  IIIIZIII: (-0.4981785205841796+0j)
  ZIIIIIII: (-0.4981785205841796+0j)

 

Information about the circuit: 
Number of qubits: 8
 Depth : 28

--- Starting Optimization Loop (method=COBYLA) ---
Iter 10: Cost = -4.516650513876387
Optimization success: True
Optimal Params: [0.00013726 0.006094   0.03331082 0.10141513]

--- Final Statevector (exact) ---
Marginals: [0.005437647812740516, 0.0020213424258066215, 0.007504539071120702, 0.0020466490126816923, 0.004280895929630071, 0.0022598095187244213, 0.00811823607670219, 0.003030859202314614]

  ┌─ Depth 2 | Patch (64, 128, 192, 256) | eff_threshold=0.490
  │  θ-only  (before QAOA): [[0.005 0.002]
 [0.007 0.002]]
  │  QAOA    (after  QAOA): [[0.005 0.002]
 [0.008 0.003]]
  │  θ-only  refine: [[0 0]
 [0 0]]
  │  QAOA    refine: [[0 0]
 [0 0]]
  │  Agreement: 4/4 cells
  └─
Transpiling circuit (backend=state_vector, opt_level=0)
  IIIIIIIZ: (-0.17876603541915626+0j)
  IIIZIIII: (-0.17876603541915626+0j)
  IZIZIIII: (-0.00137416527666853+0j)
  IIIIIIIZ: (-1.7308062713779973e-21+0j)
  IIIZIIII: (0.007190334205883222+0j)
  IIZZIZIZ: (-0.18251101022878471+0j)
  IIZZIZIZ: (-0.21464497271616118+0j)
  IIIIIIZI: (0.42337564471930494+0j)
  IIZIIIII: (0.42337564471930494+0j)
  IIZIIIII: (8.45207969876505e-33+0j)
  IIZIZIZI: (-0.12532698672903075+0j)
  IIZIZIZI: (-0.12530634304974222+0j)
  IIIIIZII: (-0.1822142867326077+0j)
  IZIIIIII: (-0.1822142867326077+0j)
  IIIIZZII: (-0.3952589598813573+0j)
  IIIIIZII: (-1.1890507430659047+0j)
  ZZIIIZII: (-0.21591575655340578+0j)
  ZZIIIZII: (-0.21769972771346813+0j)
  IIIIZIII: (-0.09344030487686698+0j)
  ZIIIIIII: (-0.09344030487686698+0j)
  ZIIIIIII: (-0.38688424021709716+0j)
  ZIIIZIII: (0.0006345363961602218+0j)
  ZIIIZIII: (0.0004802949203436932+0j)

 

Information about the circuit: 
Number of qubits: 8
 Depth : 86

--- Starting Optimization Loop (method=COBYLA) ---
Iter 10: Cost = -2.114939018767253
Iter 20: Cost = -2.3404304348953557
Optimization success: True
Optimal Params: [ 0.189252    0.18683609 -0.19317489  0.03939402]

--- Final Statevector (exact) ---
Marginals: [0.3967673934369145, 0.844020969902528, 0.01904946682805831, 0.3769534623044247, 0.22111169490672414, 0.44787439305741755, 0.3569887201350787, 0.1720032496884492]

  ┌─ Depth 2 | Patch (128, 192, 64, 128) | eff_threshold=0.490
  │  θ-only  (before QAOA): [[0.454 0.506]
 [0.069 0.498]]
  │  QAOA    (after  QAOA): [[0.309 0.646]
 [0.188 0.274]]
  │  θ-only  refine: [[0 1]
 [0 1]]
  │  QAOA    refine: [[0 1]
 [0 0]]
  │  Agreement: 3/4 cells
  │  Boundary activation: ['top', 'right']
  └─
Transpiling circuit (backend=state_vector, opt_level=0)
  IIIIIIIZ: (0.03746498295386676+0j)
  IIIZIIII: (0.03746498295386676+0j)
  IIIIIIIZ: (6.783282709640645e-62+0j)
  IIIZIIII: (7.138524736191723e-80+0j)
  IIZZIZIZ: (-0.14859889545514837+0j)
  IIIIIIZI: (0.3440349463439757+0j)
  IIZIIIII: (0.3440349463439757+0j)
  IIIIIIZI: (-1.3761255862887003+0j)
  ZIZIIIII: (-0.06292979043623712+0j)
  IIZIIIII: (0.3486497742520003+0j)
  IIZIZIZI: (-0.12299451148156149+0j)
  IIZIZIZI: (-0.1455942548111981+0j)
  IIIIIZII: (0.3645066053602414+0j)
  IZIIIIII: (0.3645066053602414+0j)
  IIIIZZII: (-1.283217516523261e-05+0j)
  IZIIIIII: (-2.3074065353104216+0j)
  IIIIIZII: (9.041595213623363e-05+0j)
  ZZIIIZII: (-0.15022583753412097+0j)
  ZZIIIZII: (-0.15011893363066173+0j)
  IIIIZIII: (0.46455062148542964+0j)
  ZIIIIIII: (0.46455062148542964+0j)
  IIIIZIII: (-4.523838624838197e-06+0j)
  ZIIIIIII: (-4.783660161509665e-06+0j)
  ZIIIZIII: (-0.07002979022650042+0j)
  ZIIIZIII: (-0.1341348412984329+0j)

 

Information about the circuit: 
Number of qubits: 8
 Depth : 69

--- Starting Optimization Loop (method=COBYLA) ---
Iter 10: Cost = 0.32262062617731685
Optimization success: True
Optimal Params: [0.05       0.05       0.10971635 0.1194327 ]

--- Final Statevector (exact) ---
Marginals: [0.7979617028092663, 0.4205352286290751, 0.5222483376447861, 0.2995943822512979, 0.6687585064164189, 0.3734031625244793, 0.5054691056852382, 0.353333167635726]

  ┌─ Depth 2 | Patch (128, 192, 128, 192) | eff_threshold=0.490
  │  θ-only  (before QAOA): [[0.715 0.411]
 [0.582 0.278]]
  │  QAOA    (after  QAOA): [[0.733 0.397]
 [0.514 0.326]]
  │  θ-only  refine: [[1 0]
 [1 0]]
  │  QAOA    refine: [[1 0]
 [1 0]]
  │  Agreement: 4/4 cells
  │  Boundary activation: ['left']
  └─
  Depth 3: 16 patch(es) to evaluate
Transpiling circuit (backend=state_vector, opt_level=0)
  IIIIIIIZ: (-0.0023944350014424684+0j)
  IIIZIIII: (-0.0023944350014424684+0j)
  IIIIIIIZ: (-5.78003395240716e-20+0j)
  IIIZIIII: (-5.515540734083886e-20+0j)
  IIIIIIZI: (-0.0023799581600140243+0j)
  IIZIIIII: (-0.0023799581600140243+0j)
  IIZIIIII: (-8.671719977293006e-13+0j)
  IIIIIZII: (-0.002384940318881853+0j)
  IZIIIIII: (-0.002384940318881853+0j)
  IIIIIZII: (-6.216427546141335e-13+0j)
  IIIIZIII: (-0.0023585593978406824+0j)
  ZIIIIIII: (-0.0023585593978406824+0j)
  IIIIZIII: (0.00815542826870487+0j)
  ZIIIIIII: (0.00020195854166282025+0j)
  ZIIIZIII: (-9.196025364439795e-07+0j)
  ZIIIZIII: (-0.004761977584207235+0j)

 

Information about the circuit: 
Number of qubits: 8
 Depth : 11

--- Starting Optimization Loop (method=COBYLA) ---
Iter 10: Cost = -0.013617698777729241
Optimization success: True
Optimal Params: [ 0.00326899 -0.00378334  0.43865463  0.87730927]

--- Final Statevector (exact) ---
Marginals: [0.005357169862404726, 0.013017211610420899, 0.009525281133235683, 0.25981088255428936, 0.005399896843953464, 0.013026763256064711, 0.009345333118893554, 0.25981095600433957]

  ┌─ Depth 3 | Patch (64, 96, 64, 96) | eff_threshold=0.660
  │  θ-only  (before QAOA): [[0.005 0.013]
 [0.009 0.26 ]]
  │  QAOA    (after  QAOA): [[0.005 0.013]
 [0.009 0.26 ]]
  │  θ-only  refine: [[0 0]
 [0 0]]
  │  QAOA    refine: [[0 0]
 [0 0]]
  │  Agreement: 4/4 cells
  └─
Transpiling circuit (backend=state_vector, opt_level=0)
  IIIIIIIZ: (-0.01154912982563744+0j)
  IIIZIIII: (-0.01154912982563744+0j)
  IIIIIIZZ: (-0.09173046456138645+0j)
  IZIZIIII: (-0.07767009827040398+0j)
  IIIIIIIZ: (-0.26069709092353266+0j)
  IIIZIIII: (-0.23172357274780775+0j)
  IIZZIZIZ: (-0.22445764276179006+0j)
  IIZZIZIZ: (-0.18070403398962143+0j)
  IIIIIIZI: (-0.010809076508180996+0j)
  IIZIIIII: (-0.010809076508180996+0j)
  IIIIIIZI: (0.005739109302472562+0j)
  IIZIIIII: (-1.040646459203801e-09+0j)
  IIZIZIZI: (-0.21517402955363482+0j)
  IIZIZIZI: (-0.10902870399903337+0j)
  IIIIIZII: (-0.007323334785568882+0j)
  IZIIIIII: (-0.007323334785568882+0j)
  IIIIIZII: (2.4613447197359544e-17+0j)
  ZZIIIZII: (-0.1934729975236975+0j)
  ZZIIIZII: (-0.08530131570059894+0j)
  IIIIZIII: (0.0024707865976285577+0j)
  ZIIIIIII: (0.0024707865976285577+0j)
  ZIIIZIII: (-7.356178144854209e-05+0j)
  ZIIIZIII: (-0.0019536589835883757+0j)

 

Information about the circuit: 
Number of qubits: 8
 Depth : 61

--- Starting Optimization Loop (method=COBYLA) ---
Iter 10: Cost = -0.42402847024821605
Optimization success: True
Optimal Params: [0.05       0.         0.14452788 0.28905577]

--- Final Statevector (exact) ---
Marginals: [0.14740290448089843, 0.2505345801402702, 0.3238629526606153, 0.6843248886164123, 0.21272110873853653, 0.19076841212603424, 0.3241533437316387, 0.6843792745602051]

  ┌─ Depth 3 | Patch (64, 96, 96, 128) | eff_threshold=0.660
  │  θ-only  (before QAOA): [[0.18  0.231]
 [0.278 0.637]]
  │  QAOA    (after  QAOA): [[0.18  0.221]
 [0.324 0.684]]
  │  θ-only  refine: [[0 0]
 [0 0]]
  │  QAOA    refine: [[0 0]
 [0 1]]
  │  Agreement: 3/4 cells
  │  Boundary activation: ['bottom', 'right']
  └─
Transpiling circuit (backend=state_vector, opt_level=0)
  IIIIIIIZ: (-0.030015816236723256+0j)
  IIIZIIII: (-0.030015816236723256+0j)
  IIIIIIZZ: (-0.002221588585340685+0j)
  IIIIIIIZ: (-0.00661884825568183+0j)
  IIIZIIII: (-1.5171860264376106e-16+0j)
  IIZZIZIZ: (-0.05890874986986944+0j)
  IIZZIZIZ: (-0.07981014276360764+0j)
  IIIIIIZI: (-0.028728618089467695+0j)
  IIZIIIII: (-0.028728618089467695+0j)
  IIIIIIZI: (0.004935778012818384+0j)
  ZIZIIIII: (-0.00013106611118762052+0j)
  IIZIIIII: (0.00030157068443658524+0j)
  IIZIZIZI: (-0.08605892571763636+0j)
  IIZIZIZI: (-0.05873249321544987+0j)
  IIIIIZII: (-0.02967381434486451+0j)
  IZIIIIII: (-0.02967381434486451+0j)
  IIIIZZII: (-0.06870509090774456+0j)
  IIIIIZII: (-0.20374810641239116+0j)
  ZZIIIZII: (-0.03802987653209608+0j)
  ZZIIIZII: (-0.1037524975956737+0j)
  IIIIZIII: (-0.027889585424620465+0j)
  ZIIIIIII: (-0.027889585424620465+0j)
  IIIIZIII: (-0.15732133396226283+0j)
  ZIIIIIII: (0.0003819919596822543+0j)
  ZIIIZIII: (-0.038022667182821226+0j)
  ZIIIZIII: (-0.021487764147679656+0j)

 

Information about the circuit: 
Number of qubits: 8
 Depth : 83

--- Starting Optimization Loop (method=COBYLA) ---
Iter 10: Cost = -0.6089678988523695
Iter 20: Cost = -0.6180978811729012
Optimization success: True
Optimal Params: [-0.22836105 -0.16510372  0.1235095   0.30430388]

--- Final Statevector (exact) ---
Marginals: [0.06433393852680173, 0.04683081901096, 0.09334530690673092, 0.08953063244987222, 0.06602287091146909, 0.0486866567277331, 0.19464714652977302, 0.7301435914081813]

  ┌─ Depth 3 | Patch (96, 128, 64, 96) | eff_threshold=0.660
  │  θ-only  (before QAOA): [[0.019 0.327]
 [0.021 0.401]]
  │  QAOA    (after  QAOA): [[0.065 0.048]
 [0.144 0.41 ]]
  │  θ-only  refine: [[0 0]
 [0 0]]
  │  QAOA    refine: [[0 0]
 [0 0]]
  │  Agreement: 4/4 cells
  └─
Transpiling circuit (backend=state_vector, opt_level=0)
  IIIIIIIZ: (0.10114672954636904+0j)
  IIIZIIII: (0.10114672954636904+0j)
  IIIIIIIZ: (1.2617597878791675e-88+0j)
  IIIZIIII: (1.6096600313626127e-120+0j)
  IIZZIZIZ: (-0.32768109723105987+0j)
  IIIIIIZI: (0.39026365546280395+0j)
  IIZIIIII: (0.39026365546280395+0j)
  IIZIIIII: (5.157543002300289e-10+0j)
  IIZIZIZI: (-1.8358697799974327e-05+0j)
  IIZIZIZI: (-0.06008264669439825+0j)
  IIIIIZII: (0.025400475130750333+0j)
  IZIIIIII: (0.025400475130750333+0j)
  IIIIIZII: (6.063566971892224e-27+0j)
  ZZIIIZII: (0.003896860784827732+0j)
  IIIIZIII: (0.5052417756013403+0j)
  ZIIIIIII: (0.5052417756013403+0j)
  IIIIZIII: (3.1381264691288666e-06+0j)
  ZIIIIIII: (-4.0887605131510395e-06+0j)
  ZIIIZIII: (-0.16621012895873882+0j)
  ZIIIZIII: (-0.05412757066413653+0j)

 

Information about the circuit: 
Number of qubits: 8
 Depth : 47

--- Starting Optimization Loop (method=COBYLA) ---
Iter 10: Cost = -0.3248218063769472
Iter 20: Cost = -0.7863688175340231
Iter 30: Cost = -0.9011404152040609
Optimization success: True
Optimal Params: [ 0.39269908  0.39269908 -0.3813327  -0.18957385]

--- Final Statevector (exact) ---
Marginals: [0.13216665326134058, 0.9357243559870906, 0.9642363570454959, 0.8739266095687309, 0.1321666532613406, 0.9132287540427975, 0.9607917288443943, 0.3730332440044666]

  ┌─ Depth 3 | Patch (96, 128, 96, 128) | eff_threshold=0.660
  │  θ-only  (before QAOA): [[0.816 0.657]
 [0.621 0.196]]
  │  QAOA    (after  QAOA): [[0.132 0.924]
 [0.963 0.623]]
  │  θ-only  refine: [[1 0]
 [0 0]]
  │  QAOA    refine: [[0 1]
 [1 0]]
  │  Agreement: 1/4 cells
  │  Boundary activation: ['bottom', 'right']
  └─
Transpiling circuit (backend=state_vector, opt_level=0)
  IIIIIIIZ: (-0.0026796998748751556+0j)
  IIIZIIII: (-0.0026796998748751556+0j)
  IIIIIIZZ: (-9.176108288568022e-05+0j)
  IZIZIIII: (-4.457762515518719e-05+0j)
  IIIIIIIZ: (0.0001051186085653935+0j)
  IIIZIIII: (-0.00013213587336347602+0j)
  IIZZIZIZ: (-0.5106167549565789+0j)
  IIZZIZIZ: (-0.29427928133696873+0j)
  IIIIIIZI: (-0.003088320398174658+0j)
  IIZIIIII: (-0.003088320398174658+0j)
  ZIZIIIII: (-0.002403519118870645+0j)
  IIZIIIII: (-0.007124954107839154+0j)
  IIZIZIZI: (-0.3289479856850046+0j)
  IIZIZIZI: (-0.2884116815869502+0j)
  IIIIIZII: (0.0013035574217082687+0j)
  IZIIIIII: (0.0013035574217082687+0j)
  IIIIZZII: (-0.0010180088863758745+0j)
  IIIIIZII: (0.00813233057565017+0j)
  ZZIIIZII: (-0.013694665665585372+0j)
  ZZIIIZII: (-0.018392882446367456+0j)
  IIIIZIII: (0.0007342658187052174+0j)
  ZIIIIIII: (0.0007342658187052174+0j)
  IIIIZIII: (-0.0006038861104022784+0j)
  ZIIIIIII: (-0.04453920542312943+0j)
  ZIIIZIII: (-0.44927493153952003+0j)
  ZIIIZIII: (-0.18270145134326568+0j)

 

Information about the circuit: 
Number of qubits: 8
 Depth : 88

--- Starting Optimization Loop (method=COBYLA) ---
Iter 10: Cost = -1.1099000852251468
Iter 20: Cost = -1.169623402019345
Optimization success: True
Optimal Params: [-0.2463119  -0.15015181  0.30783793  0.4549756 ]

--- Final Statevector (exact) ---
Marginals: [0.29921688714047645, 0.036437233875469335, 0.25661413208361805, 0.10980568531484616, 0.4850977162104856, 0.11766859959014472, 0.15579185725142305, 0.0513523372496973]

  ┌─ Depth 3 | Patch (64, 96, 128, 160) | eff_threshold=0.660
  │  θ-only  (before QAOA): [[0.202 0.099]
 [0.517 0.158]]
  │  QAOA    (after  QAOA): [[0.392 0.077]
 [0.206 0.081]]
  │  θ-only  refine: [[0 0]
 [0 0]]
  │  QAOA    refine: [[0 0]
 [0 0]]
  │  Agreement: 4/4 cells
  └─
Transpiling circuit (backend=state_vector, opt_level=0)
  IIIIIIIZ: (-1.1566888936576475e-06+0j)
  IIIZIIII: (-1.1566888936576475e-06+0j)
  IIIIIIIZ: (-2.624061115008734e-18+0j)
  IIIZIIII: (-6.32075140435176e-15+0j)
  IIIIIIZI: (-1.169641824416331e-06+0j)
  IIZIIIII: (-1.169641824416331e-06+0j)
  IIZIIIII: (-2.679762506383933e-18+0j)
  IIIIIZII: (-1.1217002987024923e-06+0j)
  IZIIIIII: (-1.1217002987024923e-06+0j)
  IIIIIZII: (-2.4487393764516214e-15+0j)
  ZZIIIZII: (-0.0686148852196196+0j)
  IIIIZIII: (-1.1481882808913981e-06+0j)
  ZIIIIIII: (-1.1481882808913981e-06+0j)

 

Information about the circuit: 
Number of qubits: 8
 Depth : 16

--- Starting Optimization Loop (method=COBYLA) ---
Iter 10: Cost = -0.06420116490036255
Optimization success: True
Optimal Params: [-0.12638599 -0.08965155  0.55319095  1.2386068 ]

--- Final Statevector (exact) ---
Marginals: [0.02306538598798461, 0.04260343405351301, 0.004051043876596897, 0.01793671284908615, 0.03337623948233344, 0.058310478834971174, 0.004017758695166222, 0.021037857705300433]

  ┌─ Depth 3 | Patch (64, 96, 160, 192) | eff_threshold=0.660
  │  θ-only  (before QAOA): [[0.013 0.006]
 [0.071 0.012]]
  │  QAOA    (after  QAOA): [[0.028 0.05 ]
 [0.004 0.019]]
  │  θ-only  refine: [[0 0]
 [0 0]]
  │  QAOA    refine: [[0 0]
 [0 0]]
  │  Agreement: 4/4 cells
  └─
Transpiling circuit (backend=state_vector, opt_level=0)
  IIIIIIIZ: (0.12137475452486977+0j)
  IIIZIIII: (0.12137475452486977+0j)
  IIIIIIIZ: (1.0341383620719777e-36+0j)
  IIIZIIII: (2.9627046547375427e-22+0j)
  IIZZIZIZ: (-0.46438208396302677+0j)
  IIIIIIZI: (0.31278664698874736+0j)
  IIZIIIII: (0.31278664698874736+0j)
  IIZIIIII: (-1.3782794177468948e-51+0j)
  IIZIZIZI: (-0.14257435556842332+0j)
  IIZIZIZI: (-0.14260030156722447+0j)
  IIIIIZII: (0.10064197666128241+0j)
  IZIIIIII: (0.10064197666128241+0j)
  IZIIIIII: (-1.80739806516737e-05+0j)
  IIIIIZII: (7.940115658176472e-35+0j)
  ZZIIIZII: (-0.12217338472913163+0j)
  IIIIZIII: (0.03553086310546542+0j)
  ZIIIIIII: (0.03553086310546542+0j)
  ZIIIZIII: (0.0014867414750056442+0j)

 

Information about the circuit: 
Number of qubits: 8
 Depth : 45

--- Starting Optimization Loop (method=COBYLA) ---
Iter 10: Cost = 0.046852900636969216
Optimization success: True
Optimal Params: [0.0541261  0.00903693 0.05706461 0.16599286]

--- Final Statevector (exact) ---
Marginals: [0.4080145859874294, 0.5391004802582514, 0.4876049474360124, 0.5819566215120767, 0.5332144456371064, 0.4139710177771278, 0.3953977815640411, 0.5179350672691782]

  ┌─ Depth 3 | Patch (96, 128, 128, 160) | eff_threshold=0.660
  │  θ-only  (before QAOA): [[0.47  0.476]
 [0.43  0.519]]
  │  QAOA    (after  QAOA): [[0.471 0.477]
 [0.442 0.55 ]]
  │  θ-only  refine: [[0 0]
 [0 0]]
  │  QAOA    refine: [[0 0]
 [0 0]]
  │  Agreement: 4/4 cells
  └─
Transpiling circuit (backend=state_vector, opt_level=0)
  IIIIIIIZ: (-0.011671122600135695+0j)
  IIIZIIII: (-0.011671122600135695+0j)
  IZIZIIII: (-0.08649432273419562+0j)
  IIIIIIIZ: (-3.207029847179818e-12+0j)
  IIIZIIII: (-0.14170530426491595+0j)
  IIZZIZIZ: (-0.11143538939892099+0j)
  IIZZIZIZ: (-0.13307365657283324+0j)
  IIIIIIZI: (-0.02039456738223321+0j)
  IIZIIIII: (-0.02039456738223321+0j)
  IIZIIIII: (-3.8679849930871154e-16+0j)
  IIZIZIZI: (-0.05748352345110063+0j)
  IIZIZIZI: (-0.1155340549036947+0j)
  IIIIIZII: (-0.011701642698758613+0j)
  IZIIIIII: (-0.011701642698758613+0j)
  IIIIZZII: (-0.008497989072624123+0j)
  IZIIIIII: (0.06408504952577625+0j)
  IIIIIZII: (0.055550531680487014+0j)
  ZZIIIZII: (-0.012623215759938107+0j)
  ZZIIIZII: (-0.023768685669426595+0j)
  IIIIZIII: (-0.018909518955332796+0j)
  ZIIIIIII: (-0.018909518955332796+0j)
  ZIIIZIII: (-0.02164850657928857+0j)
  ZIIIZIII: (-0.12777065371552065+0j)

 

Information about the circuit: 
Number of qubits: 8
 Depth : 85

--- Starting Optimization Loop (method=COBYLA) ---
Iter 10: Cost = -0.547335917177253
Optimization success: True
Optimal Params: [-0.07365354  0.01251744  0.27895758  0.43214618]

--- Final Statevector (exact) ---
Marginals: [0.054043629782783764, 0.006412488254952756, 0.3981679727486755, 0.029727884462210953, 0.05401919211259689, 0.037717516219763124, 0.4447293255905309, 0.007414343043727643]

  ┌─ Depth 3 | Patch (96, 128, 160, 192) | eff_threshold=0.660
  │  θ-only  (before QAOA): [[0.085 0.019]
 [0.459 0.022]]
  │  QAOA    (after  QAOA): [[0.054 0.022]
 [0.421 0.019]]
  │  θ-only  refine: [[0 0]
 [0 0]]
  │  QAOA    refine: [[0 0]
 [0 0]]
  │  Agreement: 4/4 cells
  └─
Transpiling circuit (backend=state_vector, opt_level=0)
  IIIIIIIZ: (-0.02220784566161605+0j)
  IIIZIIII: (-0.02220784566161605+0j)
  IIIIIIZZ: (-0.014967117973401643+0j)
  IIIIIIIZ: (-0.04435549852545248+0j)
  IIIZIIII: (-8.214640421705451e-16+0j)
  IIZZIZIZ: (-0.1338578755930986+0j)
  IIZZIZIZ: (-0.24103079941990527+0j)
  IIIIIIZI: (-0.020631006586577502+0j)
  IIZIIIII: (-0.020631006586577502+0j)
  ZIZIIIII: (-0.17768887570559003+0j)
  IIZIIIII: (0.9297589035929508+0j)
  IIZIZIZI: (-0.03162397304832807+0j)
  IIZIZIZI: (-0.04211583261562935+0j)
  IIIIIZII: (-0.02223822059759701+0j)
  IZIIIIII: (-0.02223822059759701+0j)
  IIIIIZII: (-3.236505898930701e-11+0j)
  ZZIIIZII: (-0.251382133877985+0j)
  ZZIIIZII: (-0.19054647561438454+0j)
  IIIIZIII: (-0.020679598297992628+0j)
  ZIIIIIII: (-0.020679598297992628+0j)
  IIIIZIII: (-0.0003724445321093407+0j)
  ZIIIZIII: (-0.26337259996663215+0j)
  ZIIIZIII: (-0.3205883147178165+0j)

 

Information about the circuit: 
Number of qubits: 8
 Depth : 63

--- Starting Optimization Loop (method=COBYLA) ---
Iter 10: Cost = -1.2668326802884702
Iter 20: Cost = -1.2962124953780898
Optimization success: True
Optimal Params: [-0.14821291 -0.1720324   0.11066208  0.21280592]

--- Final Statevector (exact) ---
Marginals: [0.1257340799661434, 0.16591427112049048, 0.06633476681031028, 0.006572108610789014, 0.1731831991425464, 0.7571945801438681, 0.08960459103960483, 0.016571837196351545]

  ┌─ Depth 3 | Patch (128, 160, 64, 96) | eff_threshold=0.660
  │  θ-only  (before QAOA): [[0.021 0.454]
 [0.019 0.082]]
  │  QAOA    (after  QAOA): [[0.149 0.462]
 [0.078 0.012]]
  │  θ-only  refine: [[0 0]
 [0 0]]
  │  QAOA    refine: [[0 0]
 [0 0]]
  │  Agreement: 4/4 cells
  │  Boundary activation: ['top']
  └─
  │  Boundary probe: (128, 144, 64, 80) (prob=0.149)
Transpiling circuit (backend=state_vector, opt_level=0)
  IIIIIIIZ: (0.23220933778270333+0j)
  IIIZIIII: (0.23220933778270333+0j)
  IIIIIIIZ: (5.555927125449102e-38+0j)
  IIIZIIII: (5.231972938211888e-53+0j)
  IIZZIZIZ: (-0.4387876427918345+0j)
  IIIIIIZI: (0.5167990536077982+0j)
  IIZIIIII: (0.5167990536077982+0j)
  IIZIIIII: (-2.1405344812925098e-24+0j)
  IIZIZIZI: (-0.10752961222739187+0j)
  IIIIIZII: (0.4645347231406118+0j)
  IZIIIIII: (0.4645347231406118+0j)
  IIIIIZII: (-1.1092776887038876e-36+0j)
  ZZIIIZII: (-0.12021584720950387+0j)
  ZZIIIZII: (-0.1202368038774781+0j)
  IIIIZIII: (0.13851362044553853+0j)
  ZIIIIIII: (0.13851362044553853+0j)
  ZIIIZIII: (-0.010088272204974538+0j)

 

Information about the circuit: 
Number of qubits: 8
 Depth : 39

--- Starting Optimization Loop (method=COBYLA) ---
Iter 10: Cost = -0.7516788703844569
Iter 20: Cost = -1.4127348934471784
Iter 30: Cost = -1.4024258899530562
Optimization success: True
Optimal Params: [ 0.38939246  0.30917026 -0.34980247 -0.01121123]

--- Final Statevector (exact) ---
Marginals: [0.9636433358944028, 0.9701185187406502, 0.9321338074320183, 0.9830152269511832, 0.9674469951718309, 0.5148643552739207, 0.03787091217961929, 0.9772784986114572]

  ┌─ Depth 3 | Patch (128, 160, 96, 128) | eff_threshold=0.660
  │  θ-only  (before QAOA): [[0.506 0.438]
 [0.475 0.472]]
  │  QAOA    (after  QAOA): [[0.966 0.742]
 [0.485 0.98 ]]
  │  θ-only  refine: [[0 0]
 [0 0]]
  │  QAOA    refine: [[1 1]
 [0 1]]
  │  Agreement: 1/4 cells
  └─
Transpiling circuit (backend=state_vector, opt_level=0)
  IIIIIIIZ: (-0.03604659816259528+0j)
  IIIZIIII: (-0.03604659816259528+0j)
  IIIIIIIZ: (-3.4578431006850003e-15+0j)
  IIIZIIII: (-2.5905413928674732e-18+0j)
  IIIIIIZI: (-0.03494928282942688+0j)
  IIZIIIII: (-0.03494928282942688+0j)
  IIZIIIII: (-2.1628791713799507e-15+0j)
  IIZIZIZI: (-0.09601163108154345+0j)
  IIIIIZII: (-0.03647757622421754+0j)
  IZIIIIII: (-0.03647757622421754+0j)
  IIIIIZII: (-2.8877846384700528e-18+0j)
  IIIIZIII: (-0.03568654953396275+0j)
  ZIIIIIII: (-0.03568654953396275+0j)

 

Information about the circuit: 
Number of qubits: 8
 Depth : 18

--- Starting Optimization Loop (method=COBYLA) ---
Iter 10: Cost = -0.3621542015979691
Optimization success: True
Optimal Params: [-0.04717277 -0.08777799  0.299623    0.38273487]

--- Final Statevector (exact) ---
Marginals: [0.054732987464960615, 0.01796892677320701, 0.045067785052876994, 0.0008375825687274945, 0.0016125031995381928, 0.017739193805929376, 0.0027924354223425292, 0.039594748467794344]

  ┌─ Depth 3 | Patch (160, 192, 64, 96) | eff_threshold=0.660
  │  θ-only  (before QAOA): [[0.012 0.069]
 [0.007 0.011]]
  │  QAOA    (after  QAOA): [[0.028 0.018]
 [0.024 0.02 ]]
  │  θ-only  refine: [[0 0]
 [0 0]]
  │  QAOA    refine: [[0 0]
 [0 0]]
  │  Agreement: 4/4 cells
  └─
Transpiling circuit (backend=state_vector, opt_level=0)
  IIIIIIIZ: (-0.00046335265127737116+0j)
  IIIZIIII: (-0.00046335265127737116+0j)
  IIIIIIZZ: (-0.00011296768301267355+0j)
  IZIZIIII: (-0.0004763942611856112+0j)
  IIIIIIIZ: (-0.00018818263616997586+0j)
  IIIZIIII: (3.363035708915785e-05+0j)
  IIZZIZIZ: (-0.4181583461059572+0j)
  IIZZIZIZ: (-0.16546795467570402+0j)
  IIIIIIZI: (-0.00024628591094919173+0j)
  IIZIIIII: (-0.00024628591094919173+0j)
  ZIZIIIII: (-0.0011399502488515232+0j)
  IIZIIIII: (0.007631121275154817+0j)
  IIZIZIZI: (0.000358115523219486+0j)
  IIZIZIZI: (0.00041406828921597253+0j)
  IIIIIZII: (-0.0007240848062344647+0j)
  IZIIIIII: (-0.0007240848062344647+0j)
  IIIIZZII: (-0.0005015141081441202+0j)
  IIIIIZII: (-0.0014407950091431313+0j)
  ZZIIIZII: (-0.22566291699739782+0j)
  ZZIIIZII: (-0.1677899609420881+0j)
  IIIIZIII: (0.00012646083200649615+0j)
  ZIIIIIII: (0.00012646083200649615+0j)
  IIIIZIII: (0.04343706735440021+0j)
  ZIIIZIII: (-0.2129939787176566+0j)
  ZIIIZIII: (-0.09730013211493747+0j)

 

Information about the circuit: 
Number of qubits: 8
 Depth : 87

--- Starting Optimization Loop (method=COBYLA) ---
Iter 10: Cost = -0.22715610782800047
Optimization success: True
Optimal Params: [0.00181803 0.01741861 0.1443989  0.3017048 ]

--- Final Statevector (exact) ---
Marginals: [0.16977301173496157, 0.5173585416541998, 0.09926415856615933, 0.20409031896259758, 0.16977300423132183, 0.5150442204358596, 0.09401437930408561, 0.19195237071694315]

  ┌─ Depth 3 | Patch (160, 192, 96, 128) | eff_threshold=0.660
  │  θ-only  (before QAOA): [[0.157 0.498]
 [0.096 0.205]]
  │  QAOA    (after  QAOA): [[0.17  0.516]
 [0.097 0.198]]
  │  θ-only  refine: [[0 0]
 [0 0]]
  │  QAOA    refine: [[0 0]
 [0 0]]
  │  Agreement: 4/4 cells
  │  Boundary activation: ['right']
  └─
Transpiling circuit (backend=state_vector, opt_level=0)
  IIIIIIIZ: (-0.05073367694868818+0j)
  IIIZIIII: (-0.05073367694868818+0j)
  IIIIIIIZ: (1.0650931835954823e-44+0j)
  IIIZIIII: (-2.839117678858465e-31+0j)
  IIZZIZIZ: (-0.3151407282272904+0j)
  IIIIIIZI: (0.006737547807413341+0j)
  IIZIIIII: (0.006737547807413341+0j)
  IIZIIIII: (3.8175701731993494e-93+0j)
  IIZIZIZI: (-0.19739936340598335+0j)
  IIZIZIZI: (-0.06259619003462641+0j)
  IIIIIZII: (0.03727461549534314+0j)
  IZIIIIII: (0.03727461549534314+0j)
  IIIIIZII: (4.144878476830817e-60+0j)
  ZZIIIZII: (0.049152161320617865+0j)
  IIIIZIII: (0.046328074081463604+0j)
  ZIIIIIII: (0.046328074081463604+0j)
  ZIIIZIII: (-0.021183043514566426+0j)
  ZIIIZIII: (-0.0177662196795715+0j)

 

Information about the circuit: 
Number of qubits: 8
 Depth : 46

--- Starting Optimization Loop (method=COBYLA) ---
Iter 10: Cost = -0.10921702083148384
Optimization success: True
Optimal Params: [ 0.00981955 -0.00182643  0.06348945  0.17671094]

--- Final Statevector (exact) ---
Marginals: [0.20144758062257034, 0.5765151409876442, 0.6013835152522771, 0.708124429466693, 0.1923479325847462, 0.5610723234980766, 0.6013706327907132, 0.7081321028996022]

  ┌─ Depth 3 | Patch (128, 160, 128, 160) | eff_threshold=0.660
  │  θ-only  (before QAOA): [[0.195 0.569]
 [0.594 0.715]]
  │  QAOA    (after  QAOA): [[0.197 0.569]
 [0.601 0.708]]
  │  θ-only  refine: [[0 0]
 [0 1]]
  │  QAOA    refine: [[0 0]
 [0 1]]
  │  Agreement: 4/4 cells
  │  Boundary activation: ['bottom', 'right']
  └─
Transpiling circuit (backend=state_vector, opt_level=0)
  IIIIIIIZ: (0.03260320455773092+0j)
  IIIZIIII: (0.03260320455773092+0j)
  IIIIIIZZ: (-0.004857133505104142+0j)
  IIIIIIIZ: (-0.0033485776882417606+0j)
  IIIZIIII: (3.279722260258911e-06+0j)
  IIZZIZIZ: (-0.2743187266058603+0j)
  IIZZIZIZ: (-0.1289612277531431+0j)
  IIIIIIZI: (0.00033895328797279976+0j)
  IIZIIIII: (0.00033895328797279976+0j)
  IIZIIIII: (-3.476432312397475e-16+0j)
  IIZIZIZI: (-0.036194784990175116+0j)
  IIZIZIZI: (-0.12156168564446285+0j)
  IIIIIZII: (0.0280278735986617+0j)
  IZIIIIII: (0.0280278735986617+0j)
  IIIIZZII: (-0.0006634490291799587+0j)
  IZIIIIII: (0.031200543350829012+0j)
  IIIIIZII: (0.0017568171548574209+0j)
  ZZIIIZII: (-0.1264473626986731+0j)
  ZZIIIZII: (-0.05711772015508172+0j)
  IIIIZIII: (0.0025877129637804142+0j)
  ZIIIIIII: (0.0025877129637804142+0j)
  ZIIIZIII: (-0.04795734628309298+0j)
  ZIIIZIII: (-0.11925277249404094+0j)

 

Information about the circuit: 
Number of qubits: 8
 Depth : 80

--- Starting Optimization Loop (method=COBYLA) ---
Iter 10: Cost = -0.2634535185732946
Optimization success: True
Optimal Params: [ 0.06812933 -0.02672487  0.20530588  0.33664728]

--- Final Statevector (exact) ---
Marginals: [0.45320113630947706, 0.020014422630100896, 0.29669027848985957, 0.009247247887355602, 0.44948356367051606, 0.021090724215570802, 0.29808212079602464, 0.020262956554127597]

  ┌─ Depth 3 | Patch (128, 160, 160, 192) | eff_threshold=0.660
  │  θ-only  (before QAOA): [[0.411 0.022]
 [0.337 0.019]]
  │  QAOA    (after  QAOA): [[0.451 0.021]
 [0.297 0.015]]
  │  θ-only  refine: [[0 0]
 [0 0]]
  │  QAOA    refine: [[0 0]
 [0 0]]
  │  Agreement: 4/4 cells
  │  Boundary activation: ['left']
  └─
Transpiling circuit (backend=state_vector, opt_level=0)
  IIIIIIIZ: (0.15032775309150279+0j)
  IIIZIIII: (0.15032775309150279+0j)
  IIIIIIIZ: (4.678149729437652e-18+0j)
  IIIZIIII: (6.910357831688891e-09+0j)
  IIZZIZIZ: (-0.03155289484911382+0j)
  IIZZIZIZ: (-0.11683072051148634+0j)
  IIIIIIZI: (0.15929455811203463+0j)
  IIZIIIII: (0.15929455811203463+0j)
  IIIIIIZI: (0.012003862352520224+0j)
  ZIZIIIII: (-0.1397362341193468+0j)
  IIZIIIII: (0.3700224168832909+0j)
  IIZIZIZI: (-0.05136764719393396+0j)
  IIZIZIZI: (-0.05138654175505639+0j)
  IIIIIZII: (0.022699712124296677+0j)
  IZIIIIII: (0.022699712124296677+0j)
  IIIIZZII: (-0.007182777764576213+0j)
  IZIIIIII: (-1.5502949101873914e-05+0j)
  IIIIIZII: (0.008330889847023024+0j)
  ZZIIIZII: (-0.27152984762816273+0j)
  ZZIIIZII: (-0.10489617559353882+0j)
  IIIIZIII: (0.03222837599010769+0j)
  ZIIIIIII: (0.03222837599010769+0j)
  ZIIIZIII: (-0.2161399087101933+0j)
  ZIIIZIII: (-0.09892361604639624+0j)

 

Information about the circuit: 
Number of qubits: 8
 Depth : 82

--- Starting Optimization Loop (method=COBYLA) ---
Iter 10: Cost = -0.2859003878115103
Iter 20: Cost = -0.394943420681515
Iter 30: Cost = -0.3753367614926925
Optimization success: True
Optimal Params: [-0.36540512 -0.37236906  0.78577752 -0.58029684]

--- Final Statevector (exact) ---
Marginals: [0.9859678713968515, 0.9188909757586364, 0.5813157427609317, 0.15489795633872575, 0.03203522021550522, 0.8733236424962652, 0.8270631813427013, 0.740701305562401]

  ┌─ Depth 3 | Patch (160, 192, 128, 160) | eff_threshold=0.660
  │  θ-only  (before QAOA): [[0.582 0.281]
 [0.231 0.201]]
  │  QAOA    (after  QAOA): [[0.509 0.896]
 [0.704 0.448]]
  │  θ-only  refine: [[0 0]
 [0 0]]
  │  QAOA    refine: [[0 1]
 [1 0]]
  │  Agreement: 2/4 cells
  └─
Transpiling circuit (backend=state_vector, opt_level=0)
  IIIIIIIZ: (0.011764658627697957+0j)
  IIIZIIII: (0.011764658627697957+0j)
  IIIIIIIZ: (8.525002112961273e-12+0j)
  IIIZIIII: (1.8838513846818453e-11+0j)
  IIZZIZIZ: (-0.18991906466673356+0j)
  IIIIIIZI: (-0.010069214311893646+0j)
  IIZIIIII: (-0.010069214311893646+0j)
  IIZIIIII: (-3.31096918667782e-19+0j)
  IIIIIZII: (-0.005373972271527167+0j)
  IZIIIIII: (-0.005373972271527167+0j)
  IIIIIZII: (-8.283411426743904e-19+0j)
  IIIIZIII: (-0.012333439439008106+0j)
  ZIIIIIII: (-0.012333439439008106+0j)

 

Information about the circuit: 
Number of qubits: 8
 Depth : 23

--- Starting Optimization Loop (method=COBYLA) ---
Iter 10: Cost = -0.12395229679575993
Optimization success: True
Optimal Params: [0.09508195 0.11790035 0.22968855 0.66072649]

--- Final Statevector (exact) ---
Marginals: [0.11834215599980633, 0.015413545329803418, 0.08923742771161669, 0.0601098460839647, 0.11834215599951808, 0.014613627348478245, 0.008426443389443542, 0.0772236438805887]

  ┌─ Depth 3 | Patch (160, 192, 160, 192) | eff_threshold=0.660
  │  θ-only  (before QAOA): [[0.278 0.011]
 [0.016 0.006]]
  │  QAOA    (after  QAOA): [[0.118 0.015]
 [0.049 0.069]]
  │  θ-only  refine: [[0 0]
 [0 0]]
  │  QAOA    refine: [[0 0]
 [0 0]]
  │  Agreement: 4/4 cells
  └─
  Depth 4: 35 patch(es) to evaluate
Transpiling circuit (backend=state_vector, opt_level=0)
  IIIIIIIZ: (-0.0012066324766760058+0j)
  IIIZIIII: (-0.0012066324766760058+0j)
  IIIIIIIZ: (-1.8156873574594177e-15+0j)
  IIIZIIII: (-2.72998616951656e-17+0j)
  IIIIIIZI: (-0.00119383649202505+0j)
  IIZIIIII: (-0.00119383649202505+0j)
  IIZIIIII: (-2.5187478713949175e-06+0j)
  IIIIIZII: (-0.0011971709922161788+0j)
  IZIIIIII: (-0.0011971709922161788+0j)
  IIIIIZII: (-3.0972731736450905e-07+0j)
  IIIIZIII: (-0.0011667052127110858+0j)
  ZIIIIIII: (-0.0011667052127110858+0j)
  IIIIZIII: (0.350960617534183+0j)
  ZIIIIIII: (0.1616555380512902+0j)
  ZIIIZIII: (-0.0035063940457487836+0j)

 

Information about the circuit: 
Number of qubits: 8
 Depth : 9

--- Starting Optimization Loop (method=COBYLA) ---
Iter 10: Cost = -0.40130140602117187
Iter 20: Cost = -0.46542090809804193
Optimization success: True
Optimal Params: [ 0.39269908  0.39269908 -0.38371302  0.19833601]

--- Final Statevector (exact) ---
Marginals: [0.571140025639379, 0.24367597288699339, 0.32185833853369467, 0.9313679607544268, 0.5994056511376982, 0.24367595307447115, 0.6160695618213969, 0.9372437570062734]

  ┌─ Depth 4 | Patch (80, 96, 80, 96) | eff_threshold=0.830
  │  θ-only  (before QAOA): [[0.012 0.071]
 [0.033 0.26 ]]
  │  QAOA    (after  QAOA): [[0.585 0.244]
 [0.469 0.934]]
  │  θ-only  refine: [[0 0]
 [0 0]]
  │  QAOA    refine: [[0 0]
 [0 1]]
  │  Agreement: 3/4 cells
  │  Boundary activation: ['bottom']
  └─
Transpiling circuit (backend=state_vector, opt_level=0)
  IIIIIIIZ: (-0.0006361257700298967+0j)
  IIIZIIII: (-0.0006361257700298967+0j)
  IIIIIIIZ: (-1.225132142148135e-18+0j)
  IIIZIIII: (-8.111360539480031e-16+0j)
  IIIIIIZI: (-0.000633664921249637+0j)
  IIZIIIII: (-0.000633664921249637+0j)
  IIZIIIII: (-4.002512900577635e-10+0j)
  IIIIIZII: (-0.0006308495703561106+0j)
  IZIIIIII: (-0.0006308495703561106+0j)
  IIIIIZII: (-2.1360519151580095e-09+0j)
  IIIIZIII: (-0.0006295619069855733+0j)
  ZIIIIIII: (-0.0006295619069855733+0j)
  IIIIZIII: (0.00017090394110849812+0j)
  ZIIIIIII: (0.3699575756461421+0j)

 

Information about the circuit: 
Number of qubits: 8
 Depth : 7

--- Starting Optimization Loop (method=COBYLA) ---
Iter 10: Cost = 0.10468658318989815
Iter 20: Cost = 0.08031497638682501
Optimization success: True
Optimal Params: [-0.14231864 -0.20377836  0.69966429  0.89347487]

--- Final Statevector (exact) ---
Marginals: [0.17329966893919282, 0.19009041538903831, 0.31205536516257915, 0.008443611280138187, 0.07873329387962692, 0.20987889225390513, 0.312055156420288, 0.38923099315990717]

  ┌─ Depth 4 | Patch (64, 80, 96, 112) | eff_threshold=0.830
  │  θ-only  (before QAOA): [[0.008 0.017]
 [0.06  0.18 ]]
  │  QAOA    (after  QAOA): [[0.126 0.2  ]
 [0.312 0.199]]
  │  θ-only  refine: [[0 0]
 [0 0]]
  │  QAOA    refine: [[0 0]
 [0 0]]
  │  Agreement: 4/4 cells
  └─
Transpiling circuit (backend=state_vector, opt_level=0)
  IIIIIIIZ: (-0.011637279717639452+0j)
  IIIZIIII: (-0.011637279717639452+0j)
  IZIZIIII: (-0.0004027401183199663+0j)
  IIIIIIIZ: (-1.505854341115247e-14+0j)
  IIIZIIII: (-0.001195672204156676+0j)
  IIIIIIZI: (-0.011529324491587212+0j)
  IIZIIIII: (-0.011529324491587212+0j)
  ZIZIIIII: (-0.004428981937185552+0j)
  IIZIIIII: (-0.013236519812839066+0j)
  IIIIIZII: (-0.009885652695982784+0j)
  IZIIIIII: (-0.009885652695982784+0j)
  IIIIZZII: (-0.0056269338250886656+0j)
  IZIIIIII: (0.013198194026533685+0j)
  IIIIIZII: (0.0035524412266137147+0j)
  ZZIIIZII: (-0.14160588801405477+0j)
  IIIIZIII: (-0.009338226949234788+0j)
  ZIIIIIII: (-0.009338226949234788+0j)
  IIIIZIII: (0.0017250390073050208+0j)
  ZIIIIIII: (0.006320539542397968+0j)
  ZIIIZIII: (-0.13615860298998994+0j)

 

Information about the circuit: 
Number of qubits: 8
 Depth : 24

--- Starting Optimization Loop (method=COBYLA) ---
Iter 10: Cost = -0.1212759198802483
Optimization success: True
Optimal Params: [-0.00466922  0.01964127  0.26080839  0.54294056]

--- Final Statevector (exact) ---
Marginals: [0.031395054088130155, 0.046212567987514774, 0.24334947831343182, 0.2385820444090093, 0.029582559117306794, 0.03739237537196254, 0.24337284803748938, 0.21473121160453995]

  ┌─ Depth 4 | Patch (64, 80, 112, 128) | eff_threshold=0.830
  │  θ-only  (before QAOA): [[0.035 0.043]
 [0.231 0.226]]
  │  QAOA    (after  QAOA): [[0.03  0.042]
 [0.243 0.227]]
  │  θ-only  refine: [[0 0]
 [0 0]]
  │  QAOA    refine: [[0 0]
 [0 0]]
  │  Agreement: 4/4 cells
  └─
Transpiling circuit (backend=state_vector, opt_level=0)
  IIIIIIIZ: (-0.06252359021197496+0j)
  IIIZIIII: (-0.06252359021197496+0j)
  IIIIIIIZ: (-1.2313922604695781e-07+0j)
  IIIZIIII: (-9.384886152494886e-09+0j)
  IIZZIZIZ: (-0.22916646471787358+0j)
  IIZZIZIZ: (-0.10585044509866104+0j)
  IIIIIIZI: (0.00847255512305435+0j)
  IIZIIIII: (0.00847255512305435+0j)
  IIZIIIII: (4.912150516990584e-09+0j)
  IIZIZIZI: (-0.15536150915066735+0j)
  IIZIZIZI: (-0.05846339077167196+0j)
  IIIIIZII: (0.022112666446773344+0j)
  IZIIIIII: (0.022112666446773344+0j)
  IIIIIZII: (2.779271669678827e-09+0j)
  ZZIIIZII: (-0.13342973093160881+0j)
  ZZIIIZII: (-0.04899428113113971+0j)
  IIIIZIII: (0.08909947772676136+0j)
  ZIIIIIII: (0.08909947772676136+0j)
  IIIIZIII: (0.3769995322783764+0j)
  ZIIIIIII: (0.49767597718230083+0j)
  ZIIIZIII: (-0.0324275208557415+0j)
  ZIIIZIII: (-0.048495046253708825+0j)

 

Information about the circuit: 
Number of qubits: 8
 Depth : 61

--- Starting Optimization Loop (method=COBYLA) ---
Iter 10: Cost = -0.4102960090343278
Iter 20: Cost = -0.7304078377966952
Iter 30: Cost = -0.7382401991455517
Optimization success: True
Optimal Params: [-0.39269908 -0.39269908  0.07453624 -0.10620031]

--- Final Statevector (exact) ---
Marginals: [0.9365193485272822, 0.0638075367165607, 0.052309337870264795, 0.9303159611139363, 0.9365186789705728, 0.06422525386738452, 0.05184271262956984, 0.930038949732241]

  ┌─ Depth 4 | Patch (80, 96, 96, 112) | eff_threshold=0.830
  │  θ-only  (before QAOA): [[0.258 0.256]
 [0.278 0.246]]
  │  QAOA    (after  QAOA): [[0.937 0.064]
 [0.052 0.93 ]]
  │  θ-only  refine: [[0 0]
 [0 0]]
  │  QAOA    refine: [[1 0]
 [0 1]]
  │  Agreement: 2/4 cells
  └─
Transpiling circuit (backend=state_vector, opt_level=0)
  IIIIIIIZ: (0.0023262689066169094+0j)
  IIIZIIII: (0.0023262689066169094+0j)
  IIIIIIZZ: (-0.19591691165389494+0j)
  IZIZIIII: (-8.050807129680155e-05+0j)
  IIIIIIIZ: (0.371327611540382+0j)
  IIIZIIII: (0.00013633153356423474+0j)
  IIZZIZIZ: (-0.12142495704769446+0j)
  IIIIIIZI: (0.00216512182156313+0j)
  IIZIIIII: (0.00216512182156313+0j)
  IIIIIIZI: (0.11156194802977795+0j)
  IIZIIIII: (3.2126364660632327e-10+0j)
  IIZIZIZI: (-0.07549760240547979+0j)
  IIIIIZII: (0.0013144041734658638+0j)
  IZIIIIII: (0.0013144041734658638+0j)
  IIIIIZII: (-2.268361553645186e-29+0j)
  ZZIIIZII: (0.03382335639915361+0j)
  IIIIZIII: (-7.695064673020718e-05+0j)
  ZIIIIIII: (-7.695064673020718e-05+0j)
  ZIIIZIII: (0.00031136295082392516+0j)

 

Information about the circuit: 
Number of qubits: 8
 Depth : 36

--- Starting Optimization Loop (method=COBYLA) ---
Iter 10: Cost = -0.17302001991313523
Iter 20: Cost = -0.36694001500856394
Iter 30: Cost = -0.42055137772225604
Optimization success: True
Optimal Params: [ 0.39269908  0.39269908  0.04869075 -0.2936263 ]

--- Final Statevector (exact) ---
Marginals: [0.9184548607717581, 0.5058767495941306, 0.0016763206415581538, 0.9806753247898276, 0.9242879087012981, 0.09378450598115642, 0.0011528202554109462, 0.9807771281652978]

  ┌─ Depth 4 | Patch (80, 96, 112, 128) | eff_threshold=0.830
  │  θ-only  (before QAOA): [[0.237 0.209]
 [0.467 0.637]]
  │  QAOA    (after  QAOA): [[0.921 0.3  ]
 [0.001 0.981]]
  │  θ-only  refine: [[0 0]
 [0 0]]
  │  QAOA    refine: [[1 0]
 [0 1]]
  │  Agreement: 2/4 cells
  └─
Transpiling circuit (backend=state_vector, opt_level=0)
  IIIIIIIZ: (-3.0310322687897856e-05+0j)
  IIIZIIII: (-3.0310322687897856e-05+0j)
  IIIIIIZZ: (-1.2536371323768862e-05+0j)
  IZIZIIII: (-0.002740619293992039+0j)
  IIIIIIIZ: (-3.371535997044273e-05+0j)
  IIIZIIII: (-0.0003634314034652855+0j)
  IIZZIZIZ: (-0.8453720516740798+0j)
  IIIIIIZI: (2.5111664563809697e-06+0j)
  IIZIIIII: (2.5111664563809697e-06+0j)
  IIZIIIII: (2.7342822885967007e-40+0j)
  IIZIZIZI: (-0.762252737054259+0j)
  IIIIIZII: (-3.0249838214426265e-05+0j)
  IZIIIIII: (-3.0249838214426265e-05+0j)
  IZIIIIII: (-0.00010674910084614974+0j)
  IIIIIZII: (-1.8033162130809795e-06+0j)
  ZZIIIZII: (-0.7056818237480563+0j)
  IIIIZIII: (2.8387960010595587e-06+0j)
  ZIIIIIII: (2.8387960010595587e-06+0j)
  ZIIIZIII: (-0.00014331764755071453+0j)
  ZIIIZIII: (-0.14357149464385818+0j)

 

Information about the circuit: 
Number of qubits: 8
 Depth : 37

--- Starting Optimization Loop (method=COBYLA) ---
Iter 10: Cost = -0.17831207363644497
Optimization success: True
Optimal Params: [0.05       0.05393394 0.14179451 0.27741679]

--- Final Statevector (exact) ---
Marginals: [0.10183846074782765, 0.45319255604953074, 0.09807643481829584, 0.49257617676131654, 0.10317560892542868, 0.4415198582095768, 0.09262738469161479, 0.33039632663418805]

  ┌─ Depth 4 | Patch (112, 128, 80, 96) | eff_threshold=0.830
  │  θ-only  (before QAOA): [[0.16  0.362]
 [0.148 0.401]]
  │  QAOA    (after  QAOA): [[0.103 0.447]
 [0.095 0.411]]
  │  θ-only  refine: [[0 0]
 [0 0]]
  │  QAOA    refine: [[0 0]
 [0 0]]
  │  Agreement: 4/4 cells
  │  Boundary activation: ['right']
  └─
Transpiling circuit (backend=state_vector, opt_level=0)
  IIIIIIIZ: (0.48416295760362815+0j)
  IIIZIIII: (0.48416295760362815+0j)
  IIIIIIIZ: (3.106471471787629e-24+0j)
  IIIZIIII: (4.007962924519311e-24+0j)
  IIZZIZIZ: (-0.03658201009341645+0j)
  IIZZIZIZ: (-0.1272430270866074+0j)
  IIIIIIZI: (0.48154235951016944+0j)
  IIZIIIII: (0.48154235951016944+0j)
  IIIIIIZI: (-0.325606232477386+0j)
  ZIZIIIII: (-0.014026235059670074+0j)
  IIZIIIII: (0.1422060462313608+0j)
  IIZIZIZI: (-8.447285425852401e-05+0j)
  IIZIZIZI: (-0.09764005417647025+0j)
  IIIIIZII: (0.48626824834323257+0j)
  IZIIIIII: (0.48626824834323257+0j)
  IIIIZZII: (-0.020112832695405505+0j)
  IZIIIIII: (0.007614618607594033+0j)
  IIIIIZII: (0.1637014889365729+0j)
  ZZIIIZII: (-0.0014404614679101905+0j)
  IIIIZIII: (0.04590973476208143+0j)
  ZIIIIIII: (0.04590973476208143+0j)
  IIIIZIII: (0.0014059101982093975+0j)
  ZIIIIIII: (0.0006140126825490334+0j)
  ZIIIZIII: (-1.5470344786159894e-06+0j)

 

Information about the circuit: 
Number of qubits: 8
 Depth : 72

--- Starting Optimization Loop (method=COBYLA) ---
Iter 10: Cost = 0.24359132530712013
Optimization success: True
Optimal Params: [0.05       0.05       0.06865475 0.1373095 ]

--- Final Statevector (exact) ---
Marginals: [0.5606010706955293, 0.5764100249411311, 0.3121844080056921, 0.3070291752810534, 0.5606010706955294, 0.5746574877846574, 0.31294873400271794, 0.3070648086179954]

  ┌─ Depth 4 | Patch (96, 112, 112, 128) | eff_threshold=0.830
  │  θ-only  (before QAOA): [[0.657 0.477]
 [0.225 0.219]]
  │  QAOA    (after  QAOA): [[0.561 0.576]
 [0.313 0.307]]
  │  θ-only  refine: [[0 0]
 [0 0]]
  │  QAOA    refine: [[0 0]
 [0 0]]
  │  Agreement: 4/4 cells
  │  Boundary activation: ['top']
  └─
Transpiling circuit (backend=state_vector, opt_level=0)
  IIIIIIIZ: (-0.05485990134729591+0j)
  IIIZIIII: (-0.05485990134729591+0j)
  IIIIIIIZ: (-1.0062751948091557e-46+0j)
  IIIZIIII: (2.3596931666560136e-22+0j)
  IIIIIIZI: (0.03342185489401067+0j)
  IIZIIIII: (0.03342185489401067+0j)
  IIZIIIII: (6.258650469547367e-104+0j)
  IIZIZIZI: (-0.07973162147799762+0j)
  IIIIIZII: (-0.05208487096458308+0j)
  IZIIIIII: (-0.05208487096458308+0j)
  IIIIIZII: (1.7195681606455626e-44+0j)
  ZZIIIZII: (-0.031968266356264256+0j)
  IIIIZIII: (0.021047150487620965+0j)
  ZIIIIIII: (0.021047150487620965+0j)
  ZIIIZIII: (0.0003542081670024224+0j)

 

Information about the circuit: 
Number of qubits: 8
 Depth : 19

--- Starting Optimization Loop (method=COBYLA) ---
Iter 10: Cost = -0.1923772873648108
Iter 20: Cost = -0.1934293813712277
Optimization success: True
Optimal Params: [-0.12725143 -0.25764353  0.26029678  0.00084862]

--- Final Statevector (exact) ---
Marginals: [0.003642345883246117, 0.924458094910625, 0.000389218414084651, 0.2048388563695218, 0.0036423204339177838, 0.24999743308524694, 0.012774061506740994, 0.20456743845890846]

  ┌─ Depth 4 | Patch (112, 128, 96, 112) | eff_threshold=0.830
  │  θ-only  (before QAOA): [[0.185 0.621]
 [0.153 0.569]]
  │  QAOA    (after  QAOA): [[0.004 0.587]
 [0.007 0.205]]
  │  θ-only  refine: [[0 0]
 [0 0]]
  │  QAOA    refine: [[0 0]
 [0 0]]
  │  Agreement: 4/4 cells
  │  Boundary activation: ['right']
  └─
Transpiling circuit (backend=state_vector, opt_level=0)
  IIIIIIIZ: (0.07732303143442172+0j)
  IIIZIIII: (0.07732303143442172+0j)
  IIIIIIIZ: (3.1084053432794774e-22+0j)
  IIIZIIII: (7.789538267195523e-22+0j)
  IIZZIZIZ: (-0.30667127264798505+0j)
  IIIIIIZI: (0.07385837641701043+0j)
  IIZIIIII: (0.07385837641701043+0j)
  IIZIIIII: (1.2404255836659364e-36+0j)
  IIZIZIZI: (-0.13525919622678997+0j)
  IIIIIZII: (0.060618964687749355+0j)
  IZIIIIII: (0.060618964687749355+0j)
  IIIIIZII: (5.45305870699842e-46+0j)
  ZZIIIZII: (-0.18101361709824904+0j)
  IIIIZIII: (0.019169930219140614+0j)
  ZIIIIIII: (0.019169930219140614+0j)
  ZIIIZIII: (-0.11911469879750085+0j)

 

Information about the circuit: 
Number of qubits: 8
 Depth : 35

--- Starting Optimization Loop (method=COBYLA) ---
Iter 10: Cost = 0.07203867498637523
Optimization success: True
Optimal Params: [4.96624077e-02 5.53844762e-20 7.46905400e-02 2.09358260e-01]

--- Final Statevector (exact) ---
Marginals: [0.2368555415924467, 0.14571254498116637, 0.19564249177032134, 0.13454970892705687, 0.2368555415924467, 0.14575234855533217, 0.12339338235557397, 0.08464461465086026]

  ┌─ Depth 4 | Patch (112, 128, 112, 128) | eff_threshold=0.830
  │  θ-only  (before QAOA): [[0.196 0.182]
 [0.158 0.103]]
  │  QAOA    (after  QAOA): [[0.237 0.146]
 [0.16  0.11 ]]
  │  θ-only  refine: [[0 0]
 [0 0]]
  │  QAOA    refine: [[0 0]
 [0 0]]
  │  Agreement: 4/4 cells
  └─
Transpiling circuit (backend=state_vector, opt_level=0)
  IIIIIIIZ: (-0.008093605817534332+0j)
  IIIZIIII: (-0.008093605817534332+0j)
  IZIZIIII: (-0.00012471253867646899+0j)
  IIIIIIIZ: (-4.852746843262532e-16+0j)
  IIIZIIII: (-0.0003736239203187793+0j)
  IIIIIIZI: (-0.008147058451141378+0j)
  IIZIIIII: (-0.008147058451141378+0j)
  IIZIIIII: (-4.475525899042505e-07+0j)
  IIIIIZII: (-0.0060668585952625784+0j)
  IZIIIIII: (-0.0060668585952625784+0j)
  IIIIZZII: (-0.0006969878616991015+0j)
  IZIIIIII: (0.009753327892075572+0j)
  IIIIIZII: (0.0007984473581251957+0j)
  ZZIIIZII: (-0.021451004137642355+0j)
  IIIIZIII: (-0.006447993266444253+0j)
  ZIIIIIII: (-0.006447993266444253+0j)
  IIIIZIII: (-3.104060999205508e-06+0j)
  ZIIIIIII: (0.04309587167857487+0j)

 

Information about the circuit: 
Number of qubits: 8
 Depth : 22

--- Starting Optimization Loop (method=COBYLA) ---
Iter 10: Cost = -0.036447162608377125
Iter 20: Cost = -0.03806940139463924
Optimization success: True
Optimal Params: [0.05674788 0.29558793 0.38355893 0.78869287]

--- Final Statevector (exact) ---
Marginals: [0.1387626108864522, 0.03610272264330494, 0.01525590940237523, 0.007363257100637069, 0.020915869326981477, 0.04883593909659171, 0.013078469276533042, 0.5030664477373903]

  ┌─ Depth 4 | Patch (64, 80, 128, 144) | eff_threshold=0.830
  │  θ-only  (before QAOA): [[0.042 0.026]
 [0.202 0.179]]
  │  QAOA    (after  QAOA): [[0.08  0.042]
 [0.014 0.255]]
  │  θ-only  refine: [[0 0]
 [0 0]]
  │  QAOA    refine: [[0 0]
 [0 0]]
  │  Agreement: 4/4 cells
  └─
Transpiling circuit (backend=state_vector, opt_level=0)
  IIIIIIIZ: (0.005371163878911164+0j)
  IIIZIIII: (0.005371163878911164+0j)
  IIIIIIZZ: (-0.41340658890865006+0j)
  IZIZIIII: (-0.0001165547979092202+0j)
  IIIIIIIZ: (0.3262927302956881+0j)
  IIIZIIII: (0.00012476730759895753+0j)
  IIZZIZIZ: (-0.0004971085603845617+0j)
  IIZZIZIZ: (-0.1489487604805318+0j)
  IIIIIIZI: (0.005273827094570989+0j)
  IIZIIIII: (0.005273827094570989+0j)
  IIIIIIZI: (0.0799112943937293+0j)
  ZIZIIIII: (-0.00308564266300957+0j)
  IIZIIIII: (0.0018853038599926408+0j)
  IIZIZIZI: (-0.0010082878765565113+0j)
  IIZIZIZI: (-0.09911183497365868+0j)
  IIIIIZII: (-0.009032743447241582+0j)
  IZIIIIII: (-0.009032743447241582+0j)
  IIIIIZII: (1.6198055277558748e-19+0j)
  IIIIZIII: (-0.005996763075503114+0j)
  ZIIIIIII: (-0.005996763075503114+0j)
  IIIIZIII: (-4.2898716157710007e-05+0j)

 

Information about the circuit: 
Number of qubits: 8
 Depth : 62

--- Starting Optimization Loop (method=COBYLA) ---
Iter 10: Cost = 0.06854718620480342
Iter 20: Cost = 0.08145043508169689
Optimization success: True
Optimal Params: [-0.0389519  -0.14732496  0.02877496  0.23657101]

--- Final Statevector (exact) ---
Marginals: [0.3488632738333564, 0.16548074337983054, 0.33398538864273575, 0.6675522592640974, 0.3505841550647716, 0.06493839049750591, 0.3335165956968705, 0.3039432157673988]

  ┌─ Depth 4 | Patch (80, 96, 128, 144) | eff_threshold=0.830
  │  θ-only  (before QAOA): [[0.187 0.184]
 [0.517 0.485]]
  │  QAOA    (after  QAOA): [[0.35  0.115]
 [0.334 0.486]]
  │  θ-only  refine: [[0 0]
 [0 0]]
  │  QAOA    refine: [[0 0]
 [0 0]]
  │  Agreement: 4/4 cells
  └─
Transpiling circuit (backend=state_vector, opt_level=0)
  IIIIIIIZ: (-6.7794350767369394e-06+0j)
  IIIZIIII: (-6.7794350767369394e-06+0j)
  IIIIIIZZ: (-5.7187479807422295e-06+0j)
  IZIZIIII: (-3.662956395290258e-05+0j)
  IIIIIIIZ: (-2.1246589611332347e-06+0j)
  IIIZIIII: (0.00022809448785470385+0j)
  IIZZIZIZ: (-0.3521801552887005+0j)
  IIIIIIZI: (0.00016718295911371698+0j)
  IIZIIIII: (0.00016718295911371698+0j)
  ZIZIIIII: (-0.21749467159159547+0j)
  IIZIIIII: (1.5158861934797467+0j)
  IIZIZIZI: (-0.0347481536537633+0j)
  IIIIIZII: (-9.053572023053451e-05+0j)
  IZIIIIII: (-9.053572023053451e-05+0j)
  IIIIZZII: (-9.647559935205437e-06+0j)
  IIIIIZII: (1.3977048611410004e-05+0j)
  ZZIIIZII: (-0.0003751740748627533+0j)
  IIIIZIII: (-0.00010935348104820224+0j)
  ZIIIIIII: (-0.00010935348104820224+0j)
  ZIIIZIII: (-1.7867955279175564e-05+0j)

 

Information about the circuit: 
Number of qubits: 8
 Depth : 52

--- Starting Optimization Loop (method=COBYLA) ---
Iter 10: Cost = -0.9252351379812075
Iter 20: Cost = -1.4075944092381918
Iter 30: Cost = -1.3651116852369471
Optimization success: True
Optimal Params: [ 0.34651152  0.31340911 -0.05657832  0.0687195 ]

--- Final Statevector (exact) ---
Marginals: [0.012071145006859, 0.9761282969852858, 0.8591776380811478, 0.7989774056352141, 0.875523057864765, 0.9742431993411107, 0.8596261462941425, 0.798865125250118]

  ┌─ Depth 4 | Patch (96, 112, 128, 144) | eff_threshold=0.830
  │  θ-only  (before QAOA): [[0.274 0.47 ]
 [0.253 0.186]]
  │  QAOA    (after  QAOA): [[0.444 0.975]
 [0.859 0.799]]
  │  θ-only  refine: [[0 0]
 [0 0]]
  │  QAOA    refine: [[0 1]
 [1 0]]
  │  Agreement: 2/4 cells
  │  Boundary activation: ['right']
  └─
Transpiling circuit (backend=state_vector, opt_level=0)
  IIIIIIIZ: (0.011977951894395754+0j)
  IIIZIIII: (0.011977951894395754+0j)
  IIIIIIIZ: (1.0647972085964758e-12+0j)
  IIIZIIII: (-8.857794156903973e-37+0j)
  IIZZIZIZ: (-0.8324645370103131+0j)
  IIZZIZIZ: (-0.25909289515961353+0j)
  IIIIIIZI: (-0.00013288963622068477+0j)
  IIZIIIII: (-0.00013288963622068477+0j)
  IIIIIIZI: (-0.05841117643532377+0j)
  IIZIIIII: (-1.151574735822581e-12+0j)
  IIZIZIZI: (-0.058302131723926134+0j)
  IIZIZIZI: (-0.16722767309827982+0j)
  IIIIIZII: (0.012152174022170793+0j)
  IZIIIIII: (0.012152174022170793+0j)
  IZIIIIII: (-0.0059638193141197515+0j)
  IIIIIZII: (-9.826579976558523e-37+0j)
  ZZIIIZII: (-0.6397132185702984+0j)
  ZZIIIZII: (-0.2617377328717724+0j)
  IIIIZIII: (0.011980899227057208+0j)
  ZIIIIIII: (0.011980899227057208+0j)
  ZIIIZIII: (-0.03956042488028355+0j)
  ZIIIZIII: (-0.012608147526426354+0j)

 

Information about the circuit: 
Number of qubits: 8
 Depth : 60

--- Starting Optimization Loop (method=COBYLA) ---
Iter 10: Cost = 0.00543422311177251
Optimization success: True
Optimal Params: [0.         0.         0.12507809 0.25015618]

--- Final Statevector (exact) ---
Marginals: [0.4663006746210811, 0.19514361950041573, 0.4631219725202945, 0.47621263013128085, 0.4663006746210812, 0.19514361950041567, 0.46312197252029463, 0.4762126301312809]

  ┌─ Depth 4 | Patch (96, 112, 144, 160) | eff_threshold=0.830
  │  θ-only  (before QAOA): [[0.466 0.195]
 [0.463 0.476]]
  │  QAOA    (after  QAOA): [[0.466 0.195]
 [0.463 0.476]]
  │  θ-only  refine: [[0 0]
 [0 0]]
  │  QAOA    refine: [[0 0]
 [0 0]]
  │  Agreement: 4/4 cells
  └─
Transpiling circuit (backend=state_vector, opt_level=0)
  IIIIIIIZ: (0.0024360798021731207+0j)
  IIIZIIII: (0.0024360798021731207+0j)
  IIIIIIIZ: (2.9085292971812813e-26+0j)
  IIIZIIII: (1.4719941477086872e-15+0j)
  IIZZIZIZ: (-0.002979401499478451+0j)
  IIIIIIZI: (0.004253462308076838+0j)
  IIZIIIII: (0.004253462308076838+0j)
  IIZIIIII: (1.405941554727934e-13+0j)
  IIZIZIZI: (-0.05729561771639507+0j)
  IIIIIZII: (-0.002038909714693352+0j)
  IZIIIIII: (-0.002038909714693352+0j)
  IIIIIZII: (-2.08085882559856e-58+0j)
  ZZIIIZII: (-0.029115164060770422+0j)
  IIIIZIII: (0.0005324312814749347+0j)
  ZIIIIIII: (0.0005324312814749347+0j)
  ZIIIZIII: (-0.00022490400318546648+0j)

 

Information about the circuit: 
Number of qubits: 8
 Depth : 35

--- Starting Optimization Loop (method=COBYLA) ---
Iter 10: Cost = -0.0024914282183798276
Optimization success: True
Optimal Params: [0.05499983 0.         0.23472706 0.36941292]

--- Final Statevector (exact) ---
Marginals: [0.2385557315304361, 0.45094883570308636, 0.1145664442734819, 0.48481048755735223, 0.23855573153043608, 0.45094879701983087, 0.06970042136729722, 0.37613647285465035]

  ┌─ Depth 4 | Patch (112, 128, 128, 144) | eff_threshold=0.830
  │  θ-only  (before QAOA): [[0.287 0.397]
 [0.084 0.43 ]]
  │  QAOA    (after  QAOA): [[0.239 0.451]
 [0.092 0.43 ]]
  │  θ-only  refine: [[0 0]
 [0 0]]
  │  QAOA    refine: [[0 0]
 [0 0]]
  │  Agreement: 4/4 cells
  │  Boundary activation: ['right']
  └─
Transpiling circuit (backend=state_vector, opt_level=0)
  IIIIIIIZ: (-0.00036241700191246473+0j)
  IIIZIIII: (-0.00036241700191246473+0j)
  IIIIIIIZ: (2.6528476946542943e-18+0j)
  IIIZIIII: (-7.081206248059328e-19+0j)
  IIZZIZIZ: (-0.013405462532630431+0j)
  IIIIIIZI: (-0.00035101496823314895+0j)
  IIZIIIII: (-0.00035101496823314895+0j)
  IIZIIIII: (7.344994036733811e-12+0j)
  IIZIZIZI: (-5.888759024349265e-05+0j)
  IIZIZIZI: (-0.014785946552941747+0j)
  IIIIIZII: (0.0005026084740265878+0j)
  IZIIIIII: (0.0005026084740265878+0j)
  IIIIIZII: (3.6054934380927795e-14+0j)
  ZZIIIZII: (1.7956442946484534e-05+0j)
  IIIIZIII: (-0.0003064210109152397+0j)
  ZIIIIIII: (-0.0003064210109152397+0j)

 

Information about the circuit: 
Number of qubits: 8
 Depth : 44

--- Starting Optimization Loop (method=COBYLA) ---
Iter 10: Cost = -0.0006568761935342371
Optimization success: True
Optimal Params: [-0.04738639 -0.00528249  0.18712908  0.45598269]

--- Final Statevector (exact) ---
Marginals: [0.1877266966311148, 0.5249879417429355, 0.4666263054909005, 0.2809090782695925, 0.1877266966311142, 0.5249865679429006, 0.5716899107222424, 0.3309723303651675]

  ┌─ Depth 4 | Patch (112, 128, 144, 160) | eff_threshold=0.830
  │  θ-only  (before QAOA): [[0.231 0.472]
 [0.519 0.329]]
  │  QAOA    (after  QAOA): [[0.188 0.525]
 [0.519 0.306]]
  │  θ-only  refine: [[0 0]
 [0 0]]
  │  QAOA    refine: [[0 0]
 [0 0]]
  │  Agreement: 4/4 cells
  └─
Transpiling circuit (backend=state_vector, opt_level=0)
  IIIIIIIZ: (0.014303216537866729+0j)
  IIIZIIII: (0.014303216537866729+0j)
  IIIIIIZZ: (-0.29774201885954005+0j)
  IIIIIIIZ: (1.9463107459800113+0j)
  IIIZIIII: (-4.9586971684121654e-15+0j)
  IIZZIZIZ: (-0.013768449337852966+0j)
  IIZZIZIZ: (-0.4477087647114457+0j)
  IIIIIIZI: (-0.006159759587994439+0j)
  IIZIIIII: (-0.006159759587994439+0j)
  IIZIIIII: (-2.6072452305895326e-09+0j)
  IIZIZIZI: (-0.2592379625230584+0j)
  IIIIIZII: (0.022315430599173822+0j)
  IZIIIIII: (0.022315430599173822+0j)
  IIIIZZII: (-2.369341782562239e-06+0j)
  IIIIIZII: (8.856491848907517e-06+0j)
  ZZIIIZII: (-0.10690381854619725+0j)
  ZZIIIZII: (-0.08581820194535038+0j)
  IIIIZIII: (-0.0025789315051888907+0j)
  ZIIIIIII: (-0.0025789315051888907+0j)
  ZIIIZIII: (-0.30404721374199506+0j)

 

Information about the circuit: 
Number of qubits: 8
 Depth : 69

--- Starting Optimization Loop (method=COBYLA) ---
Iter 10: Cost = -0.8539357578021461
Iter 20: Cost = -1.5365885375251545
Optimization success: True
Optimal Params: [-0.35718658  0.39269908  0.09592441  0.62409218]

--- Final Statevector (exact) ---
Marginals: [0.9153955261467058, 0.0609448396064583, 0.4345605094638445, 0.15503024453880593, 0.478520300590477, 0.12107575928737095, 0.47093848829753476, 0.11701165255434015]

  ┌─ Depth 4 | Patch (112, 128, 160, 176) | eff_threshold=0.830
  │  θ-only  (before QAOA): [[0.459 0.048]
 [0.453 0.077]]
  │  QAOA    (after  QAOA): [[0.697 0.091]
 [0.453 0.136]]
  │  θ-only  refine: [[0 0]
 [0 0]]
  │  QAOA    refine: [[0 0]
 [0 0]]
  │  Agreement: 4/4 cells
  │  Boundary activation: ['left']
  └─
Transpiling circuit (backend=state_vector, opt_level=0)
  IIIIIIIZ: (-0+0j)
  IIIZIIII: (-0+0j)
  IIZIIIII: (-0+0j)
  IIIIIZII: (-0+0j)

 

Information about the circuit: 
Number of qubits: 8
 Depth : 5

--- Null Hamiltonian detected (all coefficients zero). Skipping optimization — returning θ-init marginals. ---

--- Final Statevector (exact) ---
Marginals: [0.01118374740242403, 0.021011688257817716, 0.010994430002168726, 0.020708831439128987, 0.011183747402424029, 0.021011688257817723, 0.010994430002168723, 0.02070883143912899]

  ┌─ Depth 4 | Patch (128, 144, 64, 80) | eff_threshold=0.830
  │  θ-only  (before QAOA): [[0.011 0.021]
 [0.011 0.021]]
  │  QAOA    (after  QAOA): [[0.011 0.021]
 [0.011 0.021]]
  │  θ-only  refine: [[0 0]
 [0 0]]
  │  QAOA    refine: [[0 0]
 [0 0]]
  │  Agreement: 4/4 cells
  └─
Transpiling circuit (backend=state_vector, opt_level=0)
  IIIIIIIZ: (-6.514530773585613e-05+0j)
  IIIZIIII: (-6.514530773585613e-05+0j)
  IIIIIIZZ: (-0.00043365327156283525+0j)
  IIIIIIIZ: (-0.0011593972478522378+0j)
  IIIZIIII: (-1.9322278578488245e-10+0j)
  IIZZIZIZ: (-0.034878957532108186+0j)
  IIIIIIZI: (-3.915462839578055e-05+0j)
  IIZIIIII: (-3.915462839578055e-05+0j)
  IIZIIIII: (3.1760412631390456e-16+0j)
  IIZIZIZI: (-0.016542561875521486+0j)
  IIZIZIZI: (-0.04443156301078352+0j)
  IIIIIZII: (-6.607338177554869e-05+0j)
  IZIIIIII: (-6.607338177554869e-05+0j)
  IIIIZZII: (-0.05945998251149506+0j)
  IIIIIZII: (-0.15934413967632474+0j)
  ZZIIIZII: (-0.021579803573992116+0j)
  IIIIZIII: (-5.147756537188686e-05+0j)
  ZIIIIIII: (-5.147756537188686e-05+0j)
  ZIIIIIII: (-0.15395721476723645+0j)
  ZIIIZIII: (-8.633977042170709e-06+0j)
  ZIIIZIII: (-0.0077324689470368475+0j)

 

Information about the circuit: 
Number of qubits: 8
 Depth : 57

--- Starting Optimization Loop (method=COBYLA) ---
Iter 10: Cost = -0.21770026326233474
Optimization success: True
Optimal Params: [0.07766944 0.08321027 0.43011932 0.84729665]

--- Final Statevector (exact) ---
Marginals: [0.017659544944436247, 0.601001262764053, 0.13579285246186992, 0.30119441766443134, 0.060480039956092434, 0.29591746052444723, 0.10905900110360266, 0.3076355418289477]

  ┌─ Depth 4 | Patch (128, 144, 80, 96) | eff_threshold=0.830
  │  θ-only  (before QAOA): [[0.08  0.442]
 [0.049 0.454]]
  │  QAOA    (after  QAOA): [[0.039 0.448]
 [0.122 0.304]]
  │  θ-only  refine: [[0 0]
 [0 0]]
  │  QAOA    refine: [[0 0]
 [0 0]]
  │  Agreement: 4/4 cells
  │  Boundary activation: ['right']
  └─
Transpiling circuit (backend=state_vector, opt_level=0)
  IIIIIIIZ: (0.00045363360811087703+0j)
  IIIZIIII: (0.00045363360811087703+0j)
  IIIIIIIZ: (8.530842516209885e-13+0j)
  IIIZIIII: (-2.7174253561519957e-13+0j)
  IIZZIZIZ: (-1.4956366866135637e-05+0j)
  IIIIIIZI: (-0.00047739049479207765+0j)
  IIZIIIII: (-0.00047739049479207765+0j)
  IIZIIIII: (1.2487555353614264e-17+0j)
  IIZIZIZI: (-2.0797538356943183e-05+0j)
  IIIIIZII: (0.00235603418805843+0j)
  IZIIIIII: (0.00235603418805843+0j)
  IIIIZZII: (-0.0015105003037015675+0j)
  IIIIIZII: (0.009564258756085926+0j)
  ZZIIIZII: (-0.00024131058615506565+0j)
  ZZIIIZII: (-0.02043829983648884+0j)
  IIIIZIII: (-0.0006532142364817899+0j)
  ZIIIIIII: (-0.0006532142364817899+0j)
  ZIIIZIII: (-0.008158863671973816+0j)

 

Information about the circuit: 
Number of qubits: 8
 Depth : 55

--- Starting Optimization Loop (method=COBYLA) ---
Iter 10: Cost = -0.0024043225257009524
Optimization success: True
Optimal Params: [0.05       0.05       0.23189418 0.41378837]

--- Final Statevector (exact) ---
Marginals: [0.4054510542903522, 0.4066748018556715, 0.569796641212618, 0.3356953647113366, 0.40528151937265816, 0.40667480186735055, 0.3715285566704093, 0.3356779383714954]

  ┌─ Depth 4 | Patch (128, 144, 96, 112) | eff_threshold=0.830
  │  θ-only  (before QAOA): [[0.31  0.506]
 [0.47  0.245]]
  │  QAOA    (after  QAOA): [[0.405 0.407]
 [0.471 0.336]]
  │  θ-only  refine: [[0 0]
 [0 0]]
  │  QAOA    refine: [[0 0]
 [0 0]]
  │  Agreement: 4/4 cells
  └─
Transpiling circuit (backend=state_vector, opt_level=0)
  IIIIIIIZ: (0.027686027965351977+0j)
  IIIZIIII: (0.027686027965351977+0j)
  IIIIIIIZ: (4.608799524994345e-25+0j)
  IIIZIIII: (-2.099242331809764e-39+0j)
  IIZZIZIZ: (-0.003387381561878184+0j)
  IIIIIIZI: (-0.026309944966964083+0j)
  IIZIIIII: (-0.026309944966964083+0j)
  IIZIIIII: (-1.5776441568825964e-64+0j)
  IIZIZIZI: (-0.03589970481443981+0j)
  IIZIZIZI: (-0.0704921228172506+0j)
  IIIIIZII: (0.1127493942219752+0j)
  IZIIIIII: (0.1127493942219752+0j)
  IIIIIZII: (1.127784379523374e-13+0j)
  ZZIIIZII: (-0.06988619655785913+0j)
  IIIIZIII: (-0.00378670930030793+0j)
  ZIIIIIII: (-0.00378670930030793+0j)
  ZIIIZIII: (-0.0006809143122079156+0j)

 

Information about the circuit: 
Number of qubits: 8
 Depth : 45

--- Starting Optimization Loop (method=COBYLA) ---
Iter 10: Cost = -0.29341632494123177
Iter 20: Cost = -0.3208081796647086
Optimization success: True
Optimal Params: [0.39269908 0.39269908 0.0817016  0.44234158]

--- Final Statevector (exact) ---
Marginals: [0.9959729052812778, 0.772648214838655, 0.9880408183645569, 0.041430234193688, 0.9959729052812748, 0.4238856256606756, 0.9880066798389765, 0.04091146816012146]

  ┌─ Depth 4 | Patch (128, 144, 112, 128) | eff_threshold=0.830
  │  θ-only  (before QAOA): [[0.438 0.084]
 [0.411 0.303]]
  │  QAOA    (after  QAOA): [[0.996 0.598]
 [0.988 0.041]]
  │  θ-only  refine: [[0 0]
 [0 0]]
  │  QAOA    refine: [[1 0]
 [1 0]]
  │  Agreement: 2/4 cells
  │  Boundary activation: ['top', 'left']
  └─
Transpiling circuit (backend=state_vector, opt_level=0)
  IIIIIIIZ: (0.020809126852525495+0j)
  IIIZIIII: (0.020809126852525495+0j)
  IIIIIIIZ: (-7.030785563222833e-40+0j)
  IIIZIIII: (5.590693234106341e-16+0j)
  IIZZIZIZ: (-0.8359845412099268+0j)
  IIZZIZIZ: (-0.2720879347967141+0j)
  IIIIIIZI: (0.02141520664565633+0j)
  IIZIIIII: (0.02141520664565633+0j)
  IIIIIIZI: (-0.000657673387572198+0j)
  IIZIIIII: (-3.5309240623769994e-37+0j)
  IIZIZIZI: (-0.8002261178231944+0j)
  IIZIZIZI: (-0.26518589483383953+0j)
  IIIIIZII: (-0.0003209063164244994+0j)
  IZIIIIII: (-0.0003209063164244994+0j)
  IZIIIIII: (-0.1584343618513698+0j)
  IIIIIZII: (-2.4879766421560496e-12+0j)
  ZZIIIZII: (-0.05112134649898857+0j)
  ZZIIIZII: (-0.16429039711035073+0j)
  IIIIZIII: (0.021048082114768177+0j)
  ZIIIIIII: (0.021048082114768177+0j)
  ZIIIZIII: (-0.045778472760618555+0j)
  ZIIIZIII: (-0.014470478197256368+0j)

 

Information about the circuit: 
Number of qubits: 8
 Depth : 60

--- Starting Optimization Loop (method=COBYLA) ---
Iter 10: Cost = 0.017306725757762438
Optimization success: True
Optimal Params: [ 0.05458983 -0.00104233  0.1779559   0.26430924]

--- Final Statevector (exact) ---
Marginals: [0.42512679551564647, 0.510869769682724, 0.2484465784128544, 0.5159478014589165, 0.4251267955156464, 0.5072664926952333, 0.16521047847994783, 0.5192483818326189]

  ┌─ Depth 4 | Patch (144, 160, 96, 112) | eff_threshold=0.830
  │  θ-only  (before QAOA): [[0.475 0.461]
 [0.207 0.466]]
  │  QAOA    (after  QAOA): [[0.425 0.509]
 [0.207 0.518]]
  │  θ-only  refine: [[0 0]
 [0 0]]
  │  QAOA    refine: [[0 0]
 [0 0]]
  │  Agreement: 4/4 cells
  └─
Transpiling circuit (backend=state_vector, opt_level=0)
  IIIIIIIZ: (-9.255761074353738e-05+0j)
  IIIZIIII: (-9.255761074353738e-05+0j)
  IIIIIIIZ: (-4.662823999477556e-10+0j)
  IIIZIIII: (8.708776599004901e-11+0j)
  IIZZIZIZ: (-5.3492093577916793e-05+0j)
  IIIIIIZI: (5.9198656990698665e-05+0j)
  IIZIIIII: (5.9198656990698665e-05+0j)
  IIIIIIZI: (0.0008054694942760068+0j)
  ZIZIIIII: (-0.0047442194241859624+0j)
  IIZIIIII: (0.01320505949221536+0j)
  IIZIZIZI: (-0.0007860837317710022+0j)
  IIIIIZII: (-0.00010960295917839647+0j)
  IZIIIIII: (-0.00010960295917839647+0j)
  IIIIIZII: (1.1584814553904298e-08+0j)
  ZZIIIZII: (-0.012783644993916847+0j)
  IIIIZIII: (-0.00011255759802894283+0j)
  ZIIIIIII: (-0.00011255759802894283+0j)

 

Information about the circuit: 
Number of qubits: 8
 Depth : 36

--- Starting Optimization Loop (method=COBYLA) ---
Iter 10: Cost = -0.013629542204623094
Iter 20: Cost = -0.0216415454997524
Iter 30: Cost = -0.021922227440524456
Optimization success: True
Optimal Params: [-0.39269908 -0.39269908  0.63632745  0.16074617]

--- Final Statevector (exact) ---
Marginals: [0.10949047727763854, 0.9410655954040218, 0.0008893778163750307, 0.03905350088514963, 0.10949047727763773, 0.9426297626701244, 0.0008893652146152104, 0.03913924327549147]

  ┌─ Depth 4 | Patch (144, 160, 112, 128) | eff_threshold=0.830
  │  θ-only  (before QAOA): [[0.188 0.268]
 [0.472 0.306]]
  │  QAOA    (after  QAOA): [[0.109 0.942]
 [0.001 0.039]]
  │  θ-only  refine: [[0 0]
 [0 0]]
  │  QAOA    refine: [[0 1]
 [0 0]]
  │  Agreement: 3/4 cells
  │  Boundary activation: ['top', 'right']
  └─
  │  Boundary probe: (144, 152, 112, 120) (prob=0.109)
Transpiling circuit (backend=state_vector, opt_level=0)
  IIIIIIIZ: (-0.000578110539873421+0j)
  IIIZIIII: (-0.000578110539873421+0j)
  IIIIIIZZ: (-0.005268277757688541+0j)
  IZIZIIII: (-6.383053467474272e-05+0j)
  IIIIIIIZ: (-0.008775946979511447+0j)
  IIIZIIII: (-6.581275967377156e-05+0j)
  IIZZIZIZ: (-0.2528145536051007+0j)
  IIZZIZIZ: (-0.17570796075929165+0j)
  IIIIIIZI: (-0.0004139848935026887+0j)
  IIZIIIII: (-0.0004139848935026887+0j)
  IIIIIIZI: (-0.002938325440211946+0j)
  ZIZIIIII: (-0.07839205680029747+0j)
  IIZIIIII: (0.005533972757325852+0j)
  IIZIZIZI: (-0.23220776489646971+0j)
  IIZIZIZI: (-0.12810627480630749+0j)
  IIIIIZII: (-0.0007264115968527638+0j)
  IZIIIIII: (-0.0007264115968527638+0j)
  IIIIZZII: (-0.001531774597277145+0j)
  IIIIIZII: (-0.0038206157560878515+0j)
  ZZIIIZII: (-0.10573653422685368+0j)
  ZZIIIZII: (-0.17215913529396493+0j)
  IIIIZIII: (-0.0003368276205470058+0j)
  ZIIIIIII: (-0.0003368276205470058+0j)
  IIIIZIII: (0.0012491626802185497+0j)
  ZIIIIIII: (-8.202488372837117e-05+0j)
  ZIIIZIII: (-0.18093842855253167+0j)
  ZIIIZIII: (-0.09789855592056496+0j)

 

Information about the circuit: 
Number of qubits: 8
 Depth : 88

--- Starting Optimization Loop (method=COBYLA) ---
Iter 10: Cost = -0.5906248758823024
Optimization success: True
Optimal Params: [-0.00417502  0.00158842  0.1806061   0.40962379]

--- Final Statevector (exact) ---
Marginals: [0.11988676121387848, 0.13660051477213364, 0.10770579924774445, 0.15520359432352718, 0.11988929170054125, 0.13674565361877303, 0.10759515961448343, 0.15518843078724548]

  ┌─ Depth 4 | Patch (160, 176, 96, 112) | eff_threshold=0.830
  │  θ-only  (before QAOA): [[0.122 0.135]
 [0.106 0.157]]
  │  QAOA    (after  QAOA): [[0.12  0.137]
 [0.108 0.155]]
  │  θ-only  refine: [[0 0]
 [0 0]]
  │  QAOA    refine: [[0 0]
 [0 0]]
  │  Agreement: 4/4 cells
  └─
Transpiling circuit (backend=state_vector, opt_level=0)
  IIIIIIIZ: (0.10596333025534703+0j)
  IIIZIIII: (0.10596333025534703+0j)
  IZIZIIII: (-0.00041363831356507996+0j)
  IIIIIIIZ: (-3.634027212287765e-17+0j)
  IIIZIIII: (0.002769001663051326+0j)
  IIIIIIZI: (0.22538402834339655+0j)
  IIZIIIII: (0.22538402834339655+0j)
  ZIZIIIII: (-4.462755077068251e-06+0j)
  IIZIIIII: (1.4538217596982008e-05+0j)
  IIIIIZII: (-0.036294216891009916+0j)
  IZIIIIII: (-0.036294216891009916+0j)
  IIIIZZII: (-0.18098896595727165+0j)
  IZIIIIII: (0.2722577719553029+0j)
  IIIIIZII: (0.028681341678004534+0j)
  ZZIIIZII: (-0.003194736674048459+0j)
  ZZIIIZII: (-0.08034607153354922+0j)
  IIIIZIII: (0.018530322931906592+0j)
  ZIIIIIII: (0.018530322931906592+0j)
  IIIIZIII: (0.0006542609625840291+0j)
  ZIIIIIII: (0.00137116699462647+0j)
  ZIIIZIII: (-0.02415288270420779+0j)

 

Information about the circuit: 
Number of qubits: 8
 Depth : 34

--- Starting Optimization Loop (method=COBYLA) ---
Iter 10: Cost = -0.620958096425741
Iter 20: Cost = -0.7477283056603884
Iter 30: Cost = -0.7482191749271205
Optimization success: True
Optimal Params: [0.39269908 0.39269908 0.21300091 0.12972914]

--- Final Statevector (exact) ---
Marginals: [0.9984938976836056, 0.9952857360193025, 0.8859057111983478, 0.10934895481682709, 0.9984419774386336, 0.9952852655971661, 0.8850449079492478, 0.10780146762844513]

  ┌─ Depth 4 | Patch (160, 176, 112, 128) | eff_threshold=0.830
  │  θ-only  (before QAOA): [[0.479 0.498]
 [0.186 0.19 ]]
  │  QAOA    (after  QAOA): [[0.998 0.995]
 [0.885 0.109]]
  │  θ-only  refine: [[0 0]
 [0 0]]
  │  QAOA    refine: [[1 1]
 [1 0]]
  │  Agreement: 1/4 cells
  │  Boundary activation: ['top', 'left']
  └─
Transpiling circuit (backend=state_vector, opt_level=0)
  IIIIIIIZ: (-5.100170825196093e-05+0j)
  IIIZIIII: (-5.100170825196093e-05+0j)
  IIIIIIZZ: (-0.000356754953400457+0j)
  IIIIIIIZ: (-0.00039724771166568226+0j)
  IIIZIIII: (1.494378662263368e-09+0j)
  IIZZIZIZ: (-1.1121129848654392e-06+0j)
  IIZZIZIZ: (-0.12253728784676973+0j)
  IIIIIIZI: (0.00026720368957493826+0j)
  IIZIIIII: (0.00026720368957493826+0j)
  IIIIIIZI: (0.00013491809915607006+0j)
  IIZIIIII: (2.793006182960809e-07+0j)
  IIZIZIZI: (-7.52696684747703e-07+0j)
  IIZIZIZI: (-0.08395368876684303+0j)
  IIIIIZII: (-0.0007965978540083317+0j)
  IZIIIIII: (-0.0007965978540083317+0j)
  IIIIIZII: (-1.3817258387671623e-15+0j)
  IIIIZIII: (-0.0005276193923604081+0j)
  ZIIIIIII: (-0.0005276193923604081+0j)

 

Information about the circuit: 
Number of qubits: 8
 Depth : 58

--- Starting Optimization Loop (method=COBYLA) ---
Iter 10: Cost = -0.06873171627651353
Optimization success: True
Optimal Params: [0.05       0.05       0.31077118 0.67154236]

--- Final Statevector (exact) ---
Marginals: [0.21393801511614843, 0.131662689365708, 0.009219472636680421, 0.04573431611812269, 0.26053594702704186, 0.13313358116756752, 0.004173005908953601, 0.01217546242099855]

  ┌─ Depth 4 | Patch (176, 192, 112, 128) | eff_threshold=0.830
  │  θ-only  (before QAOA): [[0.179 0.205]
 [0.025 0.044]]
  │  QAOA    (after  QAOA): [[0.237 0.132]
 [0.007 0.029]]
  │  θ-only  refine: [[0 0]
 [0 0]]
  │  QAOA    refine: [[0 0]
 [0 0]]
  │  Agreement: 4/4 cells
  └─
Transpiling circuit (backend=state_vector, opt_level=0)
  IIIIIIIZ: (-0.11376894157198966+0j)
  IIIZIIII: (-0.11376894157198966+0j)
  IIIIIIIZ: (-1.5087603552961093e-80+0j)
  IIIZIIII: (-4.71380080006993e-80+0j)
  IIZZIZIZ: (-0.137261082622419+0j)
  IIIIIIZI: (-0.10838063012188694+0j)
  IIZIIIII: (-0.10838063012188694+0j)
  IIZIIIII: (-4.9957421501841226e-70+0j)
  IIZIZIZI: (-0.12190854034356398+0j)
  IIIIIZII: (-0.10846708980120369+0j)
  IZIIIIII: (-0.10846708980120369+0j)
  IIIIIZII: (2.2059969561408083e-63+0j)
  ZZIIIZII: (-0.09933157039772737+0j)
  IIIIZIII: (-0.08842505773875091+0j)
  ZIIIIIII: (-0.08842505773875091+0j)
  ZIIIZIII: (-0.09553718480119502+0j)

 

Information about the circuit: 
Number of qubits: 8
 Depth : 35

--- Starting Optimization Loop (method=COBYLA) ---
Iter 10: Cost = -0.7234656736847147
Optimization success: True
Optimal Params: [0.05248841 0.04879818 0.14696186 0.21549918]

--- Final Statevector (exact) ---
Marginals: [0.167221264342962, 0.23587331079244234, 0.11514314589792944, 0.12237798133899448, 0.0845194797969955, 0.09099951571684754, 0.11472720487946149, 0.28058394124850755]

  ┌─ Depth 4 | Patch (128, 144, 128, 144) | eff_threshold=0.830
  │  θ-only  (before QAOA): [[0.1   0.156]
 [0.186 0.195]]
  │  QAOA    (after  QAOA): [[0.126 0.163]
 [0.115 0.201]]
  │  θ-only  refine: [[0 0]
 [0 0]]
  │  QAOA    refine: [[0 0]
 [0 0]]
  │  Agreement: 4/4 cells
  └─
Transpiling circuit (backend=state_vector, opt_level=0)
  IIIIIIIZ: (0.4351215868049096+0j)
  IIIZIIII: (0.4351215868049096+0j)
  IIIIIIIZ: (6.950852120298659e-27+0j)
  IIIZIIII: (2.8264075576439244e-85+0j)
  IIZZIZIZ: (-0.0694185762617815+0j)
  IIIIIIZI: (0.48692996521956045+0j)
  IIZIIIII: (0.48692996521956045+0j)
  IIIIIIZI: (2.965332341345678e-06+0j)
  ZIZIIIII: (-1.9215283319822797e-06+0j)
  IIZIIIII: (-6.901512437653274e-07+0j)
  IIZIZIZI: (-0.04396140216082522+0j)
  IIIIIZII: (0.16286718267331965+0j)
  IZIIIIII: (0.16286718267331965+0j)
  IIIIIZII: (2.502229023861733e-22+0j)
  ZZIIIZII: (0.0001415428724005047+0j)
  ZZIIIZII: (0.012156884119269469+0j)
  IIIIZIII: (0.4940746658584304+0j)
  ZIIIIIII: (0.4940746658584304+0j)
  IIIIZIII: (-4.990564897838316e-05+0j)
  ZIIIIIII: (2.1948706221417647e-05+0j)
  ZIIIZIII: (-0.01782003513214205+0j)

 

Information about the circuit: 
Number of qubits: 8
 Depth : 44

--- Starting Optimization Loop (method=COBYLA) ---
Iter 10: Cost = -1.2942878420783575
Iter 20: Cost = -1.6327149090329462
Iter 30: Cost = -1.629334860379883
Optimization success: True
Optimal Params: [ 0.39269908  0.39269908  0.14492885 -0.26722851]

--- Final Statevector (exact) ---
Marginals: [0.9957641011066817, 0.881890031977541, 0.9964722443885303, 0.9074384611554751, 0.9958018331756942, 0.1346944513445511, 0.0036509688005860476, 0.9078965075773439]

  ┌─ Depth 4 | Patch (128, 144, 144, 160) | eff_threshold=0.830
  │  θ-only  (before QAOA): [[0.569 0.185]
 [0.559 0.218]]
  │  QAOA    (after  QAOA): [[0.996 0.508]
 [0.5   0.908]]
  │  θ-only  refine: [[0 0]
 [0 0]]
  │  QAOA    refine: [[1 0]
 [0 1]]
  │  Agreement: 2/4 cells
  └─
Transpiling circuit (backend=state_vector, opt_level=0)
  IIIIIIIZ: (0.0033308126851710096+0j)
  IIIZIIII: (0.0033308126851710096+0j)
  IIIIIIZZ: (-0.08715422248790208+0j)
  IZIZIIII: (-0.26250820885358733+0j)
  IIIIIIIZ: (0.16744143235694667+0j)
  IIIZIIII: (0.2003745525337953+0j)
  IIZZIZIZ: (-2.9972124724889593e-05+0j)
  IIIIIIZI: (0.0028234699617862126+0j)
  IIZIIIII: (0.0028234699617862126+0j)
  IIIIIIZI: (0.0353093899441048+0j)
  IIZIIIII: (2.2866009613251096e-14+0j)
  IIZIZIZI: (-0.00041293018328576704+0j)
  IIIIIZII: (0.0014849606582434066+0j)
  IZIIIIII: (0.0014849606582434066+0j)
  IIIIIZII: (-1.7825846283860867e-14+0j)
  ZZIIIZII: (1.009731308435243e-05+0j)
  IIIIZIII: (0.0015765193439851535+0j)
  ZIIIIIII: (0.0015765193439851535+0j)
  ZIIIZIII: (-3.298439984581659e-05+0j)

 

Information about the circuit: 
Number of qubits: 8
 Depth : 36

--- Starting Optimization Loop (method=COBYLA) ---
Iter 10: Cost = 0.00010470244114549592
Iter 20: Cost = 0.07265601144893322
Iter 30: Cost = -0.15662706619476935
Iter 40: Cost = -0.1684769591987327
Optimization success: False
Optimal Params: [-0.39269908 -0.39269908  1.80020187  1.16696315]

--- Final Statevector (exact) ---
Marginals: [0.8422520012360218, 0.8688043416088592, 0.03252139907395223, 0.9911586710764662, 0.7679832262036019, 0.9046620042027622, 0.342757353450372, 0.9911573405335323]

  ┌─ Depth 4 | Patch (144, 160, 128, 144) | eff_threshold=0.830
  │  θ-only  (before QAOA): [[0.234 0.206]
 [0.323 0.594]]
  │  QAOA    (after  QAOA): [[0.805 0.887]
 [0.188 0.991]]
  │  θ-only  refine: [[0 0]
 [0 0]]
  │  QAOA    refine: [[0 1]
 [0 1]]
  │  Agreement: 2/4 cells
  │  Boundary activation: ['top', 'right']
  └─
Transpiling circuit (backend=state_vector, opt_level=0)
  IIIIIIIZ: (0.4678373242363505+0j)
  IIIZIIII: (0.4678373242363505+0j)
  IIIIIIIZ: (1.858083993143976e-50+0j)
  IIIZIIII: (5.7401518832173305e-90+0j)
  IIZZIZIZ: (-0.10382834365693501+0j)
  IIIIIIZI: (0.5641162458371116+0j)
  IIZIIIII: (0.5641162458371116+0j)
  IIZIIIII: (3.771626440362572e-26+0j)
  IIIIIZII: (0.5565078873613579+0j)
  IZIIIIII: (0.5565078873613579+0j)
  IIIIIZII: (3.54292839719615e-23+0j)
  ZZIIIZII: (-0.13294197931775942+0j)
  IIIIZIII: (0.7826986171159364+0j)
  ZIIIIIII: (0.7826986171159364+0j)
  ZIIIZIII: (-1.7613620318694139e-06+0j)

 

Information about the circuit: 
Number of qubits: 8
 Depth : 29

--- Starting Optimization Loop (method=COBYLA) ---
Iter 10: Cost = -0.1463950753807982
Iter 20: Cost = -0.5590926802858716
Optimization success: True
Optimal Params: [-0.39269908 -0.39269908  0.24737453 -0.25364756]

--- Final Statevector (exact) ---
Marginals: [0.05353591775079851, 0.0858864439853247, 0.9938947956088662, 0.935774501234786, 0.05353591775079848, 0.08603920398577651, 0.9944837465650299, 0.9351044829041834]

  ┌─ Depth 4 | Patch (144, 160, 144, 160) | eff_threshold=0.830
  │  θ-only  (before QAOA): [[0.715 0.213]
 [0.559 0.277]]
  │  QAOA    (after  QAOA): [[0.054 0.086]
 [0.994 0.935]]
  │  θ-only  refine: [[0 0]
 [0 0]]
  │  QAOA    refine: [[0 0]
 [1 1]]
  │  Agreement: 2/4 cells
  │  Boundary activation: ['bottom']
  └─
Transpiling circuit (backend=state_vector, opt_level=0)
  IIIIIIIZ: (0.0007295750538246546+0j)
  IIIZIIII: (0.0007295750538246546+0j)
  IIIIIIIZ: (-5.42750170813293e-10+0j)
  IIIZIIII: (2.291139264406172e-40+0j)
  IIZZIZIZ: (-0.28535107538322013+0j)
  IIZZIZIZ: (-0.6162548972887016+0j)
  IIIIIIZI: (0.0007538930920556213+0j)
  IIZIIIII: (0.0007538930920556213+0j)
  ZIZIIIII: (-2.6178372306176447e-05+0j)
  IIZIIIII: (-3.928285006259998e-05+0j)
  IIZIZIZI: (-3.7649147932870826e-05+0j)
  IIZIZIZI: (-0.5245420526882595+0j)
  IIIIIZII: (0.0005558050588634304+0j)
  IZIIIIII: (0.0005558050588634304+0j)
  IIIIZZII: (-2.1083318284975586e-06+0j)
  IIIIIZII: (-3.1807852037027586e-06+0j)
  ZZIIIZII: (-0.20316463363164639+0j)
  IIIIZIII: (0.0007003655951456945+0j)
  ZIIIIIII: (0.0007003655951456945+0j)
  ZIIIIIII: (8.617433444538455e-07+0j)
  ZIIIZIII: (-0.36609324656114833+0j)

 

Information about the circuit: 
Number of qubits: 8
 Depth : 72

--- Starting Optimization Loop (method=COBYLA) ---
Iter 10: Cost = -0.32710629800633956
Optimization success: True
Optimal Params: [0.05       0.         0.12705654 0.30411308]

--- Final Statevector (exact) ---
Marginals: [0.45894360949900703, 0.17746447527286188, 0.4216392142379138, 0.13509943814358386, 0.4547647071925211, 0.12012627600891401, 0.42290189897293223, 0.20858529383109461]

  ┌─ Depth 4 | Patch (128, 144, 160, 176) | eff_threshold=0.830
  │  θ-only  (before QAOA): [[0.411 0.152]
 [0.374 0.17 ]]
  │  QAOA    (after  QAOA): [[0.457 0.149]
 [0.422 0.172]]
  │  θ-only  refine: [[0 0]
 [0 0]]
  │  QAOA    refine: [[0 0]
 [0 0]]
  │  Agreement: 4/4 cells
  │  Boundary activation: ['left']
  └─
Transpiling circuit (backend=state_vector, opt_level=0)
  IIIIIIIZ: (0.018657445668424307+0j)
  IIIZIIII: (0.018657445668424307+0j)
  IIIIIIZZ: (-1.9456687996512864e-05+0j)
  IIIIIIIZ: (4.421965775897208e-06+0j)
  IIIZIIII: (2.484783142359373e-20+0j)
  IIZZIZIZ: (-0.7756488599934178+0j)
  IIZZIZIZ: (-0.3348077242846637+0j)
  IIIIIIZI: (0.022958598082266784+0j)
  IIZIIIII: (0.022958598082266784+0j)
  IIZIIIII: (9.369036420960833e-08+0j)
  IIZIZIZI: (-0.03831022982509356+0j)
  IIZIZIZI: (-0.2936758575878467+0j)
  IIIIIZII: (0.020123226657304552+0j)
  IZIIIIII: (0.020123226657304552+0j)
  IIIIZZII: (-0.00027532894661174236+0j)
  IIIIIZII: (0.000729072762732356+0j)
  ZZIIIZII: (-0.3497739616564426+0j)
  ZZIIIZII: (-0.14460647342463137+0j)
  IIIIZIII: (0.021406544583658232+0j)
  ZIIIIIII: (0.021406544583658232+0j)
  ZIIIZIII: (-0.020347352385587474+0j)
  ZIIIZIII: (-0.2678923610661609+0j)

 

Information about the circuit: 
Number of qubits: 8
 Depth : 80

--- Starting Optimization Loop (method=COBYLA) ---
Iter 10: Cost = -0.5128079892643767
Iter 20: Cost = -0.5489221188211361
Optimization success: True
Optimal Params: [0.20376718 0.04874133 0.08336334 0.2125115 ]

--- Final Statevector (exact) ---
Marginals: [0.5737978215055747, 0.0246891426698338, 0.119229551183522, 0.027925016464824145, 0.57379786938388, 0.365587721424274, 0.10908066661860166, 0.011087712606830809]

  ┌─ Depth 4 | Patch (144, 160, 160, 176) | eff_threshold=0.830
  │  θ-only  (before QAOA): [[0.337 0.157]
 [0.306 0.098]]
  │  QAOA    (after  QAOA): [[0.574 0.195]
 [0.114 0.02 ]]
  │  θ-only  refine: [[0 0]
 [0 0]]
  │  QAOA    refine: [[0 0]
 [0 0]]
  │  Agreement: 4/4 cells
  │  Boundary activation: ['top', 'left']
  └─
  │  Boundary probe: (152, 160, 160, 168) (prob=0.114)
Transpiling circuit (backend=state_vector, opt_level=0)
  IIIIIIIZ: (0.768407846401727+0j)
  IIIZIIII: (0.768407846401727+0j)
  IIIIIIIZ: (5.100274691892379e-31+0j)
  IIIZIIII: (4.0531766243820946e-11+0j)
  IIZZIZIZ: (-0.873058966766661+0j)
  IIIIIIZI: (0.7790594974816585+0j)
  IIZIIIII: (0.7790594974816585+0j)
  IIZIIIII: (1.4704360076942283e-19+0j)
  IIZIZIZI: (-0.5680529628399881+0j)
  IIIIIZII: (0.2683859101966437+0j)
  IZIIIIII: (0.2683859101966437+0j)
  IIIIIZII: (7.93224017524361e-12+0j)
  ZZIIIZII: (-0.04119704730620156+0j)
  IIIIZIII: (0.26703066500339345+0j)
  ZIIIIIII: (0.26703066500339345+0j)

 

Information about the circuit: 
Number of qubits: 8
 Depth : 34

--- Starting Optimization Loop (method=COBYLA) ---
Iter 10: Cost = -1.2509365605992133
Iter 20: Cost = -1.4781367703405834
Iter 30: Cost = -1.4519278464259462
Optimization success: True
Optimal Params: [-0.16752904 -0.39269908  0.22149695 -0.11038355]

--- Final Statevector (exact) ---
Marginals: [0.9464270570595281, 0.961777179094363, 0.7253848653888206, 0.7606582335383857, 0.10609530772852609, 0.9464987720638769, 0.7407650788206328, 0.7674460808107262]

  ┌─ Depth 4 | Patch (160, 176, 128, 144) | eff_threshold=0.830
  │  θ-only  (before QAOA): [[0.558 0.582]
 [0.211 0.237]]
  │  QAOA    (after  QAOA): [[0.526 0.954]
 [0.733 0.764]]
  │  θ-only  refine: [[0 0]
 [0 0]]
  │  QAOA    refine: [[0 1]
 [0 0]]
  │  Agreement: 3/4 cells
  │  Boundary activation: ['right']
  └─
Transpiling circuit (backend=state_vector, opt_level=0)
  IIIIIIIZ: (0.0028936526734044715+0j)
  IIIZIIII: (0.0028936526734044715+0j)
  IIIIIIZZ: (-1.9877303180688606e-05+0j)
  IZIZIIII: (-0.00021920266763802518+0j)
  IIIIIIIZ: (3.0830040911613616e-05+0j)
  IIIZIIII: (0.00036208535265613455+0j)
  IIZZIZIZ: (-0.021486265680285853+0j)
  IIZZIZIZ: (-0.11796760725287707+0j)
  IIIIIIZI: (-0.0016396923702522782+0j)
  IIZIIIII: (-0.0016396923702522782+0j)
  IIZIIIII: (7.412775703296327e-07+0j)
  IIZIZIZI: (-0.048820163940226674+0j)
  IIZIZIZI: (-0.05168758906718001+0j)
  IIIIIZII: (-0.000656646463987852+0j)
  IZIIIIII: (-0.000656646463987852+0j)
  IIIIZZII: (-2.6308412919379016e-06+0j)
  IZIIIIII: (0.003432321689386981+0j)
  IIIIIZII: (4.788373619321772e-06+0j)
  ZZIIIZII: (-0.05710098236655263+0j)
  ZZIIIZII: (-0.06868166950154664+0j)
  IIIIZIII: (0.005868686389214959+0j)
  ZIIIIIII: (0.005868686389214959+0j)
  IIIIZIII: (-0.050165750367003596+0j)
  ZIIIIIII: (-0.054737483076356584+0j)
  ZIIIZIII: (-0.20595540533110057+0j)
  ZIIIZIII: (-0.077389216338748+0j)

 

Information about the circuit: 
Number of qubits: 8
 Depth : 86

--- Starting Optimization Loop (method=COBYLA) ---
Iter 10: Cost = -0.5016585775020405
Iter 20: Cost = -0.5172660900242672
Optimization success: True
Optimal Params: [0.17361082 0.31168995 0.25281145 0.38438836]

--- Final Statevector (exact) ---
Marginals: [0.0034805988071493228, 0.007437413214676439, 0.008738997980737045, 0.02641454142886408, 0.003476836897314271, 0.01190355490717465, 0.7167529545901102, 0.02667930447484316]

  ┌─ Depth 4 | Patch (160, 176, 144, 160) | eff_threshold=0.830
  │  θ-only  (before QAOA): [[0.227 0.281]
 [0.254 0.259]]
  │  QAOA    (after  QAOA): [[0.003 0.01 ]
 [0.363 0.027]]
  │  θ-only  refine: [[0 0]
 [0 0]]
  │  QAOA    refine: [[0 0]
 [0 0]]
  │  Agreement: 4/4 cells
  └─
Transpiling circuit (backend=state_vector, opt_level=0)
  IIIIIIIZ: (1.0505433040060464e-05+0j)
  IIIZIIII: (1.0505433040060464e-05+0j)
  IIIIIIZZ: (-3.695052967935973e-06+0j)
  IIIIIIIZ: (4.285678920292518e-06+0j)
  IIIZIIII: (1.0332326840058999e-06+0j)
  IIZZIZIZ: (-0.3400945935689153+0j)
  IIIIIIZI: (1.200310967945111e-05+0j)
  IIZIIIII: (1.200310967945111e-05+0j)
  IIIIIIZI: (3.516052322968552e-05+0j)
  IIZIIIII: (7.452663688355953e-07+0j)
  IIZIZIZI: (-0.20339191716778005+0j)
  IIIIIZII: (-2.0059408588201933e-15+0j)
  ZZIIIZII: (-0.04976334977058517+0j)
  ZIIIZIII: (-0.04196092449299717+0j)

 

Information about the circuit: 
Number of qubits: 8
 Depth : 34

--- Starting Optimization Loop (method=COBYLA) ---
Iter 10: Cost = -0.16383207844662462
Optimization success: True
Optimal Params: [0.00403431 0.0558637  0.3318129  0.57757829]

--- Final Statevector (exact) ---
Marginals: [0.1835091196055836, 0.2799806897023594, 0.04201727724398697, 0.02710613955379715, 0.18350902348031647, 0.27036583982013884, 0.023984174772824298, 0.020456578805450643]

  ┌─ Depth 4 | Patch (176, 192, 128, 144) | eff_threshold=0.830
  │  θ-only  (before QAOA): [[0.223 0.231]
 [0.046 0.04 ]]
  │  QAOA    (after  QAOA): [[0.184 0.275]
 [0.033 0.024]]
  │  θ-only  refine: [[0 0]
 [0 0]]
  │  QAOA    refine: [[0 0]
 [0 0]]
  │  Agreement: 4/4 cells
  └─
Transpiling circuit (backend=state_vector, opt_level=0)
  IIIIIIIZ: (0.00040838312002889254+0j)
  IIIZIIII: (0.00040838312002889254+0j)
  IIIIIIIZ: (1.7891779853989594e-08+0j)
  IIIZIIII: (1.0571304829094793e-09+0j)
  IIZZIZIZ: (-0.13958725086852994+0j)
  IIIIIIZI: (-8.229188642724713e-05+0j)
  IIZIIIII: (-8.229188642724713e-05+0j)
  IIZIIIII: (-1.875750351801513e-15+0j)
  IIZIZIZI: (-0.017179305740178744+0j)
  IIIIIZII: (-0.0005701072039633438+0j)
  IZIIIIII: (-0.0005701072039633438+0j)
  IIIIIZII: (-1.8523835901698774e-18+0j)
  IIIIZIII: (-0.0008195599872326672+0j)
  ZIIIIIII: (-0.0008195599872326672+0j)

 

Information about the circuit: 
Number of qubits: 8
 Depth : 34

--- Starting Optimization Loop (method=COBYLA) ---
Iter 10: Cost = -0.06142592589093625
Optimization success: True
Optimal Params: [-0.01072776  0.00417545  0.43379715  0.84738194]

--- Final Statevector (exact) ---
Marginals: [0.1958977084058148, 0.07871522200307607, 0.022537636010145242, 0.007662699864235343, 0.19589770838873108, 0.07882233471395528, 0.022763994032001873, 0.009532935683244297]

  ┌─ Depth 4 | Patch (176, 192, 144, 160) | eff_threshold=0.830
  │  θ-only  (before QAOA): [[0.201 0.075]
 [0.021 0.008]]
  │  QAOA    (after  QAOA): [[0.196 0.079]
 [0.023 0.009]]
  │  θ-only  refine: [[0 0]
 [0 0]]
  │  QAOA    refine: [[0 0]
 [0 0]]
  │  Agreement: 4/4 cells
  └─
  Depth 5: 91 patch(es) to evaluate

  ┌─ Depth 5 | Patch (80, 88, 80, 88) | eff_threshold=1.000 (max depth, VQA skipped)
  └─

  ┌─ Depth 5 | Patch (80, 88, 88, 96) | eff_threshold=1.000 (max depth, VQA skipped)
  └─

  ┌─ Depth 5 | Patch (88, 96, 80, 88) | eff_threshold=1.000 (max depth, VQA skipped)
  └─

  ┌─ Depth 5 | Patch (88, 96, 88, 96) | eff_threshold=1.000 (max depth, VQA skipped)
  └─

  ┌─ Depth 5 | Patch (64, 72, 104, 112) | eff_threshold=1.000 (max depth, VQA skipped)
  └─

  ┌─ Depth 5 | Patch (72, 80, 96, 104) | eff_threshold=1.000 (max depth, VQA skipped)
  └─

  ┌─ Depth 5 | Patch (72, 80, 104, 112) | eff_threshold=1.000 (max depth, VQA skipped)
  └─

  ┌─ Depth 5 | Patch (72, 80, 112, 120) | eff_threshold=1.000 (max depth, VQA skipped)
  └─

  ┌─ Depth 5 | Patch (72, 80, 120, 128) | eff_threshold=1.000 (max depth, VQA skipped)
  └─

  ┌─ Depth 5 | Patch (80, 88, 96, 104) | eff_threshold=1.000 (max depth, VQA skipped)
  └─

  ┌─ Depth 5 | Patch (88, 96, 104, 112) | eff_threshold=1.000 (max depth, VQA skipped)
  └─

  ┌─ Depth 5 | Patch (80, 88, 112, 120) | eff_threshold=1.000 (max depth, VQA skipped)
  └─

  ┌─ Depth 5 | Patch (80, 88, 120, 128) | eff_threshold=1.000 (max depth, VQA skipped)
  └─

  ┌─ Depth 5 | Patch (88, 96, 120, 128) | eff_threshold=1.000 (max depth, VQA skipped)
  └─

  ┌─ Depth 5 | Patch (112, 120, 88, 96) | eff_threshold=1.000 (max depth, VQA skipped)
  └─

  ┌─ Depth 5 | Patch (120, 128, 88, 96) | eff_threshold=1.000 (max depth, VQA skipped)
  └─

  ┌─ Depth 5 | Patch (96, 104, 112, 120) | eff_threshold=1.000 (max depth, VQA skipped)
  └─

  ┌─ Depth 5 | Patch (96, 104, 120, 128) | eff_threshold=1.000 (max depth, VQA skipped)
  └─

  ┌─ Depth 5 | Patch (104, 112, 112, 120) | eff_threshold=1.000 (max depth, VQA skipped)
  └─

  ┌─ Depth 5 | Patch (104, 112, 120, 128) | eff_threshold=1.000 (max depth, VQA skipped)
  └─

  ┌─ Depth 5 | Patch (112, 120, 104, 112) | eff_threshold=1.000 (max depth, VQA skipped)
  └─

  ┌─ Depth 5 | Patch (120, 128, 104, 112) | eff_threshold=1.000 (max depth, VQA skipped)
  └─

  ┌─ Depth 5 | Patch (112, 120, 112, 120) | eff_threshold=1.000 (max depth, VQA skipped)
  └─

  ┌─ Depth 5 | Patch (120, 128, 112, 120) | eff_threshold=1.000 (max depth, VQA skipped)
  └─

  ┌─ Depth 5 | Patch (72, 80, 136, 144) | eff_threshold=1.000 (max depth, VQA skipped)
  └─

  ┌─ Depth 5 | Patch (80, 88, 128, 136) | eff_threshold=1.000 (max depth, VQA skipped)
  └─

  ┌─ Depth 5 | Patch (88, 96, 128, 136) | eff_threshold=1.000 (max depth, VQA skipped)
  └─

  ┌─ Depth 5 | Patch (88, 96, 136, 144) | eff_threshold=1.000 (max depth, VQA skipped)
  └─

  ┌─ Depth 5 | Patch (96, 104, 128, 136) | eff_threshold=1.000 (max depth, VQA skipped)
  └─

  ┌─ Depth 5 | Patch (96, 104, 136, 144) | eff_threshold=1.000 (max depth, VQA skipped)
  └─

  ┌─ Depth 5 | Patch (104, 112, 128, 136) | eff_threshold=1.000 (max depth, VQA skipped)
  └─

  ┌─ Depth 5 | Patch (104, 112, 136, 144) | eff_threshold=1.000 (max depth, VQA skipped)
  └─

  ┌─ Depth 5 | Patch (96, 104, 144, 152) | eff_threshold=1.000 (max depth, VQA skipped)
  └─

  ┌─ Depth 5 | Patch (96, 104, 152, 160) | eff_threshold=1.000 (max depth, VQA skipped)
  └─

  ┌─ Depth 5 | Patch (104, 112, 144, 152) | eff_threshold=1.000 (max depth, VQA skipped)
  └─

  ┌─ Depth 5 | Patch (104, 112, 152, 160) | eff_threshold=1.000 (max depth, VQA skipped)
  └─

  ┌─ Depth 5 | Patch (112, 120, 128, 136) | eff_threshold=1.000 (max depth, VQA skipped)
  └─

  ┌─ Depth 5 | Patch (112, 120, 136, 144) | eff_threshold=1.000 (max depth, VQA skipped)
  └─

  ┌─ Depth 5 | Patch (120, 128, 136, 144) | eff_threshold=1.000 (max depth, VQA skipped)
  └─

  ┌─ Depth 5 | Patch (112, 120, 144, 152) | eff_threshold=1.000 (max depth, VQA skipped)
  └─

  ┌─ Depth 5 | Patch (112, 120, 152, 160) | eff_threshold=1.000 (max depth, VQA skipped)
  └─

  ┌─ Depth 5 | Patch (120, 128, 144, 152) | eff_threshold=1.000 (max depth, VQA skipped)
  └─

  ┌─ Depth 5 | Patch (120, 128, 152, 160) | eff_threshold=1.000 (max depth, VQA skipped)
  └─

  ┌─ Depth 5 | Patch (112, 120, 160, 168) | eff_threshold=1.000 (max depth, VQA skipped)
  └─

  ┌─ Depth 5 | Patch (120, 128, 160, 168) | eff_threshold=1.000 (max depth, VQA skipped)
  └─

  ┌─ Depth 5 | Patch (128, 136, 88, 96) | eff_threshold=1.000 (max depth, VQA skipped)
  └─

  ┌─ Depth 5 | Patch (136, 144, 88, 96) | eff_threshold=1.000 (max depth, VQA skipped)
  └─

  ┌─ Depth 5 | Patch (128, 136, 96, 104) | eff_threshold=1.000 (max depth, VQA skipped)
  └─

  ┌─ Depth 5 | Patch (128, 136, 104, 112) | eff_threshold=1.000 (max depth, VQA skipped)
  └─

  ┌─ Depth 5 | Patch (136, 144, 96, 104) | eff_threshold=1.000 (max depth, VQA skipped)
  └─

  ┌─ Depth 5 | Patch (136, 144, 104, 112) | eff_threshold=1.000 (max depth, VQA skipped)
  └─

  ┌─ Depth 5 | Patch (128, 136, 112, 120) | eff_threshold=1.000 (max depth, VQA skipped)
  └─

  ┌─ Depth 5 | Patch (128, 136, 120, 128) | eff_threshold=1.000 (max depth, VQA skipped)
  └─

  ┌─ Depth 5 | Patch (136, 144, 112, 120) | eff_threshold=1.000 (max depth, VQA skipped)
  └─

  ┌─ Depth 5 | Patch (144, 152, 96, 104) | eff_threshold=1.000 (max depth, VQA skipped)
  └─

  ┌─ Depth 5 | Patch (144, 152, 104, 112) | eff_threshold=1.000 (max depth, VQA skipped)
  └─

  ┌─ Depth 5 | Patch (152, 160, 96, 104) | eff_threshold=1.000 (max depth, VQA skipped)
  └─

  ┌─ Depth 5 | Patch (152, 160, 104, 112) | eff_threshold=1.000 (max depth, VQA skipped)
  └─

  ┌─ Depth 5 | Patch (144, 152, 112, 120) | eff_threshold=1.000 (max depth, VQA skipped)
  └─

  ┌─ Depth 5 | Patch (144, 152, 120, 128) | eff_threshold=1.000 (max depth, VQA skipped)
  └─

  ┌─ Depth 5 | Patch (168, 176, 104, 112) | eff_threshold=1.000 (max depth, VQA skipped)
  └─

  ┌─ Depth 5 | Patch (160, 168, 112, 120) | eff_threshold=1.000 (max depth, VQA skipped)
  └─

  ┌─ Depth 5 | Patch (160, 168, 120, 128) | eff_threshold=1.000 (max depth, VQA skipped)
  └─

  ┌─ Depth 5 | Patch (168, 176, 112, 120) | eff_threshold=1.000 (max depth, VQA skipped)
  └─

  ┌─ Depth 5 | Patch (176, 184, 112, 120) | eff_threshold=1.000 (max depth, VQA skipped)
  └─

  ┌─ Depth 5 | Patch (128, 136, 136, 144) | eff_threshold=1.000 (max depth, VQA skipped)
  └─

  ┌─ Depth 5 | Patch (136, 144, 136, 144) | eff_threshold=1.000 (max depth, VQA skipped)
  └─

  ┌─ Depth 5 | Patch (128, 136, 144, 152) | eff_threshold=1.000 (max depth, VQA skipped)
  └─

  ┌─ Depth 5 | Patch (128, 136, 152, 160) | eff_threshold=1.000 (max depth, VQA skipped)
  └─

  ┌─ Depth 5 | Patch (136, 144, 144, 152) | eff_threshold=1.000 (max depth, VQA skipped)
  └─

  ┌─ Depth 5 | Patch (136, 144, 152, 160) | eff_threshold=1.000 (max depth, VQA skipped)
  └─

  ┌─ Depth 5 | Patch (144, 152, 128, 136) | eff_threshold=1.000 (max depth, VQA skipped)
  └─

  ┌─ Depth 5 | Patch (144, 152, 136, 144) | eff_threshold=1.000 (max depth, VQA skipped)
  └─

  ┌─ Depth 5 | Patch (152, 160, 128, 136) | eff_threshold=1.000 (max depth, VQA skipped)
  └─

  ┌─ Depth 5 | Patch (152, 160, 136, 144) | eff_threshold=1.000 (max depth, VQA skipped)
  └─

  ┌─ Depth 5 | Patch (152, 160, 144, 152) | eff_threshold=1.000 (max depth, VQA skipped)
  └─

  ┌─ Depth 5 | Patch (152, 160, 152, 160) | eff_threshold=1.000 (max depth, VQA skipped)
  └─

  ┌─ Depth 5 | Patch (128, 136, 160, 168) | eff_threshold=1.000 (max depth, VQA skipped)
  └─

  ┌─ Depth 5 | Patch (136, 144, 160, 168) | eff_threshold=1.000 (max depth, VQA skipped)
  └─

  ┌─ Depth 5 | Patch (136, 144, 168, 176) | eff_threshold=1.000 (max depth, VQA skipped)
  └─

  ┌─ Depth 5 | Patch (144, 152, 160, 168) | eff_threshold=1.000 (max depth, VQA skipped)
  └─

  ┌─ Depth 5 | Patch (144, 152, 168, 176) | eff_threshold=1.000 (max depth, VQA skipped)
  └─

  ┌─ Depth 5 | Patch (152, 160, 160, 168) | eff_threshold=1.000 (max depth, VQA skipped)
  └─

  ┌─ Depth 5 | Patch (160, 168, 128, 136) | eff_threshold=1.000 (max depth, VQA skipped)
  └─

  ┌─ Depth 5 | Patch (160, 168, 136, 144) | eff_threshold=1.000 (max depth, VQA skipped)
  └─

  ┌─ Depth 5 | Patch (168, 176, 128, 136) | eff_threshold=1.000 (max depth, VQA skipped)
  └─

  ┌─ Depth 5 | Patch (168, 176, 136, 144) | eff_threshold=1.000 (max depth, VQA skipped)
  └─

  ┌─ Depth 5 | Patch (168, 176, 144, 152) | eff_threshold=1.000 (max depth, VQA skipped)
  └─

  ┌─ Depth 5 | Patch (176, 184, 128, 136) | eff_threshold=1.000 (max depth, VQA skipped)
  └─

  ┌─ Depth 5 | Patch (176, 184, 136, 144) | eff_threshold=1.000 (max depth, VQA skipped)
  └─

  ┌─ Depth 5 | Patch (176, 184, 144, 152) | eff_threshold=1.000 (max depth, VQA skipped)
  └─
--- SCAN COMPLETE: 193 Active Zones Identified ---
[{'bounds': (0, 64, 0, 64), 'depth': 1, 'score': np.float64(0.010678764446462046), 'type': 'coarse_leaf'}, {'bounds': (0, 64, 64, 128), 'depth': 1, 'score': np.float64(0.02789163543712759), 'type': 'coarse_leaf'}, {'bounds': (64, 128, 0, 64), 'depth': 1, 'score': np.float64(0.015134996602267437), 'type': 'coarse_leaf'}, {'bounds': (128, 192, 0, 64), 'depth': 1, 'score': np.float64(0.009214966434569705), 'type': 'coarse_leaf'}, {'bounds': (192, 256, 0, 64), 'depth': 1, 'score': np.float64(0.009582917125779558), 'type': 'coarse_leaf'}, {'bounds': (192, 256, 64, 128), 'depth': 1, 'score': np.float64(0.004631133196067494), 'type': 'coarse_leaf'}, {'bounds': (128, 192, 192, 256), 'depth': 1, 'score': np.float64(0.009368324727760583), 'type': 'coarse_leaf'}, {'bounds': (192, 256, 128, 192), 'depth': 1, 'score': np.float64(0.038450459077552665), 'type': 'coarse_leaf'}, {'bounds': (192, 256, 192, 256), 'depth': 1, 'score': np.float64(0.01948559605167091), 'type': 'coarse_leaf'}, {'bounds': (0, 32, 128, 160), 'depth': 2, 'score': np.float64(0.0025189061572639723), 'type': 'coarse_leaf'}, {'bounds': (0, 32, 160, 192), 'depth': 2, 'score': np.float64(0.0015161279301202494), 'type': 'coarse_leaf'}, {'bounds': (32, 64, 128, 160), 'depth': 2, 'score': np.float64(0.007190118818289773), 'type': 'coarse_leaf'}, {'bounds': (32, 64, 160, 192), 'depth': 2, 'score': np.float64(0.005399425452163926), 'type': 'coarse_leaf'}, {'bounds': (0, 32, 192, 224), 'depth': 2, 'score': np.float64(0.0012305578281034358), 'type': 'coarse_leaf'}, {'bounds': (0, 32, 224, 256), 'depth': 2, 'score': np.float64(0.0013538163139162958), 'type': 'coarse_leaf'}, {'bounds': (32, 64, 192, 224), 'depth': 2, 'score': np.float64(0.0023513359610661633), 'type': 'coarse_leaf'}, {'bounds': (32, 64, 224, 256), 'depth': 2, 'score': np.float64(0.001245265350029153), 'type': 'coarse_leaf'}, {'bounds': (64, 96, 192, 224), 'depth': 2, 'score': np.float64(0.004859271871185293), 'type': 'coarse_leaf'}, {'bounds': (64, 96, 224, 256), 'depth': 2, 'score': np.float64(0.002140575972265521), 'type': 'coarse_leaf'}, {'bounds': (96, 128, 192, 224), 'depth': 2, 'score': np.float64(0.0078113875739114465), 'type': 'coarse_leaf'}, {'bounds': (96, 128, 224, 256), 'depth': 2, 'score': np.float64(0.0025387541074981534), 'type': 'coarse_leaf'}, {'bounds': (64, 80, 64, 80), 'depth': 3, 'score': np.float64(0.005378533353179095), 'type': 'coarse_leaf'}, {'bounds': (64, 80, 80, 96), 'depth': 3, 'score': np.float64(0.013021987433242805), 'type': 'coarse_leaf'}, {'bounds': (80, 96, 64, 80), 'depth': 3, 'score': np.float64(0.009435307126064617), 'type': 'coarse_leaf'}, {'bounds': (96, 112, 64, 80), 'depth': 3, 'score': np.float64(0.06517840471913541), 'type': 'coarse_leaf'}, {'bounds': (96, 112, 80, 96), 'depth': 3, 'score': np.float64(0.04775873786934655), 'type': 'coarse_leaf'}, {'bounds': (112, 128, 64, 80), 'depth': 3, 'score': np.float64(0.14399622671825196), 'type': 'coarse_leaf'}, {'bounds': (96, 112, 96, 112), 'depth': 3, 'score': np.float64(0.13216665326134058), 'type': 'coarse_leaf'}, {'bounds': (64, 80, 144, 160), 'depth': 3, 'score': np.float64(0.07705291673280704), 'type': 'coarse_leaf'}, {'bounds': (80, 96, 144, 160), 'depth': 3, 'score': np.float64(0.08057901128227174), 'type': 'coarse_leaf'}, {'bounds': (64, 80, 160, 176), 'depth': 3, 'score': np.float64(0.028220812735159025), 'type': 'coarse_leaf'}, {'bounds': (64, 80, 176, 192), 'depth': 3, 'score': np.float64(0.05045695644424209), 'type': 'coarse_leaf'}, {'bounds': (80, 96, 160, 176), 'depth': 3, 'score': np.float64(0.00403440128588156), 'type': 'coarse_leaf'}, {'bounds': (80, 96, 176, 192), 'depth': 3, 'score': np.float64(0.01948728527719329), 'type': 'coarse_leaf'}, {'bounds': (96, 112, 160, 176), 'depth': 3, 'score': np.float64(0.05403141094769033), 'type': 'coarse_leaf'}, {'bounds': (96, 112, 176, 192), 'depth': 3, 'score': np.float64(0.02206500223735794), 'type': 'coarse_leaf'}, {'bounds': (112, 128, 176, 192), 'depth': 3, 'score': np.float64(0.018571113752969298), 'type': 'coarse_leaf'}, {'bounds': (128, 144, 64, 80), 'depth': 3, 'score': np.float64(0.1494586395543449), 'type': 'coarse_leaf'}, {'bounds': (144, 160, 64, 80), 'depth': 3, 'score': np.float64(0.07796967892495756), 'type': 'coarse_leaf'}, {'bounds': (144, 160, 80, 96), 'depth': 3, 'score': np.float64(0.01157197290357028), 'type': 'coarse_leaf'}, {'bounds': (160, 176, 64, 80), 'depth': 3, 'score': np.float64(0.028172745332249404), 'type': 'coarse_leaf'}, {'bounds': (160, 176, 80, 96), 'depth': 3, 'score': np.float64(0.017854060289568194), 'type': 'coarse_leaf'}, {'bounds': (176, 192, 64, 80), 'depth': 3, 'score': np.float64(0.023930110237609763), 'type': 'coarse_leaf'}, {'bounds': (176, 192, 80, 96), 'depth': 3, 'score': np.float64(0.020216165518260918), 'type': 'coarse_leaf'}, {'bounds': (176, 192, 96, 112), 'depth': 3, 'score': np.float64(0.09663926893512248), 'type': 'coarse_leaf'}, {'bounds': (128, 144, 176, 192), 'depth': 3, 'score': np.float64(0.020552573422835847), 'type': 'coarse_leaf'}, {'bounds': (144, 160, 176, 192), 'depth': 3, 'score': np.float64(0.0147551022207416), 'type': 'coarse_leaf'}, {'bounds': (160, 176, 160, 176), 'depth': 3, 'score': np.float64(0.1183421559996622), 'type': 'coarse_leaf'}, {'bounds': (160, 176, 176, 192), 'depth': 3, 'score': np.float64(0.015013586339140832), 'type': 'coarse_leaf'}, {'bounds': (176, 192, 160, 176), 'depth': 3, 'score': np.float64(0.048831935550530114), 'type': 'coarse_leaf'}, {'bounds': (176, 192, 176, 192), 'depth': 3, 'score': np.float64(0.06866674498227669), 'type': 'coarse_leaf'}, {'bounds': (64, 72, 96, 104), 'depth': 4, 'score': np.float64(0.12601648140940988), 'type': 'coarse_leaf'}, {'bounds': (64, 72, 112, 120), 'depth': 4, 'score': np.float64(0.030488806602718473), 'type': 'coarse_leaf'}, {'bounds': (64, 72, 120, 128), 'depth': 4, 'score': np.float64(0.04180247167973866), 'type': 'coarse_leaf'}, {'bounds': (80, 88, 104, 112), 'depth': 4, 'score': np.float64(0.06401639529197262), 'type': 'coarse_leaf'}, {'bounds': (88, 96, 96, 104), 'depth': 4, 'score': np.float64(0.05207602524991732), 'type': 'coarse_leaf'}, {'bounds': (88, 96, 112, 120), 'depth': 4, 'score': np.float64(0.00141457044848455), 'type': 'coarse_leaf'}, {'bounds': (112, 120, 80, 88), 'depth': 4, 'score': np.float64(0.10250703483662817), 'type': 'coarse_leaf'}, {'bounds': (120, 128, 80, 88), 'depth': 4, 'score': np.float64(0.0953519097549553), 'type': 'coarse_leaf'}, {'bounds': (112, 120, 96, 104), 'depth': 4, 'score': np.float64(0.0036423331585819503), 'type': 'coarse_leaf'}, {'bounds': (120, 128, 96, 104), 'depth': 4, 'score': np.float64(0.006581639960412822), 'type': 'coarse_leaf'}, {'bounds': (112, 120, 120, 128), 'depth': 4, 'score': np.float64(0.14573244676824926), 'type': 'coarse_leaf'}, {'bounds': (120, 128, 120, 128), 'depth': 4, 'score': np.float64(0.10959716178895856), 'type': 'coarse_leaf'}, {'bounds': (64, 72, 128, 136), 'depth': 4, 'score': np.float64(0.07983924010671684), 'type': 'coarse_leaf'}, {'bounds': (64, 72, 136, 144), 'depth': 4, 'score': np.float64(0.04246933086994832), 'type': 'coarse_leaf'}, {'bounds': (72, 80, 128, 136), 'depth': 4, 'score': np.float64(0.014167189339454135), 'type': 'coarse_leaf'}, {'bounds': (80, 88, 136, 144), 'depth': 4, 'score': np.float64(0.11520956693866823), 'type': 'coarse_leaf'}, {'bounds': (120, 128, 128, 136), 'depth': 4, 'score': np.float64(0.09213343282038955), 'type': 'coarse_leaf'}, {'bounds': (112, 120, 168, 176), 'depth': 4, 'score': np.float64(0.09101029944691463), 'type': 'coarse_leaf'}, {'bounds': (120, 128, 168, 176), 'depth': 4, 'score': np.float64(0.13602094854657304), 'type': 'coarse_leaf'}, {'bounds': (128, 136, 64, 72), 'depth': 4, 'score': np.float64(0.011183747402424029), 'type': 'coarse_leaf'}, {'bounds': (128, 136, 72, 80), 'depth': 4, 'score': np.float64(0.02101168825781772), 'type': 'coarse_leaf'}, {'bounds': (136, 144, 64, 72), 'depth': 4, 'score': np.float64(0.010994430002168725), 'type': 'coarse_leaf'}, {'bounds': (136, 144, 72, 80), 'depth': 4, 'score': np.float64(0.020708831439128987), 'type': 'coarse_leaf'}, {'bounds': (128, 136, 80, 88), 'depth': 4, 'score': np.float64(0.03906979245026434), 'type': 'coarse_leaf'}, {'bounds': (136, 144, 80, 88), 'depth': 4, 'score': np.float64(0.12242592678273628), 'type': 'coarse_leaf'}, {'bounds': (136, 144, 120, 128), 'depth': 4, 'score': np.float64(0.04117085117690473), 'type': 'coarse_leaf'}, {'bounds': (144, 152, 112, 120), 'depth': 4, 'score': np.float64(0.10949047727763814), 'type': 'coarse_leaf'}, {'bounds': (152, 160, 112, 120), 'depth': 4, 'score': np.float64(0.0008893715154951206), 'type': 'coarse_leaf'}, {'bounds': (152, 160, 120, 128), 'depth': 4, 'score': np.float64(0.039096372080320546), 'type': 'coarse_leaf'}, {'bounds': (160, 168, 96, 104), 'depth': 4, 'score': np.float64(0.11988802645720986), 'type': 'coarse_leaf'}, {'bounds': (160, 168, 104, 112), 'depth': 4, 'score': np.float64(0.13667308419545332), 'type': 'coarse_leaf'}, {'bounds': (168, 176, 96, 104), 'depth': 4, 'score': np.float64(0.10765047943111394), 'type': 'coarse_leaf'}, {'bounds': (168, 176, 120, 128), 'depth': 4, 'score': np.float64(0.10857521122263611), 'type': 'coarse_leaf'}, {'bounds': (176, 184, 120, 128), 'depth': 4, 'score': np.float64(0.13239813526663774), 'type': 'coarse_leaf'}, {'bounds': (184, 192, 112, 120), 'depth': 4, 'score': np.float64(0.006696239272817012), 'type': 'coarse_leaf'}, {'bounds': (184, 192, 120, 128), 'depth': 4, 'score': np.float64(0.02895488926956062), 'type': 'coarse_leaf'}, {'bounds': (128, 136, 128, 136), 'depth': 4, 'score': np.float64(0.12587037206997875), 'type': 'coarse_leaf'}, {'bounds': (136, 144, 128, 136), 'depth': 4, 'score': np.float64(0.11493517538869547), 'type': 'coarse_leaf'}, {'bounds': (144, 152, 144, 152), 'depth': 4, 'score': np.float64(0.053535917750798495), 'type': 'coarse_leaf'}, {'bounds': (144, 152, 152, 160), 'depth': 4, 'score': np.float64(0.08596282398555061), 'type': 'coarse_leaf'}, {'bounds': (128, 136, 168, 176), 'depth': 4, 'score': np.float64(0.14879537564088796), 'type': 'coarse_leaf'}, {'bounds': (152, 160, 160, 168), 'depth': 4, 'score': np.float64(0.11415510890106184), 'type': 'coarse_leaf'}, {'bounds': (152, 160, 168, 176), 'depth': 4, 'score': np.float64(0.019506364535827478), 'type': 'coarse_leaf'}, {'bounds': (160, 168, 144, 152), 'depth': 4, 'score': np.float64(0.003478717852231797), 'type': 'coarse_leaf'}, {'bounds': (160, 168, 152, 160), 'depth': 4, 'score': np.float64(0.009670484060925544), 'type': 'coarse_leaf'}, {'bounds': (168, 176, 152, 160), 'depth': 4, 'score': np.float64(0.026546922951853617), 'type': 'coarse_leaf'}, {'bounds': (184, 192, 128, 136), 'depth': 4, 'score': np.float64(0.03300072600840563), 'type': 'coarse_leaf'}, {'bounds': (184, 192, 136, 144), 'depth': 4, 'score': np.float64(0.023781359179623894), 'type': 'coarse_leaf'}, {'bounds': (176, 184, 152, 160), 'depth': 4, 'score': np.float64(0.07876877835851567), 'type': 'coarse_leaf'}, {'bounds': (184, 192, 144, 152), 'depth': 4, 'score': np.float64(0.022650815021073557), 'type': 'coarse_leaf'}, {'bounds': (184, 192, 152, 160), 'depth': 4, 'score': np.float64(0.00859781777373982), 'type': 'coarse_leaf'}, {'bounds': (80, 88, 80, 88), 'depth': 5, 'score': np.float64(0.01243240712081332), 'type': 'leaf_depth'}, {'bounds': (80, 88, 88, 96), 'depth': 5, 'score': np.float64(0.07070058244334519), 'type': 'leaf_depth'}, {'bounds': (88, 96, 80, 88), 'depth': 5, 'score': np.float64(0.032826113993859485), 'type': 'leaf_depth'}, {'bounds': (88, 96, 88, 96), 'depth': 5, 'score': np.float64(0.26026181121162434), 'type': 'leaf_depth'}, {'bounds': (64, 72, 104, 112), 'depth': 5, 'score': np.float64(0.016762676998466824), 'type': 'leaf_depth'}, {'bounds': (72, 80, 96, 104), 'depth': 5, 'score': np.float64(0.059599869708630356), 'type': 'leaf_depth'}, {'bounds': (72, 80, 104, 112), 'depth': 5, 'score': np.float64(0.17996239180747406), 'type': 'leaf_depth'}, {'bounds': (72, 80, 112, 120), 'depth': 5, 'score': np.float64(0.2310429502603859), 'type': 'leaf_depth'}, {'bounds': (72, 80, 120, 128), 'depth': 5, 'score': np.float64(0.22618388619806773), 'type': 'leaf_depth'}, {'bounds': (80, 88, 96, 104), 'depth': 5, 'score': np.float64(0.25796988931023845), 'type': 'leaf_depth'}, {'bounds': (88, 96, 104, 112), 'depth': 5, 'score': np.float64(0.24610457141848247), 'type': 'leaf_depth'}, {'bounds': (80, 88, 112, 120), 'depth': 5, 'score': np.float64(0.23678301100558571), 'type': 'leaf_depth'}, {'bounds': (80, 88, 120, 128), 'depth': 5, 'score': np.float64(0.20862224124341444), 'type': 'leaf_depth'}, {'bounds': (88, 96, 120, 128), 'depth': 5, 'score': np.float64(0.6372197971700455), 'type': 'leaf_depth'}, {'bounds': (112, 120, 88, 96), 'depth': 5, 'score': np.float64(0.3624080895988486), 'type': 'leaf_depth'}, {'bounds': (120, 128, 88, 96), 'depth': 5, 'score': np.float64(0.4012593231285061), 'type': 'leaf_depth'}, {'bounds': (96, 104, 112, 120), 'depth': 5, 'score': np.float64(0.656873980223503), 'type': 'leaf_depth'}, {'bounds': (96, 104, 120, 128), 'depth': 5, 'score': np.float64(0.4768801555373574), 'type': 'leaf_depth'}, {'bounds': (104, 112, 112, 120), 'depth': 5, 'score': np.float64(0.2254351186518579), 'type': 'leaf_depth'}, {'bounds': (104, 112, 120, 128), 'depth': 5, 'score': np.float64(0.21927757271804835), 'type': 'leaf_depth'}, {'bounds': (112, 120, 104, 112), 'depth': 5, 'score': np.float64(0.621477486682412), 'type': 'leaf_depth'}, {'bounds': (120, 128, 104, 112), 'depth': 5, 'score': np.float64(0.5685654967888193), 'type': 'leaf_depth'}, {'bounds': (112, 120, 112, 120), 'depth': 5, 'score': np.float64(0.1960295297767107), 'type': 'leaf_depth'}, {'bounds': (120, 128, 112, 120), 'depth': 5, 'score': np.float64(0.15785166470438597), 'type': 'leaf_depth'}, {'bounds': (72, 80, 136, 144), 'depth': 5, 'score': np.float64(0.17898432905478717), 'type': 'leaf_depth'}, {'bounds': (80, 88, 128, 136), 'depth': 5, 'score': np.float64(0.18745806446986127), 'type': 'leaf_depth'}, {'bounds': (88, 96, 128, 136), 'depth': 5, 'score': np.float64(0.5165479459639336), 'type': 'leaf_depth'}, {'bounds': (88, 96, 136, 144), 'depth': 5, 'score': np.float64(0.48481361298467995), 'type': 'leaf_depth'}, {'bounds': (96, 104, 128, 136), 'depth': 5, 'score': np.float64(0.2740751328471375), 'type': 'leaf_depth'}, {'bounds': (96, 104, 136, 144), 'depth': 5, 'score': np.float64(0.47037918402960177), 'type': 'leaf_depth'}, {'bounds': (104, 112, 128, 136), 'depth': 5, 'score': np.float64(0.25281246084437065), 'type': 'leaf_depth'}, {'bounds': (104, 112, 136, 144), 'depth': 5, 'score': np.float64(0.18603721922546015), 'type': 'leaf_depth'}, {'bounds': (96, 104, 144, 152), 'depth': 5, 'score': np.float64(0.4663006746210814), 'type': 'leaf_depth'}, {'bounds': (96, 104, 152, 160), 'depth': 5, 'score': np.float64(0.19514361950041545), 'type': 'leaf_depth'}, {'bounds': (104, 112, 144, 152), 'depth': 5, 'score': np.float64(0.46312197252029447), 'type': 'leaf_depth'}, {'bounds': (104, 112, 152, 160), 'depth': 5, 'score': np.float64(0.4762126301312807), 'type': 'leaf_depth'}, {'bounds': (112, 120, 128, 136), 'depth': 5, 'score': np.float64(0.28692321204905935), 'type': 'leaf_depth'}, {'bounds': (112, 120, 136, 144), 'depth': 5, 'score': np.float64(0.3966402000397703), 'type': 'leaf_depth'}, {'bounds': (120, 128, 136, 144), 'depth': 5, 'score': np.float64(0.4300581052757493), 'type': 'leaf_depth'}, {'bounds': (112, 120, 144, 152), 'depth': 5, 'score': np.float64(0.23051407291960033), 'type': 'leaf_depth'}, {'bounds': (112, 120, 152, 160), 'depth': 5, 'score': np.float64(0.4723452903222054), 'type': 'leaf_depth'}, {'bounds': (120, 128, 144, 152), 'depth': 5, 'score': np.float64(0.5192642003414089), 'type': 'leaf_depth'}, {'bounds': (120, 128, 152, 160), 'depth': 5, 'score': np.float64(0.3293776599377479), 'type': 'leaf_depth'}, {'bounds': (112, 120, 160, 168), 'depth': 5, 'score': np.float64(0.4586671259186076), 'type': 'leaf_depth'}, {'bounds': (120, 128, 160, 168), 'depth': 5, 'score': np.float64(0.4526548170086048), 'type': 'leaf_depth'}, {'bounds': (128, 136, 88, 96), 'depth': 5, 'score': np.float64(0.4420666440342685), 'type': 'leaf_depth'}, {'bounds': (136, 144, 88, 96), 'depth': 5, 'score': np.float64(0.4541327068652726), 'type': 'leaf_depth'}, {'bounds': (128, 136, 96, 104), 'depth': 5, 'score': np.float64(0.30979325354869186), 'type': 'leaf_depth'}, {'bounds': (128, 136, 104, 112), 'depth': 5, 'score': np.float64(0.5061240791470205), 'type': 'leaf_depth'}, {'bounds': (136, 144, 96, 104), 'depth': 5, 'score': np.float64(0.4700683168359434), 'type': 'leaf_depth'}, {'bounds': (136, 144, 104, 112), 'depth': 5, 'score': np.float64(0.2451550866827509), 'type': 'leaf_depth'}, {'bounds': (128, 136, 112, 120), 'depth': 5, 'score': np.float64(0.4376384799647708), 'type': 'leaf_depth'}, {'bounds': (128, 136, 120, 128), 'depth': 5, 'score': np.float64(0.08371995721802704), 'type': 'leaf_depth'}, {'bounds': (136, 144, 112, 120), 'depth': 5, 'score': np.float64(0.41089654137402126), 'type': 'leaf_depth'}, {'bounds': (144, 152, 96, 104), 'depth': 5, 'score': np.float64(0.4746350775188926), 'type': 'leaf_depth'}, {'bounds': (144, 152, 104, 112), 'depth': 5, 'score': np.float64(0.46079735943518907), 'type': 'leaf_depth'}, {'bounds': (152, 160, 96, 104), 'depth': 5, 'score': np.float64(0.2066055083713598), 'type': 'leaf_depth'}, {'bounds': (152, 160, 104, 112), 'depth': 5, 'score': np.float64(0.4658775979798199), 'type': 'leaf_depth'}, {'bounds': (144, 152, 112, 120), 'depth': 5, 'score': np.float64(0.18774640269587134), 'type': 'leaf_depth'}, {'bounds': (144, 152, 120, 128), 'depth': 5, 'score': np.float64(0.2675814168595688), 'type': 'leaf_depth'}, {'bounds': (168, 176, 104, 112), 'depth': 5, 'score': np.float64(0.15721997390324347), 'type': 'leaf_depth'}, {'bounds': (160, 168, 112, 120), 'depth': 5, 'score': np.float64(0.4785411086889835), 'type': 'leaf_depth'}, {'bounds': (160, 168, 120, 128), 'depth': 5, 'score': np.float64(0.4981253983230093), 'type': 'leaf_depth'}, {'bounds': (168, 176, 112, 120), 'depth': 5, 'score': np.float64(0.18602577269224319), 'type': 'leaf_depth'}, {'bounds': (176, 184, 112, 120), 'depth': 5, 'score': np.float64(0.17916841539305065), 'type': 'leaf_depth'}, {'bounds': (128, 136, 136, 144), 'depth': 5, 'score': np.float64(0.1562340639126098), 'type': 'leaf_depth'}, {'bounds': (136, 144, 136, 144), 'depth': 5, 'score': np.float64(0.19522680086035477), 'type': 'leaf_depth'}, {'bounds': (128, 136, 144, 152), 'depth': 5, 'score': np.float64(0.5685979480381559), 'type': 'leaf_depth'}, {'bounds': (128, 136, 152, 160), 'depth': 5, 'score': np.float64(0.1846073233947364), 'type': 'leaf_depth'}, {'bounds': (136, 144, 144, 152), 'depth': 5, 'score': np.float64(0.5588167075080426), 'type': 'leaf_depth'}, {'bounds': (136, 144, 152, 160), 'depth': 5, 'score': np.float64(0.2184584658303317), 'type': 'leaf_depth'}, {'bounds': (144, 152, 128, 136), 'depth': 5, 'score': np.float64(0.23362494843754983), 'type': 'leaf_depth'}, {'bounds': (144, 152, 136, 144), 'depth': 5, 'score': np.float64(0.20638606389698813), 'type': 'leaf_depth'}, {'bounds': (152, 160, 128, 136), 'depth': 5, 'score': np.float64(0.3226555308393612), 'type': 'leaf_depth'}, {'bounds': (152, 160, 136, 144), 'depth': 5, 'score': np.float64(0.5935303540932446), 'type': 'leaf_depth'}, {'bounds': (152, 160, 144, 152), 'depth': 5, 'score': np.float64(0.5594138234817307), 'type': 'leaf_depth'}, {'bounds': (152, 160, 152, 160), 'depth': 5, 'score': np.float64(0.27695587029282503), 'type': 'leaf_depth'}, {'bounds': (128, 136, 160, 168), 'depth': 5, 'score': np.float64(0.4106671026514252), 'type': 'leaf_depth'}, {'bounds': (136, 144, 160, 168), 'depth': 5, 'score': np.float64(0.3740303233036415), 'type': 'leaf_depth'}, {'bounds': (136, 144, 168, 176), 'depth': 5, 'score': np.float64(0.17031925625944924), 'type': 'leaf_depth'}, {'bounds': (144, 152, 160, 168), 'depth': 5, 'score': np.float64(0.3368649023162397), 'type': 'leaf_depth'}, {'bounds': (144, 152, 168, 176), 'depth': 5, 'score': np.float64(0.15744084296438726), 'type': 'leaf_depth'}, {'bounds': (152, 160, 160, 168), 'depth': 5, 'score': np.float64(0.30565455686740034), 'type': 'leaf_depth'}, {'bounds': (160, 168, 128, 136), 'depth': 5, 'score': np.float64(0.5579176956954511), 'type': 'leaf_depth'}, {'bounds': (160, 168, 136, 144), 'depth': 5, 'score': np.float64(0.5822732840342901), 'type': 'leaf_depth'}, {'bounds': (168, 176, 128, 136), 'depth': 5, 'score': np.float64(0.21125508630758885), 'type': 'leaf_depth'}, {'bounds': (168, 176, 136, 144), 'depth': 5, 'score': np.float64(0.2371367926682674), 'type': 'leaf_depth'}, {'bounds': (168, 176, 144, 152), 'depth': 5, 'score': np.float64(0.25386350197574076), 'type': 'leaf_depth'}, {'bounds': (176, 184, 128, 136), 'depth': 5, 'score': np.float64(0.22257559539975916), 'type': 'leaf_depth'}, {'bounds': (176, 184, 136, 144), 'depth': 5, 'score': np.float64(0.23090425991749236), 'type': 'leaf_depth'}, {'bounds': (176, 184, 144, 152), 'depth': 5, 'score': np.float64(0.20127312509699358), 'type': 'leaf_depth'}]
--- START CLASSICAL AMR SCAN ---
  Depth 0: 1 patch(es)
  Depth 1: 4 patch(es)
  Depth 2: 4 patch(es)
  Depth 3: 14 patch(es)
  Depth 4: 38 patch(es)
  Depth 5: 114 patch(es)
--- CLASSICAL SCAN COMPLETE: 184 patches ---

──────────────────────────────────────────────────
Analyzing: Orszag-Tang
──────────────────────────────────────────────────
  Computing Hamiltonian at multiple depths...
    Depth 0: H=0.0640 C=400.8011 K=0.0000
    Depth 1: H=3542.8823 C=60126.8491 K=660954.4659
    Depth 2: H=12.0220 C=15340.6540 K=56198.1060
    Depth 3: H=669.1862 C=6061.9530 K=13947.5228
--- START LEVEL-BY-LEVEL VQA SCAN ---
Average Phi Dev: 0.004592277165176635
  Depth 0: 1 patch(es) to evaluate
Transpiling circuit (backend=state_vector, opt_level=0)
  IIIIIIIZ: (1+0j)
  IIIZIIII: (1+0j)
  IIZZIZIZ: (-0.20712560813913544+0j)
  IIIIIIZI: (0.8282460908611081+0j)
  IIZIIIII: (0.8282460908611081+0j)
  IIZZZIZI: (-0.20712560813972958+0j)
  IIIIIZII: (0.53617934291947+0j)
  IZIIIIII: (0.53617934291947+0j)
  ZZIIIZIZ: (-0.20712560814027042+0j)
  IIIIZIII: (0.9015982154302392+0j)
  ZIIIIIII: (0.9015982154302392+0j)
  ZZIIZIZI: (-0.2071256081408406+0j)

 

Information about the circuit: 
Number of qubits: 8
 Depth : 41

--- Starting Optimization Loop (method=COBYLA) ---
Iter 10: Cost = -4.572721151545325
Iter 20: Cost = -5.933586356472149
Iter 30: Cost = -5.952204524846052
Optimization success: True
Optimal Params: [-0.39269908 -0.39269908  0.39852466  0.68546264]

--- Final Statevector (exact) ---
Marginals: [0.9549120420802122, 0.9083142223392654, 0.7564111959622908, 0.931543888093482, 0.9393892136578819, 0.9625369943722143, 0.93287475159527, 0.9590465669978555]

  ┌─ Depth 0 | Patch (0, 256, 0, 256) | eff_threshold=0.150
  │  θ-only  (before QAOA): [[0.614 0.534]
 [0.399 0.568]]
  │  QAOA    (after  QAOA): [[0.947 0.935]
 [0.845 0.945]]
  │  θ-only  refine: [[1 1]
 [1 1]]
  │  QAOA    refine: [[1 1]
 [1 1]]
  │  Agreement: 4/4 cells
  └─
  Depth 1: 4 patch(es) to evaluate
Transpiling circuit (backend=state_vector, opt_level=0)
  IIIIIIIZ: (0.7574589778253549+0j)
  IIIZIIII: (0.7574589778253549+0j)
  IIIIIIIZ: (-9.852963302857881e-51+0j)
  IIIZIIII: (-2.575363779929899e-11+0j)
  IIZZIZIZ: (-0.21063479944184585+0j)
  IIIIIIZI: (-0.17759828451189272+0j)
  IIZIIIII: (-0.17759828451189272+0j)
  IIZIIIII: (5.0161332770935e-19+0j)
  IIZIZIZI: (0.014871517871170985+0j)
  IIIIIZII: (0.5714024269493777+0j)
  IZIIIIII: (0.5714024269493777+0j)
  IIIIZZII: (-0.3713908385898436+0j)
  IZIIIIII: (0.928683503690027+0j)
  IIIIIZII: (0.6258876290720301+0j)
  ZZIIIZII: (-0.10623897331259027+0j)
  ZZIIIZII: (-0.09114994019888636+0j)
  IIIIZIII: (0.7165948022288207+0j)
  ZIIIIIII: (0.7165948022288207+0j)
  IIIIZIII: (0.39886876454867193+0j)
  ZIIIIIII: (1.7523741248517548+0j)
  ZIIIZIII: (-0.010379529265124306+0j)
  ZIIIZIII: (-0.0066938109756371055+0j)

 

Information about the circuit: 
Number of qubits: 8
 Depth : 57

--- Starting Optimization Loop (method=COBYLA) ---
Iter 10: Cost = 0.5629198485924114
Optimization success: True
Optimal Params: [0.05706185 0.00704291 0.02919702 0.05811489]

--- Final Statevector (exact) ---
Marginals: [0.5189818205755463, 0.5162348776414659, 0.31298414485723436, 0.5510351207613422, 0.4746209832418084, 0.5162437497424629, 0.22932013014621003, 0.6741533792503642]

  ┌─ Depth 1 | Patch (0, 128, 0, 128) | eff_threshold=0.320
  │  θ-only  (before QAOA): [[0.501 0.58 ]
 [0.275 0.614]]
  │  QAOA    (after  QAOA): [[0.497 0.516]
 [0.271 0.613]]
  │  θ-only  refine: [[1 1]
 [0 1]]
  │  QAOA    refine: [[1 1]
 [0 1]]
  │  Agreement: 4/4 cells
  └─
Transpiling circuit (backend=state_vector, opt_level=0)
  IIIIIIIZ: (0.8965870982672806+0j)
  IIIZIIII: (0.8965870982672806+0j)
  IIIIIIZZ: (-0.06912106654793576+0j)
  IZIZIIII: (-0.7475077671866308+0j)
  IIIIIIIZ: (0.28041758015747914+0j)
  IIIZIIII: (3.2514077303082045+0j)
  IIZZIZIZ: (-0.2570981521038303+0j)
  IIIIIIZI: (0.4593202701779652+0j)
  IIZIIIII: (0.4593202701779652+0j)
  IIIIIIZI: (1.1586158966824849+0j)
  ZIZIIIII: (-0.7355779652943314+0j)
  IIZIIIII: (-1.5288960965772147+0j)
  IIZIZIZI: (0.0006869107626324884+0j)
  IIIIIZII: (-0.15812563847437058+0j)
  IZIIIIII: (-0.15812563847437058+0j)
  IIIIZZII: (-0.028444097403250542+0j)
  IZIIIIII: (5.062249830172894+0j)
  IIIIIZII: (0.2537203290110536+0j)
  ZZIIIZII: (0.04511678126099931+0j)
  IIIIZIII: (-0.004671493656694656+0j)
  ZIIIIIII: (-0.004671493656694656+0j)
  IIIIZIII: (1.167520117136061+0j)
  ZIIIIIII: (-0.12627433989612008+0j)
  ZIIIZIII: (-0.0961270741715126+0j)

 

Information about the circuit: 
Number of qubits: 8
 Depth : 53

--- Starting Optimization Loop (method=COBYLA) ---
Iter 10: Cost = 0.8843470149124474
Optimization success: True
Optimal Params: [0.05494159 0.00076201 0.03092105 0.06184211]

--- Final Statevector (exact) ---
Marginals: [0.47873447192328394, 0.21581112586533566, 0.39079177118731934, 0.26819993906480577, 0.48057597065761115, 0.19325312097286784, 0.498406919972077, 0.1943994856726228]

  ┌─ Depth 1 | Patch (0, 128, 128, 256) | eff_threshold=0.320
  │  θ-only  (before QAOA): [[0.534 0.204]
 [0.446 0.231]]
  │  QAOA    (after  QAOA): [[0.48  0.205]
 [0.445 0.231]]
  │  θ-only  refine: [[1 0]
 [1 0]]
  │  QAOA    refine: [[1 0]
 [1 0]]
  │  Agreement: 4/4 cells
  │  Boundary activation: ['left']
  └─
Transpiling circuit (backend=state_vector, opt_level=0)
  IIIIIIIZ: (0.16298812470205498+0j)
  IIIZIIII: (0.16298812470205498+0j)
  IIIIIIZZ: (-0.011227421888712244+0j)
  IZIZIIII: (-0.6981029742224438+0j)
  IIIIIIIZ: (0.018675158066126303+0j)
  IIIZIIII: (-0.23807293942694985+0j)
  IIZZIZIZ: (-0.2241435760025287+0j)
  IIIIIIZI: (-0.010121873500319447+0j)
  IIZIIIII: (-0.010121873500319447+0j)
  IIIIIIZI: (4.909240745693+0j)
  ZIZIIIII: (-0.4203662319124982+0j)
  IIZIIIII: (2.846995754610978+0j)
  IIZIZIZI: (0.04005504401663249+0j)
  IIIIIZII: (0.1902498464436559+0j)
  IZIIIIII: (0.1902498464436559+0j)
  IIIIZZII: (-0.2239148801022305+0j)
  IZIIIIII: (2.152941517292848+0j)
  IIIIIZII: (-0.4162759095668984+0j)
  ZZIIIZII: (0.0006282741712005786+0j)
  IIIIZIII: (-0.20614704155003558+0j)
  ZIIIIIII: (-0.20614704155003558+0j)
  IIIIZIII: (1.035809035650606+0j)
  ZIIIIIII: (0.600712475006349+0j)
  ZIIIZIII: (-0.023623836653765176+0j)

 

Information about the circuit: 
Number of qubits: 8
 Depth : 53

--- Starting Optimization Loop (method=COBYLA) ---
Iter 10: Cost = 2.2177868905230804
Iter 20: Cost = 1.3977536050511756
Iter 30: Cost = -6.060860749552793
Optimization success: True
Optimal Params: [-0.38814521 -0.27600005 -0.01264587  0.03683209]

--- Final Statevector (exact) ---
Marginals: [0.2703913029314248, 0.8963070182900719, 0.31911608974657507, 0.9507931101489909, 0.2820862384884816, 0.9026338964807991, 0.5798425075513763, 0.00044985298765935295]

  ┌─ Depth 1 | Patch (128, 256, 0, 128) | eff_threshold=0.320
  │  θ-only  (before QAOA): [[0.229 0.312]
 [0.198 0.399]]
  │  QAOA    (after  QAOA): [[0.276 0.899]
 [0.449 0.476]]
  │  θ-only  refine: [[0 0]
 [0 1]]
  │  QAOA    refine: [[0 1]
 [1 1]]
  │  Agreement: 2/4 cells
  │  Boundary activation: ['right']
  └─
Transpiling circuit (backend=state_vector, opt_level=0)
  IIIIIIIZ: (1+0j)
  IIIZIIII: (1+0j)
  IIIIIIZZ: (-0.38263293091531553+0j)
  IIIIIIIZ: (1.2930332100697397+0j)
  IIIZIIII: (9.045190184687747e-14+0j)
  IIZZIZIZ: (-0.2634430013831598+0j)
  IIZZIZIZ: (-0.17284952208858553+0j)
  IIIIIIZI: (-0.2823593654218465+0j)
  IIZIIIII: (-0.2823593654218465+0j)
  IIIIIIZI: (0.05935252959009434+0j)
  IIZIIIII: (-1.4516525019026835e-07+0j)
  IIZIZIZI: (-0.14847078270815942+0j)
  IIZIZIZI: (-0.09640579865060607+0j)
  IIIIIZII: (0.6318557619712033+0j)
  IZIIIIII: (0.6318557619712033+0j)
  IIIIIZII: (2.101750872457234e-32+0j)
  ZZIIIZII: (0.017624608981912527+0j)
  IIIIZIII: (-0.2587533477598962+0j)
  ZIIIIIII: (-0.2587533477598962+0j)
  IIIIZIII: (-0.14058399387263912+0j)
  ZIIIIIII: (-0.15333037407579594+0j)
  ZIIIZIII: (-0.17873658379454965+0j)

 

Information about the circuit: 
Number of qubits: 8
 Depth : 60

--- Starting Optimization Loop (method=COBYLA) ---
Iter 10: Cost = -3.073933806358863
Iter 20: Cost = -4.322470916928611
Optimization success: True
Optimal Params: [-0.28913426 -0.39269908  0.10367636 -0.0443456 ]

--- Final Statevector (exact) ---
Marginals: [0.9729351560425354, 0.2621928088287391, 0.9915387500262287, 0.2939874644046187, 0.9920645248238026, 0.2785044280962007, 0.9931122612855036, 0.6373247962232731]

  ┌─ Depth 1 | Patch (128, 256, 128, 256) | eff_threshold=0.320
  │  θ-only  (before QAOA): [[0.568 0.278]
 [0.534 0.454]]
  │  QAOA    (after  QAOA): [[0.982 0.27 ]
 [0.992 0.466]]
  │  θ-only  refine: [[1 0]
 [1 1]]
  │  QAOA    refine: [[1 0]
 [1 1]]
  │  Agreement: 4/4 cells
  │  Boundary activation: ['left']
  └─
  Depth 2: 16 patch(es) to evaluate
Transpiling circuit (backend=state_vector, opt_level=0)
  IIIIIIIZ: (0.010249702955424702+0j)
  IIIZIIII: (0.010249702955424702+0j)
  IIIIIIZZ: (-1.198287348501981e-06+0j)
  IZIZIIII: (-0.03465126146739275+0j)
  IIIIIIIZ: (-2.8030990826754196e-06+0j)
  IIIZIIII: (-0.08108873445168283+0j)
  IIZZIZIZ: (-0.5247154323984946+0j)
  IIIIIIZI: (-0.003222552076553809+0j)
  IIZIIIII: (-0.003222552076553809+0j)
  ZIZIIIII: (-4.4522689796998635e-06+0j)
  IIZIIIII: (-9.341133836099278e-06+0j)
  IIZIZIZI: (-0.4692493838440081+0j)
  IIIIIZII: (-0.003400619434973698+0j)
  IZIIIIII: (-0.003400619434973698+0j)
  IZIIIIII: (0.008070438445447012+0j)
  IIIIIZII: (-1.892875205777298e-13+0j)
  ZZIIIZII: (-0.1341596898849095+0j)
  ZZIIIZII: (-0.08977302593056848+0j)
  IIIIZIII: (-0.0032283928525353657+0j)
  ZIIIIIII: (-0.0032283928525353657+0j)
  ZIIIZIII: (-0.007962783734526871+0j)
  ZIIIZIII: (-0.0047512459846873936+0j)

 

Information about the circuit: 
Number of qubits: 8
 Depth : 49

--- Starting Optimization Loop (method=COBYLA) ---
Iter 10: Cost = -0.21093239491328236
Iter 20: Cost = -0.27105741942182
Optimization success: True
Optimal Params: [ 0.06092327 -0.26247869  0.20265656  0.26926227]

--- Final Statevector (exact) ---
Marginals: [0.4479859256812881, 0.18931026432011683, 0.30542242364702327, 0.5721617003466397, 0.5498891679443658, 0.17767838445186263, 0.39290816306800214, 0.5969443220382515]

  ┌─ Depth 2 | Patch (0, 64, 0, 64) | eff_threshold=0.490
  │  θ-only  (before QAOA): [[0.501 0.067]
 [0.415 0.482]]
  │  QAOA    (after  QAOA): [[0.499 0.183]
 [0.349 0.585]]
  │  θ-only  refine: [[1 0]
 [0 0]]
  │  QAOA    refine: [[1 0]
 [0 1]]
  │  Agreement: 3/4 cells
  └─
Transpiling circuit (backend=state_vector, opt_level=0)
  IIIIIIIZ: (-0.014132246930733092+0j)
  IIIZIIII: (-0.014132246930733092+0j)
  IIIIIIIZ: (-6.04614180958254e-09+0j)
  IIIZIIII: (-2.8214327854229874e-14+0j)
  IIZZIZIZ: (-0.3334385686793894+0j)
  IIIIIIZI: (0.014805808976834194+0j)
  IIZIIIII: (0.014805808976834194+0j)
  IIIIIIZI: (0.8701374942495347+0j)
  ZIZIIIII: (-3.660477741428748e-05+0j)
  IIZIIIII: (0.0001509881688593503+0j)
  IIZIZIZI: (0.020499885390944005+0j)
  IIIIIZII: (0.07790978164416192+0j)
  IZIIIIII: (0.07790978164416192+0j)
  IIIIZZII: (-0.01741257882151819+0j)
  IZIIIIII: (-0.01096976618125046+0j)
  IIIIIZII: (0.11362804114053308+0j)
  ZZIIIZII: (-0.26404397684453634+0j)
  ZZIIIZII: (-0.1881172143422239+0j)
  IIIIZIII: (0.053466509069166626+0j)
  ZIIIIIII: (0.053466509069166626+0j)
  ZIIIZIII: (-0.20575216674861355+0j)

 

Information about the circuit: 
Number of qubits: 8
 Depth : 57

--- Starting Optimization Loop (method=COBYLA) ---
Iter 10: Cost = -0.042993719483111446
Iter 20: Cost = -0.2656303745122934
Iter 30: Cost = -0.22710029086773778
Optimization success: True
Optimal Params: [-0.34989172 -0.03079554  0.16062236  0.1206256 ]

--- Final Statevector (exact) ---
Marginals: [0.8962796017143198, 0.6997891043041303, 0.2055303458723255, 0.31671562713522083, 0.8962796017192612, 0.7134019718799186, 0.29856098934310954, 0.3148030868106476]

  ┌─ Depth 2 | Patch (0, 64, 64, 128) | eff_threshold=0.490
  │  θ-only  (before QAOA): [[0.58  0.345]
 [0.537 0.047]]
  │  QAOA    (after  QAOA): [[0.896 0.707]
 [0.252 0.316]]
  │  θ-only  refine: [[1 0]
 [1 0]]
  │  QAOA    refine: [[1 1]
 [0 0]]
  │  Agreement: 2/4 cells
  │  Boundary activation: ['top']
  └─
Transpiling circuit (backend=state_vector, opt_level=0)
  IIIIIIIZ: (0.1869670054584855+0j)
  IIIZIIII: (0.1869670054584855+0j)
  IIIIIIZZ: (-0.49777477353357424+0j)
  IZIZIIII: (-0.2478229118321549+0j)
  IIIIIIIZ: (0.838876570035337+0j)
  IIIZIIII: (0.7444873840936951+0j)
  IIZZIZIZ: (-0.6039449134783584+0j)
  IIIIIIZI: (0.14042757673559972+0j)
  IIZIIIII: (0.14042757673559972+0j)
  ZIZIIIII: (-0.0002803257028662346+0j)
  IIZIIIII: (-0.0002022849825873483+0j)
  IIZIZIZI: (-0.711766229200026+0j)
  IIZIZIZI: (-0.40518686368976625+0j)
  IIIIIZII: (0.12282938643524725+0j)
  IZIIIIII: (0.12282938643524725+0j)
  IIIIZZII: (-0.00011224630068881995+0j)
  IZIIIIII: (0.02842250157255869+0j)
  IIIIIZII: (-0.00021341067740841677+0j)
  ZZIIIZII: (-0.39361730543799733+0j)
  IIIIZIII: (-0.09399583506102094+0j)
  ZIIIIIII: (-0.09399583506102094+0j)
  ZIIIIIII: (-0.00044906762435967696+0j)
  ZIIIZIII: (-0.5537759016936262+0j)
  ZIIIZIII: (-0.32574121793322053+0j)

 

Information about the circuit: 
Number of qubits: 8
 Depth : 64

--- Starting Optimization Loop (method=COBYLA) ---
Iter 10: Cost = -0.649579377703479
Iter 20: Cost = -0.7415476529693049
Optimization success: True
Optimal Params: [ 0.09738632  0.07621894 -0.00076765  0.02327588]

--- Final Statevector (exact) ---
Marginals: [0.40120595898145883, 0.2028353342550252, 0.1899765793456753, 0.060306054252430116, 0.3386675617708521, 0.13914161909411019, 0.04301851993114543, 0.05645208470948404]

  ┌─ Depth 2 | Patch (64, 128, 0, 64) | eff_threshold=0.490
  │  θ-only  (before QAOA): [[0.275 0.113]
 [0.095 0.133]]
  │  QAOA    (after  QAOA): [[0.37  0.171]
 [0.116 0.058]]
  │  θ-only  refine: [[0 0]
 [0 0]]
  │  QAOA    refine: [[0 0]
 [0 0]]
  │  Agreement: 4/4 cells
  └─
Transpiling circuit (backend=state_vector, opt_level=0)
  IIIIIIIZ: (-0.1630592121707729+0j)
  IIIZIIII: (-0.1630592121707729+0j)
  IIIIIIZZ: (-0.5505116096383863+0j)
  IIIIIIIZ: (-1.260873695701208+0j)
  IIIZIIII: (-1.1738680110129376e-11+0j)
  IIZZIZIZ: (-0.42053298197589034+0j)
  IIIIIIZI: (-0.1615738624011193+0j)
  IIZIIIII: (-0.1615738624011193+0j)
  IIIIIIZI: (-1.238710126442291+0j)
  IIZIIIII: (-9.060232836491057e-09+0j)
  IIZIZIZI: (-0.33206677879744284+0j)
  IIZIZIZI: (-0.21317963698801437+0j)
  IIIIIZII: (-0.16285433749307932+0j)
  IZIIIIII: (-0.16285433749307932+0j)
  IIIIZZII: (-1+0j)
  IIIIIZII: (-2.5349140376361587+0j)
  ZZIIIZII: (-0.3694624168951935+0j)
  ZZIIIZII: (-0.25315274122414255+0j)
  IIIIZIII: (-0.1707701312322252+0j)
  ZIIIIIII: (-0.1707701312322252+0j)
  IIIIZIII: (0.00017411040621955143+0j)
  ZIIIIIII: (0.04504772707128479+0j)
  ZIIIZIII: (-0.010540091146650514+0j)
  ZIIIZIII: (-0.010348318992502995+0j)

 

Information about the circuit: 
Number of qubits: 8
 Depth : 67

--- Starting Optimization Loop (method=COBYLA) ---
Iter 10: Cost = -4.415411264899568
Optimization success: True
Optimal Params: [ 0.07963104 -0.0039761   0.01326058  0.06085692]

--- Final Statevector (exact) ---
Marginals: [0.06261806811977273, 0.386491144263516, 0.011685432634414884, 0.5392965808922686, 0.06721124386890442, 0.3433826070468406, 0.02305172389452498, 0.6860951738691622]

  ┌─ Depth 2 | Patch (64, 128, 64, 128) | eff_threshold=0.490
  │  θ-only  (before QAOA): [[0.039 0.417]
 [0.03  0.614]]
  │  QAOA    (after  QAOA): [[0.065 0.365]
 [0.017 0.613]]
  │  θ-only  refine: [[0 0]
 [0 1]]
  │  QAOA    refine: [[0 0]
 [0 1]]
  │  Agreement: 4/4 cells
  │  Boundary activation: ['right']
  └─
Transpiling circuit (backend=state_vector, opt_level=0)
  IIIIIIIZ: (0.14776093658180603+0j)
  IIIZIIII: (0.14776093658180603+0j)
  IZIZIIII: (-0.0006304552741381031+0j)
  IIIIIIIZ: (3.541594885067454e-18+0j)
  IIIZIIII: (0.0027422686986400433+0j)
  IIZZIZIZ: (-0.22890071124285055+0j)
  IIZZIZIZ: (-0.1501030046633338+0j)
  IIIIIIZI: (0.10267475561453085+0j)
  IIZIIIII: (0.10267475561453085+0j)
  IIIIIIZI: (0.0017682854575635648+0j)
  ZIZIIIII: (-0.10636057035832827+0j)
  IIZIIIII: (-0.1802554393360908+0j)
  IIZIZIZI: (-0.2801937889129377+0j)
  IIZIZIZI: (-0.10831475405833452+0j)
  IIIIIZII: (0.013711125107677113+0j)
  IZIIIIII: (0.013711125107677113+0j)
  IIIIZZII: (-1.647658335666556e-05+0j)
  IIIIIZII: (-3.5316553054881146e-05+0j)
  ZZIIIZII: (-0.4460429824612447+0j)
  ZZIIIZII: (-0.15050635576341373+0j)
  IIIIZIII: (0.08390289054071026+0j)
  ZIIIIIII: (0.08390289054071026+0j)
  IIIIZIII: (-0.0018494982593569105+0j)
  ZIIIZIII: (-0.17348015728968602+0j)
  ZIIIZIII: (-0.10318598093333674+0j)

 

Information about the circuit: 
Number of qubits: 8
 Depth : 87

--- Starting Optimization Loop (method=COBYLA) ---
Iter 10: Cost = -0.35935460463735547
Optimization success: True
Optimal Params: [0.         0.         0.08099674 0.16199347]

--- Final Statevector (exact) ---
Marginals: [0.5342445263655784, 0.346651978761851, 0.08176051302292466, 0.14759412334384997, 0.5342445263655785, 0.346651978761851, 0.08176051302292471, 0.14759412334384997]

  ┌─ Depth 2 | Patch (0, 64, 128, 192) | eff_threshold=0.490
  │  θ-only  (before QAOA): [[0.534 0.347]
 [0.082 0.148]]
  │  QAOA    (after  QAOA): [[0.534 0.347]
 [0.082 0.148]]
  │  θ-only  refine: [[1 0]
 [0 0]]
  │  QAOA    refine: [[1 0]
 [0 0]]
  │  Agreement: 4/4 cells
  │  Boundary activation: ['top']
  └─
Transpiling circuit (backend=state_vector, opt_level=0)
  IIIIIIIZ: (-0.000484084107176714+0j)
  IIIZIIII: (-0.000484084107176714+0j)
  IZIZIIII: (-0.01665043545928649+0j)
  IIIIIIIZ: (2.3716829913031605e-08+0j)
  IIIZIIII: (-0.03460786888827994+0j)
  IIZZIZIZ: (-0.4490818245995615+0j)
  IIZZIZIZ: (-0.24721226478090128+0j)
  IIIIIIZI: (-0.000555186233948644+0j)
  IIZIIIII: (-0.000555186233948644+0j)
  IIIIIIZI: (0.10964078143753873+0j)
  IIZIIIII: (-3.715617268936387e-11+0j)
  IIZIZIZI: (0.0012382252484941644+0j)
  IIIIIZII: (0.0002861409063691812+0j)
  IZIIIIII: (0.0002861409063691812+0j)
  IIIIZZII: (-0.0008916260680389894+0j)
  IZIIIIII: (-0.004116851210485495+0j)
  IIIIIZII: (-3.7153662308492224e-05+0j)
  ZZIIIZII: (-0.3161443356905793+0j)
  IIIIZIII: (-0.0005864619387366921+0j)
  ZIIIIIII: (-0.0005864619387366921+0j)
  ZIIIZIII: (-0.3341406846077037+0j)
  ZIIIZIII: (-0.18404912675661714+0j)

 

Information about the circuit: 
Number of qubits: 8
 Depth : 65

--- Starting Optimization Loop (method=COBYLA) ---
Iter 10: Cost = -0.8051765011247881
Iter 20: Cost = -0.8581662143819397
Optimization success: True
Optimal Params: [ 0.27597191 -0.07433925 -0.17670954  0.10454338]

--- Final Statevector (exact) ---
Marginals: [0.07524270488290272, 0.10180547518892331, 0.06560701587033084, 0.16262506278411826, 0.07560256826679958, 0.04185274507582686, 0.16079638033545868, 0.08657772911140803]

  ┌─ Depth 2 | Patch (0, 64, 192, 256) | eff_threshold=0.490
  │  θ-only  (before QAOA): [[0.204 0.037]
 [0.188 0.072]]
  │  QAOA    (after  QAOA): [[0.075 0.072]
 [0.113 0.125]]
  │  θ-only  refine: [[0 0]
 [0 0]]
  │  QAOA    refine: [[0 0]
 [0 0]]
  │  Agreement: 4/4 cells
  └─
Transpiling circuit (backend=state_vector, opt_level=0)
  IIIIIIIZ: (-0.18453118609705804+0j)
  IIIZIIII: (-0.18453118609705804+0j)
  IIIIIIIZ: (-6.0517685130392334e-12+0j)
  IIIZIIII: (-4.262237700222502e-08+0j)
  IIZZIZIZ: (-0.44504388969165315+0j)
  IIIIIIZI: (-0.21755605857829458+0j)
  IIZIIIII: (-0.21755605857829458+0j)
  IIZIIIII: (-7.903958273081298e-12+0j)
  IIZIZIZI: (-0.48434932897366967+0j)
  IIIIIZII: (-0.20941358190533055+0j)
  IZIIIIII: (-0.20941358190533055+0j)
  IZIIIIII: (4.3898466905228+0j)
  IIIIIZII: (4.57182392063142e-07+0j)
  ZZIIIZII: (0.03600020541920669+0j)
  IIIIZIII: (-0.21303137455969223+0j)
  ZIIIIIII: (-0.21303137455969223+0j)
  ZIIIZIII: (-0.20102182310504127+0j)

 

Information about the circuit: 
Number of qubits: 8
 Depth : 35

--- Starting Optimization Loop (method=COBYLA) ---
Iter 10: Cost = -3.7714741291006506
Iter 20: Cost = -4.329621715743786
Optimization success: True
Optimal Params: [ 0.33271038  0.34511766 -0.02669197  0.08392848]

--- Final Statevector (exact) ---
Marginals: [0.5657789864328439, 0.21127870045747008, 0.0034420258659488873, 0.24282913845955895, 0.2025124074070076, 0.3185488892225386, 0.9443472441120487, 0.2908845554374579]

  ┌─ Depth 2 | Patch (64, 128, 128, 192) | eff_threshold=0.490
  │  θ-only  (before QAOA): [[0.044 0.048]
 [0.446 0.037]]
  │  QAOA    (after  QAOA): [[0.384 0.265]
 [0.474 0.267]]
  │  θ-only  refine: [[0 0]
 [0 0]]
  │  QAOA    refine: [[0 0]
 [0 0]]
  │  Agreement: 4/4 cells
  └─
Transpiling circuit (backend=state_vector, opt_level=0)
  IIIIIIIZ: (-0.13095681639757242+0j)
  IIIZIIII: (-0.13095681639757242+0j)
  IIIIIIZZ: (-0.00020217467053981796+0j)
  IIIIIIIZ: (-0.00042907271352896667+0j)
  IIIZIIII: (-7.305949301100017e-08+0j)
  IIZZIZIZ: (-0.28460730938149215+0j)
  IIZZIZIZ: (-0.2119812742790189+0j)
  IIIIIIZI: (-0.14804821542084035+0j)
  IIZIIIII: (-0.14804821542084035+0j)
  IIIIIIZI: (0.8698153938389418+0j)
  ZIZIIIII: (-1+0j)
  IIZIIIII: (-1.622483875431915+0j)
  IIZIZIZI: (-0.11788336686523036+0j)
  IIZIZIZI: (-0.11159107918582852+0j)
  IIIIIZII: (-0.1485566437622607+0j)
  IZIIIIII: (-0.1485566437622607+0j)
  IIIIZZII: (-0.1490455033285955+0j)
  IZIIIIII: (-2.038277510828844e-05+0j)
  IIIIIZII: (-0.35042606090096773+0j)
  ZZIIIZII: (-0.2197008681476353+0j)
  ZZIIIZII: (-0.1567509799294039+0j)
  IIIIZIII: (-0.17329958275179025+0j)
  ZIIIIIII: (-0.17329958275179025+0j)
  IIIIZIII: (-0.30041825981940956+0j)
  ZIIIIIII: (-0.5274486666776209+0j)
  ZIIIZIII: (-0.1954756284400182+0j)
  ZIIIZIII: (-0.14769971500189347+0j)

 

Information about the circuit: 
Number of qubits: 8
 Depth : 83

--- Starting Optimization Loop (method=COBYLA) ---
Iter 10: Cost = -3.1944962782264987
Iter 20: Cost = -3.258828391456559
Optimization success: True
Optimal Params: [ 0.15709112 -0.11734857  0.00077705  0.16297727]

--- Final Statevector (exact) ---
Marginals: [0.04569492326926599, 0.2734487785121931, 0.11146754840191467, 0.22357750682664412, 0.04669720691934175, 0.1894698815152025, 0.11542545045975294, 0.1485459774013223]

  ┌─ Depth 2 | Patch (64, 128, 192, 256) | eff_threshold=0.490
  │  θ-only  (before QAOA): [[0.065 0.231]
 [0.144 0.208]]
  │  QAOA    (after  QAOA): [[0.046 0.231]
 [0.113 0.186]]
  │  θ-only  refine: [[0 0]
 [0 0]]
  │  QAOA    refine: [[0 0]
 [0 0]]
  │  Agreement: 4/4 cells
  └─
Transpiling circuit (backend=state_vector, opt_level=0)
  IIIIIIIZ: (0.003639519886636775+0j)
  IIIZIIII: (0.003639519886636775+0j)
  IIIIIIZZ: (-0.502959759270925+0j)
  IZIZIIII: (-0.7660909429560845+0j)
  IIIIIIIZ: (-0.9236887248580681+0j)
  IIIZIIII: (-0.8679535080107953+0j)
  IIZZIZIZ: (-0.004654732395630615+0j)
  IIZZIZIZ: (-0.3131717139657266+0j)
  IIIIIIZI: (0.001195209771341716+0j)
  IIZIIIII: (0.001195209771341716+0j)
  IIZIIIII: (-1.9137458466545746e-08+0j)
  IIZIZIZI: (-0.35094183440813964+0j)
  IIZIZIZI: (-0.2848676684621807+0j)
  IIIIIZII: (0.003030557989946949+0j)
  IZIIIIII: (0.003030557989946949+0j)
  IIIIZZII: (-0.0005169993969664884+0j)
  IZIIIIII: (-0.008735661060985672+0j)
  IIIIIZII: (0.0008599521380904088+0j)
  ZZIIIZII: (-0.2253982241131778+0j)
  ZZIIIZII: (-0.25933902353648364+0j)
  IIIIZIII: (0.0027580890263303394+0j)
  ZIIIIIII: (0.0027580890263303394+0j)
  ZIIIZIII: (-0.3326248736700685+0j)
  ZIIIZIII: (-0.23955415320225698+0j)

 

Information about the circuit: 
Number of qubits: 8
 Depth : 85

--- Starting Optimization Loop (method=COBYLA) ---
Iter 10: Cost = -2.9855877776149238
Iter 20: Cost = -2.8674506795285106
Optimization success: True
Optimal Params: [-0.09418001 -0.17198586  0.11419196  0.13166153]

--- Final Statevector (exact) ---
Marginals: [0.09017068373754118, 0.30585470834915673, 0.09317106243031761, 0.2352581891101667, 0.09524252162363106, 0.2539359137152131, 0.14528212985118472, 0.15036958624900398]

  ┌─ Depth 2 | Patch (128, 192, 0, 64) | eff_threshold=0.490
  │  θ-only  (before QAOA): [[0.218 0.145]
 [0.229 0.063]]
  │  QAOA    (after  QAOA): [[0.093 0.28 ]
 [0.119 0.193]]
  │  θ-only  refine: [[0 0]
 [0 0]]
  │  QAOA    refine: [[0 0]
 [0 0]]
  │  Agreement: 4/4 cells
  └─
Transpiling circuit (backend=state_vector, opt_level=0)
  IIIIIIIZ: (-0.013670086665710204+0j)
  IIIZIIII: (-0.013670086665710204+0j)
  IIIIIIIZ: (-6.455423781782626e-09+0j)
  IIIZIIII: (-1.1478097340304499e-11+0j)
  IIZZIZIZ: (-0.596933870135553+0j)
  IIIIIIZI: (-0.013500451725145463+0j)
  IIZIIIII: (-0.013500451725145463+0j)
  IIIIIIZI: (8.705811159968519+0j)
  IIZIIIII: (8.703899082615538e-09+0j)
  IIZIZIZI: (0.06555679064114964+0j)
  IIIIIZII: (-0.01279078301463452+0j)
  IZIIIIII: (-0.01279078301463452+0j)
  IIIIIZII: (-4.771097844566116e-12+0j)
  ZZIIIZII: (-0.5719059111783347+0j)
  IIIIZIII: (-0.01339766487310286+0j)
  ZIIIIIII: (-0.01339766487310286+0j)
  ZIIIZIII: (-0.4391847268463692+0j)

 

Information about the circuit: 
Number of qubits: 8
 Depth : 35

--- Starting Optimization Loop (method=COBYLA) ---
Iter 10: Cost = 2.3641051632673045
Optimization success: True
Optimal Params: [0.05       0.         0.0761875  0.15237499]

--- Final Statevector (exact) ---
Marginals: [0.020233958642267628, 0.30194236303048605, 0.028636495023727535, 0.04833829045350179, 0.03241494018108995, 0.26699651679507835, 0.032764328357289145, 0.028519486411278838]

  ┌─ Depth 2 | Patch (128, 192, 64, 128) | eff_threshold=0.490
  │  θ-only  (before QAOA): [[0.036 0.312]
 [0.047 0.043]]
  │  QAOA    (after  QAOA): [[0.026 0.284]
 [0.031 0.038]]
  │  θ-only  refine: [[0 0]
 [0 0]]
  │  QAOA    refine: [[0 0]
 [0 0]]
  │  Agreement: 4/4 cells
  └─
Transpiling circuit (backend=state_vector, opt_level=0)
  IIIIIIIZ: (-0.0038505706770917384+0j)
  IIIZIIII: (-0.0038505706770917384+0j)
  IIIIIIZZ: (-0.0009129409974649487+0j)
  IIIIIIIZ: (-0.00169723130471331+0j)
  IIIZIIII: (-4.973674744837323e-11+0j)
  IIZZIZIZ: (-0.6316480464830253+0j)
  IIZZIZIZ: (-0.3606651631648203+0j)
  IIIIIIZI: (-0.0034962838771914807+0j)
  IIZIIIII: (-0.0034962838771914807+0j)
  IIIIIIZI: (-0.0026618739824348266+0j)
  ZIZIIIII: (-0.03141257805954354+0j)
  IIZIIIII: (-0.05672177062770233+0j)
  IIZIZIZI: (-0.37609808555203433+0j)
  IIZIZIZI: (-0.2552975028925393+0j)
  IIIIIZII: (-0.00494535278574711+0j)
  IZIIIIII: (-0.00494535278574711+0j)
  IZIIIIII: (0.2561177820098578+0j)
  IIIIIZII: (-3.481185405286496e-08+0j)
  ZZIIIZII: (0.0020202466346191396+0j)
  IIIIZIII: (-0.004988073623598106+0j)
  ZIIIIIII: (-0.004988073623598106+0j)
  IIIIZIII: (0.05991393254446397+0j)
  ZIIIZIII: (-3.5939651503209816e-05+0j)
  ZIIIZIII: (-0.1971871025116309+0j)

 

Information about the circuit: 
Number of qubits: 8
 Depth : 63

--- Starting Optimization Loop (method=COBYLA) ---
Iter 10: Cost = -0.5920131429266278
Optimization success: True
Optimal Params: [ 0.08546169 -0.05821643  0.05049347  0.12071507]

--- Final Statevector (exact) ---
Marginals: [0.0781665711534129, 0.16539991109693938, 0.03949460471798549, 0.1756601763180324, 0.06842295800170388, 0.1691277544570801, 0.034882778852974, 0.17657322045976945]

  ┌─ Depth 2 | Patch (192, 256, 0, 64) | eff_threshold=0.490
  │  θ-only  (before QAOA): [[0.068 0.187]
 [0.037 0.198]]
  │  QAOA    (after  QAOA): [[0.073 0.167]
 [0.037 0.176]]
  │  θ-only  refine: [[0 0]
 [0 0]]
  │  QAOA    refine: [[0 0]
 [0 0]]
  │  Agreement: 4/4 cells
  └─
Transpiling circuit (backend=state_vector, opt_level=0)
  IIIIIIIZ: (-0.016744977087275695+0j)
  IIIZIIII: (-0.016744977087275695+0j)
  IIIIIIZZ: (-6.188334389988691e-05+0j)
  IZIZIIII: (-0.665982114466049+0j)
  IIIIIIIZ: (1.3554894092498241e-06+0j)
  IIIZIIII: (-1.419169414905428+0j)
  IIZZIZIZ: (-0.31087852506502417+0j)
  IIZZIZIZ: (-0.19174923334912786+0j)
  IIIIIIZI: (-0.01962805141887459+0j)
  IIZIIIII: (-0.01962805141887459+0j)
  ZIZIIIII: (-0.0007835665365460732+0j)
  IIZIIIII: (-0.001754111558010243+0j)
  IIZIZIZI: (-0.5329147072736334+0j)
  IIZIZIZI: (-0.17567311628669652+0j)
  IIIIIZII: (-8.959833612952202e-05+0j)
  IZIIIIII: (-8.959833612952202e-05+0j)
  IZIIIIII: (-0.4142130717584393+0j)
  IIIIIZII: (2.1122380414353834e-16+0j)
  ZZIIIZII: (-0.49507608321345575+0j)
  ZZIIIZII: (-0.18718920630761696+0j)
  IIIIZIII: (-0.009041854546775842+0j)
  ZIIIIIII: (-0.009041854546775842+0j)
  ZIIIZIII: (-0.029198161789068373+0j)
  ZIIIZIII: (-0.017479430403833356+0j)

 

Information about the circuit: 
Number of qubits: 8
 Depth : 64

--- Starting Optimization Loop (method=COBYLA) ---
Iter 10: Cost = -1.771670042822471
Optimization success: True
Optimal Params: [ 0.05840299 -0.03646522  0.08075092  0.15207296]

--- Final Statevector (exact) ---
Marginals: [0.1332707302466846, 0.08885674812658151, 0.3072231822427923, 0.37566672252581373, 0.1370667212296864, 0.0667971748122999, 0.30512901568165207, 0.4216447060773366]

  ┌─ Depth 2 | Patch (192, 256, 64, 128) | eff_threshold=0.490
  │  θ-only  (before QAOA): [[0.149 0.078]
 [0.33  0.399]]
  │  QAOA    (after  QAOA): [[0.135 0.078]
 [0.306 0.399]]
  │  θ-only  refine: [[0 0]
 [0 0]]
  │  QAOA    refine: [[0 0]
 [0 0]]
  │  Agreement: 4/4 cells
  │  Boundary activation: ['bottom']
  └─
Transpiling circuit (backend=state_vector, opt_level=0)
  IIIIIIIZ: (0.7802987125629455+0j)
  IIIZIIII: (0.7802987125629455+0j)
  IIIIIIZZ: (-1+0j)
  IIIIIIIZ: (3.3793045647603037+0j)
  IIIZIIII: (2.9958902448169335e-07+0j)
  IIZZIZIZ: (-0.17925927825104973+0j)
  IIZZIZIZ: (-0.2093594291521932+0j)
  IIIIIIZI: (-0.19472957504364632+0j)
  IIZIIIII: (-0.19472957504364632+0j)
  IIZIIIII: (-1.303832677334931e-11+0j)
  IIZIZIZI: (-0.31430468732061145+0j)
  IIZIZIZI: (-0.20663175492501737+0j)
  IIIIIZII: (0.7107819513490387+0j)
  IZIIIIII: (0.7107819513490387+0j)
  IIIIZZII: (-0.8229454307298701+0j)
  IZIIIIII: (-1.0993527909271712+0j)
  IIIIIZII: (-1.832125654531051+0j)
  ZZIIIZII: (-0.2271382284652611+0j)
  ZZIIIZII: (-0.17530468271280786+0j)
  IIIIZIII: (-0.02610640928892487+0j)
  ZIIIIIII: (-0.02610640928892487+0j)
  ZIIIZIII: (-0.3000543591601623+0j)
  ZIIIZIII: (-0.1815160455321346+0j)

 

Information about the circuit: 
Number of qubits: 8
 Depth : 80

--- Starting Optimization Loop (method=COBYLA) ---
Iter 10: Cost = -2.9541341292020453
Iter 20: Cost = -4.909769665019005
Optimization success: True
Optimal Params: [-0.19131011 -0.25006699  0.04350069  0.02000468]

--- Final Statevector (exact) ---
Marginals: [0.8992530219865049, 0.33217040171995493, 0.24052678651825643, 0.055734737451005475, 0.9241041198214254, 0.29804962501826604, 0.8237046691716883, 0.10142094746417478]

  ┌─ Depth 2 | Patch (128, 192, 128, 192) | eff_threshold=0.490
  │  θ-only  (before QAOA): [[0.568 0.031]
 [0.414 0.041]]
  │  QAOA    (after  QAOA): [[0.912 0.315]
 [0.532 0.079]]
  │  θ-only  refine: [[1 0]
 [0 0]]
  │  QAOA    refine: [[1 0]
 [1 0]]
  │  Agreement: 3/4 cells
  │  Boundary activation: ['top', 'left']
  └─
Transpiling circuit (backend=state_vector, opt_level=0)
  IIIIIIIZ: (-0.12596617836374271+0j)
  IIIZIIII: (-0.12596617836374271+0j)
  IIIIIIZZ: (-3.445818502742664e-05+0j)
  IZIZIIII: (-9.509307986400334e-05+0j)
  IIIIIIIZ: (-8.831135420500341e-05+0j)
  IIIZIIII: (-2.4135514801573774e-05+0j)
  IIZZIZIZ: (-0.7761557990728164+0j)
  IIIIIIZI: (-0.01774352821152549+0j)
  IIZIIIII: (-0.01774352821152549+0j)
  IIIIIIZI: (0.0007395655798147527+0j)
  ZIZIIIII: (-0.12684364705258036+0j)
  IIZIIIII: (-0.09276082880323896+0j)
  IIZIZIZI: (-0.3268578279260299+0j)
  IIIIIZII: (-0.0877586162096878+0j)
  IZIIIIII: (-0.0877586162096878+0j)
  IIIIZZII: (-0.10205348734059877+0j)
  IZIIIIII: (-0.00028383576019869097+0j)
  IIIIIZII: (-0.23802690282227607+0j)
  ZZIIIZII: (-0.49864600566664846+0j)
  ZZIIIZII: (-0.2749223184422611+0j)
  IIIIZIII: (-0.06504683674261111+0j)
  ZIIIIIII: (-0.06504683674261111+0j)
  IIIIZIII: (0.10283773944643679+0j)
  ZIIIIIII: (0.0027372068666305827+0j)
  ZIIIZIII: (-0.11246585054110664+0j)

 

Information about the circuit: 
Number of qubits: 8
 Depth : 63

--- Starting Optimization Loop (method=COBYLA) ---
Iter 10: Cost = -1.598262253838382
Iter 20: Cost = -1.7738626227668688
Optimization success: True
Optimal Params: [-0.06270401 -0.19485138  0.17719414  0.11189815]

--- Final Statevector (exact) ---
Marginals: [0.32305554593691355, 0.08627183393877287, 0.03667006500797602, 0.13023971234875803, 0.19189204772353133, 0.06797927127990377, 0.024567624945652233, 0.1733535761753652]

  ┌─ Depth 2 | Patch (128, 192, 192, 256) | eff_threshold=0.490
  │  θ-only  (before QAOA): [[0.135 0.106]
 [0.111 0.278]]
  │  QAOA    (after  QAOA): [[0.257 0.077]
 [0.031 0.152]]
  │  θ-only  refine: [[0 0]
 [0 0]]
  │  QAOA    refine: [[0 0]
 [0 0]]
  │  Agreement: 4/4 cells
  └─
Transpiling circuit (backend=state_vector, opt_level=0)
  IIIIIIIZ: (-0.2829632986529546+0j)
  IIIZIIII: (-0.2829632986529546+0j)
  IIIIIIZZ: (-0.0027778356077070607+0j)
  IZIZIIII: (-3.213499573695423e-05+0j)
  IIIIIIIZ: (-0.005972511752811687+0j)
  IIIZIIII: (-7.229602071200015e-05+0j)
  IIZZIZIZ: (-0.3013119613716947+0j)
  IIZZIZIZ: (-0.25388974543815646+0j)
  IIIIIIZI: (-0.3098327756882811+0j)
  IIZIIIII: (-0.3098327756882811+0j)
  IIIIIIZI: (0.0006762314612801924+0j)
  IIZIIIII: (-4.3912982105358583e-10+0j)
  IIZIZIZI: (-0.07438153141254296+0j)
  IIZIZIZI: (-0.061158236386923984+0j)
  IIIIIZII: (-0.27449594341725386+0j)
  IZIIIIII: (-0.27449594341725386+0j)
  IZIIIIII: (4.720812581755912+0j)
  IIIIIZII: (5.378234710844492e-07+0j)
  ZZIIIZII: (0.025479041124974223+0j)
  IIIIZIII: (-0.2861813614887175+0j)
  ZIIIIIII: (-0.2861813614887175+0j)
  IIIIZIII: (-0.0005314506351523263+0j)
  ZIIIIIII: (-0.00034512351362998996+0j)
  ZIIIZIII: (-0.3601161657295603+0j)

 

Information about the circuit: 
Number of qubits: 8
 Depth : 61

--- Starting Optimization Loop (method=COBYLA) ---
Iter 10: Cost = 0.7039389206557888
Optimization success: True
Optimal Params: [0.         0.         0.07766183 0.10532365]

--- Final Statevector (exact) ---
Marginals: [0.04401440541810666, 0.46738538489062065, 0.3587982409322856, 0.5338648741802572, 0.04401440541810667, 0.46738538489062037, 0.3587982409322854, 0.533864874180257]

  ┌─ Depth 2 | Patch (192, 256, 128, 192) | eff_threshold=0.490
  │  θ-only  (before QAOA): [[0.044 0.467]
 [0.359 0.534]]
  │  QAOA    (after  QAOA): [[0.044 0.467]
 [0.359 0.534]]
  │  θ-only  refine: [[0 0]
 [0 1]]
  │  QAOA    refine: [[0 0]
 [0 1]]
  │  Agreement: 4/4 cells
  │  Boundary activation: ['right']
  └─
Transpiling circuit (backend=state_vector, opt_level=0)
  IIIIIIIZ: (0.0005378207565468827+0j)
  IIIZIIII: (0.0005378207565468827+0j)
  IIIIIIIZ: (1.084231479887846e-16+0j)
  IIIZIIII: (-5.595367584804309e-07+0j)
  IIZZIZIZ: (-0.3755159362180354+0j)
  IIZZIZIZ: (-0.2199387917039747+0j)
  IIIIIIZI: (0.02376974524766261+0j)
  IIZIIIII: (0.02376974524766261+0j)
  IIIIIIZI: (-0.03184369948288515+0j)
  ZIZIIIII: (-0.011639495274058498+0j)
  IIZIIIII: (0.03098461755847734+0j)
  IIZIZIZI: (-0.2619637739093687+0j)
  IIZIZIZI: (-0.20266779303694318+0j)
  IIIIIZII: (0.023110188074376873+0j)
  IZIIIIII: (0.023110188074376873+0j)
  IIIIIZII: (-2.0560194738398418e-10+0j)
  ZZIIIZII: (-0.5114861737848728+0j)
  IIIIZIII: (0.02360119758659597+0j)
  ZIIIIIII: (0.02360119758659597+0j)
  ZIIIZIII: (-0.5352709561540926+0j)

 

Information about the circuit: 
Number of qubits: 8
 Depth : 61

--- Starting Optimization Loop (method=COBYLA) ---
Iter 10: Cost = -0.8525736661323334
Iter 20: Cost = -0.7558542890544866
Optimization success: True
Optimal Params: [ 0.01966132 -0.08256414  0.11173052  0.20086058]

--- Final Statevector (exact) ---
Marginals: [0.41880060593457175, 0.39592060370970805, 0.09620089831507353, 0.027417440772962768, 0.4142525430428306, 0.43093350502907407, 0.0986967255362916, 0.035608574440291384]

  ┌─ Depth 2 | Patch (192, 256, 192, 256) | eff_threshold=0.490
  │  θ-only  (before QAOA): [[0.454 0.441]
 [0.066 0.039]]
  │  QAOA    (after  QAOA): [[0.417 0.413]
 [0.097 0.032]]
  │  θ-only  refine: [[0 0]
 [0 0]]
  │  QAOA    refine: [[0 0]
 [0 0]]
  │  Agreement: 4/4 cells
  │  Boundary activation: ['top']
  └─
  Depth 3: 37 patch(es) to evaluate
Transpiling circuit (backend=state_vector, opt_level=0)
  IIIIIIIZ: (4.855276699964664e-06+0j)
  IIIZIIII: (4.855276699964664e-06+0j)
  IIIIIIIZ: (-2.0392265445531505e-07+0j)
  IIIZIIII: (-1.0051066106324298e-07+0j)
  IIZZIZIZ: (-0.0004681045635905705+0j)
  IIIIIIZI: (-1.554049701439473e-06+0j)
  IIZIIIII: (-1.554049701439473e-06+0j)
  IIZIIIII: (-1.271979759833278e-11+0j)
  IIZIZIZI: (-0.0036225194789874186+0j)
  IIIIIZII: (-1.568812578122754e-06+0j)
  IZIIIIII: (-1.568812578122754e-06+0j)
  IIIIIZII: (-1.640853945162358e-12+0j)
  ZZIIIZII: (-0.0002844958402919933+0j)
  IIIIZIII: (-1.555837844055907e-06+0j)
  ZIIIIIII: (-1.555837844055907e-06+0j)
  ZIIIZIII: (-0.00028573618253843405+0j)

 

Information about the circuit: 
Number of qubits: 8
 Depth : 35

--- Starting Optimization Loop (method=COBYLA) ---
Iter 10: Cost = -0.0032452273183917924
Optimization success: True
Optimal Params: [-0.01570403 -0.02824677  0.22516669  0.27024396]

--- Final Statevector (exact) ---
Marginals: [0.48700291732055345, 0.029477425595188397, 0.02993545087420624, 0.044534679789181325, 0.5175581562432519, 0.038055524317682894, 0.050212742466169816, 0.05753270509507119]

  ┌─ Depth 3 | Patch (0, 32, 0, 32) | eff_threshold=0.660
  │  θ-only  (before QAOA): [[0.501 0.039]
 [0.033 0.039]]
  │  QAOA    (after  QAOA): [[0.502 0.034]
 [0.04  0.051]]
  │  θ-only  refine: [[0 0]
 [0 0]]
  │  QAOA    refine: [[0 0]
 [0 0]]
  │  Agreement: 4/4 cells
  └─
Transpiling circuit (backend=state_vector, opt_level=0)
  IIIIIIIZ: (-3.7279344450468415e-10+0j)
  IIIZIIII: (-6.575699167455118e-10+0j)
  IIZZIZIZ: (-0.00020757839069785228+0j)
  IIZIIIII: (-1.0112349333154754e-07+0j)
  IIZIZIZI: (-0.2651526786973757+0j)
  IIIIIZII: (-1.6097232227759002e-09+0j)
  ZZIIIZII: (-0.00011635383837588689+0j)
  ZIIIZIII: (-0.12146938101008597+0j)

 

Information about the circuit: 
Number of qubits: 8
 Depth : 31

--- Starting Optimization Loop (method=COBYLA) ---
Iter 10: Cost = -0.2705052457457819
Optimization success: True
Optimal Params: [ 0.05275603 -0.00917524  0.2481667   0.393003  ]

--- Final Statevector (exact) ---
Marginals: [0.05475081709112424, 0.0409375534543318, 0.057337881671980354, 0.09063915288667582, 0.047169421802709416, 0.04093755074616903, 0.031248642949180932, 0.09055700790238835]

  ┌─ Depth 3 | Patch (0, 32, 32, 64) | eff_threshold=0.660
  │  θ-only  (before QAOA): [[0.047 0.06 ]
 [0.048 0.067]]
  │  QAOA    (after  QAOA): [[0.051 0.041]
 [0.044 0.091]]
  │  θ-only  refine: [[0 0]
 [0 0]]
  │  QAOA    refine: [[0 0]
 [0 0]]
  │  Agreement: 4/4 cells
  └─
Transpiling circuit (backend=state_vector, opt_level=0)
  IIIIIIIZ: (-0.09683869870343356+0j)
  IIIZIIII: (-0.09683869870343356+0j)
  IIIIIIIZ: (-8.301995582157483e-12+0j)
  IIIZIIII: (-2.5801977728024543e-06+0j)
  IIZZIZIZ: (-0.268234464250869+0j)
  IIZZIZIZ: (-0.17244862248237947+0j)
  IIIIIIZI: (-0.09452483526475218+0j)
  IIZIIIII: (-0.09452483526475218+0j)
  ZIZIIIII: (-0.2626749335762094+0j)
  IIZIIIII: (-0.6902183150932777+0j)
  IIZIZIZI: (-0.22320852388654774+0j)
  IIZIZIZI: (-0.15019085212076372+0j)
  IIIIIZII: (-0.08663872835561495+0j)
  IZIIIIII: (-0.08663872835561495+0j)
  IIIIZZII: (-0.011077137672733708+0j)
  IZIIIIII: (1.5910974405194886+0j)
  IIIIIZII: (-0.020963750610148064+0j)
  ZZIIIZII: (-0.030336542006778242+0j)
  ZZIIIZII: (-0.07205149901749583+0j)
  IIIIZIII: (-0.08488101391041872+0j)
  ZIIIIIII: (-0.08488101391041872+0j)
  ZIIIZIII: (-0.020728877746199612+0j)
  ZIIIZIII: (-0.01847453470794763+0j)

 

Information about the circuit: 
Number of qubits: 8
 Depth : 82

--- Starting Optimization Loop (method=COBYLA) ---
Iter 10: Cost = -1.8278636898247942
Iter 20: Cost = -1.866532638102207
Optimization success: True
Optimal Params: [-0.09122756 -0.36069327  0.16464825  0.53909306]

--- Final Statevector (exact) ---
Marginals: [0.12592616855045166, 0.07321049725067637, 0.04798643797880483, 0.12436622401143146, 0.3051988033902165, 0.13997391559323588, 0.6259389314148766, 0.10530595425766932]

  ┌─ Depth 3 | Patch (32, 64, 0, 32) | eff_threshold=0.660
  │  θ-only  (before QAOA): [[0.037 0.052]
 [0.275 0.415]]
  │  QAOA    (after  QAOA): [[0.216 0.107]
 [0.337 0.115]]
  │  θ-only  refine: [[0 0]
 [0 0]]
  │  QAOA    refine: [[0 0]
 [0 0]]
  │  Agreement: 4/4 cells
  └─
Transpiling circuit (backend=state_vector, opt_level=0)
  IIIIIIIZ: (-0.008620914116670342+0j)
  IIIZIIII: (-0.008620914116670342+0j)
  IIIIIIIZ: (-3.485452450666279e-27+0j)
  IIIZIIII: (-1.2403901443148023e-15+0j)
  IIZZIZIZ: (-0.38962046630050695+0j)
  IIZZIZIZ: (-0.1276550795209606+0j)
  IIIIIIZI: (-0.007699251871125677+0j)
  IIZIIIII: (-0.007699251871125677+0j)
  IIZIIIII: (-7.033728886742455e-14+0j)
  IIZIZIZI: (-0.011802912802863812+0j)
  IIZIZIZI: (-0.0020983124755748067+0j)
  IIIIIZII: (0.006919884284273365+0j)
  IZIIIIII: (0.006919884284273365+0j)
  IZIIIIII: (-1.4144477964978635e-05+0j)
  IIIIIZII: (5.229068971364272e-07+0j)
  ZZIIIZII: (-0.23960330642304242+0j)
  ZZIIIZII: (-0.10267759846365761+0j)
  IIIIZIII: (0.017575513982455795+0j)
  ZIIIIIII: (0.017575513982455795+0j)
  IIIIZIII: (-0.000305642899110824+0j)
  ZIIIIIII: (-0.00020551287545874234+0j)
  ZIIIZIII: (-0.15344125362633595+0j)
  ZIIIZIII: (-0.08883172675217281+0j)

 

Information about the circuit: 
Number of qubits: 8
 Depth : 61

--- Starting Optimization Loop (method=COBYLA) ---
Iter 10: Cost = -0.11705260105784246
Optimization success: True
Optimal Params: [0.05451081 0.01910287 0.13712075 0.27349723]

--- Final Statevector (exact) ---
Marginals: [0.4277425643623361, 0.5558833925763396, 0.48763577188025053, 0.12099446750749698, 0.3316234320219788, 0.5536572645496255, 0.4897761278358678, 0.1322865399513893]

  ┌─ Depth 3 | Patch (32, 64, 32, 64) | eff_threshold=0.660
  │  θ-only  (before QAOA): [[0.4   0.482]
 [0.418 0.157]]
  │  QAOA    (after  QAOA): [[0.38  0.555]
 [0.489 0.127]]
  │  θ-only  refine: [[0 0]
 [0 0]]
  │  QAOA    refine: [[0 0]
 [0 0]]
  │  Agreement: 4/4 cells
  └─
Transpiling circuit (backend=state_vector, opt_level=0)
  IIIIIIIZ: (-0.0029248892891155266+0j)
  IIIZIIII: (-0.0029248892891155266+0j)
  IIIIIIZZ: (-0.03433825035650219+0j)
  IIIIIIIZ: (-0.06681494352115455+0j)
  IIIZIIII: (-3.2421117506579724e-09+0j)
  IIZZIZIZ: (-0.9175335362271893+0j)
  IIZZIZIZ: (-0.31058545974429685+0j)
  IIIIIIZI: (-0.002918375883787745+0j)
  IIZIIIII: (-0.002918375883787745+0j)
  IIIIIIZI: (-0.0027432954763288646+0j)
  IIZIIIII: (-1.1163527580594048e-10+0j)
  IIZIZIZI: (-0.754103171651278+0j)
  IIZIZIZI: (-0.20231063846066413+0j)
  IIIIIZII: (-0.003100918462841233+0j)
  IZIIIIII: (-0.003100918462841233+0j)
  IIIIIZII: (-3.5859247942297675e-38+0j)
  ZZIIIZII: (0.07221575748615017+0j)
  ZZIIIZII: (0.02295685356550503+0j)
  IIIIZIII: (-0.0027105637177603+0j)
  ZIIIIIII: (-0.0027105637177603+0j)
  IIIIZIII: (-1.0135732530977906+0j)
  ZIIIIIII: (-0.4292091446016643+0j)
  ZIIIZIII: (-0.3926637057745751+0j)
  ZIIIZIII: (-0.16804417701848404+0j)

 

Information about the circuit: 
Number of qubits: 8
 Depth : 61

--- Starting Optimization Loop (method=COBYLA) ---
Iter 10: Cost = -0.2749382513768516
Optimization success: True
Optimal Params: [0.05       0.05       0.08841589 0.17683177]

--- Final Statevector (exact) ---
Marginals: [0.03423410391705624, 0.16457603593406336, 0.6652756212572337, 0.3686587325898278, 0.034293325871241016, 0.16663534452747214, 0.676382585620113, 0.44970226604900626]

  ┌─ Depth 3 | Patch (0, 32, 64, 96) | eff_threshold=0.660
  │  θ-only  (before QAOA): [[0.072 0.231]
 [0.58  0.445]]
  │  QAOA    (after  QAOA): [[0.034 0.166]
 [0.671 0.409]]
  │  θ-only  refine: [[0 0]
 [0 0]]
  │  QAOA    refine: [[0 0]
 [1 0]]
  │  Agreement: 3/4 cells
  │  Boundary activation: ['bottom']
  └─
Transpiling circuit (backend=state_vector, opt_level=0)
  IIIIIIIZ: (-0.0009744454857828128+0j)
  IIIZIIII: (-0.0009744454857828128+0j)
  IIIIIIZZ: (-0.0029629648725667266+0j)
  IZIZIIII: (-1.6250428837325284e-06+0j)
  IIIIIIIZ: (-0.0008286608899454323+0j)
  IIIZIIII: (-3.1602321042359696e-06+0j)
  IIZZIZIZ: (-0.07800928468232207+0j)
  IIIIIIZI: (-0.0018788622751610968+0j)
  IIZIIIII: (-0.0018788622751610968+0j)
  IIIIIIZI: (0.10207990533803109+0j)
  ZIZIIIII: (-0.00016122393594203028+0j)
  IIZIIIII: (0.0006650199395744142+0j)
  IIZIZIZI: (0.01527465416642509+0j)
  IIIIIZII: (-0.0005240319736256726+0j)
  IZIIIIII: (-0.0005240319736256726+0j)
  IIIIIZII: (-2.234601861762298e-08+0j)
  ZZIIIZII: (-0.1364873221322379+0j)
  IIIIZIII: (-0.0017559734452463293+0j)
  ZIIIIIII: (-0.0017559734452463293+0j)
  ZIIIZIII: (-0.01281349924267044+0j)

 

Information about the circuit: 
Number of qubits: 8
 Depth : 39

--- Starting Optimization Loop (method=COBYLA) ---
Iter 10: Cost = -0.09640275168862558
Optimization success: True
Optimal Params: [0.05       0.05       0.14937406 0.34874811]

--- Final Statevector (exact) ---
Marginals: [0.08154379273808329, 0.2536597626810406, 0.02860897333669133, 0.14304719599536747, 0.06533777196283319, 0.25354141096809035, 0.03879066314485811, 0.07727397393146061]

  ┌─ Depth 3 | Patch (0, 32, 96, 128) | eff_threshold=0.660
  │  θ-only  (before QAOA): [[0.123 0.345]
 [0.071 0.081]]
  │  QAOA    (after  QAOA): [[0.073 0.254]
 [0.034 0.11 ]]
  │  θ-only  refine: [[0 0]
 [0 0]]
  │  QAOA    refine: [[0 0]
 [0 0]]
  │  Agreement: 4/4 cells
  └─
Transpiling circuit (backend=state_vector, opt_level=0)
  IIIIIIIZ: (0.17609392333780655+0j)
  IIIZIIII: (0.17609392333780655+0j)
  IIIIIIZZ: (-0.03974266022573514+0j)
  IZIZIIII: (-0.0880427241688685+0j)
  IIIIIIIZ: (0.2593458830798461+0j)
  IIIZIIII: (0.7256106659171401+0j)
  IIZZIZIZ: (-0.11040144143619014+0j)
  IIZZIZIZ: (-0.2493066225970988+0j)
  IIIIIIZI: (0.018583937875509545+0j)
  IIZIIIII: (0.018583937875509545+0j)
  IIZIIIII: (-1.237265175964307e-12+0j)
  IIZIZIZI: (-0.04525342779164672+0j)
  IIZIZIZI: (-0.2465921650219988+0j)
  IIIIIZII: (0.0077600032510536515+0j)
  IZIIIIII: (0.0077600032510536515+0j)
  IIIIIZII: (-2.5368869966220147e-11+0j)
  ZZIIIZII: (-0.19842738347918723+0j)
  ZZIIIZII: (-0.2537166242924188+0j)
  IIIIZIII: (-0.022878196363397253+0j)
  ZIIIIIII: (-0.022878196363397253+0j)
  ZIIIZIII: (-0.2806850224415697+0j)
  ZIIIZIII: (-0.2427684821996477+0j)

 

Information about the circuit: 
Number of qubits: 8
 Depth : 61

--- Starting Optimization Loop (method=COBYLA) ---
Iter 10: Cost = -1.4827340648286462
Iter 20: Cost = -1.604193606506777
Optimization success: True
Optimal Params: [-0.22980433 -0.11835576  0.12574903  0.19495113]

--- Final Statevector (exact) ---
Marginals: [0.839910340536955, 0.3484899165410522, 0.004080038208847545, 0.15279066517692114, 0.8226238185104605, 0.28454282789529634, 0.04448812577608987, 0.11404538270345643]

  ┌─ Depth 3 | Patch (32, 64, 64, 96) | eff_threshold=0.660
  │  θ-only  (before QAOA): [[0.537 0.079]
 [0.105 0.026]]
  │  QAOA    (after  QAOA): [[0.831 0.317]
 [0.024 0.133]]
  │  θ-only  refine: [[0 0]
 [0 0]]
  │  QAOA    refine: [[1 0]
 [0 0]]
  │  Agreement: 3/4 cells
  │  Boundary activation: ['top', 'left']
  └─
Transpiling circuit (backend=state_vector, opt_level=0)
  IIIIIIIZ: (-5.251599201665072e-11+0j)
  IIIZIIII: (-1.8902046726154462e-11+0j)
  IIZZIZIZ: (-0.758964441785268+0j)
  IIZZIZIZ: (-0.4707720418466609+0j)
  IIZIIIII: (-1.4478692611280282e-11+0j)
  IIZIZIZI: (-0.7905141143385815+0j)
  IIZIZIZI: (-0.6877351776846512+0j)
  IIIIIZII: (-6.633738992548861e-12+0j)
  ZZIIIZII: (-0.7792143183885758+0j)
  ZZIIIZII: (-0.725920874024732+0j)
  ZIIIZIII: (-0.7588257098568674+0j)
  ZIIIZIII: (-0.6378032417086398+0j)

 

Information about the circuit: 
Number of qubits: 8
 Depth : 56

--- Starting Optimization Loop (method=COBYLA) ---
Iter 10: Cost = -4.360290694588063
Optimization success: True
Optimal Params: [0.01137051 0.06039577 0.01761663 0.09450879]

--- Final Statevector (exact) ---
Marginals: [0.018083891657846178, 0.08001839586004311, 0.033099482493449996, 0.02023730777305983, 0.0725186027164357, 0.025235373307591694, 0.03451579365655373, 0.020599172455315326]

  ┌─ Depth 3 | Patch (32, 64, 96, 128) | eff_threshold=0.660
  │  θ-only  (before QAOA): [[0.041 0.047]
 [0.03  0.039]]
  │  QAOA    (after  QAOA): [[0.045 0.053]
 [0.034 0.02 ]]
  │  θ-only  refine: [[0 0]
 [0 0]]
  │  QAOA    refine: [[0 0]
 [0 0]]
  │  Agreement: 4/4 cells
  └─
Transpiling circuit (backend=state_vector, opt_level=0)
  IIIIIIIZ: (0.020967205346088973+0j)
  IIIZIIII: (0.020967205346088973+0j)
  IIIIIIZZ: (-0.02006418531053564+0j)
  IZIZIIII: (-0.061022227241695176+0j)
  IIIIIIIZ: (0.0061450343635334834+0j)
  IIIZIIII: (0.15917284433418707+0j)
  IIZZIZIZ: (-0.03336980346351746+0j)
  IIZZIZIZ: (-0.22813125200614856+0j)
  IIIIIIZI: (0.038130879273256424+0j)
  IIZIIIII: (0.038130879273256424+0j)
  IIIIIIZI: (-0.014560607589771306+0j)
  ZIZIIIII: (-0.007955776626554988+0j)
  IIZIIIII: (0.02390003121724753+0j)
  IIZIZIZI: (-0.17526075462106222+0j)
  IIIIIZII: (0.02519115616032356+0j)
  IZIIIIII: (0.02519115616032356+0j)
  IIIIZZII: (-0.0014554804639438468+0j)
  IZIIIIII: (-0.0007064993525806469+0j)
  IIIIIZII: (0.0024528532265291714+0j)
  ZZIIIZII: (-0.18176742430941675+0j)
  IIIIZIII: (0.02435789537740068+0j)
  ZIIIIIII: (0.02435789537740068+0j)
  ZIIIZIII: (-0.23082959813865092+0j)

 

Information about the circuit: 
Number of qubits: 8
 Depth : 66

--- Starting Optimization Loop (method=COBYLA) ---
Iter 10: Cost = -0.19845706977918798
Iter 20: Cost = -0.36196500375779667
Optimization success: True
Optimal Params: [-0.127501   -0.22845781  0.32889262 -0.05096597]

--- Final Statevector (exact) ---
Marginals: [0.11190036572429063, 0.026920210051716704, 0.02733560737069033, 0.05350206992141957, 0.2503931816054807, 0.030230813671692513, 0.033118447325307034, 0.044602723877153354]

  ┌─ Depth 3 | Patch (64, 96, 0, 32) | eff_threshold=0.660
  │  θ-only  (before QAOA): [[0.275 0.244]
 [0.232 0.087]]
  │  QAOA    (after  QAOA): [[0.181 0.029]
 [0.03  0.049]]
  │  θ-only  refine: [[0 0]
 [0 0]]
  │  QAOA    refine: [[0 0]
 [0 0]]
  │  Agreement: 4/4 cells
  └─
Transpiling circuit (backend=state_vector, opt_level=0)
  IIIIIIIZ: (-1.2650426564673208e-05+0j)
  IIIZIIII: (-1.2650426564673208e-05+0j)
  IIIIIIZZ: (-4.396354087324325e-06+0j)
  IZIZIIII: (-1.5200173887508007e-06+0j)
  IIIIIIIZ: (-3.6056749595065142e-06+0j)
  IIIZIIII: (-1.0968551505341042e-06+0j)
  IIZZIZIZ: (-0.7540998459693439+0j)
  IIZZIZIZ: (-0.3538289152256727+0j)
  IIIIIIZI: (-2.612436770082225e-05+0j)
  IIZIIIII: (-2.612436770082225e-05+0j)
  IIZIIIII: (-4.070045927586794e-08+0j)
  IIZIZIZI: (-0.6736037816273591+0j)
  IIZIZIZI: (-0.36924604416383816+0j)
  IIIIIZII: (-2.9449122519298718e-05+0j)
  IZIIIIII: (-2.9449122519298718e-05+0j)
  IIIIIZII: (-2.2582226770078987e-08+0j)
  ZZIIIZII: (-0.6155577496938127+0j)
  ZZIIIZII: (-0.3517494220154817+0j)
  IIIIZIII: (-2.6384651818028304e-05+0j)
  ZIIIIIII: (-2.6384651818028304e-05+0j)
  ZIIIZIII: (-0.6300350353942916+0j)
  ZIIIZIII: (-0.33463714245422527+0j)

 

Information about the circuit: 
Number of qubits: 8
 Depth : 61

--- Starting Optimization Loop (method=COBYLA) ---
Iter 10: Cost = -2.929770847998503
Iter 20: Cost = -2.8764054733207014
Optimization success: True
Optimal Params: [-0.03324399 -0.11190734  0.0821122   0.30673999]

--- Final Statevector (exact) ---
Marginals: [0.06183060832903729, 0.03544220344583004, 0.040548431365353306, 0.07945123741363105, 0.061830489952977095, 0.05236753943364849, 0.01832670195524494, 0.09887849882682424]

  ┌─ Depth 3 | Patch (64, 96, 32, 64) | eff_threshold=0.660
  │  θ-only  (before QAOA): [[0.113 0.082]
 [0.064 0.061]]
  │  QAOA    (after  QAOA): [[0.062 0.044]
 [0.029 0.089]]
  │  θ-only  refine: [[0 0]
 [0 0]]
  │  QAOA    refine: [[0 0]
 [0 0]]
  │  Agreement: 4/4 cells
  └─
Transpiling circuit (backend=state_vector, opt_level=0)
  IIIIIIIZ: (-0.00035198098975108+0j)
  IIIZIIII: (-0.00035198098975108+0j)
  IZIZIIII: (-0.049727620460490736+0j)
  IIIIIIIZ: (-6.010636744972282e-07+0j)
  IIIZIIII: (-0.1238039432029004+0j)
  IIZZIZIZ: (-0.2518900752507571+0j)
  IIIIIIZI: (-0.00034978961259282074+0j)
  IIZIIIII: (-0.00034978961259282074+0j)
  ZIZIIIII: (-0.02306549769403122+0j)
  IIZIIIII: (-0.0532036735385365+0j)
  IIZIZIZI: (-2.0873822820584205e-05+0j)
  IIZIZIZI: (-0.15308762727205721+0j)
  IIIIIZII: (-0.0002592644192341916+0j)
  IZIIIIII: (-0.0002592644192341916+0j)
  IIIIZZII: (-0.12559127540195691+0j)
  IZIIIIII: (-0.04604145108625243+0j)
  IIIIIZII: (-0.3043492620157419+0j)
  ZZIIIZII: (-0.19344789181491534+0j)
  ZZIIIZII: (-0.1108540181135507+0j)
  IIIIZIII: (-0.000207047405313462+0j)
  ZIIIIIII: (-0.000207047405313462+0j)
  IIIIZIII: (-0.003713311265415828+0j)
  ZIIIZIII: (-0.09491073772743054+0j)
  ZIIIZIII: (-0.02758185509047207+0j)

 

Information about the circuit: 
Number of qubits: 8
 Depth : 73

--- Starting Optimization Loop (method=COBYLA) ---
Iter 10: Cost = -0.8538506778149874
Iter 20: Cost = -0.8436275752616963
Optimization success: True
Optimal Params: [0.14153844 0.28036497 0.00777852 0.16332744]

--- Final Statevector (exact) ---
Marginals: [0.11434950327761426, 0.12937719336509532, 0.01821476324098023, 0.10592525200013385, 0.18040507812157233, 0.031931764368237, 0.41530691755133997, 0.09508493374914145]

  ┌─ Depth 3 | Patch (64, 96, 96, 128) | eff_threshold=0.660
  │  θ-only  (before QAOA): [[0.092 0.058]
 [0.248 0.417]]
  │  QAOA    (after  QAOA): [[0.147 0.081]
 [0.217 0.101]]
  │  θ-only  refine: [[0 0]
 [0 0]]
  │  QAOA    refine: [[0 0]
 [0 0]]
  │  Agreement: 4/4 cells
  └─
Transpiling circuit (backend=state_vector, opt_level=0)
  IIIIIIIZ: (-0.07743882278881337+0j)
  IIIZIIII: (-0.07743882278881337+0j)
  IIIIIIIZ: (-1.1447228575945956e-17+0j)
  IIIZIIII: (1.2310281818957192e-08+0j)
  IIZZIZIZ: (-0.2327208973300967+0j)
  IIZZIZIZ: (-0.2949743600226503+0j)
  IIIIIIZI: (-0.0049372405474167064+0j)
  IIZIIIII: (-0.0049372405474167064+0j)
  IIZIIIII: (4.227101136815849e-52+0j)
  IIZIZIZI: (-0.07023940155073503+0j)
  IIZIZIZI: (-0.28782432713296546+0j)
  IIIIIZII: (-0.07914098634815554+0j)
  IZIIIIII: (-0.07914098634815554+0j)
  IIIIZZII: (-0.5102839196273914+0j)
  IIIIIZII: (-1.2682649186936796+0j)
  ZZIIIZII: (-0.3318367386762984+0j)
  IIIIZIII: (-0.06331643132622496+0j)
  ZIIIIIII: (-0.06331643132622496+0j)
  IIIIZIII: (7.335624503487131e-06+0j)
  ZIIIIIII: (0.0038559568635089985+0j)
  ZIIIZIII: (-0.007741525800836168+0j)
  ZIIIZIII: (-0.013069952903304835+0j)

 

Information about the circuit: 
Number of qubits: 8
 Depth : 71

--- Starting Optimization Loop (method=COBYLA) ---
Iter 10: Cost = -1.2303487283044583
Optimization success: True
Optimal Params: [ 0.01664345 -0.01361741  0.04237659  0.12883301]

--- Final Statevector (exact) ---
Marginals: [0.1404521812068273, 0.5851426984087785, 0.045463744561374995, 0.6107349780702162, 0.1416066042829072, 0.5851626899766381, 0.0467670267257072, 0.6170556365505518]

  ┌─ Depth 3 | Patch (96, 128, 96, 128) | eff_threshold=0.660
  │  θ-only  (before QAOA): [[0.143 0.588]
 [0.047 0.614]]
  │  QAOA    (after  QAOA): [[0.141 0.585]
 [0.046 0.614]]
  │  θ-only  refine: [[0 0]
 [0 0]]
  │  QAOA    refine: [[0 0]
 [0 0]]
  │  Agreement: 4/4 cells
  │  Boundary activation: ['right']
  └─
Transpiling circuit (backend=state_vector, opt_level=0)
  IIIIIIIZ: (0.4152708837202372+0j)
  IIIZIIII: (0.4152708837202372+0j)
  IIIIIIIZ: (1.5672309907349745e-35+0j)
  IIIZIIII: (4.900461872669604e-14+0j)
  IIZZIZIZ: (-0.2924771395110145+0j)
  IIZZIZIZ: (-0.09998999196834855+0j)
  IIIIIIZI: (0.28295488003423797+0j)
  IIZIIIII: (0.28295488003423797+0j)
  IIIIIIZI: (-0.0028080991996248693+0j)
  IIZIIIII: (-4.39803702718666e-15+0j)
  IIZIZIZI: (-0.2619033747022364+0j)
  IIZIZIZI: (-0.10606319596732866+0j)
  IIIIIZII: (0.169448634797642+0j)
  IZIIIIII: (0.169448634797642+0j)
  IIIIZZII: (-0.009474812925436229+0j)
  IZIIIIII: (-0.07091721790885054+0j)
  IIIIIZII: (-0.013591029339354395+0j)
  ZZIIIZII: (-0.0903573069343611+0j)
  ZZIIIZII: (-0.10116726318205761+0j)
  IIIIZIII: (0.28938546025092177+0j)
  ZIIIIIII: (0.28938546025092177+0j)
  ZIIIIIII: (-0.14647762332288958+0j)
  ZIIIZIII: (-0.08050720500198147+0j)
  ZIIIZIII: (-0.02736228971416122+0j)

 

Information about the circuit: 
Number of qubits: 8
 Depth : 81

--- Starting Optimization Loop (method=COBYLA) ---
Iter 10: Cost = -0.9157161792831965
Iter 20: Cost = -1.1104408316206433
Iter 30: Cost = -1.1972802180672752
Optimization success: True
Optimal Params: [-0.39269908 -0.39269908  0.32514456 -0.28677815]

--- Final Statevector (exact) ---
Marginals: [0.9776408054320679, 0.9822715245029271, 0.11944107597135764, 0.5382235838492119, 0.977640805432067, 0.9644929937809531, 0.7588942851017959, 0.9785425069139108]

  ┌─ Depth 3 | Patch (0, 32, 128, 160) | eff_threshold=0.660
  │  θ-only  (before QAOA): [[0.534 0.417]
 [0.185 0.368]]
  │  QAOA    (after  QAOA): [[0.978 0.973]
 [0.439 0.758]]
  │  θ-only  refine: [[0 0]
 [0 0]]
  │  QAOA    refine: [[1 1]
 [0 1]]
  │  Agreement: 1/4 cells
  │  Boundary activation: ['top']
  └─
Transpiling circuit (backend=state_vector, opt_level=0)
  IIIIIIIZ: (-0.0005091505622820245+0j)
  IIIZIIII: (-0.0005091505622820245+0j)
  IZIZIIII: (-0.30376418053126136+0j)
  IIIIIIIZ: (-9.63982580118884e-09+0j)
  IIIZIIII: (-0.5148068088743816+0j)
  IIZZIZIZ: (-0.32811461397982483+0j)
  IIIIIIZI: (-0.00048475425995994897+0j)
  IIZIIIII: (-0.00048475425995994897+0j)
  ZIZIIIII: (-0.20408983788313628+0j)
  IIZIIIII: (-0.36610739183187596+0j)
  IIZIZIZI: (-0.28974331735297604+0j)
  IIIIIZII: (-0.00042412115026359385+0j)
  IZIIIIII: (-0.00042412115026359385+0j)
  IZIIIIII: (-0.008278056506334532+0j)
  IIIIIZII: (8.900962220789576e-09+0j)
  ZZIIIZII: (-0.24517558075706847+0j)
  ZZIIIZII: (-0.2815347018842338+0j)
  IIIIZIII: (-0.0006143823819542261+0j)
  ZIIIIIII: (-0.0006143823819542261+0j)
  IIIIZIII: (0.3866265482420443+0j)
  ZIIIIIII: (-0.10161455962068039+0j)
  ZIIIZIII: (-2.4948232896481847e-05+0j)
  ZIIIZIII: (-0.020477229148431125+0j)

 

Information about the circuit: 
Number of qubits: 8
 Depth : 50

--- Starting Optimization Loop (method=COBYLA) ---
Iter 10: Cost = -1.3129987656436009
Iter 20: Cost = -1.2999646778743104
Optimization success: True
Optimal Params: [0.16416663 0.1105066  0.02817283 0.10096173]

--- Final Statevector (exact) ---
Marginals: [0.009168590161064213, 0.0006673450789387482, 0.13240714025037323, 0.5449540301008461, 0.0011354513068954925, 0.0012604670780498022, 0.12204918890813977, 0.54336604656885]

  ┌─ Depth 3 | Patch (0, 32, 160, 192) | eff_threshold=0.660
  │  θ-only  (before QAOA): [[0.073 0.062]
 [0.347 0.278]]
  │  QAOA    (after  QAOA): [[0.005 0.001]
 [0.127 0.544]]
  │  θ-only  refine: [[0 0]
 [0 0]]
  │  QAOA    refine: [[0 0]
 [0 0]]
  │  Agreement: 4/4 cells
  │  Boundary activation: ['bottom']
  └─
  │  Boundary probe: (16, 32, 160, 176) (prob=0.127)
Transpiling circuit (backend=state_vector, opt_level=0)
  IIIIIIIZ: (-9.612806890364004e-14+0j)
  IIIZIIII: (-1.23384554102124e-13+0j)
  IIZIIIII: (-7.419199209831963e-14+0j)
  IIZIZIZI: (-0.3417833566540612+0j)
  IIIIIZII: (-4.1804528873925956e-13+0j)
  ZIIIZIII: (-0.24776723526901404+0j)

 

Information about the circuit: 
Number of qubits: 8
 Depth : 16

--- Starting Optimization Loop (method=COBYLA) ---
Iter 10: Cost = -0.5253515503233065
Optimization success: True
Optimal Params: [-0.02919505 -0.04789929  0.11500201  0.3278328 ]

--- Final Statevector (exact) ---
Marginals: [0.0241716092139367, 0.01967689634767565, 0.059376270865120734, 0.01374579423036612, 0.08073995401400168, 0.034113210475528274, 0.05911757646016218, 0.034094451398506906]

  ┌─ Depth 3 | Patch (64, 96, 128, 160) | eff_threshold=0.660
  │  θ-only  (before QAOA): [[0.044 0.025]
 [0.03  0.028]]
  │  QAOA    (after  QAOA): [[0.052 0.027]
 [0.059 0.024]]
  │  θ-only  refine: [[0 0]
 [0 0]]
  │  QAOA    refine: [[0 0]
 [0 0]]
  │  Agreement: 4/4 cells
  └─
Transpiling circuit (backend=state_vector, opt_level=0)
  IIIIIIIZ: (-1.3635470474882454e-12+0j)
  IIIZIIII: (-2.5236424158288037e-13+0j)
  IIZZIZIZ: (-0.3410058821368634+0j)
  IIZIIIII: (-1.792085138616381e-11+0j)
  IIZIZIZI: (-0.11431964846313775+0j)
  IIIIIZII: (-3.1358026853075178e-12+0j)
  ZZIIIZII: (-0.07299110075757893+0j)
  ZIIIZIII: (-0.05080717433331755+0j)

 

Information about the circuit: 
Number of qubits: 8
 Depth : 31

--- Starting Optimization Loop (method=COBYLA) ---
Iter 10: Cost = -0.4451461318602737
Iter 20: Cost = -0.4396909862860171
Optimization success: True
Optimal Params: [-0.03536853 -0.06082253  0.20473526  0.32936539]

--- Final Statevector (exact) ---
Marginals: [0.017944813318227237, 0.09242812646648876, 0.01683485420302405, 0.013710452692153114, 0.03746175774634125, 0.06148523391942024, 0.046216529428045515, 0.01528286387447737]

  ┌─ Depth 3 | Patch (64, 96, 160, 192) | eff_threshold=0.660
  │  θ-only  (before QAOA): [[0.028 0.048]
 [0.029 0.045]]
  │  QAOA    (after  QAOA): [[0.028 0.077]
 [0.032 0.014]]
  │  θ-only  refine: [[0 0]
 [0 0]]
  │  QAOA    refine: [[0 0]
 [0 0]]
  │  Agreement: 4/4 cells
  └─
Transpiling circuit (backend=state_vector, opt_level=0)
  IIIIIIIZ: (-0.037714907586266465+0j)
  IIIZIIII: (-0.037714907586266465+0j)
  IIIIIIIZ: (-1.6005569532248501e-12+0j)
  IIIZIIII: (-8.936512112279109e-08+0j)
  IIIIIIZI: (-0.03983056685646078+0j)
  IIZIIIII: (-0.03983056685646078+0j)
  IIZIIIII: (-7.645496715183016e-13+0j)
  IIZIZIZI: (-3.6726700263134165e-06+0j)
  IIIIIZII: (-0.03410731133472964+0j)
  IZIIIIII: (-0.03410731133472964+0j)
  IZIIIIII: (2.5316519789081298+0j)
  IIIIIZII: (4.070266770156628e-07+0j)
  ZZIIIZII: (0.00475319358648495+0j)
  IIIIZIII: (-0.03930003478520083+0j)
  ZIIIIIII: (-0.03930003478520083+0j)
  ZIIIZIII: (-6.634174518921352e-06+0j)

 

Information about the circuit: 
Number of qubits: 8
 Depth : 19

--- Starting Optimization Loop (method=COBYLA) ---
Iter 10: Cost = -0.4163381766001083
Optimization success: True
Optimal Params: [ 0.11438751 -0.00886971  0.17181502  0.2145957 ]

--- Final Statevector (exact) ---
Marginals: [0.019806231566578996, 0.05954792379066545, 0.34279827152632647, 0.006008895129116539, 0.013458117137962845, 0.033149523269163164, 0.5238728512811307, 0.018814241556536822]

  ┌─ Depth 3 | Patch (96, 128, 128, 160) | eff_threshold=0.660
  │  θ-only  (before QAOA): [[0.044 0.03 ]
 [0.446 0.032]]
  │  QAOA    (after  QAOA): [[0.017 0.046]
 [0.433 0.012]]
  │  θ-only  refine: [[0 0]
 [0 0]]
  │  QAOA    refine: [[0 0]
 [0 0]]
  │  Agreement: 4/4 cells
  └─
Transpiling circuit (backend=state_vector, opt_level=0)
  IIIIIIIZ: (-0.0002720178031576596+0j)
  IIIZIIII: (-0.0002720178031576596+0j)
  IIIIIIIZ: (-3.2468294628501538e-12+0j)
  IIIZIIII: (-1.1833333473076217e-12+0j)
  IIZZIZIZ: (-0.00030226435803282925+0j)
  IIIIIIZI: (-0.0002706491862885835+0j)
  IIZIIIII: (-0.0002706491862885835+0j)
  IIZIIIII: (-1.8824324682734443e-12+0j)
  IIZIZIZI: (-0.0003658292652388271+0j)
  IIIIIZII: (-0.0002712311796847047+0j)
  IZIIIIII: (-0.0002712311796847047+0j)
  IIIIIZII: (-1.0450646506096368e-12+0j)
  ZZIIIZII: (-0.0002460980087527612+0j)
  IIIIZIII: (-0.00027075474220300425+0j)
  ZIIIIIII: (-0.00027075474220300425+0j)
  ZIIIZIII: (-0.10505497158394868+0j)

 

Information about the circuit: 
Number of qubits: 8
 Depth : 35

--- Starting Optimization Loop (method=COBYLA) ---
Iter 10: Cost = -0.10235273532602134
Optimization success: True
Optimal Params: [0.05707639 0.05454644 0.21186074 0.42258986]

--- Final Statevector (exact) ---
Marginals: [0.05483253005568911, 0.09069013964982543, 0.03751134792850033, 0.009963606426546194, 0.034916555301616005, 0.08809090939165795, 0.017766034143218878, 0.02032237258096116]

  ┌─ Depth 3 | Patch (96, 128, 160, 192) | eff_threshold=0.660
  │  θ-only  (before QAOA): [[0.03  0.037]
 [0.03  0.029]]
  │  QAOA    (after  QAOA): [[0.045 0.089]
 [0.028 0.015]]
  │  θ-only  refine: [[0 0]
 [0 0]]
  │  QAOA    refine: [[0 0]
 [0 0]]
  │  Agreement: 4/4 cells
  └─
Transpiling circuit (backend=state_vector, opt_level=0)
  IIIIIIIZ: (-8.88033945717819e-05+0j)
  IIIZIIII: (-8.88033945717819e-05+0j)
  IIIIIIZZ: (-0.0001446929845739662+0j)
  IZIZIIII: (-2.0101962227068675e-06+0j)
  IIIIIIIZ: (-0.0002874496401661115+0j)
  IIIZIIII: (-3.2615109577960355e-06+0j)
  IIZZIZIZ: (-1.877003133340106e-05+0j)
  IIIIIIZI: (-9.267479668836902e-05+0j)
  IIZIIIII: (-9.267479668836902e-05+0j)
  IIIIIIZI: (0.09046251565889157+0j)
  ZIZIIIII: (-1+0j)
  IIZIIIII: (-1.8925241546604752+0j)
  IIZIZIZI: (-0.04928294729535728+0j)
  IIZIZIZI: (-0.14211099130738836+0j)
  IIIIIZII: (-9.771868478173841e-05+0j)
  IZIIIIII: (-9.771868478173841e-05+0j)
  IIIIZZII: (-0.15481753984076008+0j)
  IZIIIIII: (-3.1683667477057116e-06+0j)
  IIIIIZII: (-0.36002179814726265+0j)
  ZZIIIZII: (-0.11784941967172083+0j)
  ZZIIIZII: (-0.18886398424945502+0j)
  IIIIZIII: (-9.655962611487568e-05+0j)
  ZIIIIIII: (-9.655962611487568e-05+0j)
  IIIIZIII: (0.451611994380476+0j)
  ZIIIIIII: (0.6124153858075159+0j)
  ZIIIZIII: (-0.05363809890312157+0j)
  ZIIIZIII: (-0.06907539703873446+0j)

 

Information about the circuit: 
Number of qubits: 8
 Depth : 74

--- Starting Optimization Loop (method=COBYLA) ---
Iter 10: Cost = -1.9238085881958424
Iter 20: Cost = -2.1325768184556715
Iter 30: Cost = -2.294468816200647
Optimization success: True
Optimal Params: [-0.15767798 -0.15910419  0.21897882  0.02596279]

--- Final Statevector (exact) ---
Marginals: [0.3061140557493666, 0.06577562208929236, 0.16008212390777915, 0.41329361912553586, 0.3060918032500928, 0.027816695650536506, 0.21877821294338418, 0.2545224005278975]

  ┌─ Depth 3 | Patch (64, 96, 224, 256) | eff_threshold=0.660
  │  θ-only  (before QAOA): [[0.071 0.164]
 [0.084 0.231]]
  │  QAOA    (after  QAOA): [[0.306 0.047]
 [0.189 0.334]]
  │  θ-only  refine: [[0 0]
 [0 0]]
  │  QAOA    refine: [[0 0]
 [0 0]]
  │  Agreement: 4/4 cells
  └─
Transpiling circuit (backend=state_vector, opt_level=0)
  IIIIIIIZ: (-0.07292533987334283+0j)
  IIIZIIII: (-0.07292533987334283+0j)
  IIIIIIZZ: (-0.09685939057292409+0j)
  IZIZIIII: (-0.08021847113066483+0j)
  IIIIIIIZ: (-0.21289284833984948+0j)
  IIIZIIII: (-0.12524145158369546+0j)
  IIZZIZIZ: (-0.9898190639322577+0j)
  IIZZIZIZ: (-0.4056583129375903+0j)
  IIIIIIZI: (0.041199992919099884+0j)
  IIZIIIII: (0.041199992919099884+0j)
  IIIIIIZI: (-0.00023125810553405402+0j)
  ZIZIIIII: (-5.1768425956270564e-05+0j)
  IIZIIIII: (6.508774050891285e-05+0j)
  IIZIZIZI: (-0.000244818454723037+0j)
  IIZIZIZI: (-0.37362502760387156+0j)
  IIIIIZII: (0.02125691652361482+0j)
  IZIIIIII: (0.02125691652361482+0j)
  IIIIZZII: (-0.00031303894717105764+0j)
  IZIIIIII: (-0.0009390544349798353+0j)
  IIIIIZII: (-3.403335271259981e-05+0j)
  ZZIIIZII: (-0.5368522567046129+0j)
  ZZIIIZII: (-0.33219192313843027+0j)
  IIIIZIII: (0.03409505266461702+0j)
  ZIIIIIII: (0.03409505266461702+0j)
  ZIIIZIII: (-0.017208340350708774+0j)

 

Information about the circuit: 
Number of qubits: 8
 Depth : 86

--- Starting Optimization Loop (method=COBYLA) ---
Iter 10: Cost = -0.9774578800870215
Iter 20: Cost = -1.5097515965253494
Optimization success: True
Optimal Params: [ 0.00615572 -0.17951954  0.15124845  0.37761473]

--- Final Statevector (exact) ---
Marginals: [0.18610755167291634, 0.0983755969898269, 0.18487178574612453, 0.017086459638470306, 0.19516103407093932, 0.20779921284924108, 0.26727186852438534, 0.10169864541786429]

  ┌─ Depth 3 | Patch (96, 128, 224, 256) | eff_threshold=0.660
  │  θ-only  (before QAOA): [[0.2   0.208]
 [0.173 0.051]]
  │  QAOA    (after  QAOA): [[0.191 0.153]
 [0.226 0.059]]
  │  θ-only  refine: [[0 0]
 [0 0]]
  │  QAOA    refine: [[0 0]
 [0 0]]
  │  Agreement: 4/4 cells
  └─
Transpiling circuit (backend=state_vector, opt_level=0)
  IIIIIIIZ: (-2.279819640264241e-05+0j)
  IIIZIIII: (-2.279819640264241e-05+0j)
  IIIIIIIZ: (7.2463950197508765e-12+0j)
  IIIZIIII: (-1.931226311337005e-09+0j)
  IIZZIZIZ: (-0.740040200098502+0j)
  IIIIIIZI: (-0.0006516456084160468+0j)
  IIZIIIII: (-0.0006516456084160468+0j)
  IIZIIIII: (-1.284607376375244e-12+0j)
  IIZIZIZI: (-0.829840311130638+0j)
  IIZIZIZI: (-0.4992228438355962+0j)
  IIIIIZII: (-0.00018192686609256632+0j)
  IZIIIIII: (-0.00018192686609256632+0j)
  IIIIIZII: (-1.144606058847284e-11+0j)
  ZZIIIZII: (-0.6884512078941531+0j)
  ZZIIIZII: (-0.2424173324344323+0j)
  IIIIZIII: (-0.0006328379610668671+0j)
  ZIIIIIII: (-0.0006328379610668671+0j)
  ZIIIZIII: (-0.7593027421214579+0j)
  ZIIIZIII: (-0.4544850365029768+0j)

 

Information about the circuit: 
Number of qubits: 8
 Depth : 46

--- Starting Optimization Loop (method=COBYLA) ---
Iter 10: Cost = -3.241090806796959
Optimization success: True
Optimal Params: [0.         0.         0.07426315 0.1485263 ]

--- Final Statevector (exact) ---
Marginals: [0.14536010067185276, 0.027098801634795538, 0.044944932810840686, 0.03404025175673902, 0.14536010067185284, 0.02709880163479555, 0.04494493281084069, 0.03404025175673903]

  ┌─ Depth 3 | Patch (128, 160, 32, 64) | eff_threshold=0.660
  │  θ-only  (before QAOA): [[0.145 0.027]
 [0.045 0.034]]
  │  QAOA    (after  QAOA): [[0.145 0.027]
 [0.045 0.034]]
  │  θ-only  refine: [[0 0]
 [0 0]]
  │  QAOA    refine: [[0 0]
 [0 0]]
  │  Agreement: 4/4 cells
  └─
Transpiling circuit (backend=state_vector, opt_level=0)
  IIIIIIIZ: (-2.031008229616444e-10+0j)
  IIIZIIII: (-1.2766134687236155e-11+0j)
  IIZZIZIZ: (-0.8818547795797702+0j)
  IIZZIZIZ: (-0.5478996032853416+0j)
  IIZIIIII: (-3.7976914346406024e-08+0j)
  IIZIZIZI: (-0.2076440708808394+0j)
  IIZIZIZI: (-0.5127834818808386+0j)
  IIIIIZII: (-1.5535265633750968e-09+0j)
  ZZIIIZII: (-0.7115619949713821+0j)
  ZZIIIZII: (-0.48444047752442737+0j)
  ZIIIZIII: (-0.015224841389208202+0j)
  ZIIIZIII: (-0.43993678385794327+0j)

 

Information about the circuit: 
Number of qubits: 8
 Depth : 56

--- Starting Optimization Loop (method=COBYLA) ---
Iter 10: Cost = -2.8879853902009844
Optimization success: True
Optimal Params: [ 0.10189646 -0.1049368   0.06319056  0.1735193 ]

--- Final Statevector (exact) ---
Marginals: [0.029990737861860236, 0.05384039774331483, 0.03581533798399623, 0.06013682713082433, 0.026576704353847486, 0.05197184519832752, 0.04719382924279874, 0.03950093945911933]

  ┌─ Depth 3 | Patch (160, 192, 32, 64) | eff_threshold=0.660
  │  θ-only  (before QAOA): [[0.038 0.052]
 [0.051 0.063]]
  │  QAOA    (after  QAOA): [[0.028 0.053]
 [0.042 0.05 ]]
  │  θ-only  refine: [[0 0]
 [0 0]]
  │  QAOA    refine: [[0 0]
 [0 0]]
  │  Agreement: 4/4 cells
  └─
Transpiling circuit (backend=state_vector, opt_level=0)
  IIIIIIIZ: (-5.7181389104689685e-05+0j)
  IIIZIIII: (-5.7181389104689685e-05+0j)
  IIIIIIIZ: (-3.442423532514913e-08+0j)
  IIIZIIII: (-5.034219798798963e-13+0j)
  IIZZIZIZ: (-3.4671282957877072e-06+0j)
  IIIIIIZI: (-5.694758976168814e-05+0j)
  IIZIIIII: (-5.694758976168814e-05+0j)
  IIIIIIZI: (1.4188007156641649+0j)
  IIZIIIII: (6.498917651727954e-08+0j)
  IIZIZIZI: (0.005918248074789881+0j)
  IIIIIZII: (-5.7587092951084786e-05+0j)
  IZIIIIII: (-5.7587092951084786e-05+0j)
  IIIIIZII: (-1.1160995500766996e-12+0j)
  ZZIIIZII: (-1.0589460568314604e-06+0j)
  IIIIZIII: (-5.7714397398814787e-05+0j)
  ZIIIIIII: (-5.7714397398814787e-05+0j)

 

Information about the circuit: 
Number of qubits: 8
 Depth : 34

--- Starting Optimization Loop (method=COBYLA) ---
Iter 10: Cost = 0.44127393328429815
Iter 20: Cost = -0.191538185778
Iter 30: Cost = -0.37231199932699166
Optimization success: True
Optimal Params: [-0.25802039  0.16106037  0.23312836  0.5848867 ]

--- Final Statevector (exact) ---
Marginals: [0.06215191384610248, 0.6173289641829642, 0.023691205018404424, 0.09147025811200941, 0.04611391690420924, 0.4049481232333635, 0.04424555770699093, 0.09141104324412955]

  ┌─ Depth 3 | Patch (128, 160, 96, 128) | eff_threshold=0.660
  │  θ-only  (before QAOA): [[0.031 0.312]
 [0.029 0.044]]
  │  QAOA    (after  QAOA): [[0.054 0.511]
 [0.034 0.091]]
  │  θ-only  refine: [[0 0]
 [0 0]]
  │  QAOA    refine: [[0 0]
 [0 0]]
  │  Agreement: 4/4 cells
  │  Boundary activation: ['right']
  └─
  │  Boundary probe: (144, 160, 112, 128) (prob=0.091)
Transpiling circuit (backend=state_vector, opt_level=0)
  IIIIIIIZ: (-0.002697835052172388+0j)
  IIIZIIII: (-0.002697835052172388+0j)
  IIIIIIZZ: (-5.381909521018699e-05+0j)
  IZIZIIII: (-0.00041744554614674476+0j)
  IIIIIIIZ: (-9.448704647295598e-05+0j)
  IIIZIIII: (-0.0008562001737260645+0j)
  IIZZIZIZ: (-1+0j)
  IIZZIZIZ: (-0.34367481725680976+0j)
  IIIIIIZI: (-0.002524970793210171+0j)
  IIZIIIII: (-0.002524970793210171+0j)
  IIIIIIZI: (-3.4918155493751265e-06+0j)
  ZIZIIIII: (-0.09523892119353546+0j)
  IIZIIIII: (-0.1719731577755142+0j)
  IIZIZIZI: (-0.5720698623608654+0j)
  IIZIZIZI: (-0.31465519686063237+0j)
  IIIIIZII: (-0.002474127786211365+0j)
  IZIIIIII: (-0.002474127786211365+0j)
  IIIIZZII: (-0.3876556903162397+0j)
  IIIIIZII: (-0.9417000907905458+0j)
  ZZIIIZII: (-0.004706346679466104+0j)
  IIIIZIII: (-0.0009868708294816086+0j)
  ZIIIIIII: (-0.0009868708294816086+0j)
  IIIIZIII: (-0.0011002645030440414+0j)
  ZIIIIIII: (0.147859593094673+0j)
  ZIIIZIII: (-0.3657143064312424+0j)
  ZIIIZIII: (-0.15128885266892575+0j)

 

Information about the circuit: 
Number of qubits: 8
 Depth : 78

--- Starting Optimization Loop (method=COBYLA) ---
Iter 10: Cost = -2.1104126925391764
Iter 20: Cost = -2.4961278979428143
Optimization success: True
Optimal Params: [ 0.17511048 -0.01984743 -0.08282533  0.19217651]

--- Final Statevector (exact) ---
Marginals: [0.040683924022730536, 0.02883841568358083, 0.04784626180610514, 0.31926228162955944, 0.04038131546494424, 0.058554271309355234, 0.13897407809609003, 0.08325662890838244]

  ┌─ Depth 3 | Patch (192, 224, 32, 64) | eff_threshold=0.660
  │  θ-only  (before QAOA): [[0.118 0.1  ]
 [0.124 0.187]]
  │  QAOA    (after  QAOA): [[0.041 0.044]
 [0.093 0.201]]
  │  θ-only  refine: [[0 0]
 [0 0]]
  │  QAOA    refine: [[0 0]
 [0 0]]
  │  Agreement: 4/4 cells
  └─
Transpiling circuit (backend=state_vector, opt_level=0)
  IIIIIIIZ: (-1.9352564837486327e-05+0j)
  IIIZIIII: (-1.9352564837486327e-05+0j)
  IIIIIIIZ: (-2.987010149321631e-09+0j)
  IIIZIIII: (-9.284154860908486e-11+0j)
  IIZZIZIZ: (-0.9896816869572832+0j)
  IIIIIIZI: (-1.876199675647229e-05+0j)
  IIZIIIII: (-1.876199675647229e-05+0j)
  IIIIIIZI: (0.00012728159144116916+0j)
  IIZIIIII: (1.0807037424419454e-07+0j)
  IIZIZIZI: (-0.5109858566716895+0j)
  IIZIZIZI: (-0.5821252878995841+0j)
  IIIIIZII: (-1.7195735751793865e-05+0j)
  IZIIIIII: (-1.7195735751793865e-05+0j)
  IIIIIZII: (-9.071213270936745e-10+0j)
  ZZIIIZII: (-0.8476470554836629+0j)
  ZZIIIZII: (-0.9279694308212059+0j)
  IIIIZIII: (-1.674627595556823e-05+0j)
  ZIIIIIII: (-1.674627595556823e-05+0j)
  ZIIIZIII: (-0.21483115320847804+0j)
  ZIIIZIII: (-0.7849094106220953+0j)

 

Information about the circuit: 
Number of qubits: 8
 Depth : 46

--- Starting Optimization Loop (method=COBYLA) ---
Iter 10: Cost = -2.9615642291666826
Optimization success: True
Optimal Params: [-0.02391942 -0.03768605  0.06413244  0.1285162 ]

--- Final Statevector (exact) ---
Marginals: [0.06475374374571032, 0.15400928498117092, 0.025361213992381143, 0.08468415978963849, 0.06441099545790738, 0.15810244820192, 0.02791250346354627, 0.07979931576509047]

  ┌─ Depth 3 | Patch (224, 256, 32, 64) | eff_threshold=0.660
  │  θ-only  (before QAOA): [[0.039 0.198]
 [0.044 0.057]]
  │  QAOA    (after  QAOA): [[0.065 0.156]
 [0.027 0.082]]
  │  θ-only  refine: [[0 0]
 [0 0]]
  │  QAOA    refine: [[0 0]
 [0 0]]
  │  Agreement: 4/4 cells
  └─
Transpiling circuit (backend=state_vector, opt_level=0)
  IIIIIIIZ: (0.0026995618963491803+0j)
  IIIZIIII: (0.0026995618963491803+0j)
  IIIIIIZZ: (-1.235538273285051e-06+0j)
  IZIZIIII: (-0.014678870115508986+0j)
  IIIIIIIZ: (1.2156562084581811e-06+0j)
  IIIZIIII: (-0.0014264460403745083+0j)
  IIZZIZIZ: (-7.591629884571044e-05+0j)
  IIIIIIZI: (0.003614403014579303+0j)
  IIZIIIII: (0.003614403014579303+0j)
  ZIZIIIII: (-0.056995489076435035+0j)
  IIZIIIII: (-0.057595111605352425+0j)
  IIZIZIZI: (-0.14371464877071785+0j)
  IIZIZIZI: (-0.09089956765018228+0j)
  IIIIIZII: (-0.0027296364374750437+0j)
  IZIIIIII: (-0.0027296364374750437+0j)
  IIIIIZII: (-5.938552271750929e-09+0j)
  ZZIIIZII: (-0.21613781306155075+0j)
  ZZIIIZII: (-0.24224082350028872+0j)
  IIIIZIII: (0.0005774023851618899+0j)
  ZIIIIIII: (0.0005774023851618899+0j)
  ZIIIZIII: (-0.20290778603599005+0j)

 

Information about the circuit: 
Number of qubits: 8
 Depth : 49

--- Starting Optimization Loop (method=COBYLA) ---
Iter 10: Cost = -0.7463701735611544
Optimization success: True
Optimal Params: [0.10358276 0.17752189 0.26118734 0.26603432]

--- Final Statevector (exact) ---
Marginals: [0.5455949841360243, 0.14941184141442757, 0.010689515751756074, 0.04662617581879711, 0.5455777225434177, 0.1136454100436152, 0.010889525125530123, 0.0211478801070924]

  ┌─ Depth 3 | Patch (224, 256, 64, 96) | eff_threshold=0.660
  │  θ-only  (before QAOA): [[0.273 0.33 ]
 [0.061 0.074]]
  │  QAOA    (after  QAOA): [[0.546 0.132]
 [0.011 0.034]]
  │  θ-only  refine: [[0 0]
 [0 0]]
  │  QAOA    refine: [[0 0]
 [0 0]]
  │  Agreement: 4/4 cells
  │  Boundary activation: ['top']
  └─
  │  Boundary probe: (224, 240, 80, 96) (prob=0.132)
Transpiling circuit (backend=state_vector, opt_level=0)
  IIIIIIIZ: (0.014781586307676965+0j)
  IIIZIIII: (0.014781586307676965+0j)
  IIIIIIZZ: (-0.0013369321826729897+0j)
  IIIIIIIZ: (0.005007303301887675+0j)
  IIIZIIII: (-4.1637346020530525e-12+0j)
  IIZZIZIZ: (-0.30361550512232005+0j)
  IIZZIZIZ: (-0.10056297793884007+0j)
  IIIIIIZI: (-0.017107010689650964+0j)
  IIZIIIII: (-0.017107010689650964+0j)
  IIIIIIZI: (-0.09364087529616563+0j)
  IIZIIIII: (-1.4198344441458913e-12+0j)
  IIZIZIZI: (-0.14866830406942+0j)
  IIZIZIZI: (-0.09345137372137943+0j)
  IIIIIZII: (0.11072392549505466+0j)
  IZIIIIII: (0.11072392549505466+0j)
  IZIIIIII: (-0.00237506320755188+0j)
  IIIIIZII: (-8.722861808963829e-31+0j)
  ZZIIIZII: (-0.28525215572024565+0j)
  ZZIIIZII: (-0.10404670423537211+0j)
  IIIIZIII: (0.059495706029411816+0j)
  ZIIIIIII: (0.059495706029411816+0j)
  ZIIIZIII: (-0.028328128422728922+0j)
  ZIIIZIII: (-0.009467415939028164+0j)

 

Information about the circuit: 
Number of qubits: 8
 Depth : 60

--- Starting Optimization Loop (method=COBYLA) ---
Iter 10: Cost = 0.011493851123976852
Optimization success: True
Optimal Params: [ 0.05868976 -0.01454595  0.07399893  0.21795032]

--- Final Statevector (exact) ---
Marginals: [0.39770932108843704, 0.2535332557477995, 0.35240128554233385, 0.3557347591727902, 0.3158154338294629, 0.18157276395087457, 0.35224610143709856, 0.44244290460638086]

  ┌─ Depth 3 | Patch (224, 256, 96, 128) | eff_threshold=0.660
  │  θ-only  (before QAOA): [[0.358 0.216]
 [0.395 0.399]]
  │  QAOA    (after  QAOA): [[0.357 0.218]
 [0.352 0.399]]
  │  θ-only  refine: [[0 0]
 [0 0]]
  │  QAOA    refine: [[0 0]
 [0 0]]
  │  Agreement: 4/4 cells
  └─
Transpiling circuit (backend=state_vector, opt_level=0)
  IIIIIIIZ: (0.03386681003833475+0j)
  IIIZIIII: (0.03386681003833475+0j)
  IIIIIIZZ: (-0.658803683695315+0j)
  IIIIIIIZ: (2.226298295592481+0j)
  IIIZIIII: (9.042199401882396e-36+0j)
  IIZZIZIZ: (-0.1186418342263364+0j)
  IIZZIZIZ: (-0.2436715856246432+0j)
  IIIIIIZI: (-0.007534034937530475+0j)
  IIZIIIII: (-0.007534034937530475+0j)
  IIZIIIII: (-6.395493510409652e-08+0j)
  IIZIZIZI: (-0.21372371568305923+0j)
  IIIIIZII: (0.02532458939828915+0j)
  IZIIIIII: (0.02532458939828915+0j)
  IIIIIZII: (-4.4890276149176833e-13+0j)
  ZZIIIZII: (-0.027601203244815+0j)
  ZZIIIZII: (-0.048833684230509544+0j)
  IIIIZIII: (-0.0009232605732979258+0j)
  ZIIIIIII: (-0.0009232605732979258+0j)
  ZIIIIIII: (0.0005550736229754646+0j)
  ZIIIZIII: (-0.09663654570385703+0j)
  ZIIIZIII: (-0.1458355790670565+0j)

 

Information about the circuit: 
Number of qubits: 8
 Depth : 55

--- Starting Optimization Loop (method=COBYLA) ---
Iter 10: Cost = -1.1736646880040016
Iter 20: Cost = -2.3321849159526713
Iter 30: Cost = -2.496465272373856
Iter 40: Cost = -2.473176385569495
Optimization success: False
Optimal Params: [-0.39269908 -0.37913596 -0.0942476   0.06929788]

--- Final Statevector (exact) ---
Marginals: [0.9913131269492419, 0.6061504031347889, 0.9985508418640755, 0.8320002784637449, 0.9959022589667371, 0.5062864339888634, 0.9996364436004169, 0.7667938473155432]

  ┌─ Depth 3 | Patch (128, 160, 128, 160) | eff_threshold=0.660
  │  θ-only  (before QAOA): [[0.568 0.045]
 [0.531 0.136]]
  │  QAOA    (after  QAOA): [[0.994 0.556]
 [0.999 0.799]]
  │  θ-only  refine: [[0 0]
 [0 0]]
  │  QAOA    refine: [[1 0]
 [1 1]]
  │  Agreement: 1/4 cells
  │  Boundary activation: ['left']
  └─
Transpiling circuit (backend=state_vector, opt_level=0)
  IIIIIIIZ: (-0.5316925439268916+0j)
  IIIZIIII: (-0.5316925439268916+0j)
  IIIIIIIZ: (-1.0593444489331584e-13+0j)
  IIIZIIII: (-3.8568454828753805e-13+0j)
  IIZZIZIZ: (-0.6202099730386154+0j)
  IIZZIZIZ: (-0.5568981149526112+0j)
  IIIIIIZI: (-0.5442076535067844+0j)
  IIZIIIII: (-0.5442076535067844+0j)
  IIZIIIII: (-2.41244506872983e-14+0j)
  IIZIZIZI: (-0.19592876697327785+0j)
  IIZIZIZI: (-0.5524692498943236+0j)
  IIIIIZII: (-0.5264346840774123+0j)
  IZIIIIII: (-0.5264346840774123+0j)
  IIIIIZII: (-1.645479089093038e-13+0j)
  ZZIIIZII: (-3.197412231380719e-05+0j)
  ZZIIIZII: (-0.521596961952326+0j)
  IIIIZIII: (-0.5487473546391194+0j)
  ZIIIIIII: (-0.5487473546391194+0j)
  ZIIIZIII: (-0.00015075078199628704+0j)
  ZIIIZIII: (-0.5002600342091906+0j)

 

Information about the circuit: 
Number of qubits: 8
 Depth : 60

--- Starting Optimization Loop (method=COBYLA) ---
Iter 10: Cost = -6.594446446393019
Iter 20: Cost = -6.9280971535607705
Optimization success: True
Optimal Params: [ 0.1290968  -0.13224681 -0.05556647  0.28062991]

--- Final Statevector (exact) ---
Marginals: [0.013880754221989004, 0.021398930286721764, 0.02794106826114798, 0.0061689167539093455, 0.0077340714154856115, 0.007950789568694326, 0.013303507870442415, 0.00812410930025332]

  ┌─ Depth 3 | Patch (128, 160, 160, 192) | eff_threshold=0.660
  │  θ-only  (before QAOA): [[0.031 0.023]
 [0.031 0.029]]
  │  QAOA    (after  QAOA): [[0.011 0.015]
 [0.021 0.007]]
  │  θ-only  refine: [[0 0]
 [0 0]]
  │  QAOA    refine: [[0 0]
 [0 0]]
  │  Agreement: 4/4 cells
  └─
Transpiling circuit (backend=state_vector, opt_level=0)
  IIIIIIIZ: (-0.00047051967188132746+0j)
  IIIZIIII: (-0.00047051967188132746+0j)
  IIIIIIZZ: (-0.00015662437244959806+0j)
  IZIZIIII: (-0.0015407721886877498+0j)
  IIIIIIIZ: (-0.0003972728342969461+0j)
  IIIZIIII: (0.00999978115025837+0j)
  IIZZIZIZ: (-0.7180113431138274+0j)
  IIZZIZIZ: (-0.35858891642365276+0j)
  IIIIIIZI: (0.002657004575123197+0j)
  IIZIIIII: (0.002657004575123197+0j)
  IIIIIIZI: (-0.0342505858463232+0j)
  ZIZIIIII: (-0.46001085366653033+0j)
  IIZIIIII: (-0.13398728077380134+0j)
  IIZIZIZI: (-0.16882135167709453+0j)
  IIZIZIZI: (-0.28425723978928713+0j)
  IIIIIZII: (-0.0008638685155050906+0j)
  IZIIIIII: (-0.0008638685155050906+0j)
  IIIIIZII: (-1.6924870395054923e-07+0j)
  ZZIIIZII: (-0.2553526590060822+0j)
  ZZIIIZII: (-0.3235199548340643+0j)
  IIIIZIII: (0.0007288384303374717+0j)
  ZIIIIIII: (0.0007288384303374717+0j)
  ZIIIZIII: (-0.7254191619441203+0j)
  ZIIIZIII: (-0.28176309954887235+0j)

 

Information about the circuit: 
Number of qubits: 8
 Depth : 64

--- Starting Optimization Loop (method=COBYLA) ---
Iter 10: Cost = -1.8841256510342184
Iter 20: Cost = -2.4222733166053407
Optimization success: True
Optimal Params: [ 0.20916562 -0.18927977 -0.08260761  0.43229198]

--- Final Statevector (exact) ---
Marginals: [0.3457060525755448, 0.23447915889884882, 0.0796437128269007, 0.04105268650085258, 0.34425392474766575, 0.1740634783533459, 0.052429682339588196, 0.022563164029634538]

  ┌─ Depth 3 | Patch (160, 192, 128, 160) | eff_threshold=0.660
  │  θ-only  (before QAOA): [[0.414 0.258]
 [0.062 0.11 ]]
  │  QAOA    (after  QAOA): [[0.345 0.204]
 [0.066 0.032]]
  │  θ-only  refine: [[0 0]
 [0 0]]
  │  QAOA    refine: [[0 0]
 [0 0]]
  │  Agreement: 4/4 cells
  └─
Transpiling circuit (backend=state_vector, opt_level=0)
  IIIIIIIZ: (-0.0002356016293879639+0j)
  IIIZIIII: (-0.0002356016293879639+0j)
  IIIIIIZZ: (-4.0579735133808225e-06+0j)
  IIIIIIIZ: (-1.1233968308647554e-05+0j)
  IIIZIIII: (-8.55338513249699e-10+0j)
  IIZZIZIZ: (-0.2656283152130634+0j)
  IIZZIZIZ: (-0.3739412367958635+0j)
  IIIIIIZI: (-0.0002337107878897836+0j)
  IIZIIIII: (-0.0002337107878897836+0j)
  IIIIIIZI: (-0.00039042699383564494+0j)
  ZIZIIIII: (-0.0015792536722767485+0j)
  IIZIIIII: (-0.00040082938145642835+0j)
  IIZIZIZI: (-0.771182779905232+0j)
  IIZIZIZI: (-0.29843900304611753+0j)
  IIIIIZII: (-0.00023515833867618797+0j)
  IZIIIIII: (-0.00023515833867618797+0j)
  IIIIZZII: (-8.755287118586419e-06+0j)
  IIIIIZII: (-2.243853706399728e-05+0j)
  ZZIIIZII: (-0.6262018882880448+0j)
  IIIIZIII: (-0.00018741678501124826+0j)
  ZIIIIIII: (-0.00018741678501124826+0j)
  ZIIIZIII: (-0.800400078468569+0j)

 

Information about the circuit: 
Number of qubits: 8
 Depth : 71

--- Starting Optimization Loop (method=COBYLA) ---
Iter 10: Cost = -1.6487066467312923
Optimization success: True
Optimal Params: [0.00226889 0.00445557 0.17483655 0.2496731 ]

--- Final Statevector (exact) ---
Marginals: [0.04146795760178786, 0.13140350199568354, 0.0782751769330174, 0.09702770168699447, 0.043604984123834026, 0.1322813494344004, 0.07414439910647347, 0.09754699669142844]

  ┌─ Depth 3 | Patch (128, 160, 192, 224) | eff_threshold=0.660
  │  θ-only  (before QAOA): [[0.044 0.135]
 [0.076 0.095]]
  │  QAOA    (after  QAOA): [[0.043 0.132]
 [0.076 0.097]]
  │  θ-only  refine: [[0 0]
 [0 0]]
  │  QAOA    refine: [[0 0]
 [0 0]]
  │  Agreement: 4/4 cells
  └─
Transpiling circuit (backend=state_vector, opt_level=0)
  IIIIIIIZ: (-0.10631762151702136+0j)
  IIIZIIII: (-0.10631762151702136+0j)
  IIIIIIZZ: (-0.001756923615650786+0j)
  IZIZIIII: (-0.0073872246838294214+0j)
  IIIIIIIZ: (-0.0035553399053758934+0j)
  IIIZIIII: (-0.015133442727762186+0j)
  IIZZIZIZ: (-0.40751428223231023+0j)
  IIIIIIZI: (-0.10244067369868497+0j)
  IIZIIIII: (-0.10244067369868497+0j)
  IIIIIIZI: (0.944084738406129+0j)
  ZIZIIIII: (-0.1702651118066661+0j)
  IIZIIIII: (-0.3029602484291581+0j)
  IIZIZIZI: (-0.1823376296755225+0j)
  IIIIIZII: (-0.1013386838826412+0j)
  IZIIIIII: (-0.1013386838826412+0j)
  IIIIZZII: (-0.06866640314802896+0j)
  IZIIIIII: (0.8053033514779696+0j)
  IIIIIZII: (-0.05515266279487522+0j)
  ZZIIIZII: (-0.23549947521593825+0j)
  IIIIZIII: (-0.06983621156887207+0j)
  ZIIIIIII: (-0.06983621156887207+0j)
  IIIIZIII: (0.018219747503853634+0j)
  ZIIIIIII: (1.0360313343304656e-05+0j)
  ZIIIZIII: (-0.09124542975749342+0j)
  ZIIIZIII: (-0.10011315253159288+0j)

 

Information about the circuit: 
Number of qubits: 8
 Depth : 54

--- Starting Optimization Loop (method=COBYLA) ---
Iter 10: Cost = -0.711941282895249
Iter 20: Cost = -0.6485851241092916
Optimization success: True
Optimal Params: [ 0.39269908  0.39269908 -0.32827912  0.22577017]

--- Final Statevector (exact) ---
Marginals: [0.7503637310842006, 0.8957480566540807, 0.8926962898807755, 0.7706854820893045, 0.7543044704701392, 0.8786659468871099, 0.9014379702356192, 0.5464460431972105]

  ┌─ Depth 3 | Patch (160, 192, 224, 256) | eff_threshold=0.660
  │  θ-only  (before QAOA): [[0.085 0.23 ]
 [0.229 0.278]]
  │  QAOA    (after  QAOA): [[0.752 0.887]
 [0.897 0.659]]
  │  θ-only  refine: [[0 0]
 [0 0]]
  │  QAOA    refine: [[1 1]
 [1 0]]
  │  Agreement: 1/4 cells
  └─
Transpiling circuit (backend=state_vector, opt_level=0)
  IIIIIIIZ: (-0.34812461027525504+0j)
  IIIZIIII: (-0.34812461027525504+0j)
  IIIIIIIZ: (-3.8348835647228176e-11+0j)
  IIIZIIII: (-6.490587799343059e-13+0j)
  IIZZIZIZ: (-0.31297183779545+0j)
  IIZZIZIZ: (-0.3014574907467176+0j)
  IIIIIIZI: (-0.3511060962320978+0j)
  IIZIIIII: (-0.3511060962320978+0j)
  IIIIIIZI: (-2.735214197867188e-06+0j)
  ZIZIIIII: (-0.01755795189555981+0j)
  IIZIIIII: (-0.043921791505210264+0j)
  IIZIZIZI: (-0.20732646766052046+0j)
  IIZIZIZI: (-0.2436200897852953+0j)
  IIIIIZII: (-0.34330224199755666+0j)
  IZIIIIII: (-0.34330224199755666+0j)
  IIIIZZII: (-0.0030624955514361334+0j)
  IIIIIZII: (-0.007726055884295678+0j)
  ZZIIIZII: (-0.00010087397760876386+0j)
  ZZIIIZII: (-0.25147304708959894+0j)
  IIIIZIII: (-0.35384649417094266+0j)
  ZIIIIIII: (-0.35384649417094266+0j)
  IIIIZIII: (0.027449366419266825+0j)
  ZIIIIIII: (1.3416325432408138e-05+0j)
  ZIIIZIII: (0.0012904110934905458+0j)
  ZIIIZIII: (0.0013895588481183097+0j)

 

Information about the circuit: 
Number of qubits: 8
 Depth : 83

--- Starting Optimization Loop (method=COBYLA) ---
Iter 10: Cost = -2.4891189851511055
Optimization success: True
Optimal Params: [0.04857103 0.07847681 0.0063079  0.02939104]

--- Final Statevector (exact) ---
Marginals: [0.01836290763670866, 0.18291618139784624, 0.01640995450217996, 0.34311241674519627, 0.031214271505600025, 0.1630352807713628, 0.02966867375979262, 0.34308528880258576]

  ┌─ Depth 3 | Patch (192, 224, 160, 192) | eff_threshold=0.660
  │  θ-only  (before QAOA): [[0.026 0.098]
 [0.063 0.467]]
  │  QAOA    (after  QAOA): [[0.025 0.173]
 [0.023 0.343]]
  │  θ-only  refine: [[0 0]
 [0 0]]
  │  QAOA    refine: [[0 0]
 [0 0]]
  │  Agreement: 4/4 cells
  └─
Transpiling circuit (backend=state_vector, opt_level=0)
  IIIIIIIZ: (-0.005163339237426095+0j)
  IIIZIIII: (-0.005163339237426095+0j)
  IZIZIIII: (-0.0001903682278826528+0j)
  IIIIIIIZ: (-4.978132331943299e-09+0j)
  IIIZIIII: (-0.00041791310660331115+0j)
  IIZZIZIZ: (-0.0003839650181004042+0j)
  IIIIIIZI: (-0.006449267772260256+0j)
  IIZIIIII: (-0.006449267772260256+0j)
  IIZIIIII: (-1.020032449293789e-06+0j)
  IIZIZIZI: (-0.25861035309721253+0j)
  IIIIIZII: (-0.0040526391368596384+0j)
  IZIIIIII: (-0.0040526391368596384+0j)
  IIIIZZII: (-0.0029132063096721458+0j)
  IZIIIIII: (0.1661429359505906+0j)
  IIIIIZII: (0.011343809375115907+0j)
  ZZIIIZII: (0.022266782660524648+0j)
  IIIIZIII: (-0.005775624858376634+0j)
  ZIIIIIII: (-0.005775624858376634+0j)
  IIIIZIII: (-0.0017868354730738033+0j)
  ZIIIZIII: (-0.11266990655514415+0j)

 

Information about the circuit: 
Number of qubits: 8
 Depth : 50

--- Starting Optimization Loop (method=COBYLA) ---
Iter 10: Cost = -0.20657881941723724
Optimization success: True
Optimal Params: [0.05       0.05       0.11777285 0.23554571]

--- Final Statevector (exact) ---
Marginals: [0.13638358957936936, 0.025772864587688914, 0.2663291031949935, 0.06278845766934878, 0.051579681004400274, 0.09024892921022856, 0.26669641583097525, 0.06188088203922648]

  ┌─ Depth 3 | Patch (224, 256, 128, 160) | eff_threshold=0.660
  │  θ-only  (before QAOA): [[0.075 0.066]
 [0.359 0.118]]
  │  QAOA    (after  QAOA): [[0.094 0.058]
 [0.267 0.062]]
  │  θ-only  refine: [[0 0]
 [0 0]]
  │  QAOA    refine: [[0 0]
 [0 0]]
  │  Agreement: 4/4 cells
  └─
Transpiling circuit (backend=state_vector, opt_level=0)
  IIIIIIIZ: (-0.05538169894488584+0j)
  IIIZIIII: (-0.05538169894488584+0j)
  IIIIIIIZ: (-5.342473177811373e-29+0j)
  IIIZIIII: (-6.724829792142867e-08+0j)
  IIZZIZIZ: (-0.524591413514358+0j)
  IIIIIIZI: (0.010602204134040885+0j)
  IIZIIIII: (0.010602204134040885+0j)
  IIIIIIZI: (-4.475304033645274e-06+0j)
  IIZIIIII: (1.6144803431742882e-06+0j)
  IIZIZIZI: (-0.23399228435972597+0j)
  IIZIZIZI: (-0.1252202121531453+0j)
  IIIIIZII: (0.002227528253884118+0j)
  IZIIIIII: (0.002227528253884118+0j)
  IIIIZZII: (-0.5826379752342198+0j)
  IZIIIIII: (-0.8476683946541274+0j)
  IIIIIZII: (-0.3788522725752026+0j)
  ZZIIIZII: (-0.25797461180566644+0j)
  ZZIIIZII: (-0.10590649865496397+0j)
  IIIIZIII: (0.12070722330348418+0j)
  ZIIIIIII: (0.12070722330348418+0j)
  ZIIIZIII: (-0.13638711190174027+0j)
  ZIIIZIII: (-0.11919302600832352+0j)

 

Information about the circuit: 
Number of qubits: 8
 Depth : 66

--- Starting Optimization Loop (method=COBYLA) ---
Iter 10: Cost = -2.2636531119446444
Iter 20: Cost = -2.280898296523861
Optimization success: True
Optimal Params: [ 0.20609077  0.24761263 -0.14385753  0.03399925]

--- Final Statevector (exact) ---
Marginals: [0.06450491023309549, 0.12947745499149724, 0.019233286842353495, 0.025237098803969207, 0.5208769550723943, 0.13304084056656826, 0.015087632324293483, 0.022702585141528536]

  ┌─ Depth 3 | Patch (224, 256, 160, 192) | eff_threshold=0.660
  │  θ-only  (before QAOA): [[0.418 0.534]
 [0.245 0.091]]
  │  QAOA    (after  QAOA): [[0.293 0.131]
 [0.017 0.024]]
  │  θ-only  refine: [[0 0]
 [0 0]]
  │  QAOA    refine: [[0 0]
 [0 0]]
  │  Agreement: 4/4 cells
  └─
Transpiling circuit (backend=state_vector, opt_level=0)
  IIIIIIIZ: (-0.0020309047303676666+0j)
  IIIZIIII: (-0.0020309047303676666+0j)
  IIIIIIZZ: (-1.934257066978312e-06+0j)
  IIIIIIIZ: (-2.085646643967059e-06+0j)
  IIIZIIII: (-1.041116762671716e-10+0j)
  IIZZIZIZ: (-0.22208565464596045+0j)
  IIZZIZIZ: (-0.1365480458662977+0j)
  IIIIIIZI: (-0.0021401718825606653+0j)
  IIZIIIII: (-0.0021401718825606653+0j)
  IIZIIIII: (-1.2485299781534666e-25+0j)
  IIZIZIZI: (-0.03978508995287124+0j)
  IIZIZIZI: (-0.026153916648361496+0j)
  IIIIIZII: (-0.0011458264149840718+0j)
  IZIIIIII: (-0.0011458264149840718+0j)
  IIIIIZII: (3.940424074278828e-34+0j)
  ZZIIIZII: (-0.3431397125695102+0j)
  ZZIIIZII: (-0.13932838547929507+0j)
  IIIIZIII: (0.00023442400228585353+0j)
  ZIIIIIII: (0.00023442400228585353+0j)
  IIIIZIII: (-0.006293061185120339+0j)
  ZIIIIIII: (-0.014001668357631619+0j)
  ZIIIZIII: (-0.356774375925667+0j)
  ZIIIZIII: (-0.08027640710521133+0j)

 

Information about the circuit: 
Number of qubits: 8
 Depth : 61

--- Starting Optimization Loop (method=COBYLA) ---
Iter 10: Cost = -0.04699958361443452
Optimization success: True
Optimal Params: [ 0.05061453 -0.0017485   0.13057637  0.27044038]

--- Final Statevector (exact) ---
Marginals: [0.17980746613083987, 0.5023142932571271, 0.39728102117760244, 0.4569708719058812, 0.18262708452617116, 0.502164678076597, 0.39712746422509326, 0.4035423094484953]

  ┌─ Depth 3 | Patch (192, 224, 192, 224) | eff_threshold=0.660
  │  θ-only  (before QAOA): [[0.156 0.454]
 [0.445 0.451]]
  │  QAOA    (after  QAOA): [[0.181 0.502]
 [0.397 0.43 ]]
  │  θ-only  refine: [[0 0]
 [0 0]]
  │  QAOA    refine: [[0 0]
 [0 0]]
  │  Agreement: 4/4 cells
  └─
Transpiling circuit (backend=state_vector, opt_level=0)
  IIIIIIIZ: (0.04866481984007925+0j)
  IIIZIIII: (0.04866481984007925+0j)
  IIIIIIZZ: (-3.010735822879084e-05+0j)
  IZIZIIII: (-0.040305236715350676+0j)
  IIIIIIIZ: (0.00018676847543532864+0j)
  IIIZIIII: (0.06681830751640316+0j)
  IIZZIZIZ: (-2.8848782621757105e-06+0j)
  IIZZIZIZ: (-0.1853783182012767+0j)
  IIIIIIZI: (0.043124233089639995+0j)
  IIZIIIII: (0.043124233089639995+0j)
  IIIIIIZI: (-0.00018861827077558976+0j)
  ZIZIIIII: (-7.070277976628222e-06+0j)
  IIZIIIII: (1.8821250748406757e-05+0j)
  IIZIZIZI: (-0.10463488386575073+0j)
  IIZIZIZI: (-0.17211617004272017+0j)
  IIIIIZII: (0.05514191432516252+0j)
  IZIIIIII: (0.05514191432516252+0j)
  IIIIIZII: (-1.8686435492723815e-11+0j)
  ZZIIIZII: (-0.23751772055217996+0j)
  ZZIIIZII: (-0.20558655232101833+0j)
  IIIIZIII: (0.009538111563481383+0j)
  ZIIIIIII: (0.009538111563481383+0j)
  ZIIIZIII: (-0.2589963977456366+0j)
  ZIIIZIII: (-0.1963205381920456+0j)

 

Information about the circuit: 
Number of qubits: 8
 Depth : 64

--- Starting Optimization Loop (method=COBYLA) ---
Iter 10: Cost = -0.5678813895580187
Optimization success: True
Optimal Params: [1.56637613e-04 4.00255313e-02 1.51585247e-01 2.02050063e-01]

--- Final Statevector (exact) ---
Marginals: [0.48112269868070195, 0.3244645299084595, 0.0662062313844516, 0.049799069196805344, 0.4810848382572303, 0.30521060601434036, 0.04119409160346483, 0.02869939460969054]

  ┌─ Depth 3 | Patch (192, 224, 224, 256) | eff_threshold=0.660
  │  θ-only  (before QAOA): [[0.441 0.296]
 [0.057 0.037]]
  │  QAOA    (after  QAOA): [[0.481 0.315]
 [0.054 0.039]]
  │  θ-only  refine: [[0 0]
 [0 0]]
  │  QAOA    refine: [[0 0]
 [0 0]]
  │  Agreement: 4/4 cells
  │  Boundary activation: ['top']
  └─
  Depth 4: 59 patch(es) to evaluate
Transpiling circuit (backend=state_vector, opt_level=0)
  IIIIIIIZ: (-3.751510469656258e-08+0j)
  IIIZIIII: (-9.193062053141227e-08+0j)
  IIZIIIII: (-6.264581957241144e-12+0j)
  IIIIIZII: (-1.2344917309844356e-12+0j)

 

Information about the circuit: 
Number of qubits: 8
 Depth : 5

--- Starting Optimization Loop (method=COBYLA) ---
Iter 10: Cost = -8.367126213424164e-09
Iter 20: Cost = -1.954033997710095e-08
Iter 30: Cost = -1.8653825252923727e-08
Optimization success: True
Optimal Params: [0.17790234 0.39269908 0.09718232 0.20446419]

--- Final Statevector (exact) ---
Marginals: [0.6493062971963965, 0.3582810521378461, 0.36801498965079243, 0.35779216801312447, 0.33287557162472636, 0.25529744199576204, 0.2928510358182968, 0.24882927485142664]

  ┌─ Depth 4 | Patch (0, 16, 0, 16) | eff_threshold=0.830
  │  θ-only  (before QAOA): [[0.501 0.037]
 [0.036 0.037]]
  │  QAOA    (after  QAOA): [[0.491 0.307]
 [0.33  0.303]]
  │  θ-only  refine: [[0 0]
 [0 0]]
  │  QAOA    refine: [[0 0]
 [0 0]]
  │  Agreement: 4/4 cells
  └─
Transpiling circuit (backend=state_vector, opt_level=0)
  IIIIIIIZ: (-2.6596561443474004e-15+0j)
  IIIZIIII: (-2.4473894410518793e-14+0j)
  IIZZIZIZ: (-0.9377906498961288+0j)
  IIZIIIII: (-8.949874867195738e-14+0j)
  IIZIZIZI: (-0.8500590830272826+0j)
  IIIIIZII: (-4.4313311642153604e-13+0j)
  ZZIIIZII: (-0.895854714556642+0j)
  ZIIIZIII: (-0.8212951371385836+0j)

 

Information about the circuit: 
Number of qubits: 8
 Depth : 31

--- Starting Optimization Loop (method=COBYLA) ---
Iter 10: Cost = -3.126984173140673
Iter 20: Cost = -3.1522639276188045
Optimization success: True
Optimal Params: [ 0.15064824 -0.09818094  0.02404583  0.24188881]

--- Final Statevector (exact) ---
Marginals: [0.022461145416504978, 0.02994016319096095, 0.023191660696835443, 0.024412779418711283, 0.006240467946282178, 0.0071145566517592405, 0.01352873217865619, 0.011972255261199232]

  ┌─ Depth 4 | Patch (32, 48, 0, 16) | eff_threshold=0.830
  │  θ-only  (before QAOA): [[0.021 0.024]
 [0.034 0.037]]
  │  QAOA    (after  QAOA): [[0.014 0.019]
 [0.018 0.018]]
  │  θ-only  refine: [[0 0]
 [0 0]]
  │  QAOA    refine: [[0 0]
 [0 0]]
  │  Agreement: 4/4 cells
  └─
Transpiling circuit (backend=state_vector, opt_level=0)
  IIIIIIIZ: (-8.04154926221468e-10+0j)
  IIIZIIII: (-1.6510966025358658e-08+0j)
  IIZZIZIZ: (-0.5357391713843512+0j)
  ZIZIIIII: (-4.611629391935466e-05+0j)
  IIZIIIII: (-0.00010830064762250231+0j)
  IIZIZIZI: (-0.4633086500505633+0j)
  IIIIZZII: (-0.00016107945009559928+0j)
  IZIIIIII: (-6.761011331982376e-06+0j)
  IIIIIZII: (-0.00030484675012534823+0j)
  ZZIIIZII: (-0.4254648729419209+0j)
  IIIIZIII: (1.7500017129917078+0j)
  ZIIIIIII: (2.6038911727319354+0j)
  ZIIIZIII: (-0.09154433645489563+0j)

 

Information about the circuit: 
Number of qubits: 8
 Depth : 44

--- Starting Optimization Loop (method=COBYLA) ---
Iter 10: Cost = -1.475684441733657
Iter 20: Cost = -2.4827296726261188
Iter 30: Cost = -2.6867163095339532
Optimization success: True
Optimal Params: [ 0.39269908 -0.36137548  0.0136016   0.72747512]

--- Final Statevector (exact) ---
Marginals: [0.0926315866914988, 0.08664277780552608, 0.1749725204492875, 0.7479950311015783, 0.06418395949450649, 0.08542691563430874, 0.12948381817417304, 0.8244850987241932]

  ┌─ Depth 4 | Patch (48, 64, 0, 16) | eff_threshold=0.830
  │  θ-only  (before QAOA): [[0.048 0.054]
 [0.075 0.275]]
  │  QAOA    (after  QAOA): [[0.078 0.086]
 [0.152 0.786]]
  │  θ-only  refine: [[0 0]
 [0 0]]
  │  QAOA    refine: [[0 0]
 [0 0]]
  │  Agreement: 4/4 cells
  │  Boundary activation: ['bottom', 'right']
  └─
  │  Boundary probe: (48, 56, 8, 16) (prob=0.086)
Transpiling circuit (backend=state_vector, opt_level=0)
  IIIIIIIZ: (-0.004873207811564887+0j)
  IIIZIIII: (-0.004873207811564887+0j)
  IIIIIIIZ: (-2.805080765470994e-14+0j)
  IIIZIIII: (-4.874046061719772e-08+0j)
  IIZZIZIZ: (-0.1884379138027487+0j)
  IIIIIIZI: (-0.004774992902780883+0j)
  IIZIIIII: (-0.004774992902780883+0j)
  ZIZIIIII: (-0.07086002226134512+0j)
  IIZIIIII: (-0.16860171927475776+0j)
  IIZIZIZI: (-0.010140445418781768+0j)
  IIIIIZII: (-0.004979414840261653+0j)
  IZIIIIII: (-0.004979414840261653+0j)
  IIIIZZII: (-0.16963498549978842+0j)
  IZIIIIII: (0.04393909128799019+0j)
  IIIIIZII: (-0.3453557242366781+0j)
  ZZIIIZII: (-0.23106877290007027+0j)
  IIIIZIII: (-0.005052774713564004+0j)
  ZIIIIIII: (-0.005052774713564004+0j)
  ZIIIZIII: (-0.047645337375920034+0j)

 

Information about the circuit: 
Number of qubits: 8
 Depth : 47

--- Starting Optimization Loop (method=COBYLA) ---
Iter 10: Cost = -0.600764091574101
Optimization success: True
Optimal Params: [-0.1498691  -0.10340287  0.129441    0.34034267]

--- Final Statevector (exact) ---
Marginals: [0.053148885698431646, 0.1918384392720793, 0.08497165093077622, 0.17681101543315556, 0.16335420431852865, 0.18934556292015356, 0.48723632790265753, 0.1782517390889772]

  ┌─ Depth 4 | Patch (32, 48, 32, 48) | eff_threshold=0.830
  │  θ-only  (before QAOA): [[0.027 0.04 ]
 [0.248 0.4  ]]
  │  QAOA    (after  QAOA): [[0.108 0.191]
 [0.286 0.178]]
  │  θ-only  refine: [[0 0]
 [0 0]]
  │  QAOA    refine: [[0 0]
 [0 0]]
  │  Agreement: 4/4 cells
  └─
Transpiling circuit (backend=state_vector, opt_level=0)
  IIIIIIIZ: (-0.011352294863361728+0j)
  IIIZIIII: (-0.011352294863361728+0j)
  IIIIIIIZ: (-1.7704930673531725e-12+0j)
  IIIZIIII: (-4.214995126375208e-11+0j)
  IIZZIZIZ: (-0.25881370272767873+0j)
  IIZZIZIZ: (-0.43919785600593203+0j)
  IIIIIIZI: (-0.010086113852112917+0j)
  IIZIIIII: (-0.010086113852112917+0j)
  IIZIIIII: (-1.5552887244883595e-33+0j)
  IIZIZIZI: (-0.020736758800246727+0j)
  IIZIZIZI: (-0.013498672256888838+0j)
  IIIIIZII: (-0.0019196619141837402+0j)
  IZIIIIII: (-0.0019196619141837402+0j)
  IIIIIZII: (4.593628123389546e-34+0j)
  ZZIIIZII: (-0.5014161452664684+0j)
  ZZIIIZII: (-0.26763280027714426+0j)
  IIIIZIII: (0.007410319266573841+0j)
  ZIIIIIII: (0.007410319266573841+0j)
  ZIIIZIII: (-0.3605113945805594+0j)
  ZIIIZIII: (-0.011952554866399972+0j)

 

Information about the circuit: 
Number of qubits: 8
 Depth : 60

--- Starting Optimization Loop (method=COBYLA) ---
Iter 10: Cost = -0.05761223250219412
Optimization success: True
Optimal Params: [0.00019488 0.00873044 0.0891589  0.17826583]

--- Final Statevector (exact) ---
Marginals: [0.23098693099706064, 0.49131300487917473, 0.46665486257686883, 0.44860528976957187, 0.22958308611937228, 0.4907102019306169, 0.46720581951192375, 0.4636140610115613]

  ┌─ Depth 4 | Patch (32, 48, 48, 64) | eff_threshold=0.830
  │  θ-only  (before QAOA): [[0.224 0.482]
 [0.459 0.456]]
  │  QAOA    (after  QAOA): [[0.23  0.491]
 [0.467 0.456]]
  │  θ-only  refine: [[0 0]
 [0 0]]
  │  QAOA    refine: [[0 0]
 [0 0]]
  │  Agreement: 4/4 cells
  └─
Transpiling circuit (backend=state_vector, opt_level=0)
  IIIIIIIZ: (0.04957179194600029+0j)
  IIIZIIII: (0.04957179194600029+0j)
  IIIIIIIZ: (1.7486391949920872e-16+0j)
  IIIZIIII: (1.7159144738157951e-09+0j)
  IIZZIZIZ: (-0.03717441294876927+0j)
  IIZZIZIZ: (-0.029820238475695825+0j)
  IIIIIIZI: (0.04994604658673225+0j)
  IIZIIIII: (0.04994604658673225+0j)
  IIIIIIZI: (-0.0011596371779759326+0j)
  ZIZIIIII: (-0.08516957276220803+0j)
  IIZIIIII: (0.41606492732494704+0j)
  IIZIZIZI: (-0.010276535670739254+0j)
  IIZIZIZI: (-0.08614651479683477+0j)
  IIIIIZII: (0.05136382510579812+0j)
  IZIIIIII: (0.05136382510579812+0j)
  IIIIZZII: (-0.04110523792287333+0j)
  IZIIIIII: (-0.019519035562103822+0j)
  IIIIIZII: (0.07879159674741433+0j)
  ZZIIIZII: (-0.03987135138703459+0j)
  ZZIIIZII: (-0.0953956596356823+0j)
  IIIIZIII: (0.028243670698132235+0j)
  ZIIIIIII: (0.028243670698132235+0j)
  IIIIZIII: (-2.0425300011897813e-05+0j)
  ZIIIIIII: (-8.101613071411416e-06+0j)
  ZIIIZIII: (-0.06564175026364441+0j)

 

Information about the circuit: 
Number of qubits: 8
 Depth : 82

--- Starting Optimization Loop (method=COBYLA) ---
Iter 10: Cost = -0.37186352874709444
Iter 20: Cost = -0.5379705456768665
Iter 30: Cost = -0.5718126319755173
Optimization success: True
Optimal Params: [0.39269908 0.39269908 0.23927395 0.1422508 ]

--- Final Statevector (exact) ---
Marginals: [0.007460383985586754, 0.9886810545984762, 0.8769562129051734, 0.16288543416696305, 0.007419806027612469, 0.9672630911504907, 0.8776480009900303, 0.8359969231726397]

  ┌─ Depth 4 | Patch (48, 64, 32, 48) | eff_threshold=0.830
  │  θ-only  (before QAOA): [[0.418 0.4  ]
 [0.174 0.132]]
  │  QAOA    (after  QAOA): [[0.007 0.978]
 [0.877 0.499]]
  │  θ-only  refine: [[0 0]
 [0 0]]
  │  QAOA    refine: [[0 1]
 [1 0]]
  │  Agreement: 2/4 cells
  │  Boundary activation: ['right']
  └─
Transpiling circuit (backend=state_vector, opt_level=0)
  IIIIIIIZ: (-1.8567619478980137e-05+0j)
  IIIZIIII: (-1.8567619478980137e-05+0j)
  IIIIIIZZ: (-0.007552276607149749+0j)
  IZIZIIII: (-0.05409921481399229+0j)
  IIIIIIIZ: (-0.014087421203892203+0j)
  IIIZIIII: (-0.10233199057976283+0j)
  IIZZIZIZ: (-1.0811505498550466e-05+0j)
  IIIIIIZI: (-1.2849340267907616e-05+0j)
  IIZIIIII: (-1.2849340267907616e-05+0j)
  IIIIIIZI: (-0.01848209906069975+0j)
  ZIZIIIII: (-0.22932917823446905+0j)
  IIZIIIII: (-0.45224877462132546+0j)
  IIZIZIZI: (-0.002261024783815941+0j)
  IIIIIZII: (-1.9394061920712306e-05+0j)
  IZIIIIII: (-1.9394061920712306e-05+0j)
  IIIIIZII: (-2.850340565387923e-08+0j)
  ZZIIIZII: (-0.0356200873475572+0j)
  ZZIIIZII: (-0.046562724138587405+0j)
  IIIIZIII: (-4.805828529849922e-06+0j)
  ZIIIIIII: (-4.805828529849922e-06+0j)
  IIIIZIII: (-0.12928987134966205+0j)
  ZIIIIIII: (0.1362647503433342+0j)
  ZIIIZIII: (-5.910894973396706e-06+0j)

 

Information about the circuit: 
Number of qubits: 8
 Depth : 49

--- Starting Optimization Loop (method=COBYLA) ---
Iter 10: Cost = -0.7646095002949425
Iter 20: Cost = -0.7843935511166049
Optimization success: True
Optimal Params: [0.21348494 0.12946235 0.32541444 0.43643693]

--- Final Statevector (exact) ---
Marginals: [0.00047960957264188105, 0.021828830354367022, 0.5581872453718401, 0.026994013007962475, 0.002620937550424298, 0.050326632753733946, 0.026739553590287738, 0.028657241989482832]

  ┌─ Depth 4 | Patch (0, 16, 80, 96) | eff_threshold=0.830
  │  θ-only  (before QAOA): [[0.127 0.165]
 [0.231 0.23 ]]
  │  QAOA    (after  QAOA): [[0.002 0.036]
 [0.292 0.028]]
  │  θ-only  refine: [[0 0]
 [0 0]]
  │  QAOA    refine: [[0 0]
 [0 0]]
  │  Agreement: 4/4 cells
  └─
Transpiling circuit (backend=state_vector, opt_level=0)
  IIIIIIIZ: (-0.012562084742541595+0j)
  IIIZIIII: (-0.012562084742541595+0j)
  IIIIIIZZ: (-0.0879838240509541+0j)
  IZIZIIII: (-0.2979934462667243+0j)
  IIIIIIIZ: (-0.15573586788140026+0j)
  IIIZIIII: (-0.5533699304553742+0j)
  IIZZIZIZ: (-0.01286940576378924+0j)
  IIIIIIZI: (-0.012619820840629072+0j)
  IIZIIIII: (-0.012619820840629072+0j)
  IIZIIIII: (-1.2338685011407328e-43+0j)
  IIZIZIZI: (-0.029333826993333964+0j)
  IIZIZIZI: (-0.03467645996178007+0j)
  IIIIIZII: (-0.012194915789225434+0j)
  IZIIIIII: (-0.012194915789225434+0j)
  IIIIIZII: (-2.6140356518240006e-44+0j)
  ZZIIIZII: (0.0011684948295330498+0j)
  IIIIZIII: (-0.011498727442719844+0j)
  ZIIIIIII: (-0.011498727442719844+0j)
  ZIIIZIII: (-0.10085043149041219+0j)
  ZIIIZIII: (-0.09902892870771489+0j)

 

Information about the circuit: 
Number of qubits: 8
 Depth : 47

--- Starting Optimization Loop (method=COBYLA) ---
Iter 10: Cost = -1.1054329432212746
Iter 20: Cost = -1.1153970895673218
Optimization success: True
Optimal Params: [-0.30069517 -0.20713049 -0.0659533   0.31725383]

--- Final Statevector (exact) ---
Marginals: [0.053181671868111506, 0.0671311549767335, 0.11966817836153704, 0.9606594442628822, 0.0485067494555456, 0.9159532651704616, 0.12218662278622765, 0.9608905819082749]

  ┌─ Depth 4 | Patch (16, 32, 64, 80) | eff_threshold=0.830
  │  θ-only  (before QAOA): [[0.073 0.484]
 [0.575 0.58 ]]
  │  QAOA    (after  QAOA): [[0.051 0.492]
 [0.121 0.961]]
  │  θ-only  refine: [[0 0]
 [0 0]]
  │  QAOA    refine: [[0 0]
 [0 1]]
  │  Agreement: 3/4 cells
  │  Boundary activation: ['bottom', 'right']
  └─
  │  Boundary probe: (24, 32, 64, 72) (prob=0.121)
Transpiling circuit (backend=state_vector, opt_level=0)
  IIIIIIIZ: (0.00018344571971489572+0j)
  IIIZIIII: (0.00018344571971489572+0j)
  IIIIIIIZ: (2.4622008770933877e-09+0j)
  IIIZIIII: (2.550018318107976e-12+0j)
  IIZZIZIZ: (-0.4514891252467998+0j)
  IIZZIZIZ: (-0.02001020770613871+0j)
  IIIIIIZI: (0.00019846849426667106+0j)
  IIZIIIII: (0.00019846849426667106+0j)
  IIZIIIII: (6.95205362065083e-16+0j)
  IIZIZIZI: (-1.09677359579035e-05+0j)
  IIZIZIZI: (-0.11837419894097116+0j)
  IIIIIZII: (0.0003208913525396266+0j)
  IZIIIIII: (0.0003208913525396266+0j)
  IIIIIZII: (1.0954584744167873e-07+0j)
  ZZIIIZII: (-0.000196744726260005+0j)
  ZZIIIZII: (-0.10414204691176576+0j)
  IIIIZIII: (0.00015741970297814914+0j)
  ZIIIIIII: (0.00015741970297814914+0j)
  ZIIIZIII: (-1.0072982930904588e-06+0j)
  ZIIIZIII: (-0.03861764547574445+0j)

 

Information about the circuit: 
Number of qubits: 8
 Depth : 60

--- Starting Optimization Loop (method=COBYLA) ---
Iter 10: Cost = -0.10021542689264212
Optimization success: True
Optimal Params: [ 0.06697514 -0.01788905  0.33869157  0.41472545]

--- Final Statevector (exact) ---
Marginals: [0.49482537079720684, 0.14425524814449833, 0.21327501460955184, 0.01614841263250694, 0.4098536117553153, 0.22048089472885105, 0.21391243547983624, 0.031010754185062155]

  ┌─ Depth 4 | Patch (16, 32, 80, 96) | eff_threshold=0.830
  │  θ-only  (before QAOA): [[0.445 0.18 ]
 [0.256 0.031]]
  │  QAOA    (after  QAOA): [[0.452 0.182]
 [0.214 0.024]]
  │  θ-only  refine: [[0 0]
 [0 0]]
  │  QAOA    refine: [[0 0]
 [0 0]]
  │  Agreement: 4/4 cells
  │  Boundary activation: ['left']
  └─
Transpiling circuit (backend=state_vector, opt_level=0)
  IIIIIIIZ: (-0.002387192786304619+0j)
  IIIZIIII: (-0.002387192786304619+0j)
  IIIIIIZZ: (-0.1384517635140205+0j)
  IZIZIIII: (-1.134420299880294e-06+0j)
  IIIIIIIZ: (-0.275057963555344+0j)
  IIIZIIII: (-7.951047714572037e-07+0j)
  IIZZIZIZ: (-0.11933624065258985+0j)
  IIZZIZIZ: (-0.8040372752059047+0j)
  IIIIIIZI: (-0.0013681380093456827+0j)
  IIZIIIII: (-0.0013681380093456827+0j)
  ZIZIIIII: (-0.05937117444895281+0j)
  IIZIIIII: (0.2448954903240988+0j)
  IIZIZIZI: (0.030323067095157294+0j)
  IIZIZIZI: (0.054074456108435795+0j)
  IIIIIZII: (-0.00292385940629911+0j)
  IZIIIIII: (-0.00292385940629911+0j)
  IIIIZZII: (-3.0786952975575276e-05+0j)
  IIIIIZII: (-6.88129761325001e-05+0j)
  IIIIZIII: (-0.0021476815549560054+0j)
  ZIIIIIII: (-0.0021476815549560054+0j)
  IIIIZIII: (-0.009593558305774333+0j)
  ZIIIIIII: (-5.6251923619080896e-05+0j)
  ZIIIZIII: (-0.12507031439471486+0j)
  ZIIIZIII: (-0.4854677673057204+0j)

 

Information about the circuit: 
Number of qubits: 8
 Depth : 66

--- Starting Optimization Loop (method=COBYLA) ---
Iter 10: Cost = -0.731488393487077
Optimization success: True
Optimal Params: [-0.00944691 -0.07861689  0.15461095  0.19421936]

--- Final Statevector (exact) ---
Marginals: [0.07219287393312655, 0.429981978806112, 0.03722937373255593, 0.08237266533772507, 0.06970746665273876, 0.41805232625716315, 0.048988809213293266, 0.08251206879371961]

  ┌─ Depth 4 | Patch (0, 16, 112, 128) | eff_threshold=0.830
  │  θ-only  (before QAOA): [[0.108 0.345]
 [0.066 0.131]]
  │  QAOA    (after  QAOA): [[0.071 0.424]
 [0.043 0.082]]
  │  θ-only  refine: [[0 0]
 [0 0]]
  │  QAOA    refine: [[0 0]
 [0 0]]
  │  Agreement: 4/4 cells
  └─
Transpiling circuit (backend=state_vector, opt_level=0)
  IIIIIIIZ: (0.013729908924912458+0j)
  IIIZIIII: (0.013729908924912458+0j)
  IIIIIIIZ: (2.2781915649750967e-09+0j)
  IIIZIIII: (5.474850852466557e-09+0j)
  IIZZIZIZ: (-0.10963610740759823+0j)
  IIZZIZIZ: (-0.17997180584198463+0j)
  IIIIIIZI: (0.013948786982139106+0j)
  IIZIIIII: (0.013948786982139106+0j)
  IIIIIIZI: (-0.001500066470628065+0j)
  ZIZIIIII: (-0.007787015871734324+0j)
  IIZIIIII: (0.005546277386328909+0j)
  IIZIZIZI: (-0.021462620921392637+0j)
  IIZIZIZI: (-0.1221870447252083+0j)
  IIIIIZII: (0.007040591667784885+0j)
  IZIIIIII: (0.007040591667784885+0j)
  IIIIZZII: (-0.007921320779714299+0j)
  IZIIIIII: (-0.017762859600935873+0j)
  IIIIIZII: (0.007493198898026658+0j)
  ZZIIIZII: (-0.027716401008172728+0j)
  ZZIIIZII: (-0.11761382133602545+0j)
  IIIIZIII: (0.0015714214914666787+0j)
  ZIIIIIII: (0.0015714214914666787+0j)
  ZIIIZIII: (-0.0015920345932937065+0j)
  ZIIIZIII: (-0.08356826177909558+0j)

 

Information about the circuit: 
Number of qubits: 8
 Depth : 82

--- Starting Optimization Loop (method=COBYLA) ---
Iter 10: Cost = -0.1270488170127661
Optimization success: True
Optimal Params: [-0.00657124  0.0425828   0.21008342  0.42151411]

--- Final Statevector (exact) ---
Marginals: [0.5034241723824207, 0.163491673000294, 0.19194449311013712, 0.12116560536600643, 0.5034430656940676, 0.1656425714770674, 0.1412725736504713, 0.12116907120631892]

  ┌─ Depth 4 | Patch (32, 48, 64, 80) | eff_threshold=0.830
  │  θ-only  (before QAOA): [[0.537 0.19 ]
 [0.167 0.099]]
  │  QAOA    (after  QAOA): [[0.503 0.165]
 [0.167 0.121]]
  │  θ-only  refine: [[0 0]
 [0 0]]
  │  QAOA    refine: [[0 0]
 [0 0]]
  │  Agreement: 4/4 cells
  └─
Transpiling circuit (backend=state_vector, opt_level=0)
  IIIIIIIZ: (-1.7208341871330571e-13+0j)
  IIIZIIII: (-3.3169532329403406e-13+0j)
  IIZZIZIZ: (-0.944260735908565+0j)
  IIZIIIII: (-2.5845448895346647e-15+0j)
  IIZIZIZI: (-0.8923708897704198+0j)
  IIIIIZII: (-4.888131950673497e-15+0j)
  ZZIIIZII: (-0.9417452018397742+0j)
  ZIIIZIII: (-0.8713563154046602+0j)

 

Information about the circuit: 
Number of qubits: 8
 Depth : 31

--- Starting Optimization Loop (method=COBYLA) ---
Iter 10: Cost = -2.9682916950573546
Optimization success: True
Optimal Params: [0.00331641 0.00374185 0.20753047 0.31506094]

--- Final Statevector (exact) ---
Marginals: [0.07622559210184647, 0.022271554251748534, 0.03062314297861845, 0.026338426761553107, 0.07622559210184666, 0.024386297193286707, 0.03167874467306468, 0.026894764891799337]

  ┌─ Depth 4 | Patch (32, 48, 80, 96) | eff_threshold=0.830
  │  θ-only  (before QAOA): [[0.079 0.024]
 [0.03  0.025]]
  │  QAOA    (after  QAOA): [[0.076 0.023]
 [0.031 0.027]]
  │  θ-only  refine: [[0 0]
 [0 0]]
  │  QAOA    refine: [[0 0]
 [0 0]]
  │  Agreement: 4/4 cells
  └─
Transpiling circuit (backend=state_vector, opt_level=0)
  IIIIIIIZ: (-0.00291216227584381+0j)
  IIIZIIII: (-0.00291216227584381+0j)
  IIIIIIZZ: (-7.808563943651572e-05+0j)
  IZIZIIII: (-0.0009605511880335586+0j)
  IIIIIIIZ: (-0.00010314715643472717+0j)
  IIIZIIII: (-0.001487925314273816+0j)
  IIZZIZIZ: (-0.30600140486270155+0j)
  IIZZIZIZ: (-0.17779993637188654+0j)
  IIIIIIZI: (-0.00023607330156454455+0j)
  IIZIIIII: (-0.00023607330156454455+0j)
  IIIIIIZI: (3.1625022538794716e-06+0j)
  ZIZIIIII: (-1.672003137665843e-05+0j)
  IIZIIIII: (4.3613205742859473e-05+0j)
  IIZIZIZI: (-0.007743219956610262+0j)
  IIZIZIZI: (-0.09504217975929409+0j)
  IIIIIZII: (-0.00011605749087022457+0j)
  IZIIIIII: (-0.00011605749087022457+0j)
  IIIIZZII: (-0.0011103937880708697+0j)
  IZIIIIII: (0.0035493468866432385+0j)
  IIIIIZII: (0.000340078995441029+0j)
  ZZIIIZII: (-0.007148424360522779+0j)
  ZZIIIZII: (-0.0998381967219274+0j)
  IIIIZIII: (0.002986742088891658+0j)
  ZIIIIIII: (0.002986742088891658+0j)
  IIIIZIII: (-0.09816494568585496+0j)
  ZIIIIIII: (-0.06915446368564034+0j)
  ZIIIZIII: (-0.16555314631821672+0j)
  ZIIIZIII: (-0.1386178130147113+0j)

 

Information about the circuit: 
Number of qubits: 8
 Depth : 88

--- Starting Optimization Loop (method=COBYLA) ---
Iter 10: Cost = -0.5289616760075497
Iter 20: Cost = -0.5170937853285321
Optimization success: True
Optimal Params: [-0.29613473 -0.26106722  0.14624214  0.56612501]

--- Final Statevector (exact) ---
Marginals: [0.10987630536288609, 0.3165039498316015, 0.7114729616643259, 0.02777033592269366, 0.2444335000387355, 0.030362467900241347, 0.7585768608144512, 0.023129680388730024]

  ┌─ Depth 4 | Patch (64, 80, 0, 16) | eff_threshold=0.830
  │  θ-only  (before QAOA): [[0.218 0.275]
 [0.232 0.23 ]]
  │  QAOA    (after  QAOA): [[0.177 0.173]
 [0.735 0.025]]
  │  θ-only  refine: [[0 0]
 [0 0]]
  │  QAOA    refine: [[0 0]
 [0 0]]
  │  Agreement: 4/4 cells
  │  Boundary activation: ['bottom', 'left']
  └─
Transpiling circuit (backend=state_vector, opt_level=0)
  IIIIIIIZ: (-0.00018882415160665662+0j)
  IIIZIIII: (-0.00018882415160665662+0j)
  IIIIIIZZ: (-9.14237480843586e-06+0j)
  IIIIIIIZ: (-2.2155002543874224e-05+0j)
  IIIZIIII: (-1.8775209224319927e-11+0j)
  IIZZIZIZ: (-0.18359596241114803+0j)
  IIIIIIZI: (-0.00014247079845170263+0j)
  IIZIIIII: (-0.00014247079845170263+0j)
  IIIIIIZI: (-8.734291782370089e-05+0j)
  ZIZIIIII: (-0.00047978104823743193+0j)
  IIZIIIII: (-0.0005782992112701651+0j)
  IIZIZIZI: (-0.07913906002637677+0j)
  IIZIZIZI: (-0.1240929052911283+0j)
  IIIIIZII: (-0.00020207670717105222+0j)
  IZIIIIII: (-0.00020207670717105222+0j)
  IIIIZZII: (-0.00012326224188894866+0j)
  IIIIIZII: (-0.00030005681171880034+0j)
  ZZIIIZII: (-0.17666923305426627+0j)
  IIIIZIII: (-0.00016757466788720852+0j)
  ZIIIIIII: (-0.00016757466788720852+0j)
  IIIIZIII: (0.00028644322054634025+0j)
  ZIIIIIII: (-4.3084992214306664e-05+0j)
  ZIIIZIII: (-0.0465255851306472+0j)
  ZIIIZIII: (-0.05844194662203221+0j)

 

Information about the circuit: 
Number of qubits: 8
 Depth : 59

--- Starting Optimization Loop (method=COBYLA) ---
Iter 10: Cost = -0.22194543301828887
Optimization success: True
Optimal Params: [0.04033224 0.04896409 0.24868386 0.55156134]

--- Final Statevector (exact) ---
Marginals: [0.03199978677142459, 0.10515220315653176, 0.019254497331456875, 0.3252612316815534, 0.03159457102862401, 0.10752350260988491, 0.06532900439229053, 0.32557947543255816]

  ┌─ Depth 4 | Patch (80, 96, 96, 112) | eff_threshold=0.830
  │  θ-only  (before QAOA): [[0.069 0.164]
 [0.047 0.248]]
  │  QAOA    (after  QAOA): [[0.032 0.106]
 [0.042 0.325]]
  │  θ-only  refine: [[0 0]
 [0 0]]
  │  QAOA    refine: [[0 0]
 [0 0]]
  │  Agreement: 4/4 cells
  └─
Transpiling circuit (backend=state_vector, opt_level=0)
  IIIIIIIZ: (0.0050631940897999+0j)
  IIIZIIII: (0.0050631940897999+0j)
  IIIIIIIZ: (-3.972615317387529e-26+0j)
  IIIZIIII: (3.7936771941829045e-53+0j)
  IIZZIZIZ: (-0.19602534898206334+0j)
  IIZZIZIZ: (-0.3986861048190878+0j)
  IIIIIIZI: (0.008513790608967793+0j)
  IIZIIIII: (0.008513790608967793+0j)
  IIZIIIII: (-1.2107845929422672e-25+0j)
  IIZIZIZI: (-0.10417167622224073+0j)
  IIZIZIZI: (-0.44464971823897714+0j)
  IIIIIZII: (0.004557492222769492+0j)
  IZIIIIII: (0.004557492222769492+0j)
  IIIIIZII: (-1.48095696255119e-45+0j)
  ZZIIIZII: (-0.08262898336585758+0j)
  ZZIIIZII: (-0.3314841725878772+0j)
  IIIIZIII: (0.010589484972658015+0j)
  ZIIIIIII: (0.010589484972658015+0j)
  ZIIIZIII: (0.009474507121787913+0j)
  ZIIIZIII: (0.08565272894600505+0j)

 

Information about the circuit: 
Number of qubits: 8
 Depth : 60

--- Starting Optimization Loop (method=COBYLA) ---
Iter 10: Cost = -0.1650379674495319
Iter 20: Cost = -0.17568791104651676
Optimization success: True
Optimal Params: [-0.02128764 -0.15205415  0.11916075  0.32772389]

--- Final Statevector (exact) ---
Marginals: [0.397984715447697, 0.4624792765146768, 0.4895916758872807, 0.7321858731895932, 0.3979847154476971, 0.4192955882785162, 0.6503209893606875, 0.7396906269778084]

  ┌─ Depth 4 | Patch (96, 112, 112, 128) | eff_threshold=0.830
  │  θ-only  (before QAOA): [[0.549 0.311]
 [0.521 0.588]]
  │  QAOA    (after  QAOA): [[0.398 0.441]
 [0.57  0.736]]
  │  θ-only  refine: [[0 0]
 [0 0]]
  │  QAOA    refine: [[0 0]
 [0 0]]
  │  Agreement: 4/4 cells
  │  Boundary activation: ['bottom']
  └─
Transpiling circuit (backend=state_vector, opt_level=0)
  IIIIIIIZ: (-0.0008585926363243219+0j)
  IIIZIIII: (-0.0008585926363243219+0j)
  IZIZIIII: (-1.567572356557271e-06+0j)
  IIIIIIIZ: (-1.0973857396874715e-20+0j)
  IIIZIIII: (1.4867590133984589e-06+0j)
  IIIIIIZI: (5.8082651684302094e-05+0j)
  IIZIIIII: (5.8082651684302094e-05+0j)
  IIZIIIII: (6.217471778304657e-53+0j)
  IIZIZIZI: (-0.16617212668486622+0j)
  IIZIZIZI: (-0.6571620537795366+0j)
  IIIIIZII: (-0.0010694134336860315+0j)
  IZIIIIII: (-0.0010694134336860315+0j)
  IIIIZZII: (-0.45212333229608515+0j)
  IIIIIZII: (-1.0766913746183633+0j)
  IIIIZIII: (-0.000794818670092852+0j)
  ZIIIIIII: (-0.000794818670092852+0j)
  ZIIIIIII: (0.0029684452749044223+0j)
  ZIIIZIII: (-0.0005902638601565113+0j)
  ZIIIZIII: (-0.008714658442703924+0j)

 

Information about the circuit: 
Number of qubits: 8
 Depth : 33

--- Starting Optimization Loop (method=COBYLA) ---
Iter 10: Cost = -1.0519821301697057
Iter 20: Cost = -1.0043777814060537
Optimization success: True
Optimal Params: [ 0.17605329 -0.09275607  0.01443729  0.19910222]

--- Final Statevector (exact) ---
Marginals: [0.09969466165288135, 0.6927461421857739, 0.04173484634268819, 0.5232859120597784, 0.1910319178326866, 0.692746142185774, 0.09708647053830749, 0.6931593357008415]

  ┌─ Depth 4 | Patch (112, 128, 112, 128) | eff_threshold=0.830
  │  θ-only  (before QAOA): [[0.155 0.609]
 [0.057 0.614]]
  │  QAOA    (after  QAOA): [[0.145 0.693]
 [0.069 0.608]]
  │  θ-only  refine: [[0 0]
 [0 0]]
  │  QAOA    refine: [[0 0]
 [0 0]]
  │  Agreement: 4/4 cells
  │  Boundary activation: ['right']
  └─
Transpiling circuit (backend=state_vector, opt_level=0)
  IIIIIIIZ: (0.1532556171636972+0j)
  IIIZIIII: (0.1532556171636972+0j)
  IIIIIIIZ: (7.50643793006562e-45+0j)
  IIIZIIII: (4.919491670502367e-24+0j)
  IIZZIZIZ: (-0.24583336584541368+0j)
  IIZZIZIZ: (-0.07336284887606062+0j)
  IIIIIIZI: (0.09491544144449164+0j)
  IIZIIIII: (0.09491544144449164+0j)
  IIZIIIII: (-4.074736280037211e-35+0j)
  IIZIZIZI: (-0.12076609481218906+0j)
  IIZIZIZI: (-0.059048898462128796+0j)
  IIIIIZII: (0.06878919244222335+0j)
  IZIIIIII: (0.06878919244222335+0j)
  IZIIIIII: (-0.03496595335743238+0j)
  IIIIIZII: (-1.5258242729475396e-12+0j)
  ZZIIIZII: (-0.037390900674271615+0j)
  ZZIIIZII: (-0.059443475333993016+0j)
  IIIIZIII: (0.06940351201419265+0j)
  ZIIIIIII: (0.06940351201419265+0j)
  ZIIIZIII: (-0.03947980987569346+0j)
  ZIIIZIII: (-0.012318427750900382+0j)

 

Information about the circuit: 
Number of qubits: 8
 Depth : 60

--- Starting Optimization Loop (method=COBYLA) ---
Iter 10: Cost = 0.09582680425892062
Optimization success: True
Optimal Params: [ 0.0552566  -0.02166251  0.06786775  0.20661205]

--- Final Statevector (exact) ---
Marginals: [0.5003367535636654, 0.4450372122636302, 0.3382374968327944, 0.3846177918822879, 0.5003367535636654, 0.44531086695910904, 0.33796779420865497, 0.38468078768365266]

  ┌─ Depth 4 | Patch (0, 16, 128, 144) | eff_threshold=0.830
  │  θ-only  (before QAOA): [[0.534 0.412]
 [0.307 0.418]]
  │  QAOA    (after  QAOA): [[0.5   0.445]
 [0.338 0.385]]
  │  θ-only  refine: [[0 0]
 [0 0]]
  │  QAOA    refine: [[0 0]
 [0 0]]
  │  Agreement: 4/4 cells
  └─
Transpiling circuit (backend=state_vector, opt_level=0)
  IIIIIIIZ: (-5.853422099188478e-05+0j)
  IIIZIIII: (-5.853422099188478e-05+0j)
  IZIZIIII: (-3.891838915750662e-05+0j)
  IIIIIIIZ: (5.806706422545298e-09+0j)
  IIIZIIII: (-7.917738923732438e-05+0j)
  IIZZIZIZ: (-6.356086631930492e-05+0j)
  IIZZIZIZ: (-0.15473548914062368+0j)
  IIIIIIZI: (-7.386556284041491e-05+0j)
  IIZIIIII: (-7.386556284041491e-05+0j)
  ZIZIIIII: (-0.0010299762761568883+0j)
  IIZIIIII: (-0.0022690094862915546+0j)
  IIZIZIZI: (-0.0859149944027396+0j)
  IIIIIZII: (-9.893972171847309e-06+0j)
  IZIIIIII: (-9.893972171847309e-06+0j)
  IIIIIZII: (3.4237825076622337e-10+0j)
  ZZIIIZII: (-0.004271099214305829+0j)
  ZZIIIZII: (-0.07095907414037031+0j)
  IIIIZIII: (-6.058716695343051e-05+0j)
  ZIIIIIII: (-6.058716695343051e-05+0j)
  IIIIZIII: (-0.004901892438850962+0j)
  ZIIIZIII: (-6.59398798083373e-05+0j)
  ZIIIZIII: (-0.0346846832984385+0j)

 

Information about the circuit: 
Number of qubits: 8
 Depth : 63

--- Starting Optimization Loop (method=COBYLA) ---
Iter 10: Cost = -0.14651087222042206
Iter 20: Cost = -0.15805474157538546
Optimization success: True
Optimal Params: [0.34818973 0.20406112 0.55970138 0.61998727]

--- Final Statevector (exact) ---
Marginals: [0.6320180487611133, 0.11709959675077143, 0.03799467658256842, 0.02108261729690521, 0.6320164851349125, 0.12011388916976797, 0.02524628396043313, 0.018591462772355516]

  ┌─ Depth 4 | Patch (0, 16, 144, 160) | eff_threshold=0.830
  │  θ-only  (before QAOA): [[0.136 0.041]
 [0.417 0.389]]
  │  QAOA    (after  QAOA): [[0.632 0.119]
 [0.032 0.02 ]]
  │  θ-only  refine: [[0 0]
 [0 0]]
  │  QAOA    refine: [[0 0]
 [0 0]]
  │  Agreement: 4/4 cells
  │  Boundary activation: ['top', 'left']
  └─
  │  Boundary probe: (0, 8, 152, 160) (prob=0.119)
Transpiling circuit (backend=state_vector, opt_level=0)
  IIIIIIIZ: (-0.0009310219684871609+0j)
  IIIZIIII: (-0.0009310219684871609+0j)
  IIIIIIZZ: (-0.012312610984693634+0j)
  IZIZIIII: (-3.510292238988214e-05+0j)
  IIIIIIIZ: (-0.01766167400390376+0j)
  IIIZIIII: (-4.579465925179794e-06+0j)
  IIZZIZIZ: (-0.11187682002015668+0j)
  IIZZIZIZ: (-0.18170210001923426+0j)
  IIIIIIZI: (-0.00024001265386708033+0j)
  IIZIIIII: (-0.00024001265386708033+0j)
  IIIIIIZI: (0.00504836375517493+0j)
  ZIZIIIII: (-0.00021520535468261772+0j)
  IIZIIIII: (0.00046610236303763135+0j)
  IIZIZIZI: (-0.12706556445728637+0j)
  IIZIZIZI: (-0.09343679885253534+0j)
  IIIIIZII: (-0.0013765070681286077+0j)
  IZIIIIII: (-0.0013765070681286077+0j)
  IIIIZZII: (-0.00011609460055997116+0j)
  IIIIIZII: (-0.00021989963001000054+0j)
  ZZIIIZII: (-0.02601232017111891+0j)
  ZZIIIZII: (-0.15708118205284113+0j)
  IIIIZIII: (-0.0008682560171724172+0j)
  ZIIIIIII: (-0.0008682560171724172+0j)
  IIIIZIII: (-0.0005570086825572184+0j)
  ZIIIIIII: (-1.0957872082905824e-05+0j)
  ZIIIZIII: (-0.07461350893402134+0j)
  ZIIIZIII: (-0.11384795453497998+0j)

 

Information about the circuit: 
Number of qubits: 8
 Depth : 88

--- Starting Optimization Loop (method=COBYLA) ---
Iter 10: Cost = -0.40676335293038446
Optimization success: True
Optimal Params: [0.05      0.05      0.2323256 0.3646512]

--- Final Statevector (exact) ---
Marginals: [0.21116568898019006, 0.11589150689937133, 0.14695533940521835, 0.06812948533509407, 0.2113434357361835, 0.11917720002701482, 0.05987420024361068, 0.09035486972488231]

  ┌─ Depth 4 | Patch (16, 32, 128, 144) | eff_threshold=0.830
  │  θ-only  (before QAOA): [[0.138 0.185]
 [0.086 0.121]]
  │  QAOA    (after  QAOA): [[0.211 0.118]
 [0.103 0.079]]
  │  θ-only  refine: [[0 0]
 [0 0]]
  │  QAOA    refine: [[0 0]
 [0 0]]
  │  Agreement: 4/4 cells
  └─
Transpiling circuit (backend=state_vector, opt_level=0)
  IIIIIIIZ: (0.0034592469313868327+0j)
  IIIZIIII: (0.0034592469313868327+0j)
  IZIZIIII: (-0.0014138231371184588+0j)
  IIIIIIIZ: (4.1351828288383e-09+0j)
  IIIZIIII: (0.003548799429839755+0j)
  IIZZIZIZ: (-0.15544010616387494+0j)
  IIZZIZIZ: (-0.1114955027215831+0j)
  IIIIIIZI: (0.002937229386656648+0j)
  IIZIIIII: (0.002937229386656648+0j)
  IIZIIIII: (5.772161049552252e-08+0j)
  IIZIZIZI: (-0.07427732392274891+0j)
  IIZIZIZI: (-0.039746618950379044+0j)
  IIIIIZII: (-0.0008392323177772153+0j)
  IZIIIIII: (-0.0008392323177772153+0j)
  IIIIZZII: (-0.03247268825960774+0j)
  IZIIIIII: (-0.0007011841590705141+0j)
  IIIIIZII: (-0.019526724546242085+0j)
  ZZIIIZII: (-0.0004252024882614215+0j)
  ZZIIIZII: (-0.08242565106456279+0j)
  IIIIZIII: (0.0022966589426845147+0j)
  ZIIIIIII: (0.0022966589426845147+0j)
  IIIIZIII: (0.004600600188617681+0j)
  ZIIIIIII: (-0.00024327585430008994+0j)
  ZIIIZIII: (-0.01801569399548155+0j)
  ZIIIZIII: (-0.06202001699925603+0j)

 

Information about the circuit: 
Number of qubits: 8
 Depth : 86

--- Starting Optimization Loop (method=COBYLA) ---
Iter 10: Cost = -0.10571924607841918
Optimization success: True
Optimal Params: [0.05       0.05       0.20679701 0.41359403]

--- Final Statevector (exact) ---
Marginals: [0.18205850089394998, 0.46592010157803254, 0.0657792474461482, 0.19093048461229967, 0.1820552695764566, 0.46297290294408927, 0.1919211176870774, 0.11129929596333893]

  ┌─ Depth 4 | Patch (16, 32, 144, 160) | eff_threshold=0.830
  │  θ-only  (before QAOA): [[0.262 0.368]
 [0.121 0.181]]
  │  QAOA    (after  QAOA): [[0.182 0.464]
 [0.129 0.151]]
  │  θ-only  refine: [[0 0]
 [0 0]]
  │  QAOA    refine: [[0 0]
 [0 0]]
  │  Agreement: 4/4 cells
  └─
Transpiling circuit (backend=state_vector, opt_level=0)
  IIIIIIIZ: (0.0013352300661064207+0j)
  IIIZIIII: (0.0013352300661064207+0j)
  IIIIIIIZ: (2.1234624002083626e-15+0j)
  IIIZIIII: (-4.123752213953216e-09+0j)
  IIZZIZIZ: (-0.12036054538275619+0j)
  IIZZIZIZ: (-0.30661786680651804+0j)
  IIIIIIZI: (0.000981802730098323+0j)
  IIZIIIII: (0.000981802730098323+0j)
  IIIIIIZI: (3.7412746859181325e-06+0j)
  ZIZIIIII: (-2.6536736899176378e-05+0j)
  IIZIIIII: (-6.70843037510481e-05+0j)
  IIZIZIZI: (-0.023777479070467285+0j)
  IIZIZIZI: (-0.1830600333179976+0j)
  IIIIIZII: (0.000643766908523105+0j)
  IZIIIIII: (0.000643766908523105+0j)
  IIIIZZII: (-0.00029971946556334774+0j)
  IZIIIIII: (-0.00018944353178838868+0j)
  IIIIIZII: (0.00011830079386513604+0j)
  ZZIIIZII: (-0.0836338006890836+0j)
  IIIIZIII: (0.0011790696919909884+0j)
  ZIIIIIII: (0.0011790696919909884+0j)
  IIIIZIII: (0.0008321667898182212+0j)
  ZIIIIIII: (-0.0006317177429220516+0j)

 

Information about the circuit: 
Number of qubits: 8
 Depth : 71

--- Starting Optimization Loop (method=COBYLA) ---
Iter 10: Cost = -0.03179120107380165
Optimization success: True
Optimal Params: [0.05       0.         0.17954189 0.35908378]

--- Final Statevector (exact) ---
Marginals: [0.3943721078432382, 0.35891137669067186, 0.12817220283755076, 0.21653650781752995, 0.3943721078424323, 0.35836436239960884, 0.12648903675398923, 0.21643583380390105]

  ┌─ Depth 4 | Patch (16, 32, 160, 176) | eff_threshold=0.830
  │  θ-only  (before QAOA): [[0.347 0.312]
 [0.162 0.259]]
  │  QAOA    (after  QAOA): [[0.394 0.359]
 [0.127 0.216]]
  │  θ-only  refine: [[0 0]
 [0 0]]
  │  QAOA    refine: [[0 0]
 [0 0]]
  │  Agreement: 4/4 cells
  │  Boundary activation: ['top']
  └─
Transpiling circuit (backend=state_vector, opt_level=0)
  IIIIIIIZ: (-7.749588640080909e-05+0j)
  IIIZIIII: (-7.749588640080909e-05+0j)
  IZIZIIII: (-0.35540551357413+0j)
  IIIIIIIZ: (1.6017172166402833e-06+0j)
  IIIZIIII: (-0.8520370751388879+0j)
  IIIIIIZI: (-7.936216842151209e-05+0j)
  IIZIIIII: (-7.936216842151209e-05+0j)
  ZIZIIIII: (-0.28187245878692424+0j)
  IIZIIIII: (-0.6419261079581113+0j)
  IIIIIZII: (4.358526317713741e-05+0j)
  IZIIIIII: (4.358526317713741e-05+0j)
  IZIIIIII: (-0.004003591204941258+0j)
  IIIIIZII: (2.7011857687122993e-07+0j)
  ZZIIIZII: (-2.7371858926261976e-05+0j)
  IIIIZIII: (-4.654567875393047e-05+0j)
  ZIIIIIII: (-4.654567875393047e-05+0j)
  IIIIZIII: (0.0018917625980710475+0j)
  ZIIIIIII: (-0.0007462109414206778+0j)

 

Information about the circuit: 
Number of qubits: 8
 Depth : 22

--- Starting Optimization Loop (method=COBYLA) ---
Iter 10: Cost = -1.3484566258080786
Optimization success: True
Optimal Params: [-0.0392709   0.071617    0.35650065  0.834011  ]

--- Final Statevector (exact) ---
Marginals: [0.2411839854458596, 0.05844469660680802, 0.24989944604547873, 0.2725204015528986, 0.16233922426630198, 0.09995123307690375, 0.2709870028117352, 0.2601867184233368]

  ┌─ Depth 4 | Patch (16, 32, 176, 192) | eff_threshold=0.830
  │  θ-only  (before QAOA): [[0.214 0.064]
 [0.278 0.244]]
  │  QAOA    (after  QAOA): [[0.202 0.079]
 [0.26  0.266]]
  │  θ-only  refine: [[0 0]
 [0 0]]
  │  QAOA    refine: [[0 0]
 [0 0]]
  │  Agreement: 4/4 cells
  └─
Transpiling circuit (backend=state_vector, opt_level=0)
  IZIZIIII: (-2.8982822971157575e-06+0j)
  IIIIIIIZ: (-9.007922099629587e-12+0j)
  IIIZIIII: (-6.349596044125643e-06+0j)
  IIZIIIII: (-6.852264524950546e-13+0j)
  IIIIZZII: (-2.3755175677819514e-06+0j)
  IZIIIIII: (2.7894041147342774+0j)
  IIIIIZII: (2.118953153353698e-05+0j)

 

Information about the circuit: 
Number of qubits: 8
 Depth : 7

--- Starting Optimization Loop (method=COBYLA) ---
Iter 10: Cost = -1.285740364656557
Iter 20: Cost = -2.6586478668313784
Optimization success: True
Optimal Params: [ 0.39269908 -0.29007787  0.0503111   0.47621482]

--- Final Statevector (exact) ---
Marginals: [0.019370563571694796, 0.005697917382429133, 0.3455459487970776, 0.015973783864109907, 0.019370563572235, 0.059084006907618364, 0.9679175133565782, 0.016541644204794564]

  ┌─ Depth 4 | Patch (112, 128, 128, 144) | eff_threshold=0.830
  │  θ-only  (before QAOA): [[0.058 0.031]
 [0.446 0.042]]
  │  QAOA    (after  QAOA): [[0.019 0.032]
 [0.657 0.016]]
  │  θ-only  refine: [[0 0]
 [0 0]]
  │  QAOA    refine: [[0 0]
 [0 0]]
  │  Agreement: 4/4 cells
  │  Boundary activation: ['bottom', 'left']
  └─
Transpiling circuit (backend=state_vector, opt_level=0)
  IIIIIIZZ: (-1.842961151573483e-06+0j)
  IIIIIIIZ: (-3.661259192487737e-06+0j)
  IIIZIIII: (-1.0570785705851738e-06+0j)
  IIIIIIZI: (-3.6591989702966724e-06+0j)
  IIZIIIII: (-1.711389823123654e-06+0j)
  IIIIIZII: (-3.709012548985324e-07+0j)
  IIIIZIII: (-2.1921497328847375e-06+0j)

 

Information about the circuit: 
Number of qubits: 8
 Depth : 7

--- Starting Optimization Loop (method=COBYLA) ---
Iter 10: Cost = -1.270021734439903e-05
Optimization success: True
Optimal Params: [0.06757626 0.07886931 0.24935517 0.50356327]

--- Final Statevector (exact) ---
Marginals: [0.015068418059342998, 0.09509387227884994, 0.011458430982575733, 0.09411202747274502, 0.015079213189771887, 0.04542420131032644, 0.13681304157512086, 0.11551900814655873]

  ┌─ Depth 4 | Patch (64, 80, 224, 240) | eff_threshold=0.830
  │  θ-only  (before QAOA): [[0.071 0.067]
 [0.063 0.064]]
  │  QAOA    (after  QAOA): [[0.015 0.07 ]
 [0.074 0.105]]
  │  θ-only  refine: [[0 0]
 [0 0]]
  │  QAOA    refine: [[0 0]
 [0 0]]
  │  Agreement: 4/4 cells
  └─
Transpiling circuit (backend=state_vector, opt_level=0)
  IIIIIIIZ: (-4.0033947108453535e-08+0j)
  IIIZIIII: (-6.712024472707024e-09+0j)
  IIZZIZIZ: (-0.4337920280756958+0j)
  IIIIIIZI: (-4.148308692448652e-06+0j)
  ZIZIIIII: (-2.3304002678663614e-06+0j)
  IIZIIIII: (-4.294752253375706e-06+0j)
  IIIIIZII: (-2.888674225451874e-07+0j)
  ZZIIIZII: (-0.34337978811551334+0j)
  IIIIZIII: (-0.00017769285629645623+0j)
  ZIIIIIII: (-5.558495980057638e-05+0j)

 

Information about the circuit: 
Number of qubits: 8
 Depth : 29

--- Starting Optimization Loop (method=COBYLA) ---
Iter 10: Cost = -0.5876568069372134
Optimization success: True
Optimal Params: [-0.012469   -0.08123138  0.37847092  0.75164427]

--- Final Statevector (exact) ---
Marginals: [0.08520540729538918, 0.07606273887956268, 0.034496607399431375, 0.03992171423315438, 0.0269569904174441, 0.04329139001981881, 0.05345938325650033, 0.05048809599179036]

  ┌─ Depth 4 | Patch (80, 96, 224, 240) | eff_threshold=0.830
  │  θ-only  (before QAOA): [[0.052 0.068]
 [0.052 0.084]]
  │  QAOA    (after  QAOA): [[0.056 0.06 ]
 [0.044 0.045]]
  │  θ-only  refine: [[0 0]
 [0 0]]
  │  QAOA    refine: [[0 0]
 [0 0]]
  │  Agreement: 4/4 cells
  └─
Transpiling circuit (backend=state_vector, opt_level=0)
  IIIIIIIZ: (-0.005716422215762191+0j)
  IIIZIIII: (-0.005716422215762191+0j)
  IIIIIIZZ: (-0.2612759541113052+0j)
  IZIZIIII: (-0.43566317694903783+0j)
  IIIIIIIZ: (-0.44391996407427736+0j)
  IIIZIIII: (-0.608393884309863+0j)
  IIZZIZIZ: (-0.26560451453755507+0j)
  IIIIIIZI: (-0.002799102708731772+0j)
  IIZIIIII: (-0.002799102708731772+0j)
  IIIIIIZI: (0.07867237630426308+0j)
  ZIZIIIII: (-0.023002353073366406+0j)
  IIZIIIII: (0.0009450408785114922+0j)
  IIZIZIZI: (-0.002265838098653443+0j)
  IIZIZIZI: (-0.11052964052898465+0j)
  IIIIIZII: (-0.004016585222517021+0j)
  IZIIIIII: (-0.004016585222517021+0j)
  IIIIZZII: (-0.09811084291881589+0j)
  IZIIIIII: (0.02090143523943164+0j)
  IIIIIZII: (-0.1328956392482074+0j)
  ZZIIIZII: (-0.0008141835910606913+0j)
  ZZIIIZII: (-0.09744646564600225+0j)
  IIIIZIII: (-0.0023540042535973977+0j)
  ZIIIIIII: (-0.0023540042535973977+0j)
  IIIIZIII: (-0.0003412655939321064+0j)
  ZIIIIIII: (-0.0014385283120011167+0j)
  ZIIIZIII: (-0.776395287003316+0j)
  ZIIIZIII: (-0.3456518111029133+0j)

 

Information about the circuit: 
Number of qubits: 8
 Depth : 74

--- Starting Optimization Loop (method=COBYLA) ---
Iter 10: Cost = -2.014654925753187
Iter 20: Cost = -2.7858326127749007
Iter 30: Cost = -2.950512199441237
Optimization success: True
Optimal Params: [ 0.39269908 -0.19413923 -0.25443522  0.38309093]

--- Final Statevector (exact) ---
Marginals: [0.03214713303638536, 0.09196278335135666, 0.09195455237066154, 0.11104596604846241, 0.03163436623177171, 0.09219763483131097, 0.09351610721568343, 0.12176374107268548]

  ┌─ Depth 4 | Patch (80, 96, 240, 256) | eff_threshold=0.830
  │  θ-only  (before QAOA): [[0.119 0.231]
 [0.221 0.222]]
  │  QAOA    (after  QAOA): [[0.032 0.092]
 [0.093 0.116]]
  │  θ-only  refine: [[0 0]
 [0 0]]
  │  QAOA    refine: [[0 0]
 [0 0]]
  │  Agreement: 4/4 cells
  └─
Transpiling circuit (backend=state_vector, opt_level=0)
  IIIIIIIZ: (-0.0009880451275471078+0j)
  IIIZIIII: (-0.0009880451275471078+0j)
  IIIIIIZZ: (-0.0016004694750426784+0j)
  IZIZIIII: (-4.656809085873232e-06+0j)
  IIIIIIIZ: (-0.0036106868809004694+0j)
  IIIZIIII: (-9.42308256348665e-06+0j)
  IIZZIZIZ: (-0.009705816671956104+0j)
  IIIIIIZI: (-0.0008605797180444993+0j)
  IIZIIIII: (-0.0008605797180444993+0j)
  IIIIIIZI: (0.1059910152306322+0j)
  ZIZIIIII: (-0.1485485510494483+0j)
  IIZIIIII: (-0.23192209851249265+0j)
  IIZIZIZI: (-0.0011565233495377323+0j)
  IIIIIZII: (-0.0009422324372614552+0j)
  IZIIIIII: (-0.0009422324372614552+0j)
  IIIIZZII: (-0.08583252138174162+0j)
  IZIIIIII: (0.008184578933770585+0j)
  IIIIIZII: (-0.1886562557235214+0j)
  IIIIZIII: (-0.0008557479401830929+0j)
  ZIIIIIII: (-0.0008557479401830929+0j)
  IIIIZIII: (-0.1435945295418785+0j)
  ZIIIIIII: (0.034767829565403925+0j)
  ZIIIZIII: (-0.1400465568661124+0j)
  ZIIIZIII: (-0.14244887779375967+0j)

 

Information about the circuit: 
Number of qubits: 8
 Depth : 42

--- Starting Optimization Loop (method=COBYLA) ---
Iter 10: Cost = -0.6280192233579207
Iter 20: Cost = -0.6290462089691469
Optimization success: True
Optimal Params: [0.18326439 0.09939896 0.20415064 0.48597657]

--- Final Statevector (exact) ---
Marginals: [0.15548746594736404, 0.03322750904810527, 0.42356365848410166, 0.042379939513718205, 0.03913155554218406, 0.04188471688388169, 0.4299537131019401, 0.03758014213539872]

  ┌─ Depth 4 | Patch (96, 112, 224, 240) | eff_threshold=0.830
  │  θ-only  (before QAOA): [[0.06  0.2  ]
 [0.176 0.191]]
  │  QAOA    (after  QAOA): [[0.097 0.038]
 [0.427 0.04 ]]
  │  θ-only  refine: [[0 0]
 [0 0]]
  │  QAOA    refine: [[0 0]
 [0 0]]
  │  Agreement: 4/4 cells
  └─
Transpiling circuit (backend=state_vector, opt_level=0)
  IIIIIIIZ: (4.0714852308303914e-05+0j)
  IIIZIIII: (4.0714852308303914e-05+0j)
  IIIIIIZZ: (-0.0001706309321458755+0j)
  IZIZIIII: (-0.000153388079169874+0j)
  IIIIIIIZ: (0.00017914568293666826+0j)
  IIIZIIII: (0.00019285275358000417+0j)
  IIZZIZIZ: (-0.24689141525613084+0j)
  IIIIIIZI: (2.5192371089316216e-05+0j)
  IIZIIIII: (2.5192371089316216e-05+0j)
  IIZIIIII: (-5.717768658984902e-09+0j)
  IIIIIZII: (3.2641706385071545e-05+0j)
  IZIIIIII: (3.2641706385071545e-05+0j)
  IIIIIZII: (-1.263592779834025e-09+0j)
  IIIIZIII: (-4.2250432769363704e-05+0j)
  ZIIIIIII: (-4.2250432769363704e-05+0j)
  ZIIIZIII: (-4.597476583922515e-05+0j)

 

Information about the circuit: 
Number of qubits: 8
 Depth : 25

--- Starting Optimization Loop (method=COBYLA) ---
Iter 10: Cost = -0.08907713771319264
Optimization success: True
Optimal Params: [0.08024792 0.06032954 0.27478711 0.50870132]

--- Final Statevector (exact) ---
Marginals: [0.11074496209068116, 0.14583340713174625, 0.0439409788467314, 0.0103499511746789, 0.11074456941764363, 0.14429465440306474, 0.04085116422886014, 0.031108070631748242]

  ┌─ Depth 4 | Patch (96, 112, 240, 256) | eff_threshold=0.830
  │  θ-only  (before QAOA): [[0.208 0.066]
 [0.114 0.056]]
  │  QAOA    (after  QAOA): [[0.111 0.145]
 [0.042 0.021]]
  │  θ-only  refine: [[0 0]
 [0 0]]
  │  QAOA    refine: [[0 0]
 [0 0]]
  │  Agreement: 4/4 cells
  └─
Transpiling circuit (backend=state_vector, opt_level=0)
  IIIIIIIZ: (-6.142684805930752e-05+0j)
  IIIZIIII: (-6.142684805930752e-05+0j)
  IIIIIIZZ: (-1.948046716618225e-05+0j)
  IZIZIIII: (-2.2169723752847978e-05+0j)
  IIIIIIIZ: (-2.507758374850299e-05+0j)
  IIIZIIII: (1.200914229965489e-05+0j)
  IIZZIZIZ: (-0.25521122880958547+0j)
  IIZZIZIZ: (-0.19722058001154405+0j)
  IIIIIIZI: (0.00017603933315775658+0j)
  IIZIIIII: (0.00017603933315775658+0j)
  IIZIIIII: (1.5950380778695503e-08+0j)
  IIZIZIZI: (-0.011910146975360575+0j)
  IIZIZIZI: (-0.1894829545288176+0j)
  IIIIIZII: (9.088065476816967e-05+0j)
  IZIIIIII: (9.088065476816967e-05+0j)
  IZIIIIII: (-1.462096358814189e-06+0j)
  IIIIIZII: (-1.7410473243872787e-08+0j)
  ZZIIIZII: (-0.06376500818212491+0j)
  ZZIIIZII: (-0.1589786851576062+0j)
  IIIIZIII: (0.0001094052056677851+0j)
  ZIIIIIII: (0.0001094052056677851+0j)
  ZIIIZIII: (-0.06049582553801394+0j)

 

Information about the circuit: 
Number of qubits: 8
 Depth : 60

--- Starting Optimization Loop (method=COBYLA) ---
Iter 10: Cost = -0.338349576548426
Optimization success: True
Optimal Params: [0.05       0.         0.18871459 0.37742918]

--- Final Statevector (exact) ---
Marginals: [0.21203972441374466, 0.1254979492463255, 0.1199665291907708, 0.08533845155641816, 0.2120398296984849, 0.12629008375308046, 0.11935412473362185, 0.08534033464908815]

  ┌─ Depth 4 | Patch (112, 128, 224, 240) | eff_threshold=0.830
  │  θ-only  (before QAOA): [[0.173 0.16 ]
 [0.153 0.06 ]]
  │  QAOA    (after  QAOA): [[0.212 0.126]
 [0.12  0.085]]
  │  θ-only  refine: [[0 0]
 [0 0]]
  │  QAOA    refine: [[0 0]
 [0 0]]
  │  Agreement: 4/4 cells
  └─
Transpiling circuit (backend=state_vector, opt_level=0)
  IIIIIIIZ: (-4.3481203417426235e-07+0j)
  IIIZIIII: (-6.947643586989367e-13+0j)
  IIIIIIZI: (0.0036773902510145134+0j)
  IIZIIIII: (2.011834715499919e-06+0j)
  IIIIIZII: (-3.3333776869763706e-10+0j)
  IIIIZIII: (-1.1890692482944967e-05+0j)

 

Information about the circuit: 
Number of qubits: 8
 Depth : 5

--- Starting Optimization Loop (method=COBYLA) ---
Iter 10: Cost = -0.0017756349727536171
Iter 20: Cost = -0.003398894863064135
Iter 30: Cost = -0.003299331565936958
Optimization success: True
Optimal Params: [-0.39269908 -0.38570035  0.26408652  1.36294763]

--- Final Statevector (exact) ---
Marginals: [0.6926674194374396, 0.9606634829231381, 0.4935912783342852, 0.7821551838653319, 0.686120309526761, 0.9606867750109157, 0.35080689517153185, 0.2064010954639586]

  ┌─ Depth 4 | Patch (128, 144, 112, 128) | eff_threshold=0.830
  │  θ-only  (before QAOA): [[0.041 0.312]
 [0.035 0.091]]
  │  QAOA    (after  QAOA): [[0.689 0.961]
 [0.422 0.494]]
  │  θ-only  refine: [[0 0]
 [0 0]]
  │  QAOA    refine: [[0 1]
 [0 0]]
  │  Agreement: 3/4 cells
  │  Boundary activation: ['top']
  └─
Transpiling circuit (backend=state_vector, opt_level=0)
  IIIIIIIZ: (-3.789562494680786e-13+0j)
  IIIZIIII: (-5.533575847773182e-14+0j)
  IIZIIIII: (-1.730474304889753e-13+0j)
  IIIIIZII: (-9.529230032323232e-14+0j)

 

Information about the circuit: 
Number of qubits: 8
 Depth : 5

--- Null Hamiltonian detected (all coefficients zero). Skipping optimization — returning θ-init marginals. ---

--- Final Statevector (exact) ---
Marginals: [0.02607379935528347, 0.0435719573640277, 0.026609661263780775, 0.030169555344765057, 0.02607379935528346, 0.0435719573640277, 0.026609661263780796, 0.03016955534476504]

  ┌─ Depth 4 | Patch (144, 160, 112, 128) | eff_threshold=0.830
  │  θ-only  (before QAOA): [[0.026 0.044]
 [0.027 0.03 ]]
  │  QAOA    (after  QAOA): [[0.026 0.044]
 [0.027 0.03 ]]
  │  θ-only  refine: [[0 0]
 [0 0]]
  │  QAOA    refine: [[0 0]
 [0 0]]
  │  Agreement: 4/4 cells
  └─
Transpiling circuit (backend=state_vector, opt_level=0)
  IIIIIIIZ: (-0.0007979654410978503+0j)
  IIIZIIII: (-0.0007979654410978503+0j)
  IIIIIIZZ: (-4.830064630573382e-05+0j)
  IZIZIIII: (-0.00036603683503554313+0j)
  IIIIIIIZ: (-2.5753904916679484e-05+0j)
  IIIZIIII: (-0.0003740126368045982+0j)
  IIZZIZIZ: (-0.23975376182189276+0j)
  IIZZIZIZ: (-0.2082638585770255+0j)
  IIIIIIZI: (-0.002262593398946773+0j)
  IIZIIIII: (-0.002262593398946773+0j)
  ZIZIIIII: (-0.028069610131034768+0j)
  IIZIIIII: (-0.05062875082235083+0j)
  IIZIZIZI: (-0.04220451799861024+0j)
  IIZIZIZI: (-0.0506732544996852+0j)
  IIIIIZII: (-0.0006050682274693121+0j)
  IZIIIIII: (-0.0006050682274693121+0j)
  IIIIZZII: (-0.33704926059071233+0j)
  IZIIIIII: (-0.007307995704318179+0j)
  IIIIIZII: (-0.3012004918888006+0j)
  IIIIZIII: (-6.155946696878415e-05+0j)
  ZIIIIIII: (-6.155946696878415e-05+0j)
  IIIIZIII: (-0.00011767650437681468+0j)
  ZIIIIIII: (0.0057979084899538605+0j)
  ZIIIZIII: (-0.05821234563883022+0j)
  ZIIIZIII: (-0.05700492903076357+0j)

 

Information about the circuit: 
Number of qubits: 8
 Depth : 66

--- Starting Optimization Loop (method=COBYLA) ---
Iter 10: Cost = -0.6225858511037904
Optimization success: True
Optimal Params: [1.22130068e-04 9.99615678e-03 2.31248370e-01 4.62500929e-01]

--- Final Statevector (exact) ---
Marginals: [0.14286974926238183, 0.1331610209345437, 0.16554484616955778, 0.19355697990839849, 0.1428708721520439, 0.13471971081438205, 0.1523841762241752, 0.17932119755807072]

  ┌─ Depth 4 | Patch (208, 224, 48, 64) | eff_threshold=0.830
  │  θ-only  (before QAOA): [[0.149 0.14 ]
 [0.16  0.187]]
  │  QAOA    (after  QAOA): [[0.143 0.134]
 [0.159 0.186]]
  │  θ-only  refine: [[0 0]
 [0 0]]
  │  QAOA    refine: [[0 0]
 [0 0]]
  │  Agreement: 4/4 cells
  └─
Transpiling circuit (backend=state_vector, opt_level=0)
  IIIIIIIZ: (-3.700622942439009e-07+0j)
  IIIZIIII: (-2.386718430383534e-11+0j)
  IIZZIZIZ: (-0.2682762771790548+0j)
  IIIIIIZI: (0.005567893489574872+0j)
  IIZIIIII: (1.2655867071891748e-07+0j)
  IIIIIZII: (-1.4882655647959692e-11+0j)
  ZZIIIZII: (-0.7641745054277429+0j)
  ZIIIZIII: (-0.6627806323258745+0j)

 

Information about the circuit: 
Number of qubits: 8
 Depth : 25

--- Starting Optimization Loop (method=COBYLA) ---
Iter 10: Cost = -1.4357293382132112
Optimization success: True
Optimal Params: [ 0.13186893 -0.03404173  0.157433    0.40752119]

--- Final Statevector (exact) ---
Marginals: [0.027443742833542863, 0.2811488670813961, 0.006469736322874157, 0.035938025682262835, 0.027278639444391982, 0.28206696654127483, 0.006767035644996427, 0.011374117915134525]

  ┌─ Depth 4 | Patch (224, 240, 48, 64) | eff_threshold=0.830
  │  θ-only  (before QAOA): [[0.068 0.198]
 [0.035 0.039]]
  │  QAOA    (after  QAOA): [[0.027 0.282]
 [0.007 0.024]]
  │  θ-only  refine: [[0 0]
 [0 0]]
  │  QAOA    refine: [[0 0]
 [0 0]]
  │  Agreement: 4/4 cells
  └─
Transpiling circuit (backend=state_vector, opt_level=0)
  IIIIIIIZ: (1.4593312592668268e-05+0j)
  IIIZIIII: (1.4593312592668268e-05+0j)
  IIIIIIZZ: (-2.352968035102418e-06+0j)
  IZIZIIII: (-0.0038961863411255786+0j)
  IIIIIIIZ: (2.315104486865199e-06+0j)
  IIIZIIII: (-0.00037861903096940875+0j)
  IIZZIZIZ: (-0.016690006356591673+0j)
  IIIIIIZI: (1.6758716675662434e-05+0j)
  IIZIIIII: (1.6758716675662434e-05+0j)
  IIIIIIZI: (6.311385852591612e-06+0j)
  ZIZIIIII: (-0.06839733048274409+0j)
  IIZIIIII: (-0.09210063601536803+0j)
  IIZIZIZI: (-9.169046862075906e-06+0j)
  IIIIIZII: (-8.237506482856236e-06+0j)
  IZIIIIII: (-8.237506482856236e-06+0j)
  IIIIIZII: (-7.465446943411083e-08+0j)
  IIIIZIII: (1.8476113651869824e-05+0j)
  ZIIIIIII: (1.8476113651869824e-05+0j)
  IIIIZIII: (0.0032496669817176486+0j)

 

Information about the circuit: 
Number of qubits: 8
 Depth : 38

--- Starting Optimization Loop (method=COBYLA) ---
Iter 10: Cost = -0.08223269226652578
Optimization success: True
Optimal Params: [0.11698682 0.10576812 0.30118171 0.62984405]

--- Final Statevector (exact) ---
Marginals: [0.45156045169092357, 0.10329196589154077, 0.06153312612583011, 0.3632267218586699, 0.45155271256249957, 0.1068086134168513, 0.027990361341517014, 0.36247646849122195]

  ┌─ Depth 4 | Patch (224, 240, 64, 80) | eff_threshold=0.830
  │  θ-only  (before QAOA): [[0.242 0.273]
 [0.056 0.169]]
  │  QAOA    (after  QAOA): [[0.452 0.105]
 [0.045 0.363]]
  │  θ-only  refine: [[0 0]
 [0 0]]
  │  QAOA    refine: [[0 0]
 [0 0]]
  │  Agreement: 4/4 cells
  └─
Transpiling circuit (backend=state_vector, opt_level=0)
  IIIIIIIZ: (-0.00010112956828025383+0j)
  IIIZIIII: (-0.00010112956828025383+0j)
  IIIIIIZZ: (-0.05039774915508167+0j)
  IZIZIIII: (-0.010837408421241205+0j)
  IIIIIIIZ: (0.12947571929562354+0j)
  IIIZIIII: (-0.010951423659109248+0j)
  IIIIIIZI: (-7.097304283447388e-05+0j)
  IIZIIIII: (-7.097304283447388e-05+0j)
  IIIIIIZI: (0.0024251444377647985+0j)
  IIZIIIII: (-1.0996118504056263e-06+0j)
  IIZIZIZI: (-1.033405302659703e-05+0j)
  IIZIZIZI: (-0.19293334039311888+0j)
  IIIIIZII: (0.0002815776571030861+0j)
  IZIIIIII: (0.0002815776571030861+0j)
  IZIIIIII: (-0.0013457450973600681+0j)
  IIIIIZII: (1.238027804217336e-13+0j)
  ZZIIIZII: (-0.024715231104281768+0j)
  ZZIIIZII: (-0.222630750069049+0j)
  IIIIZIII: (-0.00010993204143534921+0j)
  ZIIIIIII: (-0.00010993204143534921+0j)
  ZIIIIIII: (-0.0027968821691587748+0j)
  ZIIIZIII: (-3.6125789019479033e-07+0j)
  ZIIIZIII: (-0.022188391138939723+0j)

 

Information about the circuit: 
Number of qubits: 8
 Depth : 35

--- Starting Optimization Loop (method=COBYLA) ---
Iter 10: Cost = -0.06827067295244177
Iter 20: Cost = -0.41443168695662264
Iter 30: Cost = -0.44170298192457264
Optimization success: True
Optimal Params: [-0.39269908 -0.39269908 -0.07938931  0.67474685]

--- Final Statevector (exact) ---
Marginals: [0.9415751879679685, 0.8121864796680113, 0.04845251083050429, 0.03377686536233304, 0.9463188237623346, 0.8514965675751753, 0.04828388276781536, 0.03753882712076034]

  ┌─ Depth 4 | Patch (224, 240, 80, 96) | eff_threshold=0.830
  │  θ-only  (before QAOA): [[0.275 0.156]
 [0.297 0.33 ]]
  │  QAOA    (after  QAOA): [[0.944 0.832]
 [0.048 0.036]]
  │  θ-only  refine: [[0 0]
 [0 0]]
  │  QAOA    refine: [[1 1]
 [0 0]]
  │  Agreement: 2/4 cells
  │  Boundary activation: ['top']
  └─
Transpiling circuit (backend=state_vector, opt_level=0)
  IIIIIIIZ: (-0.0006152679938873137+0j)
  IIIZIIII: (-0.0006152679938873137+0j)
  IIIIIIZZ: (-0.006482358427230124+0j)
  IZIZIIII: (-0.002827538914195236+0j)
  IIIIIIIZ: (0.0008218255169386305+0j)
  IIIZIIII: (-0.0045614252009413304+0j)
  IIZZIZIZ: (-0.0008226607125087598+0j)
  IIZZIZIZ: (-0.15044410348448878+0j)
  IIIIIIZI: (-0.000762475139151721+0j)
  IIZIIIII: (-0.000762475139151721+0j)
  IIIIIIZI: (-0.0034267926305859508+0j)
  ZIZIIIII: (-0.09236185354302061+0j)
  IIZIIIII: (-0.13675558930601237+0j)
  IIZIZIZI: (-0.0003009825918753482+0j)
  IIZIZIZI: (-0.10672823717082777+0j)
  IIIIIZII: (0.00027423120520727446+0j)
  IZIIIIII: (0.00027423120520727446+0j)
  IIIIIZII: (6.475644921703678e-11+0j)
  ZZIIIZII: (-0.0947236472282859+0j)
  ZZIIIZII: (-0.04755527801725301+0j)
  IIIIZIII: (0.00014736559146575698+0j)
  ZIIIIIII: (0.00014736559146575698+0j)
  IIIIZIII: (0.0012911043417448093+0j)
  ZIIIZIII: (-0.0394126829615804+0j)
  ZIIIZIII: (-0.04108735693011007+0j)

 

Information about the circuit: 
Number of qubits: 8
 Depth : 65

--- Starting Optimization Loop (method=COBYLA) ---
Iter 10: Cost = -0.2641706654750588
Optimization success: True
Optimal Params: [0.05185433 0.05056856 0.18075532 0.34040593]

--- Final Statevector (exact) ---
Marginals: [0.25618555414834293, 0.06017307610423531, 0.26459346641935855, 0.17767358447544615, 0.10695435169444248, 0.18192304141773258, 0.26385382674767627, 0.17823832683153557]

  ┌─ Depth 4 | Patch (224, 240, 96, 112) | eff_threshold=0.830
  │  θ-only  (before QAOA): [[0.177 0.117]
 [0.358 0.261]]
  │  QAOA    (after  QAOA): [[0.182 0.121]
 [0.264 0.178]]
  │  θ-only  refine: [[0 0]
 [0 0]]
  │  QAOA    refine: [[0 0]
 [0 0]]
  │  Agreement: 4/4 cells
  └─
Transpiling circuit (backend=state_vector, opt_level=0)
  IIIIIIIZ: (-0.0002371413780015012+0j)
  IIIZIIII: (-0.0002371413780015012+0j)
  IIIIIIZZ: (-2.655242356212069e-06+0j)
  IZIZIIII: (-0.0008228710178472286+0j)
  IIIIIIIZ: (-1.7758936754518205e-06+0j)
  IIIZIIII: (-0.0013289478381994261+0j)
  IIZZIZIZ: (-0.10796653813976102+0j)
  IIZZIZIZ: (-0.15935206360742965+0j)
  IIIIIIZI: (-0.00028928061720597946+0j)
  IIZIIIII: (-0.00028928061720597946+0j)
  ZIZIIIII: (-3.109592062363672e-05+0j)
  IIZIIIII: (-5.7501782828357094e-05+0j)
  IIZIZIZI: (-0.027467698637605894+0j)
  IIZIZIZI: (-0.14505100220440978+0j)
  IIIIIZII: (-0.00013314777883514494+0j)
  IZIIIIII: (-0.00013314777883514494+0j)
  IIIIZZII: (-0.0002664378287676677+0j)
  IZIIIIII: (0.0014395252693486424+0j)
  IIIIIZII: (0.000584949232226895+0j)
  ZZIIIZII: (-0.10277268715885343+0j)
  ZZIIIZII: (-0.07296483524087186+0j)
  IIIIZIII: (-0.0002040522340407855+0j)
  ZIIIIIII: (-0.0002040522340407855+0j)
  IIIIZIII: (-1.663463976345659e-05+0j)
  ZIIIIIII: (-0.0003491760096398451+0j)
  ZIIIZIII: (-0.06607480165956546+0j)
  ZIIIZIII: (-0.09943338252900044+0j)

 

Information about the circuit: 
Number of qubits: 8
 Depth : 88

--- Starting Optimization Loop (method=COBYLA) ---
Iter 10: Cost = -0.28273945108368864
Optimization success: True
Optimal Params: [0.        0.        0.1874002 0.3748004]

--- Final Statevector (exact) ---
Marginals: [0.11743429458486461, 0.08222215875055754, 0.21601215239601004, 0.13404102410151048, 0.11743429458486451, 0.08222215875055754, 0.21601215239600996, 0.1340410241015105]

  ┌─ Depth 4 | Patch (224, 240, 112, 128) | eff_threshold=0.830
  │  θ-only  (before QAOA): [[0.117 0.082]
 [0.216 0.134]]
  │  QAOA    (after  QAOA): [[0.117 0.082]
 [0.216 0.134]]
  │  θ-only  refine: [[0 0]
 [0 0]]
  │  QAOA    refine: [[0 0]
 [0 0]]
  │  Agreement: 4/4 cells
  └─
Transpiling circuit (backend=state_vector, opt_level=0)
  IIIIIIIZ: (1.1102427558346133e-06+0j)
  IIIZIIII: (1.1102427558346133e-06+0j)
  IIIIIIZZ: (-2.051529912355559e-06+0j)
  IZIZIIII: (-0.00037987999181184816+0j)
  IIIIIIIZ: (-3.2328535743852415e-06+0j)
  IIIZIIII: (0.0016444722940727702+0j)
  IIZZIZIZ: (-0.0005775292258577394+0j)
  IIZZIZIZ: (-0.20007010773815456+0j)
  IIIIIIZI: (2.6369545303054594e-05+0j)
  IIZIIIII: (2.6369545303054594e-05+0j)
  ZIZIIIII: (-0.0010054925223133488+0j)
  IIZIIIII: (0.0023388541181556324+0j)
  IIZIZIZI: (-0.0037162707825192497+0j)
  IIZIZIZI: (-0.04275467599628346+0j)
  IIIIIZII: (-1.2829294317567444e-05+0j)
  IZIIIIII: (-1.2829294317567444e-05+0j)
  IIIIIZII: (-3.8853969748110105e-08+0j)
  ZZIIIZII: (-0.18612112727338884+0j)
  IIIIZIII: (-8.837468272682605e-06+0j)
  ZIIIIIII: (-8.837468272682605e-06+0j)
  IIIIZIII: (-0.00026241312759950157+0j)
  ZIIIZIII: (-7.631243342667734e-05+0j)
  ZIIIZIII: (-0.12893925617406507+0j)

 

Information about the circuit: 
Number of qubits: 8
 Depth : 64

--- Starting Optimization Loop (method=COBYLA) ---
Iter 10: Cost = -0.1800589856359672
Optimization success: True
Optimal Params: [-0.00926246 -0.00262089  0.30927726  0.62016617]

--- Final Statevector (exact) ---
Marginals: [0.35571670482553946, 0.4065492789762771, 0.04828939511211752, 0.11480368972051783, 0.35571655819207354, 0.4063030757034338, 0.048469065891879104, 0.115052802428264]

  ┌─ Depth 4 | Patch (240, 256, 96, 112) | eff_threshold=0.830
  │  θ-only  (before QAOA): [[0.367 0.395]
 [0.044 0.122]]
  │  QAOA    (after  QAOA): [[0.356 0.406]
 [0.048 0.115]]
  │  θ-only  refine: [[0 0]
 [0 0]]
  │  QAOA    refine: [[0 0]
 [0 0]]
  │  Agreement: 4/4 cells
  │  Boundary activation: ['top']
  └─
Transpiling circuit (backend=state_vector, opt_level=0)
  IIIIIIIZ: (0.09283510614880672+0j)
  IIIZIIII: (0.09283510614880672+0j)
  IIIIIIIZ: (4.402197754303646e-18+0j)
  IIIZIIII: (2.775972171573856e-31+0j)
  IIZZIZIZ: (-0.5580188409361232+0j)
  IIZZIZIZ: (-0.16653861602639147+0j)
  IIIIIIZI: (0.09121514243527303+0j)
  IIZIIIII: (0.09121514243527303+0j)
  IIIIIIZI: (-0.18847863867014958+0j)
  IIZIIIII: (-7.676420867019481e-19+0j)
  IIZIZIZI: (-0.05984321796591198+0j)
  IIZIZIZI: (-0.10885195303514521+0j)
  IIIIIZII: (0.16592958961055643+0j)
  IZIIIIII: (0.16592958961055643+0j)
  IIIIIZII: (-4.894304212016175e-40+0j)
  ZZIIIZII: (-0.30276937772179646+0j)
  ZZIIIZII: (-0.12012086367047212+0j)
  IIIIZIII: (0.10987716326076451+0j)
  ZIIIIIII: (0.10987716326076451+0j)
  ZIIIZIII: (-0.04872595489301965+0j)
  ZIIIZIII: (-0.01542490867072834+0j)

 

Information about the circuit: 
Number of qubits: 8
 Depth : 60

--- Starting Optimization Loop (method=COBYLA) ---
Iter 10: Cost = 0.16391492917508943
Optimization success: True
Optimal Params: [0.05377804 0.00423727 0.13679128 0.15606617]

--- Final Statevector (exact) ---
Marginals: [0.34401248508143084, 0.3719163163012741, 0.4489102417348108, 0.3232993651130119, 0.34401248508143095, 0.3705956606970506, 0.4502735306306579, 0.43500515693323055]

  ┌─ Depth 4 | Patch (240, 256, 112, 128) | eff_threshold=0.830
  │  θ-only  (before QAOA): [[0.399 0.317]
 [0.394 0.379]]
  │  QAOA    (after  QAOA): [[0.344 0.371]
 [0.45  0.379]]
  │  θ-only  refine: [[0 0]
 [0 0]]
  │  QAOA    refine: [[0 0]
 [0 0]]
  │  Agreement: 4/4 cells
  └─
Transpiling circuit (backend=state_vector, opt_level=0)
  IIIIIIIZ: (0.034537750951951725+0j)
  IIIZIIII: (0.034537750951951725+0j)
  IIIIIIZZ: (-0.1866097669416062+0j)
  IIIIIIIZ: (0.6306112372546262+0j)
  IIIZIIII: (1.849172137684992e-43+0j)
  IIZZIZIZ: (-0.04172541286569178+0j)
  IIZZIZIZ: (-0.9946508048175143+0j)
  IIIIIIZI: (-0.004825804098842902+0j)
  IIZIIIII: (-0.004825804098842902+0j)
  IIZIIIII: (-1.6450991516664251e-06+0j)
  IIIIIZII: (0.027834553653960224+0j)
  IZIIIIII: (0.027834553653960224+0j)
  IIIIIZII: (-5.044285977331017e-11+0j)
  ZZIIIZII: (-0.04319040002804285+0j)
  ZZIIIZII: (-0.04496156726664805+0j)
  IIIIZIII: (0.009818293210561525+0j)
  ZIIIIIII: (0.009818293210561525+0j)
  ZIIIIIII: (0.14154711869814182+0j)

 

Information about the circuit: 
Number of qubits: 8
 Depth : 53

--- Starting Optimization Loop (method=COBYLA) ---
Iter 10: Cost = -0.005976051325563475
Iter 20: Cost = -0.033094128435036424
Optimization success: True
Optimal Params: [ 0.00030212 -0.08668667  0.10931937  0.11064147]

--- Final Statevector (exact) ---
Marginals: [0.6417513426664584, 0.10259525113959142, 0.5401360459763512, 0.20289467251471446, 0.6437081194547213, 0.09783647056676355, 0.5489008134479859, 0.20273108763610495]

  ┌─ Depth 4 | Patch (128, 144, 128, 144) | eff_threshold=0.830
  │  θ-only  (before QAOA): [[0.568 0.056]
 [0.463 0.138]]
  │  QAOA    (after  QAOA): [[0.643 0.1  ]
 [0.545 0.203]]
  │  θ-only  refine: [[0 0]
 [0 0]]
  │  QAOA    refine: [[0 0]
 [0 0]]
  │  Agreement: 4/4 cells
  │  Boundary activation: ['left']
  └─
Transpiling circuit (backend=state_vector, opt_level=0)
  IIIIIIIZ: (-5.6395633149986006e-12+0j)
  IIIZIIII: (-1.764267851640763e-13+0j)
  IIZIIIII: (-1.5352644212522216e-13+0j)
  IIIIIZII: (-3.029983622302445e-11+0j)

 

Information about the circuit: 
Number of qubits: 8
 Depth : 5

--- Null Hamiltonian detected (all coefficients zero). Skipping optimization — returning θ-init marginals. ---

--- Final Statevector (exact) ---
Marginals: [0.03555478273956215, 0.03209001171430598, 0.04510548639144872, 0.035638283581083285, 0.03555478273956214, 0.032090011714305984, 0.04510548639144872, 0.03563828358108329]

  ┌─ Depth 4 | Patch (128, 144, 144, 160) | eff_threshold=0.830
  │  θ-only  (before QAOA): [[0.036 0.032]
 [0.045 0.036]]
  │  QAOA    (after  QAOA): [[0.036 0.032]
 [0.045 0.036]]
  │  θ-only  refine: [[0 0]
 [0 0]]
  │  QAOA    refine: [[0 0]
 [0 0]]
  │  Agreement: 4/4 cells
  └─
Transpiling circuit (backend=state_vector, opt_level=0)
  IIIIIIIZ: (-0.0009811588636760278+0j)
  IIIZIIII: (-0.0009811588636760278+0j)
  IIIIIIIZ: (-1.595570326164866e-37+0j)
  IIIZIIII: (3.17680469873058e-25+0j)
  IIZZIZIZ: (-0.004195740564490628+0j)
  IIZZIZIZ: (-0.9760470108471473+0j)
  IIIIIIZI: (0.03688193390146537+0j)
  IIZIIIII: (0.03688193390146537+0j)
  IIIIIIZI: (-0.34357740536392817+0j)
  IIZIIIII: (-2.2268920526524626e-50+0j)
  IIZIZIZI: (-0.5636869571580827+0j)
  IIZIZIZI: (-0.6489451144484124+0j)
  IIIIIZII: (-0.0076043547740275485+0j)
  IZIIIIII: (-0.0076043547740275485+0j)
  IZIIIIII: (-0.000449276989962549+0j)
  IIIIIZII: (-3.246586343928188e-36+0j)
  ZZIIIZII: (-0.7700903263677249+0j)
  IIIIZIII: (0.03984151334651264+0j)
  ZIIIIIII: (0.03984151334651264+0j)
  ZIIIZIII: (-0.05214196790483523+0j)
  ZIIIZIII: (-0.12226906597231917+0j)

 

Information about the circuit: 
Number of qubits: 8
 Depth : 60

--- Starting Optimization Loop (method=COBYLA) ---
Iter 10: Cost = 0.08337389203423368
Optimization success: True
Optimal Params: [0.         0.         0.07075028 0.14150055]

--- Final Statevector (exact) ---
Marginals: [0.5299148548260898, 0.43920206791946487, 0.41810472534539533, 0.5310070264167521, 0.5299148548260896, 0.4392020679194648, 0.4181047253453954, 0.5310070264167521]

  ┌─ Depth 4 | Patch (144, 160, 128, 144) | eff_threshold=0.830
  │  θ-only  (before QAOA): [[0.53  0.439]
 [0.418 0.531]]
  │  QAOA    (after  QAOA): [[0.53  0.439]
 [0.418 0.531]]
  │  θ-only  refine: [[0 0]
 [0 0]]
  │  QAOA    refine: [[0 0]
 [0 0]]
  │  Agreement: 4/4 cells
  └─
Transpiling circuit (backend=state_vector, opt_level=0)
  IIIIIIIZ: (-4.444488986131253e-10+0j)
  IIIZIIII: (-1.2568088751782124e-07+0j)
  IIZZIZIZ: (-0.06175164084574443+0j)
  IIZIIIII: (-7.710499245534153e-12+0j)
  IIZIZIZI: (-0.08378146942233242+0j)
  IZIIIIII: (2.6553206963758968e-05+0j)
  IIIIIZII: (2.5252145271981042e-08+0j)
  ZZIIIZII: (-0.19151698112974383+0j)
  ZIIIZIII: (-0.20178402669519582+0j)

 

Information about the circuit: 
Number of qubits: 8
 Depth : 31

--- Starting Optimization Loop (method=COBYLA) ---
Iter 10: Cost = -0.3593275978221348
Optimization success: True
Optimal Params: [-0.00215175  0.00353694  0.22773307  0.4675567 ]

--- Final Statevector (exact) ---
Marginals: [0.06394540988925028, 0.04011174223117962, 0.13642779511981062, 0.04313896770979857, 0.06410619741604646, 0.041036533931328466, 0.13645968893573504, 0.043522533623931374]

  ┌─ Depth 4 | Patch (144, 160, 144, 160) | eff_threshold=0.830
  │  θ-only  (before QAOA): [[0.063 0.041]
 [0.136 0.044]]
  │  QAOA    (after  QAOA): [[0.064 0.041]
 [0.136 0.043]]
  │  θ-only  refine: [[0 0]
 [0 0]]
  │  QAOA    refine: [[0 0]
 [0 0]]
  │  Agreement: 4/4 cells
  └─
Transpiling circuit (backend=state_vector, opt_level=0)
  IIIIIIZZ: (-0.0011214664393239993+0j)
  IIIIIIIZ: (-0.0028445646354466375+0j)
  IIIZIIII: (-3.017000661476951e-09+0j)
  IIZZIZIZ: (-0.1354464175069366+0j)
  IIZIIIII: (8.749254934097459e-11+0j)
  IIZIZIZI: (-0.06189481065754068+0j)
  IIIIZZII: (-0.00014264416483323567+0j)
  IIIIIZII: (-0.00036320680927114714+0j)
  ZZIIIZII: (-0.12032518730336969+0j)
  IIIIZIII: (-4.365941032653323e-05+0j)
  ZIIIZIII: (-0.08099221830785518+0j)

 

Information about the circuit: 
Number of qubits: 8
 Depth : 41

--- Starting Optimization Loop (method=COBYLA) ---
Iter 10: Cost = -0.11131607984968062
Optimization success: True
Optimal Params: [0.05       0.05       0.54491831 0.98983663]

--- Final Statevector (exact) ---
Marginals: [0.06649634626400881, 0.5127362941564918, 0.027832380432575035, 0.14733084633142277, 0.05844169211183019, 0.5079320973264411, 0.025734810992020893, 0.1532284431322366]

  ┌─ Depth 4 | Patch (160, 176, 128, 144) | eff_threshold=0.830
  │  θ-only  (before QAOA): [[0.103 0.414]
 [0.064 0.222]]
  │  QAOA    (after  QAOA): [[0.062 0.51 ]
 [0.027 0.15 ]]
  │  θ-only  refine: [[0 0]
 [0 0]]
  │  QAOA    refine: [[0 0]
 [0 0]]
  │  Agreement: 4/4 cells
  │  Boundary activation: ['right']
  └─
Transpiling circuit (backend=state_vector, opt_level=0)
  IIIIIIIZ: (0.0002168398427271676+0j)
  IIIZIIII: (0.0002168398427271676+0j)
  IIIIIIZZ: (-4.431349772187493e-06+0j)
  IZIZIIII: (-0.0007881411119492313+0j)
  IIIIIIIZ: (1.327311557264938e-05+0j)
  IIIZIIII: (-0.0002295617236298288+0j)
  IIZZIZIZ: (-0.11537622858475427+0j)
  IIZZIZIZ: (-0.10932698944671868+0j)
  IIIIIIZI: (-0.00016804353377031854+0j)
  IIZIIIII: (-0.00016804353377031854+0j)
  IIZIIIII: (-8.795917226067203e-10+0j)
  IIZIZIZI: (-0.10173499546846648+0j)
  IIIIIZII: (0.0002632641325621418+0j)
  IZIIIIII: (0.0002632641325621418+0j)
  IZIIIIII: (-4.41970917974431e-06+0j)
  IIIIIZII: (-1.720418077759269e-08+0j)
  ZZIIIZII: (-0.08828992907854223+0j)
  ZZIIIZII: (-0.07774910575340141+0j)
  IIIIZIII: (-8.665617149105156e-05+0j)
  ZIIIIIII: (-8.665617149105156e-05+0j)
  ZIIIZIII: (-0.08026227865437341+0j)

 

Information about the circuit: 
Number of qubits: 8
 Depth : 58

--- Starting Optimization Loop (method=COBYLA) ---
Iter 10: Cost = -0.24008673953334694
Optimization success: True
Optimal Params: [0.10527656 0.05379999 0.29060606 0.5967526 ]

--- Final Statevector (exact) ---
Marginals: [0.4021563390337774, 0.005834052479471678, 0.08600509792503722, 0.01640509292272616, 0.4021488865796727, 0.07203727423150076, 0.08210453941050382, 0.04630510148001498]

  ┌─ Depth 4 | Patch (160, 176, 144, 160) | eff_threshold=0.830
  │  θ-only  (before QAOA): [[0.258 0.053]
 [0.186 0.077]]
  │  QAOA    (after  QAOA): [[0.402 0.039]
 [0.084 0.031]]
  │  θ-only  refine: [[0 0]
 [0 0]]
  │  QAOA    refine: [[0 0]
 [0 0]]
  │  Agreement: 4/4 cells
  └─
Transpiling circuit (backend=state_vector, opt_level=0)
  IIIIIIIZ: (-2.982589595060059e-09+0j)
  IIIZIIII: (-1.9755223389834946e-09+0j)
  IIZZIZIZ: (-0.0014042480566016432+0j)
  IIZIIIII: (-8.246051027661315e-08+0j)
  IIZIZIZI: (-0.0009263170845148165+0j)
  IIIIIZII: (-1.1635129397442442e-07+0j)
  ZZIIIZII: (-0.0012237581476839568+0j)
  IIIIZIII: (-1.3356823822848104e-05+0j)
  ZIIIIIII: (-1.4687072233669794e-05+0j)
  ZIIIZIII: (-0.0009791953265842566+0j)

 

Information about the circuit: 
Number of qubits: 8
 Depth : 32

--- Starting Optimization Loop (method=COBYLA) ---
Iter 10: Cost = -0.0031896489190626313
Optimization success: True
Optimal Params: [-0.03320445 -0.02947828  0.22339728  0.53105256]

--- Final Statevector (exact) ---
Marginals: [0.027994160067454175, 0.039410270372515946, 0.05590680999830717, 0.05354114657650789, 0.027682035827552014, 0.039343648574549, 0.034512487971598726, 0.12002316252553645]

  ┌─ Depth 4 | Patch (160, 176, 224, 240) | eff_threshold=0.830
  │  θ-only  (before QAOA): [[0.051 0.055]
 [0.056 0.085]]
  │  QAOA    (after  QAOA): [[0.028 0.039]
 [0.045 0.087]]
  │  θ-only  refine: [[0 0]
 [0 0]]
  │  QAOA    refine: [[0 0]
 [0 0]]
  │  Agreement: 4/4 cells
  └─
Transpiling circuit (backend=state_vector, opt_level=0)
  IIIIIIIZ: (-0.0007302373547136829+0j)
  IIIZIIII: (-0.0007302373547136829+0j)
  IIIIIIZZ: (-3.2891053238606087e-06+0j)
  IZIZIIII: (-9.852918508296685e-06+0j)
  IIIIIIIZ: (-6.480137794807271e-06+0j)
  IIIZIIII: (-1.94206699025244e-05+0j)
  IIZZIZIZ: (-0.002270060613552872+0j)
  IIIIIIZI: (-0.0006515392692092303+0j)
  IIZIIIII: (-0.0006515392692092303+0j)
  ZIZIIIII: (-0.00011242187316345643+0j)
  IIZIIIII: (-0.0002000372140896723+0j)
  IIZIZIZI: (-0.02215771895228182+0j)
  IIIIIZII: (-0.0006369182337939197+0j)
  IZIIIIII: (-0.0006369182337939197+0j)
  IIIIZZII: (-0.0005204583684490481+0j)
  IZIIIIII: (-1.6009989113895256e-05+0j)
  IIIIIZII: (-0.0006990378670182614+0j)
  ZZIIIZII: (-0.06786792233441463+0j)
  IIIIZIII: (-0.000578308230828785+0j)
  ZIIIIIII: (-0.000578308230828785+0j)
  IIIIZIII: (0.4081107948114911+0j)
  ZIIIIIII: (0.3095578823411948+0j)
  ZIIIZIII: (-3.983672847310731e-05+0j)

 

Information about the circuit: 
Number of qubits: 8
 Depth : 53

--- Starting Optimization Loop (method=COBYLA) ---
Iter 10: Cost = 0.31824640729606457
Optimization success: True
Optimal Params: [0.05293697 0.00058204 0.10817311 0.19686656]

--- Final Statevector (exact) ---
Marginals: [0.08816927751807478, 0.10380585993694706, 0.11883674442463907, 0.2059624716188537, 0.09632670393896337, 0.10380480792576086, 0.11883661469025823, 0.2759921765247789]

  ┌─ Depth 4 | Patch (160, 176, 240, 256) | eff_threshold=0.830
  │  θ-only  (before QAOA): [[0.075 0.073]
 [0.086 0.23 ]]
  │  QAOA    (after  QAOA): [[0.092 0.104]
 [0.119 0.241]]
  │  θ-only  refine: [[0 0]
 [0 0]]
  │  QAOA    refine: [[0 0]
 [0 0]]
  │  Agreement: 4/4 cells
  └─
Transpiling circuit (backend=state_vector, opt_level=0)
  IIIIIIIZ: (-0.0004925359613770303+0j)
  IIIZIIII: (-0.0004925359613770303+0j)
  IIIIIIZZ: (-9.90078201092247e-05+0j)
  IZIZIIII: (-0.00028473303302887766+0j)
  IIIIIIIZ: (-0.00018857888705241943+0j)
  IIIZIIII: (-0.0005549414291141979+0j)
  IIZZIZIZ: (-0.02513273606937886+0j)
  IIIIIIZI: (-0.00040305936446464617+0j)
  IIZIIIII: (-0.00040305936446464617+0j)
  IIIIIIZI: (-2.645764934418522e-05+0j)
  ZIZIIIII: (-0.003327631004262422+0j)
  IIZIIIII: (-0.004469406623963553+0j)
  IIZIZIZI: (-0.04387856353447409+0j)
  IIIIIZII: (-0.0003866275469824804+0j)
  IZIIIIII: (-0.0003866275469824804+0j)
  IIIIZZII: (-0.004859296162707191+0j)
  IZIIIIII: (-6.750992520770489e-05+0j)
  IIIIIZII: (-0.0039029730755587673+0j)
  ZZIIIZII: (-0.05418614715021375+0j)
  IIIIZIII: (-0.0002825380692057754+0j)
  ZIIIIIII: (-0.0002825380692057754+0j)
  IIIIZIII: (0.03318059102050921+0j)
  ZIIIIIII: (0.014571597260457264+0j)
  ZIIIZIII: (-0.011840088520304297+0j)

 

Information about the circuit: 
Number of qubits: 8
 Depth : 53

--- Starting Optimization Loop (method=COBYLA) ---
Iter 10: Cost = -0.093986796961091
Iter 20: Cost = -0.10048157854630499
Optimization success: True
Optimal Params: [-0.18027866 -0.14063794  0.32864708  0.9122783 ]

--- Final Statevector (exact) ---
Marginals: [0.02735078585852474, 0.00036107186021659807, 0.001634406864496505, 0.03179614306838109, 0.01598993106345109, 0.0008069116514463337, 0.0010746976915094607, 0.032379814622693695]

  ┌─ Depth 4 | Patch (176, 192, 224, 240) | eff_threshold=0.830
  │  θ-only  (before QAOA): [[0.096 0.098]
 [0.113 0.229]]
  │  QAOA    (after  QAOA): [[0.022 0.001]
 [0.001 0.032]]
  │  θ-only  refine: [[0 0]
 [0 0]]
  │  QAOA    refine: [[0 0]
 [0 0]]
  │  Agreement: 4/4 cells
  └─
Transpiling circuit (backend=state_vector, opt_level=0)
  IIIIIIIZ: (-0.013799802737639522+0j)
  IIIZIIII: (-0.013799802737639522+0j)
  IIIIIIZZ: (-0.017711178779586598+0j)
  IZIZIIII: (-0.0032455580766164714+0j)
  IIIIIIIZ: (-0.022345813777747997+0j)
  IIIZIIII: (-0.004261319283773146+0j)
  IIZZIZIZ: (-0.20085958401974835+0j)
  IIZZIZIZ: (-0.2552726327933264+0j)
  IIIIIIZI: (-0.014605570512884252+0j)
  IIZIIIII: (-0.014605570512884252+0j)
  IIIIIIZI: (1.2336332364637218e-05+0j)
  ZIZIIIII: (-2.3677281709591578e-06+0j)
  IIZIIIII: (3.938366108317147e-06+0j)
  IIZIZIZI: (-0.08905777703009385+0j)
  IIZIZIZI: (-0.163112000792892+0j)
  IIIIIZII: (-0.013875719772978459+0j)
  IZIIIIII: (-0.013875719772978459+0j)
  IIIIZZII: (-2.119926096638177e-06+0j)
  IIIIIZII: (3.19743734406708e-06+0j)
  ZZIIIZII: (-0.060157851680608464+0j)
  ZZIIIZII: (-0.09960274889711665+0j)
  IIIIZIII: (0.016604950975162243+0j)
  ZIIIIIII: (0.016604950975162243+0j)
  IIIIZIII: (-0.6290745074736827+0j)
  ZIIIIIII: (-0.861585209483156+0j)
  ZIIIZIII: (-0.08008732320790656+0j)
  ZIIIZIII: (-0.1495336983797054+0j)

 

Information about the circuit: 
Number of qubits: 8
 Depth : 88

--- Starting Optimization Loop (method=COBYLA) ---
Iter 10: Cost = -1.460694863968665
Iter 20: Cost = -1.683046764920003
Optimization success: True
Optimal Params: [-0.08593492 -0.3165659   0.13938891  0.2649014 ]

--- Final Statevector (exact) ---
Marginals: [0.024709158533266013, 0.610126364770572, 0.043221879970456234, 0.02421753132711506, 0.024329592271089686, 0.5916767773059973, 0.025364542298041085, 0.05469311639515861]

  ┌─ Depth 4 | Patch (176, 192, 240, 256) | eff_threshold=0.830
  │  θ-only  (before QAOA): [[0.225 0.23 ]
 [0.278 0.226]]
  │  QAOA    (after  QAOA): [[0.025 0.601]
 [0.034 0.039]]
  │  θ-only  refine: [[0 0]
 [0 0]]
  │  QAOA    refine: [[0 0]
 [0 0]]
  │  Agreement: 4/4 cells
  │  Boundary activation: ['top', 'right']
  └─
Transpiling circuit (backend=state_vector, opt_level=0)
  IIIIIIIZ: (-4.786191049910346e-13+0j)
  IIIZIIII: (-2.1895548010836627e-14+0j)
  IIZZIZIZ: (-0.1670527805249216+0j)
  IIZIIIII: (-1.55339217340102e-09+0j)
  IIZIZIZI: (-0.3201391702453305+0j)
  IIIIIZII: (-7.178136573589441e-10+0j)
  ZZIIIZII: (-0.47260110881315504+0j)
  IIIIZIII: (-2.4347107469864184e-05+0j)
  ZIIIIIII: (-9.552212205122837e-06+0j)
  ZIIIZIII: (-0.3932397912969702+0j)

 

Information about the circuit: 
Number of qubits: 8
 Depth : 32

--- Starting Optimization Loop (method=COBYLA) ---
Iter 10: Cost = -0.9032536006347853
Optimization success: True
Optimal Params: [0.         0.         0.25896487 0.56792975]

--- Final Statevector (exact) ---
Marginals: [0.02564483288220621, 0.05082970455394618, 0.040269528960524235, 0.09773825235022267, 0.02564483288220621, 0.05082970455394616, 0.040269528960524194, 0.09773825235022271]

  ┌─ Depth 4 | Patch (192, 208, 176, 192) | eff_threshold=0.830
  │  θ-only  (before QAOA): [[0.026 0.051]
 [0.04  0.098]]
  │  QAOA    (after  QAOA): [[0.026 0.051]
 [0.04  0.098]]
  │  θ-only  refine: [[0 0]
 [0 0]]
  │  QAOA    refine: [[0 0]
 [0 0]]
  │  Agreement: 4/4 cells
  └─
Transpiling circuit (backend=state_vector, opt_level=0)
  IIIIIIIZ: (-0.0001769858446689266+0j)
  IIIZIIII: (-0.0001769858446689266+0j)
  IIIIIIZZ: (-0.001666152028741294+0j)
  IZIZIIII: (-0.001620448600710672+0j)
  IIIIIIIZ: (-0.004318105644812136+0j)
  IIIZIIII: (-0.003683524652935612+0j)
  IIZZIZIZ: (-0.0008792327940722824+0j)
  IIZZIZIZ: (-0.33986368263455924+0j)
  IIIIIIZI: (-0.0001272711536370057+0j)
  IIZIIIII: (-0.0001272711536370057+0j)
  IIIIIIZI: (0.26791040970204183+0j)
  ZIZIIIII: (-0.01645923272755917+0j)
  IIZIIIII: (-0.017747456678100102+0j)
  IIZIZIZI: (-0.025419269684252847+0j)
  IIZIZIZI: (-0.18166931139977677+0j)
  IIIIIZII: (-0.00015026928894581486+0j)
  IZIIIIII: (-0.00015026928894581486+0j)
  IIIIZZII: (-0.020059218058555164+0j)
  IZIIIIII: (0.8185752046579152+0j)
  IIIIIZII: (-0.035917942067979616+0j)
  ZZIIIZII: (-0.013495110308411168+0j)
  ZZIIIZII: (-0.12766404277061955+0j)
  IIIIZIII: (-8.395143820086316e-05+0j)
  ZIIIIIII: (-8.395143820086316e-05+0j)
  ZIIIZIII: (0.0006592717666487891+0j)
  ZIIIZIII: (0.0017478413567089343+0j)

 

Information about the circuit: 
Number of qubits: 8
 Depth : 87

--- Starting Optimization Loop (method=COBYLA) ---
Iter 10: Cost = 0.028008144054331715
Iter 20: Cost = -0.681188010719325
Iter 30: Cost = -0.6717441208466781
Optimization success: True
Optimal Params: [-0.39202462 -0.39269908 -0.36649669  0.2812279 ]

--- Final Statevector (exact) ---
Marginals: [0.22438733492130256, 0.8425079488996912, 0.8705923819427325, 0.994140946224937, 0.21767210616406893, 0.8331702269789508, 0.8540712855852101, 0.9967319262319094]

  ┌─ Depth 4 | Patch (208, 224, 176, 192) | eff_threshold=0.830
  │  θ-only  (before QAOA): [[0.093 0.145]
 [0.185 0.467]]
  │  QAOA    (after  QAOA): [[0.221 0.838]
 [0.862 0.995]]
  │  θ-only  refine: [[0 0]
 [0 0]]
  │  QAOA    refine: [[0 1]
 [1 1]]
  │  Agreement: 1/4 cells
  │  Boundary activation: ['bottom', 'right']
  └─
Transpiling circuit (backend=state_vector, opt_level=0)
  IIIIIIIZ: (-0.0003060030050624856+0j)
  IIIZIIII: (-0.0003060030050624856+0j)
  IIIIIIZZ: (-1.6971085886757468e-06+0j)
  IZIZIIII: (-0.049406559808413415+0j)
  IIIIIIIZ: (-3.879758511134105e-07+0j)
  IIIZIIII: (-0.07616983508470034+0j)
  IIZZIZIZ: (-0.07809155477502155+0j)
  IIZZIZIZ: (-0.26187010742043587+0j)
  IIIIIIZI: (-0.00044727364360910436+0j)
  IIZIIIII: (-0.00044727364360910436+0j)
  IIZIIIII: (-9.87773307209824e-07+0j)
  IIZIZIZI: (-0.030472560045236675+0j)
  IIIIIZII: (-0.0001276931972900761+0j)
  IZIIIIII: (-0.0001276931972900761+0j)
  IIIIZZII: (-0.01697785275646013+0j)
  IIIIIZII: (0.06611049983952028+0j)
  ZZIIIZII: (0.011762370658591505+0j)
  ZZIIIZII: (0.017819302216594647+0j)
  IIIIZIII: (-0.00033245947823968576+0j)
  ZIIIIIII: (-0.00033245947823968576+0j)
  ZIIIIIII: (-0.0002521814834937831+0j)
  ZIIIZIII: (-0.03185973607615911+0j)
  ZIIIZIII: (-0.17698391056335075+0j)

 

Information about the circuit: 
Number of qubits: 8
 Depth : 76

--- Starting Optimization Loop (method=COBYLA) ---
Iter 10: Cost = -0.24811120703120657
Optimization success: True
Optimal Params: [0.         0.         0.30562341 0.51124683]

--- Final Statevector (exact) ---
Marginals: [0.12718391868670448, 0.0637794295183693, 0.35879824093228513, 0.11289933937200287, 0.12718391868670437, 0.0637794295183693, 0.3587982409322855, 0.11289933937200293]

  ┌─ Depth 4 | Patch (240, 256, 128, 144) | eff_threshold=0.830
  │  θ-only  (before QAOA): [[0.127 0.064]
 [0.359 0.113]]
  │  QAOA    (after  QAOA): [[0.127 0.064]
 [0.359 0.113]]
  │  θ-only  refine: [[0 0]
 [0 0]]
  │  QAOA    refine: [[0 0]
 [0 0]]
  │  Agreement: 4/4 cells
  └─
Transpiling circuit (backend=state_vector, opt_level=0)
  IIIIIIIZ: (-1.2285366970450877e-05+0j)
  IIIZIIII: (-1.2285366970450877e-05+0j)
  IIIIIIIZ: (-1.2138462990346657e-09+0j)
  IIIZIIII: (-7.78457231958565e-12+0j)
  IIZZIZIZ: (-0.06282598318946479+0j)
  IIIIIIZI: (-1.3070004274898156e-05+0j)
  IIZIIIII: (-1.3070004274898156e-05+0j)
  IIIIIIZI: (0.04314177678604133+0j)
  ZIZIIIII: (-0.0012857669309303385+0j)
  IIZIIIII: (-0.0023022882548696054+0j)
  IIZIZIZI: (-1.9529407677949385e-05+0j)
  IIZIZIZI: (-0.024173797345645533+0j)
  IIIIIZII: (-1.2248262161539619e-05+0j)
  IZIIIIII: (-1.2248262161539619e-05+0j)
  IIIIZZII: (-7.969558925177609e-05+0j)
  IZIIIIII: (7.712775562693931e-06+0j)
  IIIIIZII: (-0.00016266036650110447+0j)
  ZZIIIZII: (-9.673604678126425e-07+0j)
  ZZIIIZII: (-0.0047380242001968656+0j)
  IIIIZIII: (-1.2325473231420726e-05+0j)
  ZIIIIIII: (-1.2325473231420726e-05+0j)
  ZIIIZIII: (-0.002901971456424338+0j)
  ZIIIZIII: (-0.002981223915379911+0j)

 

Information about the circuit: 
Number of qubits: 8
 Depth : 68

--- Starting Optimization Loop (method=COBYLA) ---
Iter 10: Cost = -0.021348395704984705
Iter 20: Cost = -0.021130151061332106
Optimization success: True
Optimal Params: [0.10801901 0.15640649 0.45746753 0.7160117 ]

--- Final Statevector (exact) ---
Marginals: [0.01069841527742006, 0.027564633382851176, 0.020578712205038152, 0.1807705176382729, 0.11138994167415837, 0.028571818663822003, 0.38412016707675684, 0.18050942140449877]

  ┌─ Depth 4 | Patch (224, 240, 160, 176) | eff_threshold=0.830
  │  θ-only  (before QAOA): [[0.026 0.173]
 [0.155 0.418]]
  │  QAOA    (after  QAOA): [[0.061 0.028]
 [0.202 0.181]]
  │  θ-only  refine: [[0 0]
 [0 0]]
  │  QAOA    refine: [[0 0]
 [0 0]]
  │  Agreement: 4/4 cells
  └─
Transpiling circuit (backend=state_vector, opt_level=0)
  IIIIIIIZ: (-0.0009629155498836427+0j)
  IIIZIIII: (-0.0009629155498836427+0j)
  IIIIIIZZ: (-5.38246889037601e-05+0j)
  IZIZIIII: (-0.0002885440789436136+0j)
  IIIIIIIZ: (-0.00011053358061809847+0j)
  IIIZIIII: (-0.0005281562310049052+0j)
  IIZZIZIZ: (-0.07773508960706833+0j)
  IIZZIZIZ: (-0.5287603408206902+0j)
  IIIIIIZI: (-0.0007063570845720668+0j)
  IIZIIIII: (-0.0007063570845720668+0j)
  IIIIIIZI: (-5.734631086284865e-05+0j)
  ZIZIIIII: (-0.004160860231595403+0j)
  IIZIIIII: (-0.0060888959174979634+0j)
  IIZIZIZI: (-0.022635550581849493+0j)
  IIZIZIZI: (-0.39375118136029236+0j)
  IIIIIZII: (-0.0007211004723535693+0j)
  IZIIIIII: (-0.0007211004723535693+0j)
  IIIIZZII: (-0.032177951374449565+0j)
  IZIIIIII: (-0.008520406646759817+0j)
  IIIIIZII: (-0.0346964410468448+0j)
  ZZIIIZII: (-0.031222263657384973+0j)
  ZZIIIZII: (-0.3653667263076711+0j)
  IIIIZIII: (-0.0006145736108949768+0j)
  ZIIIIIII: (-0.0006145736108949768+0j)
  IIIIZIII: (-0.06279218703918849+0j)
  ZIIIIIII: (0.2418789222298547+0j)
  ZIIIZIII: (-0.01700773061834148+0j)
  ZIIIZIII: (-0.18961612619044385+0j)

 

Information about the circuit: 
Number of qubits: 8
 Depth : 88

--- Starting Optimization Loop (method=COBYLA) ---
Iter 10: Cost = -0.6407280351320541
Optimization success: True
Optimal Params: [0.         0.         0.13330196 0.31660392]

--- Final Statevector (exact) ---
Marginals: [0.09002338980155135, 0.086818131060724, 0.1159864075041557, 0.15647487659750894, 0.0900233898015513, 0.08681813106072399, 0.11598640750415572, 0.15647487659750897]

  ┌─ Depth 4 | Patch (192, 208, 192, 208) | eff_threshold=0.830
  │  θ-only  (before QAOA): [[0.09  0.087]
 [0.116 0.156]]
  │  QAOA    (after  QAOA): [[0.09  0.087]
 [0.116 0.156]]
  │  θ-only  refine: [[0 0]
 [0 0]]
  │  QAOA    refine: [[0 0]
 [0 0]]
  │  Agreement: 4/4 cells
  └─
Transpiling circuit (backend=state_vector, opt_level=0)
  IIIIIIIZ: (-0.013449327112121023+0j)
  IIIZIIII: (-0.013449327112121023+0j)
  IIIIIIZZ: (-0.017262051126964037+0j)
  IZIZIIII: (-0.1120892786202266+0j)
  IIIIIIIZ: (-0.026192625424156207+0j)
  IIIZIIII: (-0.19961317139642992+0j)
  IIZZIZIZ: (-0.5416336536631339+0j)
  IIIIIIZI: (-0.008053716402643348+0j)
  IIZIIIII: (-0.008053716402643348+0j)
  IIIIIIZI: (-0.0005984391274756258+0j)
  IIZIIIII: (-8.430403556823476e-09+0j)
  IIZIZIZI: (-0.3130184751029297+0j)
  IIIIIZII: (-0.00564031162981734+0j)
  IZIIIIII: (-0.00564031162981734+0j)
  IIIIIZII: (6.476285484121345e-18+0j)
  ZZIIIZII: (-0.03798675405195427+0j)
  IIIIZIII: (-0.0029617062053251555+0j)
  ZIIIIIII: (-0.0029617062053251555+0j)
  ZIIIZIII: (-1.2277551140003373e-06+0j)
  ZIIIZIII: (-0.024664354881030012+0j)

 

Information about the circuit: 
Number of qubits: 8
 Depth : 37

--- Starting Optimization Loop (method=COBYLA) ---
Iter 10: Cost = -0.5372650944394393
Iter 20: Cost = -0.5913100732919643
Optimization success: True
Optimal Params: [-0.39269908 -0.03182254  0.25160479 -0.00607807]

--- Final Statevector (exact) ---
Marginals: [0.012118324948391154, 0.006603022499712541, 0.09777035854031046, 0.838257696131606, 0.014695226114295096, 0.015765423858704643, 0.08457515877382892, 0.8428918451423169]

  ┌─ Depth 4 | Patch (192, 208, 208, 224) | eff_threshold=0.830
  │  θ-only  (before QAOA): [[0.132 0.128]
 [0.433 0.454]]
  │  QAOA    (after  QAOA): [[0.013 0.011]
 [0.091 0.841]]
  │  θ-only  refine: [[0 0]
 [0 0]]
  │  QAOA    refine: [[0 0]
 [0 1]]
  │  Agreement: 3/4 cells
  │  Boundary activation: ['bottom', 'right']
  └─
  │  Boundary probe: (200, 208, 208, 216) (prob=0.091)
Transpiling circuit (backend=state_vector, opt_level=0)
  IIIIIIIZ: (-0.0014770441581935414+0j)
  IIIZIIII: (-0.0014770441581935414+0j)
  IIIIIIIZ: (-1.3728537044413864e-21+0j)
  IIIZIIII: (-1.5313814288433366e-22+0j)
  IIZZIZIZ: (-0.19678087429784485+0j)
  IIZZIZIZ: (-0.1664872875814695+0j)
  IIIIIIZI: (0.003923200174080971+0j)
  IIZIIIII: (0.003923200174080971+0j)
  IIZIIIII: (4.413834710507062e-26+0j)
  IIZIZIZI: (-0.020905286322459676+0j)
  IIZIZIZI: (-0.014923521561670252+0j)
  IIIIIZII: (0.005263491044369362+0j)
  IZIIIIII: (0.005263491044369362+0j)
  IIIIIZII: (1.502831851138498e-26+0j)
  ZZIIIZII: (-0.25571407138014146+0j)
  ZZIIIZII: (-0.09080779277868178+0j)
  IIIIZIII: (0.008200483080035847+0j)
  ZIIIIIII: (0.008200483080035847+0j)
  IIIIZIII: (-0.001275450109918643+0j)
  ZIIIIIII: (-0.00192482072041718+0j)
  ZIIIZIII: (-0.21392397640294633+0j)
  ZIIIZIII: (-0.09405085721468727+0j)

 

Information about the circuit: 
Number of qubits: 8
 Depth : 61

--- Starting Optimization Loop (method=COBYLA) ---
Iter 10: Cost = -0.06536859659362014
Optimization success: True
Optimal Params: [0.05880285 0.05410237 0.15549717 0.36069197]

--- Final Statevector (exact) ---
Marginals: [0.15104097017097204, 0.557712074843831, 0.32430165707625597, 0.3297429746267063, 0.1532582627011646, 0.33926987851784846, 0.320515923205057, 0.3315268278962012]

  ┌─ Depth 4 | Patch (208, 224, 192, 208) | eff_threshold=0.830
  │  θ-only  (before QAOA): [[0.236 0.445]
 [0.426 0.434]]
  │  QAOA    (after  QAOA): [[0.152 0.448]
 [0.322 0.331]]
  │  θ-only  refine: [[0 0]
 [0 0]]
  │  QAOA    refine: [[0 0]
 [0 0]]
  │  Agreement: 4/4 cells
  └─
Transpiling circuit (backend=state_vector, opt_level=0)
  IIIIIIIZ: (0.00018696399709937562+0j)
  IIIZIIII: (0.00018696399709937562+0j)
  IZIZIIII: (-3.141985352582148e-05+0j)
  IIIIIIIZ: (3.918832181471721e-08+0j)
  IIIZIIII: (0.0001852274579813319+0j)
  IIZZIZIZ: (-0.11983326337636803+0j)
  IIZZIZIZ: (-0.5452586656268118+0j)
  IIIIIIZI: (0.00018417236680044223+0j)
  IIZIIIII: (0.00018417236680044223+0j)
  IIIIIIZI: (-7.556996802893604e-06+0j)
  IIZIIIII: (5.749589552350788e-06+0j)
  IIZIZIZI: (-0.4815659064011613+0j)
  IIIIIZII: (0.00015790168711223343+0j)
  IZIIIIII: (0.00015790168711223343+0j)
  IIIIIZII: (-1.0637742828525708e-13+0j)
  ZZIIIZII: (-0.37795551756738854+0j)
  IIIIZIII: (5.021628556013814e-06+0j)
  ZIIIIIII: (5.021628556013814e-06+0j)
  ZIIIZIII: (-0.32639906398242846+0j)

 

Information about the circuit: 
Number of qubits: 8
 Depth : 50

--- Starting Optimization Loop (method=COBYLA) ---
Iter 10: Cost = -0.8667153038401415
Iter 20: Cost = -0.795571397687407
Optimization success: True
Optimal Params: [-0.07510083 -0.30051363  0.05013799  0.10250066]

--- Final Statevector (exact) ---
Marginals: [0.13056246032713506, 0.07041370031194641, 0.018996885865638517, 0.13239229883901515, 0.13056227405860665, 0.13141032934470614, 0.01643213210430022, 0.26273780515803147]

  ┌─ Depth 4 | Patch (208, 224, 208, 224) | eff_threshold=0.830
  │  θ-only  (before QAOA): [[0.451 0.355]
 [0.061 0.027]]
  │  QAOA    (after  QAOA): [[0.131 0.101]
 [0.018 0.198]]
  │  θ-only  refine: [[0 0]
 [0 0]]
  │  QAOA    refine: [[0 0]
 [0 0]]
  │  Agreement: 4/4 cells
  └─
Transpiling circuit (backend=state_vector, opt_level=0)
  IIIIIIIZ: (-0.0010379065833223996+0j)
  IIIZIIII: (-0.0010379065833223996+0j)
  IIIIIIIZ: (-4.12308442969149e-23+0j)
  IIIZIIII: (-4.729014445947595e-24+0j)
  IIZZIZIZ: (-0.3556101714288068+0j)
  IIZZIZIZ: (-0.3643025011460728+0j)
  IIIIIIZI: (0.001630555711962916+0j)
  IIZIIIII: (0.001630555711962916+0j)
  ZIZIIIII: (-2.389842583733808e-06+0j)
  IIZIIIII: (3.961897998601835e-06+0j)
  IIZIZIZI: (-0.12989805946801788+0j)
  IIZIZIZI: (-0.1293666148279242+0j)
  IIIIIZII: (0.0026836353167357567+0j)
  IZIIIIII: (0.0026836353167357567+0j)
  IZIIIIII: (-1.110353783975914e-05+0j)
  IIIIIZII: (1.5864227517086011e-09+0j)
  ZZIIIZII: (-0.5946187182293986+0j)
  ZZIIIZII: (-0.20824164063025055+0j)
  IIIIZIII: (0.007104613363998923+0j)
  ZIIIIIII: (0.007104613363998923+0j)
  ZIIIZIII: (-0.19681553681239355+0j)
  ZIIIZIII: (-0.19466052426146116+0j)

 

Information about the circuit: 
Number of qubits: 8
 Depth : 62

--- Starting Optimization Loop (method=COBYLA) ---
Iter 10: Cost = -0.25264806283513563
Optimization success: True
Optimal Params: [-0.0055602  -0.07949186  0.17861247  0.37116943]

--- Final Statevector (exact) ---
Marginals: [0.3485943070257513, 0.3006237001491886, 0.40850611624948174, 0.17536611920950432, 0.34859430702656163, 0.3226761612561787, 0.4974142566202283, 0.24355963121587]

  ┌─ Depth 4 | Patch (192, 208, 224, 240) | eff_threshold=0.830
  │  θ-only  (before QAOA): [[0.407 0.378]
 [0.441 0.2  ]]
  │  QAOA    (after  QAOA): [[0.349 0.312]
 [0.453 0.209]]
  │  θ-only  refine: [[0 0]
 [0 0]]
  │  QAOA    refine: [[0 0]
 [0 0]]
  │  Agreement: 4/4 cells
  └─
Transpiling circuit (backend=state_vector, opt_level=0)
  IIIIIIIZ: (2.0832542569309745e-05+0j)
  IIIZIIII: (2.0832542569309745e-05+0j)
  IIIIIIZZ: (-0.0009406221751157589+0j)
  IZIZIIII: (-0.000505513979054714+0j)
  IIIIIIIZ: (0.003172492116016241+0j)
  IIIZIIII: (0.0013456904223659652+0j)
  IIZZIZIZ: (-0.34261239439704544+0j)
  IIIIIIZI: (1.1824619140930398e-06+0j)
  IIZIIIII: (1.1824619140930398e-06+0j)
  IIZIIIII: (-3.0115527129632114e-08+0j)
  IIZIZIZI: (-0.31852605197412+0j)
  IIIIIZII: (-3.430430622673237e-06+0j)
  IZIIIIII: (-3.430430622673237e-06+0j)
  IIIIIZII: (-1.924620027268317e-09+0j)
  ZZIIIZII: (-0.3318984329887886+0j)
  IIIIZIII: (-1.1325576882471903e-05+0j)
  ZIIIIIII: (-1.1325576882471903e-05+0j)
  ZIIIZIII: (-0.3147059794214622+0j)

 

Information about the circuit: 
Number of qubits: 8
 Depth : 36

--- Starting Optimization Loop (method=COBYLA) ---
Iter 10: Cost = -0.7880879398731976
Iter 20: Cost = -0.8835069182555478
Optimization success: True
Optimal Params: [ 0.14906511 -0.26338633  0.16233816  0.43406532]

--- Final Statevector (exact) ---
Marginals: [0.21555405549748863, 0.037007351375533244, 0.09850316904423743, 0.017921528278392364, 0.21557710173201283, 0.06573518048354782, 0.11387005592825616, 0.04802042926771336]

  ┌─ Depth 4 | Patch (192, 208, 240, 256) | eff_threshold=0.830
  │  θ-only  (before QAOA): [[0.296 0.083]
 [0.057 0.049]]
  │  QAOA    (after  QAOA): [[0.216 0.051]
 [0.106 0.033]]
  │  θ-only  refine: [[0 0]
 [0 0]]
  │  QAOA    refine: [[0 0]
 [0 0]]
  │  Agreement: 4/4 cells
  └─
  Depth 5: 110 patch(es) to evaluate

  ┌─ Depth 5 | Patch (0, 8, 0, 8) | eff_threshold=1.000 (max depth, VQA skipped)
  └─

  ┌─ Depth 5 | Patch (0, 8, 8, 16) | eff_threshold=1.000 (max depth, VQA skipped)
  └─

  ┌─ Depth 5 | Patch (8, 16, 0, 8) | eff_threshold=1.000 (max depth, VQA skipped)
  └─

  ┌─ Depth 5 | Patch (8, 16, 8, 16) | eff_threshold=1.000 (max depth, VQA skipped)
  └─

  ┌─ Depth 5 | Patch (48, 56, 8, 16) | eff_threshold=1.000 (max depth, VQA skipped)
  └─

  ┌─ Depth 5 | Patch (56, 64, 0, 8) | eff_threshold=1.000 (max depth, VQA skipped)
  └─

  ┌─ Depth 5 | Patch (56, 64, 8, 16) | eff_threshold=1.000 (max depth, VQA skipped)
  └─

  ┌─ Depth 5 | Patch (32, 40, 40, 48) | eff_threshold=1.000 (max depth, VQA skipped)
  └─

  ┌─ Depth 5 | Patch (40, 48, 32, 40) | eff_threshold=1.000 (max depth, VQA skipped)
  └─

  ┌─ Depth 5 | Patch (40, 48, 40, 48) | eff_threshold=1.000 (max depth, VQA skipped)
  └─

  ┌─ Depth 5 | Patch (32, 40, 48, 56) | eff_threshold=1.000 (max depth, VQA skipped)
  └─

  ┌─ Depth 5 | Patch (32, 40, 56, 64) | eff_threshold=1.000 (max depth, VQA skipped)
  └─

  ┌─ Depth 5 | Patch (40, 48, 48, 56) | eff_threshold=1.000 (max depth, VQA skipped)
  └─

  ┌─ Depth 5 | Patch (40, 48, 56, 64) | eff_threshold=1.000 (max depth, VQA skipped)
  └─

  ┌─ Depth 5 | Patch (48, 56, 40, 48) | eff_threshold=1.000 (max depth, VQA skipped)
  └─

  ┌─ Depth 5 | Patch (56, 64, 32, 40) | eff_threshold=1.000 (max depth, VQA skipped)
  └─

  ┌─ Depth 5 | Patch (56, 64, 40, 48) | eff_threshold=1.000 (max depth, VQA skipped)
  └─

  ┌─ Depth 5 | Patch (8, 16, 80, 88) | eff_threshold=1.000 (max depth, VQA skipped)
  └─

  ┌─ Depth 5 | Patch (16, 24, 72, 80) | eff_threshold=1.000 (max depth, VQA skipped)
  └─

  ┌─ Depth 5 | Patch (24, 32, 64, 72) | eff_threshold=1.000 (max depth, VQA skipped)
  └─

  ┌─ Depth 5 | Patch (24, 32, 72, 80) | eff_threshold=1.000 (max depth, VQA skipped)
  └─

  ┌─ Depth 5 | Patch (16, 24, 80, 88) | eff_threshold=1.000 (max depth, VQA skipped)
  └─

  ┌─ Depth 5 | Patch (16, 24, 88, 96) | eff_threshold=1.000 (max depth, VQA skipped)
  └─

  ┌─ Depth 5 | Patch (24, 32, 80, 88) | eff_threshold=1.000 (max depth, VQA skipped)
  └─

  ┌─ Depth 5 | Patch (0, 8, 120, 128) | eff_threshold=1.000 (max depth, VQA skipped)
  └─

  ┌─ Depth 5 | Patch (32, 40, 64, 72) | eff_threshold=1.000 (max depth, VQA skipped)
  └─

  ┌─ Depth 5 | Patch (32, 40, 72, 80) | eff_threshold=1.000 (max depth, VQA skipped)
  └─

  ┌─ Depth 5 | Patch (40, 48, 64, 72) | eff_threshold=1.000 (max depth, VQA skipped)
  └─

  ┌─ Depth 5 | Patch (64, 72, 0, 8) | eff_threshold=1.000 (max depth, VQA skipped)
  └─

  ┌─ Depth 5 | Patch (64, 72, 8, 16) | eff_threshold=1.000 (max depth, VQA skipped)
  └─

  ┌─ Depth 5 | Patch (72, 80, 0, 8) | eff_threshold=1.000 (max depth, VQA skipped)
  └─

  ┌─ Depth 5 | Patch (88, 96, 104, 112) | eff_threshold=1.000 (max depth, VQA skipped)
  └─

  ┌─ Depth 5 | Patch (96, 104, 112, 120) | eff_threshold=1.000 (max depth, VQA skipped)
  └─

  ┌─ Depth 5 | Patch (96, 104, 120, 128) | eff_threshold=1.000 (max depth, VQA skipped)
  └─

  ┌─ Depth 5 | Patch (104, 112, 112, 120) | eff_threshold=1.000 (max depth, VQA skipped)
  └─

  ┌─ Depth 5 | Patch (104, 112, 120, 128) | eff_threshold=1.000 (max depth, VQA skipped)
  └─

  ┌─ Depth 5 | Patch (112, 120, 120, 128) | eff_threshold=1.000 (max depth, VQA skipped)
  └─

  ┌─ Depth 5 | Patch (120, 128, 120, 128) | eff_threshold=1.000 (max depth, VQA skipped)
  └─

  ┌─ Depth 5 | Patch (0, 8, 128, 136) | eff_threshold=1.000 (max depth, VQA skipped)
  └─

  ┌─ Depth 5 | Patch (0, 8, 136, 144) | eff_threshold=1.000 (max depth, VQA skipped)
  └─

  ┌─ Depth 5 | Patch (8, 16, 128, 136) | eff_threshold=1.000 (max depth, VQA skipped)
  └─

  ┌─ Depth 5 | Patch (8, 16, 136, 144) | eff_threshold=1.000 (max depth, VQA skipped)
  └─

  ┌─ Depth 5 | Patch (0, 8, 144, 152) | eff_threshold=1.000 (max depth, VQA skipped)
  └─

  ┌─ Depth 5 | Patch (0, 8, 152, 160) | eff_threshold=1.000 (max depth, VQA skipped)
  └─

  ┌─ Depth 5 | Patch (16, 24, 128, 136) | eff_threshold=1.000 (max depth, VQA skipped)
  └─

  ┌─ Depth 5 | Patch (16, 24, 144, 152) | eff_threshold=1.000 (max depth, VQA skipped)
  └─

  ┌─ Depth 5 | Patch (16, 24, 152, 160) | eff_threshold=1.000 (max depth, VQA skipped)
  └─

  ┌─ Depth 5 | Patch (24, 32, 152, 160) | eff_threshold=1.000 (max depth, VQA skipped)
  └─

  ┌─ Depth 5 | Patch (16, 24, 160, 168) | eff_threshold=1.000 (max depth, VQA skipped)
  └─

  ┌─ Depth 5 | Patch (16, 24, 168, 176) | eff_threshold=1.000 (max depth, VQA skipped)
  └─

  ┌─ Depth 5 | Patch (24, 32, 168, 176) | eff_threshold=1.000 (max depth, VQA skipped)
  └─

  ┌─ Depth 5 | Patch (16, 24, 176, 184) | eff_threshold=1.000 (max depth, VQA skipped)
  └─

  ┌─ Depth 5 | Patch (24, 32, 176, 184) | eff_threshold=1.000 (max depth, VQA skipped)
  └─

  ┌─ Depth 5 | Patch (24, 32, 184, 192) | eff_threshold=1.000 (max depth, VQA skipped)
  └─

  ┌─ Depth 5 | Patch (120, 128, 128, 136) | eff_threshold=1.000 (max depth, VQA skipped)
  └─

  ┌─ Depth 5 | Patch (104, 112, 224, 232) | eff_threshold=1.000 (max depth, VQA skipped)
  └─

  ┌─ Depth 5 | Patch (112, 120, 224, 232) | eff_threshold=1.000 (max depth, VQA skipped)
  └─

  ┌─ Depth 5 | Patch (128, 136, 112, 120) | eff_threshold=1.000 (max depth, VQA skipped)
  └─

  ┌─ Depth 5 | Patch (128, 136, 120, 128) | eff_threshold=1.000 (max depth, VQA skipped)
  └─

  ┌─ Depth 5 | Patch (136, 144, 112, 120) | eff_threshold=1.000 (max depth, VQA skipped)
  └─

  ┌─ Depth 5 | Patch (136, 144, 120, 128) | eff_threshold=1.000 (max depth, VQA skipped)
  └─

  ┌─ Depth 5 | Patch (216, 224, 48, 56) | eff_threshold=1.000 (max depth, VQA skipped)
  └─

  ┌─ Depth 5 | Patch (216, 224, 56, 64) | eff_threshold=1.000 (max depth, VQA skipped)
  └─

  ┌─ Depth 5 | Patch (224, 232, 56, 64) | eff_threshold=1.000 (max depth, VQA skipped)
  └─

  ┌─ Depth 5 | Patch (224, 232, 64, 72) | eff_threshold=1.000 (max depth, VQA skipped)
  └─

  ┌─ Depth 5 | Patch (232, 240, 72, 80) | eff_threshold=1.000 (max depth, VQA skipped)
  └─

  ┌─ Depth 5 | Patch (224, 232, 80, 88) | eff_threshold=1.000 (max depth, VQA skipped)
  └─

  ┌─ Depth 5 | Patch (224, 232, 88, 96) | eff_threshold=1.000 (max depth, VQA skipped)
  └─

  ┌─ Depth 5 | Patch (224, 232, 96, 104) | eff_threshold=1.000 (max depth, VQA skipped)
  └─

  ┌─ Depth 5 | Patch (232, 240, 96, 104) | eff_threshold=1.000 (max depth, VQA skipped)
  └─

  ┌─ Depth 5 | Patch (232, 240, 104, 112) | eff_threshold=1.000 (max depth, VQA skipped)
  └─

  ┌─ Depth 5 | Patch (232, 240, 112, 120) | eff_threshold=1.000 (max depth, VQA skipped)
  └─

  ┌─ Depth 5 | Patch (240, 248, 96, 104) | eff_threshold=1.000 (max depth, VQA skipped)
  └─

  ┌─ Depth 5 | Patch (240, 248, 104, 112) | eff_threshold=1.000 (max depth, VQA skipped)
  └─

  ┌─ Depth 5 | Patch (240, 248, 112, 120) | eff_threshold=1.000 (max depth, VQA skipped)
  └─

  ┌─ Depth 5 | Patch (240, 248, 120, 128) | eff_threshold=1.000 (max depth, VQA skipped)
  └─

  ┌─ Depth 5 | Patch (248, 256, 112, 120) | eff_threshold=1.000 (max depth, VQA skipped)
  └─

  ┌─ Depth 5 | Patch (248, 256, 120, 128) | eff_threshold=1.000 (max depth, VQA skipped)
  └─

  ┌─ Depth 5 | Patch (128, 136, 128, 136) | eff_threshold=1.000 (max depth, VQA skipped)
  └─

  ┌─ Depth 5 | Patch (136, 144, 128, 136) | eff_threshold=1.000 (max depth, VQA skipped)
  └─

  ┌─ Depth 5 | Patch (136, 144, 136, 144) | eff_threshold=1.000 (max depth, VQA skipped)
  └─

  ┌─ Depth 5 | Patch (144, 152, 128, 136) | eff_threshold=1.000 (max depth, VQA skipped)
  └─

  ┌─ Depth 5 | Patch (144, 152, 136, 144) | eff_threshold=1.000 (max depth, VQA skipped)
  └─

  ┌─ Depth 5 | Patch (152, 160, 128, 136) | eff_threshold=1.000 (max depth, VQA skipped)
  └─

  ┌─ Depth 5 | Patch (152, 160, 136, 144) | eff_threshold=1.000 (max depth, VQA skipped)
  └─

  ┌─ Depth 5 | Patch (160, 168, 136, 144) | eff_threshold=1.000 (max depth, VQA skipped)
  └─

  ┌─ Depth 5 | Patch (168, 176, 136, 144) | eff_threshold=1.000 (max depth, VQA skipped)
  └─

  ┌─ Depth 5 | Patch (160, 168, 144, 152) | eff_threshold=1.000 (max depth, VQA skipped)
  └─

  ┌─ Depth 5 | Patch (168, 176, 248, 256) | eff_threshold=1.000 (max depth, VQA skipped)
  └─

  ┌─ Depth 5 | Patch (176, 184, 248, 256) | eff_threshold=1.000 (max depth, VQA skipped)
  └─

  ┌─ Depth 5 | Patch (208, 216, 176, 184) | eff_threshold=1.000 (max depth, VQA skipped)
  └─

  ┌─ Depth 5 | Patch (208, 216, 184, 192) | eff_threshold=1.000 (max depth, VQA skipped)
  └─

  ┌─ Depth 5 | Patch (216, 224, 176, 184) | eff_threshold=1.000 (max depth, VQA skipped)
  └─

  ┌─ Depth 5 | Patch (216, 224, 184, 192) | eff_threshold=1.000 (max depth, VQA skipped)
  └─

  ┌─ Depth 5 | Patch (248, 256, 128, 136) | eff_threshold=1.000 (max depth, VQA skipped)
  └─

  ┌─ Depth 5 | Patch (232, 240, 160, 168) | eff_threshold=1.000 (max depth, VQA skipped)
  └─

  ┌─ Depth 5 | Patch (232, 240, 168, 176) | eff_threshold=1.000 (max depth, VQA skipped)
  └─

  ┌─ Depth 5 | Patch (200, 208, 200, 208) | eff_threshold=1.000 (max depth, VQA skipped)
  └─

  ┌─ Depth 5 | Patch (200, 208, 208, 216) | eff_threshold=1.000 (max depth, VQA skipped)
  └─

  ┌─ Depth 5 | Patch (200, 208, 216, 224) | eff_threshold=1.000 (max depth, VQA skipped)
  └─

  ┌─ Depth 5 | Patch (208, 216, 192, 200) | eff_threshold=1.000 (max depth, VQA skipped)
  └─

  ┌─ Depth 5 | Patch (208, 216, 200, 208) | eff_threshold=1.000 (max depth, VQA skipped)
  └─

  ┌─ Depth 5 | Patch (216, 224, 192, 200) | eff_threshold=1.000 (max depth, VQA skipped)
  └─

  ┌─ Depth 5 | Patch (216, 224, 200, 208) | eff_threshold=1.000 (max depth, VQA skipped)
  └─

  ┌─ Depth 5 | Patch (216, 224, 216, 224) | eff_threshold=1.000 (max depth, VQA skipped)
  └─

  ┌─ Depth 5 | Patch (192, 200, 224, 232) | eff_threshold=1.000 (max depth, VQA skipped)
  └─

  ┌─ Depth 5 | Patch (192, 200, 232, 240) | eff_threshold=1.000 (max depth, VQA skipped)
  └─

  ┌─ Depth 5 | Patch (200, 208, 224, 232) | eff_threshold=1.000 (max depth, VQA skipped)
  └─

  ┌─ Depth 5 | Patch (200, 208, 232, 240) | eff_threshold=1.000 (max depth, VQA skipped)
  └─

  ┌─ Depth 5 | Patch (192, 200, 240, 248) | eff_threshold=1.000 (max depth, VQA skipped)
  └─
--- SCAN COMPLETE: 359 Active Zones Identified ---
[{'bounds': (96, 128, 0, 32), 'depth': 2, 'score': np.float64(0.11649754963841036), 'type': 'coarse_leaf'}, {'bounds': (96, 128, 32, 64), 'depth': 2, 'score': np.float64(0.05837906948095708), 'type': 'coarse_leaf'}, {'bounds': (64, 96, 64, 96), 'depth': 2, 'score': np.float64(0.06491465599433857), 'type': 'coarse_leaf'}, {'bounds': (96, 128, 64, 96), 'depth': 2, 'score': np.float64(0.017368578264469935), 'type': 'coarse_leaf'}, {'bounds': (32, 64, 128, 160), 'depth': 2, 'score': np.float64(0.08176051302292468), 'type': 'coarse_leaf'}, {'bounds': (32, 64, 160, 192), 'depth': 2, 'score': np.float64(0.14759412334384997), 'type': 'coarse_leaf'}, {'bounds': (0, 32, 192, 224), 'depth': 2, 'score': np.float64(0.07542263657485115), 'type': 'coarse_leaf'}, {'bounds': (0, 32, 224, 256), 'depth': 2, 'score': np.float64(0.07182911013237508), 'type': 'coarse_leaf'}, {'bounds': (32, 64, 192, 224), 'depth': 2, 'score': np.float64(0.11320169810289477), 'type': 'coarse_leaf'}, {'bounds': (32, 64, 224, 256), 'depth': 2, 'score': np.float64(0.12460139594776315), 'type': 'coarse_leaf'}, {'bounds': (64, 96, 192, 224), 'depth': 2, 'score': np.float64(0.046196065094303865), 'type': 'coarse_leaf'}, {'bounds': (96, 128, 192, 224), 'depth': 2, 'score': np.float64(0.1134464994308338), 'type': 'coarse_leaf'}, {'bounds': (128, 160, 0, 32), 'depth': 2, 'score': np.float64(0.09270660268058611), 'type': 'coarse_leaf'}, {'bounds': (160, 192, 0, 32), 'depth': 2, 'score': np.float64(0.11922659614075116), 'type': 'coarse_leaf'}, {'bounds': (128, 160, 64, 96), 'depth': 2, 'score': np.float64(0.026324449411678788), 'type': 'coarse_leaf'}, {'bounds': (160, 192, 64, 96), 'depth': 2, 'score': np.float64(0.030700411690508342), 'type': 'coarse_leaf'}, {'bounds': (160, 192, 96, 128), 'depth': 2, 'score': np.float64(0.03842888843239031), 'type': 'coarse_leaf'}, {'bounds': (192, 224, 0, 32), 'depth': 2, 'score': np.float64(0.07329476457755839), 'type': 'coarse_leaf'}, {'bounds': (224, 256, 0, 32), 'depth': 2, 'score': np.float64(0.03718869178547975), 'type': 'coarse_leaf'}, {'bounds': (192, 224, 64, 96), 'depth': 2, 'score': np.float64(0.1351687257381855), 'type': 'coarse_leaf'}, {'bounds': (192, 224, 96, 128), 'depth': 2, 'score': np.float64(0.07782696146944071), 'type': 'coarse_leaf'}, {'bounds': (160, 192, 160, 192), 'depth': 2, 'score': np.float64(0.07857784245759013), 'type': 'coarse_leaf'}, {'bounds': (128, 160, 224, 256), 'depth': 2, 'score': np.float64(0.07712555260933832), 'type': 'coarse_leaf'}, {'bounds': (160, 192, 192, 224), 'depth': 2, 'score': np.float64(0.030618844976814125), 'type': 'coarse_leaf'}, {'bounds': (192, 224, 128, 160), 'depth': 2, 'score': np.float64(0.04401440541810667), 'type': 'coarse_leaf'}, {'bounds': (224, 256, 192, 224), 'depth': 2, 'score': np.float64(0.09744881192568255), 'type': 'coarse_leaf'}, {'bounds': (224, 256, 224, 256), 'depth': 2, 'score': np.float64(0.03151300760662708), 'type': 'coarse_leaf'}, {'bounds': (0, 16, 16, 32), 'depth': 3, 'score': np.float64(0.033766474956435644), 'type': 'coarse_leaf'}, {'bounds': (16, 32, 0, 16), 'depth': 3, 'score': np.float64(0.04007409667018803), 'type': 'coarse_leaf'}, {'bounds': (16, 32, 16, 32), 'depth': 3, 'score': np.float64(0.05103369244212626), 'type': 'coarse_leaf'}, {'bounds': (0, 16, 32, 48), 'depth': 3, 'score': np.float64(0.05096011944691683), 'type': 'coarse_leaf'}, {'bounds': (0, 16, 48, 64), 'depth': 3, 'score': np.float64(0.04093755210025042), 'type': 'coarse_leaf'}, {'bounds': (16, 32, 32, 48), 'depth': 3, 'score': np.float64(0.044293262310580644), 'type': 'coarse_leaf'}, {'bounds': (16, 32, 48, 64), 'depth': 3, 'score': np.float64(0.09059808039453209), 'type': 'coarse_leaf'}, {'bounds': (32, 48, 16, 32), 'depth': 3, 'score': np.float64(0.10659220642195613), 'type': 'coarse_leaf'}, {'bounds': (48, 64, 16, 32), 'depth': 3, 'score': np.float64(0.1148360891345504), 'type': 'coarse_leaf'}, {'bounds': (48, 64, 48, 64), 'depth': 3, 'score': np.float64(0.12664050372944313), 'type': 'coarse_leaf'}, {'bounds': (0, 16, 64, 80), 'depth': 3, 'score': np.float64(0.03426371489414863), 'type': 'coarse_leaf'}, {'bounds': (0, 16, 96, 112), 'depth': 3, 'score': np.float64(0.07344078235045824), 'type': 'coarse_leaf'}, {'bounds': (16, 32, 96, 112), 'depth': 3, 'score': np.float64(0.03369981824077472), 'type': 'coarse_leaf'}, {'bounds': (16, 32, 112, 128), 'depth': 3, 'score': np.float64(0.11016058496341405), 'type': 'coarse_leaf'}, {'bounds': (48, 64, 64, 80), 'depth': 3, 'score': np.float64(0.024284081992468707), 'type': 'coarse_leaf'}, {'bounds': (48, 64, 80, 96), 'depth': 3, 'score': np.float64(0.13341802394018878), 'type': 'coarse_leaf'}, {'bounds': (32, 48, 96, 112), 'depth': 3, 'score': np.float64(0.045301247187140944), 'type': 'coarse_leaf'}, {'bounds': (32, 48, 112, 128), 'depth': 3, 'score': np.float64(0.0526268845838174), 'type': 'coarse_leaf'}, {'bounds': (48, 64, 96, 112), 'depth': 3, 'score': np.float64(0.03380763807500187), 'type': 'coarse_leaf'}, {'bounds': (48, 64, 112, 128), 'depth': 3, 'score': np.float64(0.02041824011418758), 'type': 'coarse_leaf'}, {'bounds': (64, 80, 16, 32), 'depth': 3, 'score': np.float64(0.02857551186170461), 'type': 'coarse_leaf'}, {'bounds': (80, 96, 0, 16), 'depth': 3, 'score': np.float64(0.030227027347998682), 'type': 'coarse_leaf'}, {'bounds': (80, 96, 16, 32), 'depth': 3, 'score': np.float64(0.04905239689928646), 'type': 'coarse_leaf'}, {'bounds': (64, 80, 32, 48), 'depth': 3, 'score': np.float64(0.06183054914100719), 'type': 'coarse_leaf'}, {'bounds': (64, 80, 48, 64), 'depth': 3, 'score': np.float64(0.043904871439739264), 'type': 'coarse_leaf'}, {'bounds': (80, 96, 32, 48), 'depth': 3, 'score': np.float64(0.029437566660299123), 'type': 'coarse_leaf'}, {'bounds': (80, 96, 48, 64), 'depth': 3, 'score': np.float64(0.08916486812022764), 'type': 'coarse_leaf'}, {'bounds': (64, 80, 96, 112), 'depth': 3, 'score': np.float64(0.1473772906995933), 'type': 'coarse_leaf'}, {'bounds': (64, 80, 112, 128), 'depth': 3, 'score': np.float64(0.08065447886666616), 'type': 'coarse_leaf'}, {'bounds': (80, 96, 112, 128), 'depth': 3, 'score': np.float64(0.10050509287463766), 'type': 'coarse_leaf'}, {'bounds': (96, 112, 96, 112), 'depth': 3, 'score': np.float64(0.14102939274486725), 'type': 'coarse_leaf'}, {'bounds': (112, 128, 96, 112), 'depth': 3, 'score': np.float64(0.0461153856435411), 'type': 'coarse_leaf'}, {'bounds': (0, 16, 160, 176), 'depth': 3, 'score': np.float64(0.005152020733979853), 'type': 'coarse_leaf'}, {'bounds': (0, 16, 176, 192), 'depth': 3, 'score': np.float64(0.0009639060784942751), 'type': 'coarse_leaf'}, {'bounds': (16, 32, 160, 176), 'depth': 3, 'score': np.float64(0.1272281645792565), 'type': 'coarse_leaf'}, {'bounds': (64, 80, 128, 144), 'depth': 3, 'score': np.float64(0.05245578161396919), 'type': 'coarse_leaf'}, {'bounds': (64, 80, 144, 160), 'depth': 3, 'score': np.float64(0.026895053411601963), 'type': 'coarse_leaf'}, {'bounds': (80, 96, 128, 144), 'depth': 3, 'score': np.float64(0.059246923662641456), 'type': 'coarse_leaf'}, {'bounds': (80, 96, 144, 160), 'depth': 3, 'score': np.float64(0.023920122814436513), 'type': 'coarse_leaf'}, {'bounds': (64, 80, 160, 176), 'depth': 3, 'score': np.float64(0.027703285532284246), 'type': 'coarse_leaf'}, {'bounds': (64, 80, 176, 192), 'depth': 3, 'score': np.float64(0.0769566801929545), 'type': 'coarse_leaf'}, {'bounds': (80, 96, 160, 176), 'depth': 3, 'score': np.float64(0.03152569181553478), 'type': 'coarse_leaf'}, {'bounds': (80, 96, 176, 192), 'depth': 3, 'score': np.float64(0.014496658283315242), 'type': 'coarse_leaf'}, {'bounds': (96, 112, 128, 144), 'depth': 3, 'score': np.float64(0.01663217435227092), 'type': 'coarse_leaf'}, {'bounds': (96, 112, 144, 160), 'depth': 3, 'score': np.float64(0.04634872352991431), 'type': 'coarse_leaf'}, {'bounds': (112, 128, 144, 160), 'depth': 3, 'score': np.float64(0.012411568342826682), 'type': 'coarse_leaf'}, {'bounds': (96, 112, 160, 176), 'depth': 3, 'score': np.float64(0.044874542678652554), 'type': 'coarse_leaf'}, {'bounds': (96, 112, 176, 192), 'depth': 3, 'score': np.float64(0.0893905245207417), 'type': 'coarse_leaf'}, {'bounds': (112, 128, 160, 176), 'depth': 3, 'score': np.float64(0.027638691035859607), 'type': 'coarse_leaf'}, {'bounds': (112, 128, 176, 192), 'depth': 3, 'score': np.float64(0.015142989503753677), 'type': 'coarse_leaf'}, {'bounds': (64, 80, 240, 256), 'depth': 3, 'score': np.float64(0.04679615886991443), 'type': 'coarse_leaf'}, {'bounds': (112, 128, 240, 256), 'depth': 3, 'score': np.float64(0.059392552528167296), 'type': 'coarse_leaf'}, {'bounds': (128, 144, 32, 48), 'depth': 3, 'score': np.float64(0.1453601006718528), 'type': 'coarse_leaf'}, {'bounds': (128, 144, 48, 64), 'depth': 3, 'score': np.float64(0.027098801634795545), 'type': 'coarse_leaf'}, {'bounds': (144, 160, 32, 48), 'depth': 3, 'score': np.float64(0.04494493281084069), 'type': 'coarse_leaf'}, {'bounds': (144, 160, 48, 64), 'depth': 3, 'score': np.float64(0.034040251756739026), 'type': 'coarse_leaf'}, {'bounds': (160, 176, 32, 48), 'depth': 3, 'score': np.float64(0.028283721107853863), 'type': 'coarse_leaf'}, {'bounds': (160, 176, 48, 64), 'depth': 3, 'score': np.float64(0.052906121470821174), 'type': 'coarse_leaf'}, {'bounds': (176, 192, 32, 48), 'depth': 3, 'score': np.float64(0.04150458361339748), 'type': 'coarse_leaf'}, {'bounds': (176, 192, 48, 64), 'depth': 3, 'score': np.float64(0.04981888329497183), 'type': 'coarse_leaf'}, {'bounds': (128, 144, 96, 112), 'depth': 3, 'score': np.float64(0.05413291537515586), 'type': 'coarse_leaf'}, {'bounds': (144, 160, 96, 112), 'depth': 3, 'score': np.float64(0.033968381362697676), 'type': 'coarse_leaf'}, {'bounds': (144, 160, 112, 128), 'depth': 3, 'score': np.float64(0.09144065067806947), 'type': 'coarse_leaf'}, {'bounds': (192, 208, 32, 48), 'depth': 3, 'score': np.float64(0.040532619743837386), 'type': 'coarse_leaf'}, {'bounds': (192, 208, 48, 64), 'depth': 3, 'score': np.float64(0.04369634349646803), 'type': 'coarse_leaf'}, {'bounds': (208, 224, 32, 48), 'depth': 3, 'score': np.float64(0.09341016995109758), 'type': 'coarse_leaf'}, {'bounds': (224, 240, 32, 48), 'depth': 3, 'score': np.float64(0.06458236960180885), 'type': 'coarse_leaf'}, {'bounds': (240, 256, 32, 48), 'depth': 3, 'score': np.float64(0.026636858727963706), 'type': 'coarse_leaf'}, {'bounds': (240, 256, 48, 64), 'depth': 3, 'score': np.float64(0.08224173777736449), 'type': 'coarse_leaf'}, {'bounds': (224, 240, 80, 96), 'depth': 3, 'score': np.float64(0.13152862572902138), 'type': 'coarse_leaf'}, {'bounds': (240, 256, 64, 80), 'depth': 3, 'score': np.float64(0.010789520438643098), 'type': 'coarse_leaf'}, {'bounds': (240, 256, 80, 96), 'depth': 3, 'score': np.float64(0.03388702796294475), 'type': 'coarse_leaf'}, {'bounds': (128, 144, 160, 176), 'depth': 3, 'score': np.float64(0.010807412818737308), 'type': 'coarse_leaf'}, {'bounds': (128, 144, 176, 192), 'depth': 3, 'score': np.float64(0.014674859927708044), 'type': 'coarse_leaf'}, {'bounds': (144, 160, 160, 176), 'depth': 3, 'score': np.float64(0.020622288065795198), 'type': 'coarse_leaf'}, {'bounds': (144, 160, 176, 192), 'depth': 3, 'score': np.float64(0.007146513027081332), 'type': 'coarse_leaf'}, {'bounds': (176, 192, 128, 144), 'depth': 3, 'score': np.float64(0.06603669758324446), 'type': 'coarse_leaf'}, {'bounds': (176, 192, 144, 160), 'depth': 3, 'score': np.float64(0.03180792526524356), 'type': 'coarse_leaf'}, {'bounds': (128, 144, 192, 208), 'depth': 3, 'score': np.float64(0.04253647086281094), 'type': 'coarse_leaf'}, {'bounds': (128, 144, 208, 224), 'depth': 3, 'score': np.float64(0.13184242571504196), 'type': 'coarse_leaf'}, {'bounds': (144, 160, 192, 208), 'depth': 3, 'score': np.float64(0.07620978801974543), 'type': 'coarse_leaf'}, {'bounds': (144, 160, 208, 224), 'depth': 3, 'score': np.float64(0.09728734918921145), 'type': 'coarse_leaf'}, {'bounds': (192, 208, 160, 176), 'depth': 3, 'score': np.float64(0.024788589571154342), 'type': 'coarse_leaf'}, {'bounds': (208, 224, 160, 176), 'depth': 3, 'score': np.float64(0.02303931413098629), 'type': 'coarse_leaf'}, {'bounds': (224, 240, 128, 144), 'depth': 3, 'score': np.float64(0.09398163529188482), 'type': 'coarse_leaf'}, {'bounds': (224, 240, 144, 160), 'depth': 3, 'score': np.float64(0.05801089689895874), 'type': 'coarse_leaf'}, {'bounds': (240, 256, 144, 160), 'depth': 3, 'score': np.float64(0.06233466985428763), 'type': 'coarse_leaf'}, {'bounds': (224, 240, 176, 192), 'depth': 3, 'score': np.float64(0.13125914777903275), 'type': 'coarse_leaf'}, {'bounds': (240, 256, 160, 176), 'depth': 3, 'score': np.float64(0.01716045958332349), 'type': 'coarse_leaf'}, {'bounds': (240, 256, 176, 192), 'depth': 3, 'score': np.float64(0.023969841972748873), 'type': 'coarse_leaf'}, {'bounds': (208, 224, 224, 240), 'depth': 3, 'score': np.float64(0.05370016149395822), 'type': 'coarse_leaf'}, {'bounds': (208, 224, 240, 256), 'depth': 3, 'score': np.float64(0.039249231903247944), 'type': 'coarse_leaf'}, {'bounds': (32, 40, 0, 8), 'depth': 4, 'score': np.float64(0.014350806681393578), 'type': 'coarse_leaf'}, {'bounds': (32, 40, 8, 16), 'depth': 4, 'score': np.float64(0.018527359921360096), 'type': 'coarse_leaf'}, {'bounds': (40, 48, 0, 8), 'depth': 4, 'score': np.float64(0.018360196437745818), 'type': 'coarse_leaf'}, {'bounds': (40, 48, 8, 16), 'depth': 4, 'score': np.float64(0.018192517339955257), 'type': 'coarse_leaf'}, {'bounds': (48, 56, 0, 8), 'depth': 4, 'score': np.float64(0.07840777309300265), 'type': 'coarse_leaf'}, {'bounds': (48, 56, 8, 16), 'depth': 4, 'score': np.float64(0.0860348467199174), 'type': 'coarse_leaf'}, {'bounds': (32, 40, 32, 40), 'depth': 4, 'score': np.float64(0.10825154500848015), 'type': 'coarse_leaf'}, {'bounds': (48, 56, 32, 40), 'depth': 4, 'score': np.float64(0.007440095006599611), 'type': 'coarse_leaf'}, {'bounds': (0, 8, 80, 88), 'depth': 4, 'score': np.float64(0.0015502735615330896), 'type': 'coarse_leaf'}, {'bounds': (0, 8, 88, 96), 'depth': 4, 'score': np.float64(0.03607773155405049), 'type': 'coarse_leaf'}, {'bounds': (8, 16, 88, 96), 'depth': 4, 'score': np.float64(0.027825627498722652), 'type': 'coarse_leaf'}, {'bounds': (16, 24, 64, 72), 'depth': 4, 'score': np.float64(0.05084421066182855), 'type': 'coarse_leaf'}, {'bounds': (24, 32, 64, 72), 'depth': 4, 'score': np.float64(0.12092740057388235), 'type': 'coarse_leaf'}, {'bounds': (24, 32, 88, 96), 'depth': 4, 'score': np.float64(0.02357958340878455), 'type': 'coarse_leaf'}, {'bounds': (0, 8, 112, 120), 'depth': 4, 'score': np.float64(0.07095017029293266), 'type': 'coarse_leaf'}, {'bounds': (8, 16, 112, 120), 'depth': 4, 'score': np.float64(0.0431090914729246), 'type': 'coarse_leaf'}, {'bounds': (8, 16, 120, 128), 'depth': 4, 'score': np.float64(0.08244236706572233), 'type': 'coarse_leaf'}, {'bounds': (40, 48, 72, 80), 'depth': 4, 'score': np.float64(0.12116733828616268), 'type': 'coarse_leaf'}, {'bounds': (32, 40, 80, 88), 'depth': 4, 'score': np.float64(0.07622559210184657), 'type': 'coarse_leaf'}, {'bounds': (32, 40, 88, 96), 'depth': 4, 'score': np.float64(0.023328925722517622), 'type': 'coarse_leaf'}, {'bounds': (40, 48, 80, 88), 'depth': 4, 'score': np.float64(0.031150943825841566), 'type': 'coarse_leaf'}, {'bounds': (40, 48, 88, 96), 'depth': 4, 'score': np.float64(0.02661659582667622), 'type': 'coarse_leaf'}, {'bounds': (72, 80, 8, 16), 'depth': 4, 'score': np.float64(0.025450008155711842), 'type': 'coarse_leaf'}, {'bounds': (80, 88, 96, 104), 'depth': 4, 'score': np.float64(0.0317971789000243), 'type': 'coarse_leaf'}, {'bounds': (80, 88, 104, 112), 'depth': 4, 'score': np.float64(0.10633785288320834), 'type': 'coarse_leaf'}, {'bounds': (88, 96, 96, 104), 'depth': 4, 'score': np.float64(0.0422917508618737), 'type': 'coarse_leaf'}, {'bounds': (112, 120, 112, 120), 'depth': 4, 'score': np.float64(0.14536328974278398), 'type': 'coarse_leaf'}, {'bounds': (120, 128, 112, 120), 'depth': 4, 'score': np.float64(0.06941065844049785), 'type': 'coarse_leaf'}, {'bounds': (0, 8, 152, 160), 'depth': 4, 'score': np.float64(0.1186067429602697), 'type': 'coarse_leaf'}, {'bounds': (8, 16, 144, 152), 'depth': 4, 'score': np.float64(0.03162048027150077), 'type': 'coarse_leaf'}, {'bounds': (8, 16, 152, 160), 'depth': 4, 'score': np.float64(0.01983704003463036), 'type': 'coarse_leaf'}, {'bounds': (16, 24, 136, 144), 'depth': 4, 'score': np.float64(0.11753435346319308), 'type': 'coarse_leaf'}, {'bounds': (24, 32, 128, 136), 'depth': 4, 'score': np.float64(0.10341476982441451), 'type': 'coarse_leaf'}, {'bounds': (24, 32, 136, 144), 'depth': 4, 'score': np.float64(0.07924217752998819), 'type': 'coarse_leaf'}, {'bounds': (24, 32, 144, 152), 'depth': 4, 'score': np.float64(0.1288501825666128), 'type': 'coarse_leaf'}, {'bounds': (24, 32, 160, 168), 'depth': 4, 'score': np.float64(0.12733061979576998), 'type': 'coarse_leaf'}, {'bounds': (16, 24, 184, 192), 'depth': 4, 'score': np.float64(0.07919796484185589), 'type': 'coarse_leaf'}, {'bounds': (112, 120, 128, 136), 'depth': 4, 'score': np.float64(0.0193705635719649), 'type': 'coarse_leaf'}, {'bounds': (112, 120, 136, 144), 'depth': 4, 'score': np.float64(0.032390962145023745), 'type': 'coarse_leaf'}, {'bounds': (120, 128, 136, 144), 'depth': 4, 'score': np.float64(0.016257714034452236), 'type': 'coarse_leaf'}, {'bounds': (64, 72, 224, 232), 'depth': 4, 'score': np.float64(0.015073815624557441), 'type': 'coarse_leaf'}, {'bounds': (64, 72, 232, 240), 'depth': 4, 'score': np.float64(0.0702590367945882), 'type': 'coarse_leaf'}, {'bounds': (72, 80, 224, 232), 'depth': 4, 'score': np.float64(0.0741357362788483), 'type': 'coarse_leaf'}, {'bounds': (72, 80, 232, 240), 'depth': 4, 'score': np.float64(0.10481551780965187), 'type': 'coarse_leaf'}, {'bounds': (80, 88, 224, 232), 'depth': 4, 'score': np.float64(0.056081198856416645), 'type': 'coarse_leaf'}, {'bounds': (80, 88, 232, 240), 'depth': 4, 'score': np.float64(0.059677064449690745), 'type': 'coarse_leaf'}, {'bounds': (88, 96, 224, 232), 'depth': 4, 'score': np.float64(0.043977995327965855), 'type': 'coarse_leaf'}, {'bounds': (88, 96, 232, 240), 'depth': 4, 'score': np.float64(0.04520490511247237), 'type': 'coarse_leaf'}, {'bounds': (80, 88, 240, 248), 'depth': 4, 'score': np.float64(0.031890749634078536), 'type': 'coarse_leaf'}, {'bounds': (80, 88, 248, 256), 'depth': 4, 'score': np.float64(0.09208020909133381), 'type': 'coarse_leaf'}, {'bounds': (88, 96, 240, 248), 'depth': 4, 'score': np.float64(0.09273532979317248), 'type': 'coarse_leaf'}, {'bounds': (88, 96, 248, 256), 'depth': 4, 'score': np.float64(0.11640485356057395), 'type': 'coarse_leaf'}, {'bounds': (96, 104, 224, 232), 'depth': 4, 'score': np.float64(0.09730951074477405), 'type': 'coarse_leaf'}, {'bounds': (96, 104, 232, 240), 'depth': 4, 'score': np.float64(0.03755611296599348), 'type': 'coarse_leaf'}, {'bounds': (104, 112, 232, 240), 'depth': 4, 'score': np.float64(0.03998004082455846), 'type': 'coarse_leaf'}, {'bounds': (96, 104, 240, 248), 'depth': 4, 'score': np.float64(0.1107447657541624), 'type': 'coarse_leaf'}, {'bounds': (96, 104, 248, 256), 'depth': 4, 'score': np.float64(0.14506403076740548), 'type': 'coarse_leaf'}, {'bounds': (104, 112, 240, 248), 'depth': 4, 'score': np.float64(0.042396071537795774), 'type': 'coarse_leaf'}, {'bounds': (104, 112, 248, 256), 'depth': 4, 'score': np.float64(0.020729010903213572), 'type': 'coarse_leaf'}, {'bounds': (112, 120, 232, 240), 'depth': 4, 'score': np.float64(0.125894016499703), 'type': 'coarse_leaf'}, {'bounds': (120, 128, 224, 232), 'depth': 4, 'score': np.float64(0.11966032696219633), 'type': 'coarse_leaf'}, {'bounds': (120, 128, 232, 240), 'depth': 4, 'score': np.float64(0.08533939310275315), 'type': 'coarse_leaf'}, {'bounds': (144, 152, 112, 120), 'depth': 4, 'score': np.float64(0.026073799355283464), 'type': 'coarse_leaf'}, {'bounds': (144, 152, 120, 128), 'depth': 4, 'score': np.float64(0.0435719573640277), 'type': 'coarse_leaf'}, {'bounds': (152, 160, 112, 120), 'depth': 4, 'score': np.float64(0.026609661263780785), 'type': 'coarse_leaf'}, {'bounds': (152, 160, 120, 128), 'depth': 4, 'score': np.float64(0.03016955534476505), 'type': 'coarse_leaf'}, {'bounds': (208, 216, 48, 56), 'depth': 4, 'score': np.float64(0.14287031070721284), 'type': 'coarse_leaf'}, {'bounds': (208, 216, 56, 64), 'depth': 4, 'score': np.float64(0.1339403658744629), 'type': 'coarse_leaf'}, {'bounds': (224, 232, 48, 56), 'depth': 4, 'score': np.float64(0.02736119113896742), 'type': 'coarse_leaf'}, {'bounds': (232, 240, 48, 56), 'depth': 4, 'score': np.float64(0.006618385983935292), 'type': 'coarse_leaf'}, {'bounds': (232, 240, 56, 64), 'depth': 4, 'score': np.float64(0.02365607179869868), 'type': 'coarse_leaf'}, {'bounds': (224, 232, 72, 80), 'depth': 4, 'score': np.float64(0.10505028965419604), 'type': 'coarse_leaf'}, {'bounds': (232, 240, 64, 72), 'depth': 4, 'score': np.float64(0.04476174373367356), 'type': 'coarse_leaf'}, {'bounds': (232, 240, 80, 88), 'depth': 4, 'score': np.float64(0.048368196799159824), 'type': 'coarse_leaf'}, {'bounds': (232, 240, 88, 96), 'depth': 4, 'score': np.float64(0.03565784624154669), 'type': 'coarse_leaf'}, {'bounds': (224, 232, 104, 112), 'depth': 4, 'score': np.float64(0.12104805876098394), 'type': 'coarse_leaf'}, {'bounds': (224, 232, 112, 120), 'depth': 4, 'score': np.float64(0.11743429458486457), 'type': 'coarse_leaf'}, {'bounds': (224, 232, 120, 128), 'depth': 4, 'score': np.float64(0.08222215875055754), 'type': 'coarse_leaf'}, {'bounds': (232, 240, 120, 128), 'depth': 4, 'score': np.float64(0.13404102410151048), 'type': 'coarse_leaf'}, {'bounds': (248, 256, 96, 104), 'depth': 4, 'score': np.float64(0.04837923050199831), 'type': 'coarse_leaf'}, {'bounds': (248, 256, 104, 112), 'depth': 4, 'score': np.float64(0.11492824607439092), 'type': 'coarse_leaf'}, {'bounds': (128, 136, 136, 144), 'depth': 4, 'score': np.float64(0.10021586085317749), 'type': 'coarse_leaf'}, {'bounds': (128, 136, 144, 152), 'depth': 4, 'score': np.float64(0.03555478273956214), 'type': 'coarse_leaf'}, {'bounds': (128, 136, 152, 160), 'depth': 4, 'score': np.float64(0.03209001171430598), 'type': 'coarse_leaf'}, {'bounds': (136, 144, 144, 152), 'depth': 4, 'score': np.float64(0.04510548639144872), 'type': 'coarse_leaf'}, {'bounds': (136, 144, 152, 160), 'depth': 4, 'score': np.float64(0.035638283581083285), 'type': 'coarse_leaf'}, {'bounds': (144, 152, 144, 152), 'depth': 4, 'score': np.float64(0.06402580365264837), 'type': 'coarse_leaf'}, {'bounds': (144, 152, 152, 160), 'depth': 4, 'score': np.float64(0.04057413808125404), 'type': 'coarse_leaf'}, {'bounds': (152, 160, 144, 152), 'depth': 4, 'score': np.float64(0.13644374202777282), 'type': 'coarse_leaf'}, {'bounds': (152, 160, 152, 160), 'depth': 4, 'score': np.float64(0.04333075066686497), 'type': 'coarse_leaf'}, {'bounds': (160, 168, 128, 136), 'depth': 4, 'score': np.float64(0.0624690191879195), 'type': 'coarse_leaf'}, {'bounds': (168, 176, 128, 136), 'depth': 4, 'score': np.float64(0.026783595712297964), 'type': 'coarse_leaf'}, {'bounds': (160, 168, 152, 160), 'depth': 4, 'score': np.float64(0.03893566335548622), 'type': 'coarse_leaf'}, {'bounds': (168, 176, 144, 152), 'depth': 4, 'score': np.float64(0.08405481866777051), 'type': 'coarse_leaf'}, {'bounds': (168, 176, 152, 160), 'depth': 4, 'score': np.float64(0.03135509720137057), 'type': 'coarse_leaf'}, {'bounds': (160, 168, 224, 232), 'depth': 4, 'score': np.float64(0.027838097947503096), 'type': 'coarse_leaf'}, {'bounds': (160, 168, 232, 240), 'depth': 4, 'score': np.float64(0.03937695947353247), 'type': 'coarse_leaf'}, {'bounds': (168, 176, 224, 232), 'depth': 4, 'score': np.float64(0.045209648984952944), 'type': 'coarse_leaf'}, {'bounds': (168, 176, 232, 240), 'depth': 4, 'score': np.float64(0.08678215455102217), 'type': 'coarse_leaf'}, {'bounds': (160, 168, 240, 248), 'depth': 4, 'score': np.float64(0.09224799072851908), 'type': 'coarse_leaf'}, {'bounds': (160, 168, 248, 256), 'depth': 4, 'score': np.float64(0.10380533393135397), 'type': 'coarse_leaf'}, {'bounds': (168, 176, 240, 248), 'depth': 4, 'score': np.float64(0.11883667955744864), 'type': 'coarse_leaf'}, {'bounds': (176, 184, 224, 232), 'depth': 4, 'score': np.float64(0.021670358460987915), 'type': 'coarse_leaf'}, {'bounds': (176, 184, 232, 240), 'depth': 4, 'score': np.float64(0.0005839917558314658), 'type': 'coarse_leaf'}, {'bounds': (184, 192, 224, 232), 'depth': 4, 'score': np.float64(0.0013545522780029828), 'type': 'coarse_leaf'}, {'bounds': (184, 192, 232, 240), 'depth': 4, 'score': np.float64(0.03208797884553739), 'type': 'coarse_leaf'}, {'bounds': (176, 184, 240, 248), 'depth': 4, 'score': np.float64(0.02451937540217785), 'type': 'coarse_leaf'}, {'bounds': (184, 192, 240, 248), 'depth': 4, 'score': np.float64(0.03429321113424866), 'type': 'coarse_leaf'}, {'bounds': (184, 192, 248, 256), 'depth': 4, 'score': np.float64(0.039455323861136836), 'type': 'coarse_leaf'}, {'bounds': (192, 200, 176, 184), 'depth': 4, 'score': np.float64(0.02564483288220621), 'type': 'coarse_leaf'}, {'bounds': (192, 200, 184, 192), 'depth': 4, 'score': np.float64(0.05082970455394617), 'type': 'coarse_leaf'}, {'bounds': (200, 208, 176, 184), 'depth': 4, 'score': np.float64(0.040269528960524215), 'type': 'coarse_leaf'}, {'bounds': (200, 208, 184, 192), 'depth': 4, 'score': np.float64(0.09773825235022268), 'type': 'coarse_leaf'}, {'bounds': (240, 248, 128, 136), 'depth': 4, 'score': np.float64(0.12718391868670442), 'type': 'coarse_leaf'}, {'bounds': (240, 248, 136, 144), 'depth': 4, 'score': np.float64(0.0637794295183693), 'type': 'coarse_leaf'}, {'bounds': (248, 256, 136, 144), 'depth': 4, 'score': np.float64(0.1128993393720029), 'type': 'coarse_leaf'}, {'bounds': (224, 232, 160, 168), 'depth': 4, 'score': np.float64(0.06104417847578922), 'type': 'coarse_leaf'}, {'bounds': (224, 232, 168, 176), 'depth': 4, 'score': np.float64(0.02806822602333659), 'type': 'coarse_leaf'}, {'bounds': (192, 200, 192, 200), 'depth': 4, 'score': np.float64(0.09002338980155133), 'type': 'coarse_leaf'}, {'bounds': (192, 200, 200, 208), 'depth': 4, 'score': np.float64(0.086818131060724), 'type': 'coarse_leaf'}, {'bounds': (200, 208, 192, 200), 'depth': 4, 'score': np.float64(0.1159864075041557), 'type': 'coarse_leaf'}, {'bounds': (192, 200, 208, 216), 'depth': 4, 'score': np.float64(0.013406775531343125), 'type': 'coarse_leaf'}, {'bounds': (192, 200, 216, 224), 'depth': 4, 'score': np.float64(0.011184223179208592), 'type': 'coarse_leaf'}, {'bounds': (200, 208, 208, 216), 'depth': 4, 'score': np.float64(0.0911727586570697), 'type': 'coarse_leaf'}, {'bounds': (208, 216, 208, 216), 'depth': 4, 'score': np.float64(0.13056236719287084), 'type': 'coarse_leaf'}, {'bounds': (208, 216, 216, 224), 'depth': 4, 'score': np.float64(0.10091201482832628), 'type': 'coarse_leaf'}, {'bounds': (216, 224, 208, 216), 'depth': 4, 'score': np.float64(0.017714508984969367), 'type': 'coarse_leaf'}, {'bounds': (192, 200, 248, 256), 'depth': 4, 'score': np.float64(0.05137126592954053), 'type': 'coarse_leaf'}, {'bounds': (200, 208, 240, 248), 'depth': 4, 'score': np.float64(0.1061866124862468), 'type': 'coarse_leaf'}, {'bounds': (200, 208, 248, 256), 'depth': 4, 'score': np.float64(0.03297097877305286), 'type': 'coarse_leaf'}, {'bounds': (0, 8, 0, 8), 'depth': 5, 'score': np.float64(0.5013702395331734), 'type': 'leaf_depth'}, {'bounds': (0, 8, 8, 16), 'depth': 5, 'score': np.float64(0.03700504481407446), 'type': 'leaf_depth'}, {'bounds': (8, 16, 0, 8), 'depth': 5, 'score': np.float64(0.03593545252366717), 'type': 'leaf_depth'}, {'bounds': (8, 16, 8, 16), 'depth': 5, 'score': np.float64(0.03687549123195639), 'type': 'leaf_depth'}, {'bounds': (48, 56, 8, 16), 'depth': 5, 'score': np.float64(0.05427004197545826), 'type': 'leaf_depth'}, {'bounds': (56, 64, 0, 8), 'depth': 5, 'score': np.float64(0.07509648373382184), 'type': 'leaf_depth'}, {'bounds': (56, 64, 8, 16), 'depth': 5, 'score': np.float64(0.2750529270985668), 'type': 'leaf_depth'}, {'bounds': (32, 40, 40, 48), 'depth': 5, 'score': np.float64(0.03980499139188996), 'type': 'leaf_depth'}, {'bounds': (40, 48, 32, 40), 'depth': 5, 'score': np.float64(0.2482775286813895), 'type': 'leaf_depth'}, {'bounds': (40, 48, 40, 48), 'depth': 5, 'score': np.float64(0.40022947276237003), 'type': 'leaf_depth'}, {'bounds': (32, 40, 48, 56), 'depth': 5, 'score': np.float64(0.2240055089755182), 'type': 'leaf_depth'}, {'bounds': (32, 40, 56, 64), 'depth': 5, 'score': np.float64(0.4823924825359117), 'type': 'leaf_depth'}, {'bounds': (40, 48, 48, 56), 'depth': 5, 'score': np.float64(0.459032022135647), 'type': 'leaf_depth'}, {'bounds': (40, 48, 56, 64), 'depth': 5, 'score': np.float64(0.4556023820740575), 'type': 'leaf_depth'}, {'bounds': (48, 56, 40, 48), 'depth': 5, 'score': np.float64(0.3998866876139467), 'type': 'leaf_depth'}, {'bounds': (56, 64, 32, 40), 'depth': 5, 'score': np.float64(0.17372983914346302), 'type': 'leaf_depth'}, {'bounds': (56, 64, 40, 48), 'depth': 5, 'score': np.float64(0.13153881876281312), 'type': 'leaf_depth'}, {'bounds': (8, 16, 80, 88), 'depth': 5, 'score': np.float64(0.23138914754540416), 'type': 'leaf_depth'}, {'bounds': (16, 24, 72, 80), 'depth': 5, 'score': np.float64(0.48362821466392464), 'type': 'leaf_depth'}, {'bounds': (24, 32, 64, 72), 'depth': 5, 'score': np.float64(0.5753637544855211), 'type': 'leaf_depth'}, {'bounds': (24, 32, 72, 80), 'depth': 5, 'score': np.float64(0.5799908803962538), 'type': 'leaf_depth'}, {'bounds': (16, 24, 80, 88), 'depth': 5, 'score': np.float64(0.44496028222599365), 'type': 'leaf_depth'}, {'bounds': (16, 24, 88, 96), 'depth': 5, 'score': np.float64(0.18045250513441635), 'type': 'leaf_depth'}, {'bounds': (24, 32, 80, 88), 'depth': 5, 'score': np.float64(0.2555248857524606), 'type': 'leaf_depth'}, {'bounds': (0, 8, 120, 128), 'depth': 5, 'score': np.float64(0.3447177809890933), 'type': 'leaf_depth'}, {'bounds': (32, 40, 64, 72), 'depth': 5, 'score': np.float64(0.5366502054090362), 'type': 'leaf_depth'}, {'bounds': (32, 40, 72, 80), 'depth': 5, 'score': np.float64(0.1904454814199004), 'type': 'leaf_depth'}, {'bounds': (40, 48, 64, 72), 'depth': 5, 'score': np.float64(0.16665462595040262), 'type': 'leaf_depth'}, {'bounds': (64, 72, 0, 8), 'depth': 5, 'score': np.float64(0.21846228851103106), 'type': 'leaf_depth'}, {'bounds': (64, 72, 8, 16), 'depth': 5, 'score': np.float64(0.27483412780314076), 'type': 'leaf_depth'}, {'bounds': (72, 80, 0, 8), 'depth': 5, 'score': np.float64(0.23233530179992334), 'type': 'leaf_depth'}, {'bounds': (88, 96, 104, 112), 'depth': 5, 'score': np.float64(0.24815015658721162), 'type': 'leaf_depth'}, {'bounds': (96, 104, 112, 120), 'depth': 5, 'score': np.float64(0.5492118656360526), 'type': 'leaf_depth'}, {'bounds': (96, 104, 120, 128), 'depth': 5, 'score': np.float64(0.3106496250447601), 'type': 'leaf_depth'}, {'bounds': (104, 112, 112, 120), 'depth': 5, 'score': np.float64(0.521406328183045), 'type': 'leaf_depth'}, {'bounds': (104, 112, 120, 128), 'depth': 5, 'score': np.float64(0.5882163115228695), 'type': 'leaf_depth'}, {'bounds': (112, 120, 120, 128), 'depth': 5, 'score': np.float64(0.6086006800383326), 'type': 'leaf_depth'}, {'bounds': (120, 128, 120, 128), 'depth': 5, 'score': np.float64(0.6140088652610901), 'type': 'leaf_depth'}, {'bounds': (0, 8, 128, 136), 'depth': 5, 'score': np.float64(0.5342445263655783), 'type': 'leaf_depth'}, {'bounds': (0, 8, 136, 144), 'depth': 5, 'score': np.float64(0.4116863111585617), 'type': 'leaf_depth'}, {'bounds': (8, 16, 128, 136), 'depth': 5, 'score': np.float64(0.3065507081814661), 'type': 'leaf_depth'}, {'bounds': (8, 16, 136, 144), 'depth': 5, 'score': np.float64(0.4176426612004857), 'type': 'leaf_depth'}, {'bounds': (0, 8, 144, 152), 'depth': 5, 'score': np.float64(0.1357598874600528), 'type': 'leaf_depth'}, {'bounds': (0, 8, 152, 160), 'depth': 5, 'score': np.float64(0.04125621418915977), 'type': 'leaf_depth'}, {'bounds': (16, 24, 128, 136), 'depth': 5, 'score': np.float64(0.1380728826075495), 'type': 'leaf_depth'}, {'bounds': (16, 24, 144, 152), 'depth': 5, 'score': np.float64(0.26212225030321074), 'type': 'leaf_depth'}, {'bounds': (16, 24, 152, 160), 'depth': 5, 'score': np.float64(0.3680114183630711), 'type': 'leaf_depth'}, {'bounds': (24, 32, 152, 160), 'depth': 5, 'score': np.float64(0.18084633275273518), 'type': 'leaf_depth'}, {'bounds': (16, 24, 160, 168), 'depth': 5, 'score': np.float64(0.34665197876185105), 'type': 'leaf_depth'}, {'bounds': (16, 24, 168, 176), 'depth': 5, 'score': np.float64(0.3118508745869884), 'type': 'leaf_depth'}, {'bounds': (24, 32, 168, 176), 'depth': 5, 'score': np.float64(0.2589444900074475), 'type': 'leaf_depth'}, {'bounds': (16, 24, 176, 184), 'depth': 5, 'score': np.float64(0.21406931452212213), 'type': 'leaf_depth'}, {'bounds': (24, 32, 176, 184), 'depth': 5, 'score': np.float64(0.2784118710900155), 'type': 'leaf_depth'}, {'bounds': (24, 32, 184, 192), 'depth': 5, 'score': np.float64(0.2442122561701084), 'type': 'leaf_depth'}, {'bounds': (120, 128, 128, 136), 'depth': 5, 'score': np.float64(0.44570609326151), 'type': 'leaf_depth'}, {'bounds': (104, 112, 224, 232), 'depth': 5, 'score': np.float64(0.17565124299759188), 'type': 'leaf_depth'}, {'bounds': (112, 120, 224, 232), 'depth': 5, 'score': np.float64(0.1731787555187779), 'type': 'leaf_depth'}, {'bounds': (128, 136, 112, 120), 'depth': 5, 'score': np.float64(0.04143492900972335), 'type': 'leaf_depth'}, {'bounds': (128, 136, 120, 128), 'depth': 5, 'score': np.float64(0.3121281511043867), 'type': 'leaf_depth'}, {'bounds': (136, 144, 112, 120), 'depth': 5, 'score': np.float64(0.03528903825837389), 'type': 'leaf_depth'}, {'bounds': (136, 144, 120, 128), 'depth': 5, 'score': np.float64(0.09120840521627822), 'type': 'leaf_depth'}, {'bounds': (216, 224, 48, 56), 'depth': 5, 'score': np.float64(0.15969557977862062), 'type': 'leaf_depth'}, {'bounds': (216, 224, 56, 64), 'depth': 5, 'score': np.float64(0.18702800095545424), 'type': 'leaf_depth'}, {'bounds': (224, 232, 56, 64), 'depth': 5, 'score': np.float64(0.19792575270050422), 'type': 'leaf_depth'}, {'bounds': (224, 232, 64, 72), 'depth': 5, 'score': np.float64(0.2418851033591008), 'type': 'leaf_depth'}, {'bounds': (232, 240, 72, 80), 'depth': 5, 'score': np.float64(0.16933724760387944), 'type': 'leaf_depth'}, {'bounds': (224, 232, 80, 88), 'depth': 5, 'score': np.float64(0.27484787048676845), 'type': 'leaf_depth'}, {'bounds': (224, 232, 88, 96), 'depth': 5, 'score': np.float64(0.15569575837860627), 'type': 'leaf_depth'}, {'bounds': (224, 232, 96, 104), 'depth': 5, 'score': np.float64(0.17739318259312373), 'type': 'leaf_depth'}, {'bounds': (232, 240, 96, 104), 'depth': 5, 'score': np.float64(0.3578008161706913), 'type': 'leaf_depth'}, {'bounds': (232, 240, 104, 112), 'depth': 5, 'score': np.float64(0.2614725222759684), 'type': 'leaf_depth'}, {'bounds': (232, 240, 112, 120), 'depth': 5, 'score': np.float64(0.21601215239600985), 'type': 'leaf_depth'}, {'bounds': (240, 248, 96, 104), 'depth': 5, 'score': np.float64(0.36689063361736346), 'type': 'leaf_depth'}, {'bounds': (240, 248, 104, 112), 'depth': 5, 'score': np.float64(0.39491606411031405), 'type': 'leaf_depth'}, {'bounds': (240, 248, 112, 120), 'depth': 5, 'score': np.float64(0.39860562778256126), 'type': 'leaf_depth'}, {'bounds': (240, 248, 120, 128), 'depth': 5, 'score': np.float64(0.3169102998060801), 'type': 'leaf_depth'}, {'bounds': (248, 256, 112, 120), 'depth': 5, 'score': np.float64(0.3935319626111134), 'type': 'leaf_depth'}, {'bounds': (248, 256, 120, 128), 'depth': 5, 'score': np.float64(0.3785350585390973), 'type': 'leaf_depth'}, {'bounds': (128, 136, 128, 136), 'depth': 5, 'score': np.float64(0.5683100317865148), 'type': 'leaf_depth'}, {'bounds': (136, 144, 128, 136), 'depth': 5, 'score': np.float64(0.4626984186931734), 'type': 'leaf_depth'}, {'bounds': (136, 144, 136, 144), 'depth': 5, 'score': np.float64(0.13818353052276813), 'type': 'leaf_depth'}, {'bounds': (144, 152, 128, 136), 'depth': 5, 'score': np.float64(0.5299148548260895), 'type': 'leaf_depth'}, {'bounds': (144, 152, 136, 144), 'depth': 5, 'score': np.float64(0.4392020679194649), 'type': 'leaf_depth'}, {'bounds': (152, 160, 128, 136), 'depth': 5, 'score': np.float64(0.41810472534539544), 'type': 'leaf_depth'}, {'bounds': (152, 160, 136, 144), 'depth': 5, 'score': np.float64(0.5310070264167519), 'type': 'leaf_depth'}, {'bounds': (160, 168, 136, 144), 'depth': 5, 'score': np.float64(0.4141637013294008), 'type': 'leaf_depth'}, {'bounds': (168, 176, 136, 144), 'depth': 5, 'score': np.float64(0.22217075022964664), 'type': 'leaf_depth'}, {'bounds': (160, 168, 144, 152), 'depth': 5, 'score': np.float64(0.2576840144291798), 'type': 'leaf_depth'}, {'bounds': (168, 176, 248, 256), 'depth': 5, 'score': np.float64(0.2295982847698734), 'type': 'leaf_depth'}, {'bounds': (176, 184, 248, 256), 'depth': 5, 'score': np.float64(0.22976354101009375), 'type': 'leaf_depth'}, {'bounds': (208, 216, 176, 184), 'depth': 5, 'score': np.float64(0.09308120356105253), 'type': 'leaf_depth'}, {'bounds': (208, 216, 184, 192), 'depth': 5, 'score': np.float64(0.14469489535893104), 'type': 'leaf_depth'}, {'bounds': (216, 224, 176, 184), 'depth': 5, 'score': np.float64(0.18456477426976461), 'type': 'leaf_depth'}, {'bounds': (216, 224, 184, 192), 'depth': 5, 'score': np.float64(0.4673853848906199), 'type': 'leaf_depth'}, {'bounds': (248, 256, 128, 136), 'depth': 5, 'score': np.float64(0.3587982409322852), 'type': 'leaf_depth'}, {'bounds': (232, 240, 160, 168), 'depth': 5, 'score': np.float64(0.15455440344740548), 'type': 'leaf_depth'}, {'bounds': (232, 240, 168, 176), 'depth': 5, 'score': np.float64(0.41816665634754235), 'type': 'leaf_depth'}, {'bounds': (200, 208, 200, 208), 'depth': 5, 'score': np.float64(0.15647487659750892), 'type': 'leaf_depth'}, {'bounds': (200, 208, 208, 216), 'depth': 5, 'score': np.float64(0.4331335581365948), 'type': 'leaf_depth'}, {'bounds': (200, 208, 216, 224), 'depth': 5, 'score': np.float64(0.45352051054976117), 'type': 'leaf_depth'}, {'bounds': (208, 216, 192, 200), 'depth': 5, 'score': np.float64(0.23561658002466557), 'type': 'leaf_depth'}, {'bounds': (208, 216, 200, 208), 'depth': 5, 'score': np.float64(0.4450873487279181), 'type': 'leaf_depth'}, {'bounds': (216, 224, 192, 200), 'depth': 5, 'score': np.float64(0.4256857993449955), 'type': 'leaf_depth'}, {'bounds': (216, 224, 200, 208), 'depth': 5, 'score': np.float64(0.4343921580980352), 'type': 'leaf_depth'}, {'bounds': (216, 224, 216, 224), 'depth': 5, 'score': np.float64(0.02704614756902953), 'type': 'leaf_depth'}, {'bounds': (192, 200, 224, 232), 'depth': 5, 'score': np.float64(0.4071490715017487), 'type': 'leaf_depth'}, {'bounds': (192, 200, 232, 240), 'depth': 5, 'score': np.float64(0.37782639687023645), 'type': 'leaf_depth'}, {'bounds': (200, 208, 224, 232), 'depth': 5, 'score': np.float64(0.44142806444931015), 'type': 'leaf_depth'}, {'bounds': (200, 208, 232, 240), 'depth': 5, 'score': np.float64(0.20007718762486132), 'type': 'leaf_depth'}, {'bounds': (192, 200, 240, 248), 'depth': 5, 'score': np.float64(0.2957142773884855), 'type': 'leaf_depth'}]
--- START CLASSICAL AMR SCAN ---
  Depth 0: 1 patch(es)
  Depth 1: 4 patch(es)
  Depth 2: 16 patch(es)
  Depth 3: 31 patch(es)
  │  Boundary probe (classical): (32, 48, 80, 96) (score=0.079)
  │  Boundary probe (classical): (48, 64, 64, 80) (score=0.105)
  Depth 4: 68 patch(es)
  Depth 5: 152 patch(es)
--- CLASSICAL SCAN COMPLETE: 363 patches ---

Saved -> /content/BA_Proj/figures_code/../figures/phase1/fig5_qaoa_detailed_analysis.png

======================================================================
DETAILED SUMMARY — What does the QAOA actually change?
======================================================================

Kelvin-Helmholtz:
  GT error: min=0.0002 max=0.0971
  Per-quadrant GT error share: [0.24884917 0.25115083 0.2511464  0.2488536 ]
  Depth 0 — Classical prob: [0.83680616 0.85600321 0.85602382 0.83680031]
  Depth 0 — QAOA prob:      [0.80992305 0.82566846 0.8296163  0.80487881]
  Depth 0 — Max |delta|: 0.0319
  Depth 0 — Hamiltonian: H=0.00, C=0.00, K=0.00
  Depth 1 — Max |delta|: 0.3211
  Depth 1 — Hamiltonian: H=15199.12, C=3212.83, K=14201.64
  Multi-body ratio (C+K)/(H+C+K): d0=0.000, d1=0.534
  Top quadrant — GT: 1, QAOA: 2, Classical: 2  (QAOA misses)  (CL misses)
  Decision quality (P>0.5 = refine):
    QAOA:      TP=0 FP=4 FN=0 / 4 cells
    Classical: TP=0 FP=4 FN=0 / 4 cells
  Hierarchical: Q-HAS=0.953 vs CL=0.968

Harris Tearing:
  GT error: min=0.0001 max=0.1984
  Per-quadrant GT error share: [0.25008785 0.24991215 0.24991214 0.25008786]
  Depth 0 — Classical prob: [0.79926534 0.8660254  0.86602539 0.79926533]
  Depth 0 — QAOA prob:      [0.79163366 0.85740382 0.85745653 0.7917435 ]
  Depth 0 — Max |delta|: 0.0086
  Depth 0 — Hamiltonian: H=0.00, C=0.00, K=0.00
  Depth 1 — Max |delta|: 0.0232
  Depth 1 — Hamiltonian: H=23.77, C=5028.10, K=163.02
  Multi-body ratio (C+K)/(H+C+K): d0=0.000, d1=0.995
  Top quadrant — GT: 3, QAOA: 2, Classical: 1  (QAOA misses)  (CL misses)
  Decision quality (P>0.5 = refine):
    QAOA:      TP=0 FP=4 FN=0 / 4 cells
    Classical: TP=0 FP=4 FN=0 / 4 cells
  Hierarchical: Q-HAS=0.993 vs CL=0.984

MHD Rotor:
  GT error: min=0.0004 max=3.9090
  Per-quadrant GT error share: [0.27658741 0.21744017 0.21704177 0.28893065]
  Depth 0 — Classical prob: [0.81559778 0.5192642  0.50612408 0.71537383]
  Depth 0 — QAOA prob:      [0.72949676 0.70678203 0.69368077 0.66055461]
  Depth 0 — Max |delta|: 0.1876
  Depth 0 — Hamiltonian: H=47.67, C=816.54, K=0.00
  Depth 1 — Max |delta|: 0.4826
  Depth 1 — Hamiltonian: H=576072.22, C=53639.17, K=139302.32
  Multi-body ratio (C+K)/(H+C+K): d0=0.945, d1=0.251
  Top quadrant — GT: 3, QAOA: 0, Classical: 0  (QAOA misses)  (CL misses)
  Decision quality (P>0.5 = refine):
    QAOA:      TP=0 FP=4 FN=0 / 4 cells
    Classical: TP=0 FP=4 FN=0 / 4 cells
  Hierarchical: Q-HAS=0.978 vs CL=0.971

Orszag-Tang:
  GT error: min=0.0140 max=2.7663
  Per-quadrant GT error share: [0.28863808 0.21180023 0.21066099 0.2889007 ]
  Depth 0 — Classical prob: [0.61400887 0.53424453 0.39860563 0.56831003]
  Depth 0 — QAOA prob:      [0.55392062 0.58278281 0.49096782 0.52626963]
  Depth 0 — Max |delta|: 0.0924
  Depth 0 — Hamiltonian: H=0.06, C=400.80, K=0.00
  Depth 1 — Max |delta|: 0.3269
  Depth 1 — Hamiltonian: H=3542.88, C=60126.85, K=660954.47
  Multi-body ratio (C+K)/(H+C+K): d0=1.000, d1=0.995
  Top quadrant — GT: 3, QAOA: 1, Classical: 0  (QAOA misses)  (CL misses)
  Decision quality (P>0.5 = refine):
    QAOA:      TP=2 FP=1 FN=0 / 4 cells
    Classical: TP=2 FP=1 FN=0 / 4 cells
  Hierarchical: Q-HAS=0.764 vs CL=0.729
