trial,original_score,new_score,phys_score,patch_ratio,error_vx,error_vy,error_Bx,error_By,error_Jz,new_loss_kh,phys_kh,patch_kh,new_loss_vortex,phys_vortex,patch_vortex,new_loss_tearing,phys_tearing,patch_tearing,new_loss_coalescence,phys_coalescence,patch_coalescence,param_beta,param_threshold_amr,param_gamma_hydro,param_gamma_mag,param_kappa,param_w_z_frac,param_beta_michelson
31,0.13301884543815462,0.19808713790091953,0.07836147976943211,0.497401283229638,nan,nan,nan,nan,nan,0.1708783474019319,0.00483064790116614,0.5859975961538462,0.25737684842993985,0.29392133780191576,0.166015625,0.18097655240347887,0.0033671733648704114,0.625,0.18311680336832747,0.011326760009776091,0.6125919117647058,0.5,0.5,2.0,0.5,15.0,0.2,1.0
44,0.09716281461594709,0.19874994678041924,0.011829623597790507,0.6660507547369909,nan,nan,nan,nan,nan,0.20306123743569807,0.0017616939484388118,0.7063100961538461,0.20767545729146555,0.04113626520805175,0.6240234375,0.18097655240347887,0.0033671733648704114,0.625,0.20328653999103438,0.0010533618698010598,0.7088694852941176,0.8,0.3,2.0,0.5,1.0,0.1,1.0
73,0.09549988938645806,0.20003728553775313,0.0076884766193702075,0.6809093078337103,nan,nan,nan,nan,nan,0.21736759969454533,0.0016704088031326975,0.7566105769230769,0.19790387668988846,0.024721677365843776,0.630859375,0.18097655240347887,0.0033671733648704114,0.625,0.2039011133630999,0.000994646943633945,0.7111672794117647,0.6229528408799025,0.26345409249796403,1.848483109621864,0.34865455552128827,1.8955578253481664,0.2525707718211099,1.3342065976390711
76,0.10571642377529322,0.20147083916498715,0.02528271484795032,0.6419411499575791,nan,nan,nan,nan,nan,0.19986937321961307,0.0029180840459197928,0.6922475961538461,0.2370404767142913,0.09396604240000776,0.5947265625,0.18097655240347887,0.0033671733648704114,0.625,0.18799695432256538,0.0008795595810032978,0.6557904411764706,1.2669043784027993,0.33843924624671257,1.690682777769399,0.2543125941304234,13.843847788682915,0.12960672236494117,0.6387822565970213
105,0.0947422341965493,0.2026696864652759,0.004083174290818949,0.6991359669014182,nan,nan,nan,nan,nan,0.19822150541713543,0.0017649152762973116,0.6893629807692307,0.19829521403519593,0.008082049649274262,0.673828125,0.1897816332812162,0.005404652447361154,0.6507240853658537,0.22438039312755598,0.001081079790343066,0.7826286764705882,0.7109687200183373,0.27646632847064423,1.7908335167420166,0.28433176183845565,4.524768902572536,0.25956882915206425,0.14941034333101452
199,0.09821870052535321,0.2029041056790959,0.010282960196209353,0.6844569693863122,nan,nan,nan,nan,nan,0.19122182471966837,0.003071131530612607,0.6615985576923077,0.2256706694255166,0.03351706219572324,0.7060546875,0.18097655240347887,0.0033671733648704114,0.625,0.21374737616771972,0.001176473693631152,0.7451746323529411,0.6317771891773157,0.2623007753643664,1.9586236684818195,0.1343027694574836,2.3769793674964323,0.2089792666259823,0.11181890728453768
169,0.09878800325345591,0.202976577118486,0.011269601206830609,0.6822440168976244,nan,nan,nan,nan,nan,0.20141498608003097,0.0017646343581972045,0.7005408653846154,0.21656268175860227,0.036390879462043155,0.6669921875,0.18958231339206216,0.006040238748886992,0.6484375,0.20434632724324864,0.0008826522581950895,0.7130055147058824,0.5361377367676246,0.2687230798982556,1.9029316185579406,0.24108375840595656,1.949332685327295,0.21283016100416655,1.0696925238304533
46,0.10617198210059586,0.20307523812965292,0.024773247036187947,0.6488302158633152,nan,nan,nan,nan,nan,0.20165837127090386,0.005350565933111564,0.6924278846153846,0.23580503852279258,0.08793955393190962,0.60546875,0.19037040228226654,0.00508563636590484,0.6535823170731707,0.18446714044264867,0.0007172319138257669,0.6438419117647058,0.8,0.3,2.0,0.5,15.0,0.1,1.0
48,0.13106710056170892,0.20385227884148294,0.06992755080669873,0.5386640989284434,nan,nan,nan,nan,nan,0.1481692258924047,0.00712441624936655,0.50078125,0.2642269763182764,0.2648396418455869,0.2626953125,0.20442160796649655,0.006464641396997604,0.6993140243902439,0.19859130518875406,0.0012815037348438425,0.6918658088235294,0.8,0.4,2.0,0.5,1.0,0.1,0.3
117,0.09752793064606272,0.20393192639567498,0.008148574216388399,0.6933903068438914,nan,nan,nan,nan,nan,0.2114851456428952,0.0017282423615917065,0.7358774038461539,0.21323092065120758,0.026648288911690587,0.6796875,0.18097655240347887,0.0033671733648704114,0.625,0.21003508688511832,0.0008505922274008972,0.7329963235294118,0.8707752771074936,0.24424962065553885,1.939864287783605,0.3089530559309002,1.3785788272335515,0.2759249796285369,1.1107438361070563
229,0.09961669444852761,0.2039947079314616,0.011939163122863087,0.6841335699529578,nan,nan,nan,nan,nan,0.21897458540807904,0.0016846118790029504,0.7621995192307692,0.2024681605603164,0.03892417478444297,0.611328125,0.20251326476549442,0.006422534086326292,0.6927400914634146,0.19202282099195644,0.0007253317416801382,0.6702665441176471,0.5013511634416208,0.28717716117171316,1.9568238310266173,0.3040714683983219,5.8327729703712725,0.22282330443405185,1.046729929343005
225,0.10040500014735418,0.20430707343834864,0.01312725858291884,0.6822566105769231,nan,nan,nan,nan,nan,0.22329823209958363,0.0022569480163401327,0.7759014423076923,0.205947556337161,0.04613907887202538,0.60546875,0.18097655240347887,0.0033671733648704114,0.625,0.20700595291317103,0.000745834078439427,0.72265625,1.7137307156440624,0.2878625918926176,1.9544802492979143,0.3570455667347321,1.5386979584757785,0.06943008941092989,1.0415466200680994
95,0.09459432777846102,0.20441328278590298,0.0023464055722098084,0.7095804758201358,nan,nan,nan,nan,nan,0.23904883340616406,0.001591443691706542,0.8326923076923077,0.19727121306204887,0.0035234482868683895,0.681640625,0.18097655240347887,0.0033671733648704114,0.625,0.20035653227192002,0.0009035569453938914,0.6989889705882353,0.7163920552307014,0.23006642319560178,1.9083532547193414,0.4051237908845003,1.5841207477456347,0.28490763621377363,0.8597669970712498
238,0.09550094093692602,0.2044706631027355,0.003966374317646054,0.7057313850654591,nan,nan,nan,nan,nan,0.20325476310133073,0.0017441683418629652,0.70703125,0.19391637469244682,0.007029799569425514,0.6611328125,0.19469651695314666,0.006111709100258918,0.6661585365853658,0.2260149976640179,0.000979820259036819,0.7886029411764706,0.5473829918693603,0.2729529200864721,1.9077275634430413,0.3076227743444875,5.717419671637271,0.22106420106981045,0.9357112555411202
209,0.09514810039487326,0.20447967660145577,0.003309576381343923,0.7074049271517355,nan,nan,nan,nan,nan,0.2102975884239728,0.0019647007166388275,0.7311298076923077,0.19802645295397409,0.004190159135563721,0.6826171875,0.1913063949048341,0.0061673675009140455,0.6541539634146342,0.21828827012304222,0.0009160781722590978,0.76171875,1.528273256277701,0.24830831712362317,1.912362956050471,0.27669963319823254,1.8848256367945375,0.20932330319861045,1.2035459556023067
211,0.09901072068907578,0.20475070443900997,0.010189134339131085,0.6911546296887071,nan,nan,nan,nan,nan,0.18031749038804804,0.00258871731249797,0.6246394230769231,0.2122103198579253,0.03186007280109535,0.6630859375,0.18649907750463543,0.005267915823562761,0.639576981707317,0.23997593000543113,0.0010398314193682612,0.8373161764705882,0.5188306632966466,0.2753010179594259,1.9056512592575698,0.26684767584132774,1.9576098344659587,0.2247555036639404,0.11409420570746504
230,0.09603658076148434,0.2053823751254444,0.004186113495757885,0.7083730291996606,nan,nan,nan,nan,nan,0.2449690599309347,0.0015864915956162607,0.8534254807692307,0.1900293850660817,0.010963014092514402,0.6376953125,0.18097655240347887,0.0033671733648704114,0.625,0.2055545031012823,0.000827774930030466,0.7173713235294118,0.5434572080779426,0.2926916581560281,1.9617374797065847,0.3056782331187471,1.6348610679769229,0.2204402841251135,1.0812686402262304
98,0.0993910859424385,0.20541492391593935,0.010331062044697808,0.6931245785940432,nan,nan,nan,nan,nan,0.18107871331543332,0.005000583256991202,0.6212740384615385,0.21525106711833997,0.02908586896567596,0.6806640625,0.1911552167221239,0.005955718045119797,0.6541539634146342,0.23417469850786024,0.001282077911004269,0.81640625,0.7132965937746495,0.276252856972149,1.9045995850690234,0.4218187771417904,1.5674085970680705,0.299585424118441,0.17819976604584922
213,0.0975574478327426,0.20578888440672763,0.006643041110595164,0.7036534926470588,nan,nan,nan,nan,nan,0.25762715731692115,0.0019280202436896085,0.896875,0.19875422351999736,0.020443412927996302,0.64453125,0.18097655240347887,0.0033671733648704114,0.625,0.1857976043865132,0.0008335579058243307,0.6482077205882353,0.5176907468706208,0.280856840863158,1.9604084293086783,0.3075920916664324,1.992615198044936,0.0848802553505825,1.1880184549382529
242,0.1045382160907563,0.2063042851408879,0.019054718088645756,0.6744282027714932,nan,nan,nan,nan,nan,0.20037918753251752,0.0019972086993706424,0.6963341346153846,0.21941756217430208,0.06968458704402287,0.59375,0.18097655240347887,0.0033671733648704114,0.625,0.22444383845325316,0.001169903246319086,0.7826286764705882,0.548781365088041,0.3088630271570896,1.888566338664559,0.2695031240594012,5.665819918630226,0.20901032763021996,0.9535467588953616
69,0.09567837020619725,0.20682666607374772,0.0023138016774548894,0.7181088270644795,nan,nan,nan,nan,nan,0.24085271183836468,0.0015928350352489309,0.8390024038461539,0.19270652874170965,0.0033828902383934737,0.666015625,0.18097655240347887,0.0033671733648704114,0.625,0.21277087131143763,0.0009123080713067426,0.7424172794117647,0.6274474231802809,0.2545559713038728,1.8188406459921582,0.32284918356400205,2.1037228669278525,0.24069125183139117,1.287024942174545
130,0.0981403884573184,0.20691268110866592,0.006771662630186526,0.7072652273048643,nan,nan,nan,nan,nan,0.22152621143170964,0.0016511190813164813,0.7712139423076924,0.20490329169176064,0.018505233368464873,0.6708984375,0.18958849256003069,0.006048889584042916,0.6484375,0.21163272875116265,0.0008814084869218324,0.7385110294117647,0.6585651709451097,0.2632585197583274,1.877323057534941,0.8184433135502065,9.514104989895165,0.24525103129282771,1.4006806868357755
181,0.10336841238565664,0.20700773698843206,0.016311379719325263,0.6837486301611991,nan,nan,nan,nan,nan,0.23915892031149658,0.0016013345899413551,0.8330528846153846,0.21125616451744747,0.05943050532442647,0.5908203125,0.18097655240347887,0.0033671733648704114,0.625,0.19663931072130542,0.0008465055980628194,0.6861213235294118,0.600665606930529,0.2955047609314514,1.8383704147224624,0.32636632045640407,1.8063954746798818,0.22810821352036575,1.2206193263417868
10,0.10290176709986776,0.2071914524174617,0.015298431433088875,0.6869240048783937,nan,nan,nan,nan,nan,0.20368071709973617,0.00291742701655366,0.7055889423076923,0.21398833232914635,0.05388054026080484,0.6142578125,0.18097655240347887,0.0033671733648704114,0.625,0.2301202078374854,0.0010285850901265877,0.8028492647058824,0.5,0.3,2.0,0.5,15.0,0.1,0.3
218,0.09975287046860708,0.2073864411925585,0.009340671060487912,0.7025008665227348,nan,nan,nan,nan,nan,0.19734349160444611,0.0017616574769937776,0.6862980769230769,0.20849554668526485,0.02783126535937074,0.66015625,0.20533979856617957,0.006835474090212272,0.7016006097560976,0.21836692791434342,0.0009342873153748542,0.7619485294117647,0.5237174882132595,0.271395140083371,1.9585326492697692,0.3022752736383704,1.594525728078321,0.09535685343123981,1.365026251645264
122,0.09641558406341666,0.2077903574909053,0.0028607743843262084,0.7201143152573529,nan,nan,nan,nan,nan,0.20659804899108494,0.001737268587518892,0.71875,0.20096445413730132,0.005178360792221814,0.6904296875,0.18097655240347887,0.0033671733648704114,0.625,0.24262237443175605,0.0011602947926937148,0.8462775735294118,0.6305205065604166,0.2428866678009781,1.9489466011166194,0.4482413744629094,8.086901985933084,0.11628877351882318,1.1686793159188524
106,0.10751614737683675,0.2079877994340193,0.023119959648803434,0.6701573988970588,nan,nan,nan,nan,nan,0.15391794018665028,0.004860116261310328,0.5265625,0.2211423007963478,0.08381797111488688,0.564453125,0.18097655240347887,0.0033671733648704114,0.625,0.2759144043496002,0.0004345778541461117,0.9646139705882353,0.7184261634601796,0.32034241920863793,0.24717122901537958,0.2664757247632545,2.619261288677084,0.25602242040247913,0.1359345363611065
243,0.09648707096014417,0.20805333162013784,0.0027714120057494972,0.7212581306561087,nan,nan,nan,nan,nan,0.242443294678916,0.0015840740889439,0.8445913461538461,0.20128964688189713,0.0052430056346559825,0.69140625,0.18097655240347887,0.0033671733648704114,0.625,0.2075038325162593,0.0008913949345276959,0.7240349264705882,0.5531951010558102,0.23949078213231184,1.8909987176980547,0.25058730616827546,1.902709362958816,0.21111145467575193,0.9558932109083927
116,0.10458023447673251,0.20805862288886776,0.017658388210538896,0.6840592095846899,nan,nan,nan,nan,nan,0.2043032668101863,0.0027313043034915686,0.7082331730769231,0.2126268196636499,0.06056817252910986,0.5927734375,0.19469651695314666,0.006111709100258918,0.6661585365853658,0.2206078881284882,0.0012223669092952336,0.7690716911764706,0.8752805543879133,0.31272229348994673,1.942559170277609,0.30108721070288275,2.565620978594686,0.278267053271564,1.1480991460182481
17,0.13098605509441996,0.20843042179641025,0.06593278706474809,0.5646745086255657,nan,nan,nan,nan,nan,0.15271334357144015,0.005769834846170016,0.5200721153846154,0.29093135730365755,0.2533976502251205,0.384765625,0.18097655240347887,0.0033671733648704114,0.625,0.2091004339070645,0.0011964898228314582,0.7288602941176471,0.5,0.4,2.0,0.5,1.0,0.2,0.3
228,0.10125937043917996,0.2085429591328744,0.011141155936476629,0.7020474671238688,nan,nan,nan,nan,nan,0.18782343666550347,0.0030730036393971662,0.6496995192307692,0.21593968880936268,0.03708118933310771,0.6630859375,0.18097655240347887,0.0033671733648704114,0.625,0.24943215865315257,0.0010432574085312255,0.8704044117647058,0.5018863924907081,0.289317223069556,1.963186460141151,0.28954898523062,1.6125716571238122,0.21839852674608262,0.10338426530625187
94,0.10336958563363835,0.2089714524751792,0.01466401748674405,0.694740039946267,nan,nan,nan,nan,nan,0.24671301445669327,0.0015761048547550996,0.8595552884615385,0.22574035920801,0.053145877891214,0.6572265625,0.18097655240347887,0.0033671733648704114,0.625,0.1824558838325346,0.0005669138361366863,0.6371783088235294,0.5538080712122717,0.27829227287334035,1.8936473772069444,0.41060126371981237,1.762891446052885,0.3182269010222679,1.1337194852230017
47,0.10549915276952804,0.20948157222335748,0.01815392042831128,0.6878007017109729,nan,nan,nan,nan,nan,0.20395691126983667,0.0017175603931559563,0.7095552884615385,0.23501197576484312,0.06612614107078033,0.6572265625,0.18097655240347887,0.0033671733648704114,0.625,0.2179808494552712,0.001404806884438422,0.7594209558823529,0.8,0.3,2.0,0.5,15.0,0.2,1.0
234,0.10233573148926324,0.2099366318388563,0.011950975195605062,0.7049007734469843,nan,nan,nan,nan,nan,0.19834814631334127,0.002615289454062373,0.6876802884615385,0.21759808551353893,0.03705919471895445,0.6689453125,0.19514882324476582,0.00685926717681847,0.6658727134146342,0.2286514722837792,0.0012701494325849621,0.7971047794117647,0.6168873733703858,0.2746066647666334,1.887690802414929,0.3050799540678799,2.4064123523863734,0.21919436399792644,0.10159486432227387
129,0.10048942153744024,0.21037250228311793,0.008187633711070966,0.7158346737132353,nan,nan,nan,nan,nan,0.25000457858574715,0.001568910020045986,0.87109375,0.21163328419279454,0.027145972869912348,0.6728515625,0.18097655240347887,0.0033671733648704114,0.625,0.19887559395045115,0.0006684785894551174,0.6943933823529411,0.5355307918555238,0.2671139278730402,1.8146941319571568,0.21600794006940843,1.3728698925954976,0.10837011587506014,1.3731927318692276
170,0.09951267523696579,0.21053403331470139,0.00625473445166787,0.721232280472285,nan,nan,nan,nan,nan,0.2518049166820638,0.0015653448933507705,0.8774038461538461,0.19646996156110075,0.019198571185541018,0.6396484375,0.18097655240347887,0.0033671733648704114,0.625,0.21288470261216214,0.0008878483629092776,0.7428768382352942,0.5366563027031758,0.2505979647338226,1.9499888850438125,0.2476396288198277,1.9540520020681287,0.21407068922525524,1.0706123881076892
13,0.10465223681041616,0.21065411150177282,0.01561066206967653,0.6982627350820135,nan,nan,nan,nan,nan,0.21825789740336302,0.0016908640570158905,0.7596754807692307,0.22019368648038176,0.056318036072534425,0.6298828125,0.18097655240347887,0.0033671733648704114,0.625,0.22318830971986775,0.0010665747842853897,0.7784926470588235,0.5,0.3,2.0,0.5,1.0,0.2,1.0
15,0.1069905098276981,0.21088794556517687,0.01971666380821594,0.6888161499575792,nan,nan,nan,nan,nan,0.2357685167935936,0.0016143850494924985,0.8211538461538461,0.22527976694427232,0.07281354872198124,0.6064453125,0.18097655240347887,0.0033671733648704114,0.625,0.20152694611936275,0.0010715480965196003,0.7026654411764706,0.5,0.3,2.0,0.5,15.0,0.2,1.0
162,0.09803486341882447,0.21120415771580237,0.00297265620936307,0.7317829114819006,nan,nan,nan,nan,nan,0.20902229148736146,0.0017417850053829185,0.7272235576923077,0.2016500741938656,0.005747603871411827,0.69140625,0.18097655240347887,0.0033671733648704114,0.625,0.2531677127785035,0.0010340625957871242,0.8835018382352942,0.6120250343021999,0.23365643831986965,1.9114599275152722,0.3723090449676644,2.1837846993244736,0.21350690515570614,1.4855677089933823
178,0.09884756270925708,0.21141649206611463,0.004289662049496773,0.7292335671076593,nan,nan,nan,nan,nan,0.20490013972976834,0.0017400033139833495,0.7128004807692307,0.19845029466218372,0.005955412527057166,0.6796875,0.22637888070382375,0.008622506156084883,0.7707698170731707,0.21593665316868274,0.0008407262008616929,0.7536764705882353,0.6038933051500421,0.2525074972397483,1.8876697983142066,0.17651239539491126,1.651522599213819,0.21083322484976086,1.2660682989291252
179,0.09792824833568936,0.21162632520245786,0.002421863767603857,0.7346374787895928,nan,nan,nan,nan,nan,0.2200397798459032,0.0016614610150336919,0.7659855769230769,0.19890124732909936,0.0034617462607391043,0.6875,0.18097655240347887,0.0033671733648704114,0.625,0.24658772123134995,0.0011970744297722209,0.8600643382352942,0.5640008615076612,0.25347459666301553,1.9023696519123119,0.18139742974602474,1.589509268731526,0.22449524728795633,0.1346044766538781
236,0.09893744243607774,0.211752964413037,0.004172403975431993,0.7307043655070495,nan,nan,nan,nan,nan,0.24830687573894492,0.0015719337268304957,0.8651442307692307,0.19121637156577848,0.007156045192089855,0.6513671875,0.20030372857653453,0.0068733907388556365,0.6838795731707317,0.20718488177089012,0.0010882462439519834,0.7224264705882353,0.6169408716983004,0.2722913105786636,1.891416158059625,0.3198968602947096,2.38591228912154,0.22496542968090388,1.4580762744442894
177,0.1082806423050614,0.21179776767800668,0.021326256991787407,0.6879765443935547,nan,nan,nan,nan,nan,0.24244880495099327,0.0015917884698520997,0.8445913461538461,0.23325271012526033,0.07811629417536442,0.62109375,0.18706922007711213,0.005037152010395994,0.6421493902439024,0.18442033555866097,0.0005597933115371189,0.6440716911764706,0.6059840486970298,0.3029467775184351,1.8933400354571774,0.17441268172720822,1.662166041937066,0.2169696462857363,1.182258137734177
127,0.09834048268723439,0.2121774448881646,0.0027174344384530264,0.7358274710124435,nan,nan,nan,nan,nan,0.2567284221849551,0.001535175674321717,0.8947115384615385,0.20179927671274675,0.005175237397845438,0.693359375,0.18097655240347887,0.0033671733648704114,0.625,0.20920552825147762,0.0007921513167745392,0.7302389705882353,0.6265926925333231,0.2434734881739642,1.8120157844751499,0.22808418099407146,2.01951259514111,0.09169791627399795,1.428767571078279
111,0.11365450318348072,0.21218654630610065,0.030887586960480003,0.6654339446701524,nan,nan,nan,nan,nan,0.16634389003156053,0.015549715274953978,0.5433293269230769,0.25114580465452324,0.10082287651633257,0.626953125,0.19211225150265612,0.005923615518352713,0.6575838414634146,0.23914423903566273,0.001254140532280755,0.8338694852941176,0.8786750846381125,0.32215216460226354,0.5130939118813169,0.29933650817551627,2.5628233365114252,0.46971830069227893,0.17743562815675923
97,0.10316614809341179,0.21258828603134083,0.01125155222555138,0.7159301205458145,nan,nan,nan,nan,nan,0.24579251160052992,0.0015854777792034453,0.8563100961538461,0.21357997345982163,0.03924633784375028,0.6494140625,0.18097655240347887,0.0033671733648704114,0.625,0.21000410666153294,0.0008072199143813787,0.7329963235294118,0.7278138976631163,0.2820812070575183,1.912219058683262,0.40645519070997105,1.6493659058875372,0.28482564212541006,1.1494154318632361
235,0.1024984339116578,0.21261967659514325,0.009996590057530052,0.7191773929391762,nan,nan,nan,nan,nan,0.25252414925414723,0.0015626551096522279,0.8799278846153846,0.1994999430342218,0.031253045247910484,0.6201171875,0.19318306721441844,0.00627946483189315,0.6604420731707317,0.20527154687778548,0.0008911950406643466,0.7162224264705882,0.6106288464422828,0.2768997421985269,1.9171762963370929,0.30464114659750596,5.964786228429217,0.22362268879838118,1.4494161234655416
219,0.09969414129718589,0.21276727878299534,0.004712705809105942,0.7329037112177188,nan,nan,nan,nan,nan,0.18825555107053452,0.0023077714987483596,0.653125,0.2009107841472449,0.00861884780614284,0.681640625,0.20355697435538644,0.00662610556095562,0.6958841463414634,0.2583458055588155,0.001298098370576949,0.9009650735294118,0.5163271556178155,0.27591881452913675,1.9602480700868594,0.32066645574476726,1.5720063130330268,0.20802123110962348,0.10140072474203195
232,0.09998090109927793,0.21358466461904166,0.0045537397426763946,0.7361619768099548,nan,nan,nan,nan,nan,0.19821632763790337,0.0017576663853724097,0.6893629807692307,0.20066251776989494,0.007490024877852866,0.68359375,0.21102037196319995,0.007928520748479884,0.71875,0.24443944110516838,0.0010387469590004167,0.8529411764705882,0.6176000796183205,0.28000519065259505,1.932402293513055,0.30293252943913357,2.3359813122016284,0.22142325240661462,0.1010381138731857
72,0.09983272693573637,0.21387313482284814,0.004038784310562538,0.7384590111035619,nan,nan,nan,nan,nan,0.24245948251971558,0.0016067370660633074,0.8445913461538461,0.19632907151623677,0.006501325122731445,0.6708984375,0.2080388258875363,0.007184234291331236,0.7101753048780488,0.20866515936790384,0.0008628407621241601,0.7281709558823529,0.6582418381038587,0.26059259270775764,1.8548641011855707,0.36125953227603846,2.083218405419988,0.24436538938102687,1.2253869973719071
151,0.10866932959033013,0.21420273656472627,0.020021267731837364,0.6996564086469484,nan,nan,nan,nan,nan,0.1972943156033761,0.001764926460111119,0.6861177884615385,0.23676159395377408,0.0720912315352837,0.6484375,0.18707296377916732,0.005042393193273245,0.6421493902439024,0.23568207292258758,0.0011865197386813975,0.8219209558823529,1.9911289653866198,0.28678667459953605,1.7413121026463345,0.8794301062502221,7.820127072070516,0.10591539603279483,1.3064553375592947
113,0.11224142293552491,0.2147133878146248,0.026164972437081012,0.6860844262584842,nan,nan,nan,nan,nan,0.1848634778782344,0.0018136767218358298,0.6424879807692307,0.2534888959616351,0.09824382934628909,0.6416015625,0.18097655240347887,0.0033671733648704114,0.625,0.23952462501515082,0.0012352103153287274,0.8352481617647058,1.5496611304674315,0.31529849625527073,1.1350402683465268,0.28932216670311595,2.5678385585497754,0.3259271785865655,1.1100228111188148
201,0.10049037319232419,0.21498070358822918,0.004318495659764042,0.741636223409392,nan,nan,nan,nan,nan,0.2073527645599074,0.0017121396146395546,0.7214543269230769,0.19228566087500468,0.005137425225006473,0.66015625,0.24030304999787364,0.009252013899462123,0.8179306402439024,0.219981338920131,0.0011724038999480224,0.7670036764705882,0.5755215574183062,0.261464627609035,1.9569575825400898,0.9484774768128809,1.8335651407553284,0.09584521593012993,1.2867302767582516
139,0.1027336504693339,0.21520583071943666,0.008257019059247559,0.7325778598699095,nan,nan,nan,nan,nan,0.20321724779266023,0.0017637622943397033,0.7068509615384615,0.21391029329700392,0.026818160615805515,0.681640625,0.18097655240347887,0.0033671733648704114,0.625,0.26271922938460374,0.0010789799619746014,0.9168198529411765,0.6423071124680043,0.2626569073373328,1.8673016685811505,0.8727870498868308,9.763480124281896,0.09031286709165055,1.2173708380338624
196,0.11406356572422299,0.21553098882887856,0.028830930316312318,0.6822811351102941,nan,nan,nan,nan,nan,0.2048349479557396,0.006768927138035427,0.7,0.2558337327010131,0.1038703507814183,0.6357421875,0.18097655240347887,0.0033671733648704114,0.625,0.22047872225528267,0.0013172699809251317,0.7683823529411765,0.6417326529608285,0.37412992553052926,1.9542250089534663,0.22129319143665585,1.3741133348904635,0.1822614472597332,0.12185952162548302
220,0.1048969127011157,0.21605861683261612,0.011521081230655374,0.7274024558375178,nan,nan,nan,nan,nan,0.1965702141859517,0.0017607998603323453,0.68359375,0.21453267147833938,0.033939490069675136,0.666015625,0.21680540846304852,0.008939157214121505,0.7364710365853658,0.2363261732031249,0.0014448777784925122,0.8235294117647058,0.5130831807785139,0.2783778520055657,1.8217045777131666,0.42643264962136807,1.5944619549236463,0.20605075392103284,0.11419452619963999
173,0.10331430449182293,0.21610574214418002,0.00856949686384296,0.7349463553450226,nan,nan,nan,nan,nan,0.2525218586822441,0.0015594483089878312,0.8799278846153846,0.1947913357167689,0.028176620003476437,0.611328125,0.18097655240347887,0.0033671733648704114,0.625,0.23613322177422824,0.0011747457780371632,0.8235294117647058,0.5344525791810643,0.27332063584171,1.8892330688812327,0.3937385425131959,9.702087680112644,0.25034575597323194,1.0611667464520083
239,0.11118280797528822,0.21620842387584446,0.022961290618820993,0.6993262570184031,nan,nan,nan,nan,nan,0.18244229562970637,0.0036163292662042346,0.6295072115384616,0.24389191318988607,0.08285492846584046,0.646484375,0.18502265176069885,0.00445854173327105,0.6364329268292683,0.2534768349230866,0.0009153630099682291,0.8848805147058824,0.6125329743995427,0.30776587653334053,1.8998859542574846,0.2558979109952827,5.651299740525571,0.21004396015986976,0.1645764536691043
141,0.10046956360076367,0.21677604726156383,0.002772117325691566,0.7517858721012443,nan,nan,nan,nan,nan,0.25422358495940994,0.0015620574047123486,0.8858774038461539,0.19537193682284948,0.0051613365519892224,0.6708984375,0.18097655240347887,0.0033671733648704114,0.625,0.23653211486051692,0.0009979019811942817,0.8253676470588235,0.6610798704324833,0.26004363483989706,1.8807990889081383,0.9900068369684428,8.414622932837647,0.09058600003415561,1.2182969293743071
208,0.10293223166140827,0.21677950619201491,0.007300521055698684,0.7404769690328055,nan,nan,nan,nan,nan,0.218580833911936,0.0019025905536333946,0.7602764423076923,0.20717845752647443,0.018956090537064145,0.677734375,0.20720567910838664,0.007275450751741233,0.70703125,0.2341530542212627,0.0010679523803559644,0.8168658088235294,1.4277480777967053,0.24836743180544113,1.913155786445889,0.2676723471158461,1.8689142244799797,0.08345762678613794,1.166787647585796
163,0.10125005515248744,0.21717760134728004,0.0038709163488616807,0.7504443138433259,nan,nan,nan,nan,nan,0.21733594868590997,0.0016982127756584933,0.7564302884615385,0.19964748055736248,0.009584597780307406,0.6748046875,0.18097655240347887,0.0033671733648704114,0.625,0.27075042374236885,0.0008336814746104134,0.9455422794117647,0.5502148417826283,0.23402552468894347,1.9060271951950836,0.3313292660350712,2.0891478080242383,0.23194210728698103,1.0681789289994694
233,0.10231966772465365,0.21721612015403438,0.005806647683973872,0.7457398013291855,nan,nan,nan,nan,nan,0.2508815646007152,0.0015707289025396758,0.8741586538461539,0.18684115050836833,0.01704636071171562,0.611328125,0.18097655240347887,0.0033671733648704114,0.625,0.2501652131035751,0.0012423277567697802,0.8724724264705882,0.6114081463596376,0.2732698794072035,1.9178666162128755,0.2994702576026724,6.1741896810609695,0.22180444679449093,1.3499328738944298
64,0.10085893526810331,0.2176406674837822,0.0027622802069330447,0.7548366356759051,nan,nan,nan,nan,nan,0.25252462272643533,0.0015633179708556238,0.8799278846153846,0.2009677971620829,0.005183041026916041,0.6904296875,0.18097655240347887,0.0033671733648704114,0.625,0.23609369764313162,0.0009355884650901023,0.8239889705882353,0.626223861854435,0.25517962690969936,1.831413378869209,0.6588977720625324,2.2479728823737792,0.2523940019435077,1.3167120534793115
227,0.10677499931067358,0.2178162476788589,0.013500350681397936,0.7286059901725113,nan,nan,nan,nan,nan,0.19367687368826175,0.0032870462404894843,0.6696514423076924,0.22326659211557442,0.04655760396180414,0.6650390625,0.18097655240347887,0.0033671733648704114,0.625,0.2733449725081206,0.0007895791584277099,0.9547334558823529,0.5037738245703216,0.29453866123923944,1.9528574240408334,0.3496896803181982,6.105636333200245,0.07332663816330753,0.10141938221096138
193,0.10163534514024906,0.2179397615706869,0.003939635338681302,0.7529400771507008,nan,nan,nan,nan,nan,0.21157919595354513,0.001715682027270847,0.7362379807692307,0.21830248160024052,0.005623474240336641,0.75,0.20281392538930432,0.007186446764538193,0.6918826219512195,0.2390634433396577,0.0012329383225795285,0.8336397058823529,0.6564580884037169,0.2194409129550772,1.8560749282145133,0.20607106169673786,1.3422935362200559,0.3111032199228024,0.1216926930445697
172,0.10466844244676284,0.2180597163307507,0.009419772384213055,0.7396595761970947,nan,nan,nan,nan,nan,0.2533506504987931,0.0015659106983102636,0.8828125,0.2065292701049277,0.02703160314689873,0.6552734375,0.22162832311612068,0.008602823094276239,0.7541920731707317,0.19073062160316132,0.0004787525973669883,0.6663602941176471,0.5321872649243755,0.27055118701439224,1.9530771755092828,0.24352687460849054,9.410298228964837,0.25534237355311296,0.9267673325938943
123,0.1019826858895275,0.21833768530289083,0.004244486382302308,0.7535706826043621,nan,nan,nan,nan,nan,0.2616232975747608,0.0015370396815882121,0.9118389423076924,0.2046554318812669,0.00643947963377362,0.7001953125,0.2030708008920272,0.007774731004935561,0.6913109756097561,0.20400121086350845,0.0012266952089118408,0.7109375,0.6236771026772167,0.24435051260732052,1.9439479520096639,0.44392881600485334,10.089627305497391,0.11463617261494546,1.35330074701328
109,0.1125420287865507,0.21838179419493975,0.0236366258435039,0.7052447150735294,nan,nan,nan,nan,nan,0.20163865519602642,0.00698161727443698,0.68828125,0.23288935868322505,0.08307635215651507,0.607421875,0.18097655240347887,0.0033671733648704114,0.625,0.25802261049702874,0.001121360578193137,0.9002757352941176,0.8860972155768324,0.3227878276657504,0.49406604417515076,0.27691646701131656,2.683207893096232,0.32073049210396254,0.15508041623366575
99,0.1038547704636516,0.21839485434238926,0.007641100005511989,0.7452792401845822,nan,nan,nan,nan,nan,0.19313543941976694,0.0017838459569044303,0.6715144230769231,0.2050226893118841,0.022969265036637706,0.66015625,0.19072434065269955,0.005581150084511121,0.6535823170731707,0.28469694798520634,0.00023013894399469856,0.9958639705882353,0.6882558692701795,0.27655137081295367,1.9200043522090064,0.5829190015596099,1.6334497815818785,0.22122409932924447,0.25659553534653445
197,0.10461053234944004,0.21864791392110364,0.008819131829242623,0.7432198691507561,nan,nan,nan,nan,nan,0.2399295224954862,0.0015984468782960699,0.8357572115384615,0.21118585165962928,0.026910192323480943,0.671875,0.19273820551762183,0.00588531699296317,0.6598704268292683,0.23073807601167715,0.0008825711222303047,0.8053768382352942,0.5768607046871504,0.261572235843129,1.9533442373832017,0.11649437669368468,1.5588017790561177,0.2121618063257144,1.2657497964191442
20,0.13769687289755309,0.21870395537962195,0.06965092361261521,0.5913365347971389,nan,nan,nan,nan,nan,0.19158835315848036,0.005002540575718656,0.6580528846153846,0.3061278025336318,0.26646954854708454,0.4052734375,0.19826054892117065,0.006756841660370624,0.6770198170731707,0.17883911690520504,0.0003747636672870656,0.625,0.5,0.4,2.0,0.5,1.0,0.1,1.0
115,0.11517251106156193,0.2188126920134202,0.028114759062000942,0.6955575243919683,nan,nan,nan,nan,nan,0.19058355376841304,0.006889090660393634,0.6498197115384615,0.24779856586286078,0.10121486720800506,0.6142578125,0.18097655240347887,0.0033671733648704114,0.625,0.25589209601892815,0.0009879050147346743,0.8931525735294118,0.8867912856797356,0.32087141439205064,1.9456061467319132,0.29145541121659474,2.523687381732389,0.2707238392112923,0.15463401856890854
175,0.10161127377245642,0.21893027749494987,0.0030633106455619334,0.7585976946184196,nan,nan,nan,nan,nan,0.20489759059861035,0.001736434530362167,0.7128004807692307,0.20085547117732505,0.0030726596482550258,0.6953125,0.19920653098166813,0.006594936057262154,0.680735518292683,0.27076151722219594,0.000849212346368387,0.9455422794117647,0.5538859114715657,0.25512895986726913,1.89811354136454,0.17540573528221945,2.9451411380979557,0.2092132863127874,0.14183855234048973
9,0.10610048108494494,0.21905873477155147,0.011215547988195438,0.7386667017299415,nan,nan,nan,nan,nan,0.21293489095269827,0.002892501179931424,0.7380408653846153,0.20942751424854023,0.03694851994795627,0.640625,0.1848165531590262,0.004170003690929364,0.6364329268292683,0.2690559807259412,0.0008511671339647033,0.9395680147058824,0.5,0.3,2.0,0.5,1.0,0.2,0.3
206,0.10559873351514477,0.21966403806328474,0.009783877694707196,0.7443644389847285,nan,nan,nan,nan,nan,0.20978606241723796,0.0017293335379792683,0.7299278846153846,0.22941551510336708,0.03329109614471386,0.7197265625,0.18097655240347887,0.0033671733648704114,0.625,0.25847802232905503,0.0007479077312652413,0.9028033088235294,0.5672496104957516,0.24627532622193588,1.9128439743557586,0.2528870376253516,8.227205340283325,0.2861623151008649,0.1110604241045075
50,0.13464290953494762,0.21971173052084902,0.06318509990679042,0.6110283070559954,nan,nan,nan,nan,nan,0.19313201103561548,0.009904046219092416,0.651201923076923,0.323279929338906,0.2389200260744683,0.5341796875,0.18097655240347887,0.0033671733648704114,0.625,0.18145842930539582,0.0005491539687305397,0.6337316176470589,0.8,0.4,2.0,0.5,15.0,0.1,0.3
212,0.10376867231138673,0.21974218711695848,0.006350919874706443,0.7532203552225886,nan,nan,nan,nan,nan,0.24080905728191745,0.0016038340408382492,0.8388221153846154,0.19835915632637854,0.018718443856929952,0.6474609375,0.1845597142614726,0.0038104292343542957,0.6364329268292683,0.25524082059806535,0.0012709723667032752,0.8901654411764706,0.5230490696291243,0.2804879642674257,0.8198414785460882,0.9277558246360624,8.120504285967046,0.08343762336658343,1.146374659167267
51,0.13119238464663804,0.21988359882324437,0.05669176473828871,0.6278631840356335,nan,nan,nan,nan,nan,0.17902170134077003,0.0035630741847703486,0.6176682692307692,0.32792251082016405,0.2188571401482296,0.6005859375,0.18097655240347887,0.0033671733648704114,0.625,0.19161363072856455,0.000979671255284462,0.6681985294117647,0.8,0.4,2.0,0.5,15.0,0.2,0.3
100,0.10700302952453275,0.22011284167866435,0.01199078731506219,0.7404179775876697,nan,nan,nan,nan,nan,0.20935040783102302,0.002056917117278338,0.7275841346153846,0.21281728884162723,0.04208482937827812,0.6396484375,0.18097655240347887,0.0033671733648704114,0.625,0.2773071176385283,0.00045422939982188556,0.9694393382352942,0.7265164388877113,0.27039718165574683,1.7780317323456765,0.5775186544877664,5.291403631390292,0.2575978063654895,0.3840269246753386
150,0.10529043705477986,0.22025722851483956,0.008718332228329703,0.7491044692311141,nan,nan,nan,nan,nan,0.23165516186934082,0.0016249189247694244,0.8067307692307693,0.19075822491657507,0.022920889883205044,0.6103515625,0.2182674732837028,0.009042450402061909,0.7413300304878049,0.2403480539897396,0.001285069703282441,0.8380055147058824,0.7389277780162576,0.28440506488387285,1.747726469265822,1.029378506134928,7.601051620910068,0.1804838325577225,1.2928091674926085
158,0.10279483664796088,0.2203313545221943,0.004064161633604825,0.7609993367436679,nan,nan,nan,nan,nan,0.22898648419207585,0.0016387701765984582,0.7973557692307692,0.1988071550565007,0.006845642079100989,0.6787109375,0.20837459619163584,0.006739678570729239,0.7124618902439024,0.24515718264856476,0.0010325557079906146,0.85546875,0.6934323093336745,0.2536225435901789,1.1618253776363503,0.9976190454517556,3.2220058364967006,0.12257195785583445,1.4896862950596763
167,0.10299310247564616,0.22061942985112645,0.004186987480242725,0.7617005357783357,nan,nan,nan,nan,nan,0.26002959779397034,0.001541436911558404,0.90625,0.20136206545387833,0.005344391635429669,0.69140625,0.2193200929501857,0.008915508179040419,0.7453315548780488,0.20176596320647147,0.0009466131949424038,0.7038143382352942,0.5927592079068612,0.2351796909999614,1.9441417344493195,0.24223606499699707,1.9677854697725778,0.24603913217268195,1.0632347497576065
226,0.11114130481331061,0.22077936606493342,0.019045333361947477,0.7251144478223982,nan,nan,nan,nan,nan,0.193293647386161,0.0022937986483176835,0.6707932692307692,0.23036488627001855,0.07016709077802594,0.630859375,0.18097655240347887,0.0033671733648704114,0.625,0.2784823782000752,0.00035327065657587883,0.9738051470588235,0.5015624961915002,0.2855490655487607,1.9515963976169395,0.26476153524363455,1.6187996607420085,0.19275906946173993,0.10132233373709185
200,0.10547246885068991,0.22087918504503587,0.00853082724743932,0.7517500795390272,nan,nan,nan,nan,nan,0.24995265057132124,0.0015683261844650406,0.8709134615384615,0.20054977773423133,0.02412906382792384,0.6416015625,0.19711776463721858,0.007214870492106007,0.671875,0.23589654723737233,0.001211048485262392,0.8226102941176471,0.5814933444573334,0.2599628848276334,1.9239499765491774,0.13540027501950627,1.7822031021365334,0.23728566481565994,1.2415007050092655
171,0.10458830424170092,0.2211439211418445,0.006681586045580352,0.7572997588825047,nan,nan,nan,nan,nan,0.25921058520046475,0.001548665434496696,0.9033653846153846,0.1985050019509751,0.02048512773136508,0.6435546875,0.1827106019432539,0.0035082573547017075,0.6307164634146342,0.24414949547268425,0.0011842936617579261,0.8515625,0.5409592467696621,0.27258867013140153,1.9520176114802648,0.2378908130261737,9.337740555465919,0.21594316897527885,1.0877320487801116
146,0.10989794079414339,0.22115587565636477,0.01644127550987742,0.732942376022583,nan,nan,nan,nan,nan,0.24492203562717083,0.00159277295496221,0.8532451923076924,0.21901890133471882,0.0546733368686063,0.6298828125,0.22521379027593758,0.008820647849727184,0.7661966463414634,0.19546877538763188,0.0006783443662139895,0.6824448529411765,0.5971064575776965,0.28720238847788826,1.7393667666034671,0.3369417906149196,1.39505564587464,0.15788953611104692,1.689114698634946
68,0.10244451223459974,0.22153802701312553,0.002405959820638124,0.769368194994344,nan,nan,nan,nan,nan,0.26583940717803095,0.0015261315877048212,0.9266225961538461,0.19729440126220432,0.0035559117670860506,0.681640625,0.18097655240347887,0.0033671733648704114,0.625,0.24204174720878785,0.0011746225628912136,0.8442095588235294,0.6306087871739151,0.23934694967925615,1.8405903023128882,0.34822110248305627,2.19589120534914,0.26306130914568265,1.2832946099733427
12,0.11102934478940338,0.22216403455186096,0.017676205388939034,0.7333836074591656,nan,nan,nan,nan,nan,0.20155661624709714,0.0017465704382436643,0.7010817307692307,0.22251621140218872,0.05839769596306419,0.6328125,0.2104380097392787,0.009628457537429169,0.7124618902439024,0.25414530081887926,0.0009320976170191026,0.8871783088235294,0.5,0.3,2.0,0.5,1.0,0.1,1.0
241,0.11461531792219015,0.2221790555887603,0.02426177828227124,0.7169722488549829,nan,nan,nan,nan,nan,0.2300151552955922,0.0016366020292136296,0.8009615384615385,0.23133938053039296,0.08481263274255015,0.59765625,0.2355355367226285,0.009780239216557894,0.7999237804878049,0.19182614980642756,0.0008176391407632907,0.6693474264705882,0.5520190142789765,0.3076904449107744,1.8902656672531966,0.2528795719528362,1.9957590680911528,0.20835692331378342,1.1117310724939227
137,0.10749564793580985,0.22221959170785546,0.011127535167291588,0.7499497330592649,nan,nan,nan,nan,nan,0.20237908738269478,0.0017441838742341717,0.7039663461538461,0.2119424390988811,0.032656914738433504,0.66015625,0.22562042751907788,0.00893262291695288,0.7673399390243902,0.24893641283076803,0.0011764191395457883,0.8683363970588235,0.6631595594543443,0.26502979792615117,1.8088120116233832,0.773243642979323,9.093327352306307,0.0780840768779478,1.2201542631791604
108,0.12700353964216107,0.2222741245986958,0.046976248278671855,0.6605188153987557,nan,nan,nan,nan,nan,0.16807458438991044,0.01434287968433609,0.5524038461538462,0.3029247659734842,0.16901654736287794,0.6376953125,0.18097655240347887,0.0033671733648704114,0.625,0.23712059562790969,0.0011783927026029636,0.8269761029411765,0.7210030230487258,0.3284394106115388,1.777684301492829,0.2594331829617754,4.591768974507563,0.48560951277850917,0.10448867027565341
121,0.10377900602497411,0.2223599724789948,0.0041709942035967566,0.7678324181674898,nan,nan,nan,nan,nan,0.23155507203117948,0.0016290239205742911,0.8063701923076924,0.2019786701123313,0.005817013157263783,0.6923828125,0.22658436826102854,0.008224213126415515,0.772484756097561,0.2293217795114399,0.001013726610133436,0.8000919117647058,0.5338708911491026,0.242628141412841,1.943502323786923,0.4435920007592834,6.465063251417099,0.2730236629057921,1.092435366994441
101,0.10606564296950068,0.22254598793959635,0.008222153194620344,0.7583555748020362,nan,nan,nan,nan,nan,0.20812094901329564,0.002402982464767711,0.7224158653846153,0.20910610989007755,0.0216548038461085,0.677734375,0.20430576989423288,0.007903077851926002,0.6953125,0.2686511229607793,0.0009277486156791609,0.9379595588235294,0.7301220104955826,0.27982240674867964,1.786100388124825,0.25721507961456724,4.842248844541386,0.21793301029802692,0.23134950694139914
54,0.13385274970530248,0.22291493235286639,0.05904051628134877,0.6326009725316604,nan,nan,nan,nan,nan,0.18901772596660926,0.006836354814791468,0.6444711538461538,0.288449246520851,0.21828207012919137,0.4638671875,0.23535364001880024,0.010668876514125188,0.7970655487804879,0.17883911690520504,0.0003747636672870656,0.625,0.8,0.4,2.0,0.5,15.0,0.1,1.0
71,0.10666483519542043,0.22294341332794476,0.008990829564100009,0.7578248727375565,nan,nan,nan,nan,nan,0.26665855451987347,0.0015190917124381933,0.9295072115384615,0.20554541865918197,0.02995108612285472,0.64453125,0.18097655240347887,0.0033671733648704114,0.625,0.23859312772924474,0.0011259670562367087,0.8322610294117647,0.6436747673304212,0.26189961489592417,1.844393812171886,0.3501522889135079,2.0558290159559527,0.24531804211520222,1.320842991187701
14,0.10927542051255393,0.22300930267177094,0.013738959498811668,0.746185160604169,nan,nan,nan,nan,nan,0.2534055304753195,0.0018590888192933641,0.8822716346153846,0.21706558166045264,0.044907439324633716,0.6474609375,0.2011281713585405,0.007112976487322484,0.6861661585365854,0.22043792719277105,0.001076333363997106,0.7688419117647058,0.5,0.3,2.0,0.5,15.0,0.1,1.0
131,0.1083707645301393,0.22311659774314715,0.01198426463121272,0.7509474305229831,nan,nan,nan,nan,nan,0.23411937754275047,0.0016132824060044292,0.8153846153846154,0.21959380391052558,0.036337575474735755,0.677734375,0.2260496521803849,0.009076220369612014,0.768483231707317,0.21270355733892765,0.0009099802744986826,0.7421875,0.6224395179131238,0.26595192035830717,1.8027505261360643,0.37479622936678825,10.359409328545789,0.10745830420291677,1.3918994933244655
203,0.10395237030454961,0.22324265397370324,0.00374853202246054,0.77197795885181,nan,nan,nan,nan,nan,0.25571791776006614,0.0015627771717849057,0.8911057692307692,0.20116399951327024,0.008973349318578372,0.681640625,0.18097655240347887,0.0033671733648704114,0.625,0.25511214621799766,0.0010908282346084725,0.8901654411764706,0.5700937947831539,0.2485184912519029,1.7988904879798415,0.38257072441061307,1.7941491647988324,0.21110491050250574,1.256192940197583
205,0.10423355892313285,0.2232911551700485,0.004225178075723743,0.7709560979058603,nan,nan,nan,nan,nan,0.21235303760628224,0.0017173295718719665,0.7389423076923077,0.20661220028571972,0.006444580400007583,0.70703125,0.21179795456650596,0.007645185173596127,0.7221798780487805,0.26240142822168605,0.0010936171574192956,0.9156709558823529,0.5739338867269673,0.24811731095272377,1.9145460048931189,0.14495031913248835,1.8656156152582837,0.22406766196927289,0.14694164423896117
180,0.10604333273226191,0.22334795311839184,0.00750745160791276,0.7629492068945894,nan,nan,nan,nan,nan,0.19599086547946393,0.0020314424404802092,0.6808894230769231,0.2136951828036276,0.018313880925078598,0.7021484375,0.2257426075776082,0.00864635792572467,0.768483231707317,0.2579631566128676,0.0010381251403675659,0.9002757352941176,0.5980537827466212,0.2547005172558539,1.8464681728922916,0.17322438557539904,1.669682350403646,0.2153078073151697,0.1386226905093461
37,0.10373025343223675,0.22384418892803562,0.0028345476157656925,0.7763682922087103,nan,nan,nan,nan,nan,0.2708245993277962,0.0015102082896838512,0.9441105769230769,0.21525484230849581,0.0056536542318941395,0.7392578125,0.18097655240347887,0.0033671733648704114,0.625,0.2283207616723716,0.0008071545766143674,0.7971047794117647,0.8,0.2,2.0,0.5,1.0,0.2,1.0
187,0.10370950757385669,0.22384691408236324,0.0027940861067111997,0.7764789840214933,nan,nan,nan,nan,nan,0.21938896879318479,0.0020484024643047964,0.7627403846153846,0.21844089994188554,0.005036009918639727,0.751953125,0.18097655240347887,0.0033671733648704114,0.625,0.2765812351909037,0.0007247586790298636,0.9662224264705882,0.6574409460192314,0.22218634809991614,1.8673172620482748,0.20177719010789263,1.3017881684876595,0.2621927203439954,0.1306142149818902
74,0.1239742468448279,0.2240167718507208,0.039938525839877885,0.684212386877828,nan,nan,nan,nan,nan,0.20067719204304554,0.0017413380910330175,0.6980168269230769,0.29269723957908167,0.1535261354107143,0.640625,0.18097655240347887,0.0033671733648704114,0.625,0.22171610337727712,0.0011194564928938028,0.7732077205882353,1.2903380928832038,0.35043847704736275,1.869995432049803,0.6547156780658694,13.551274007774328,0.14263227820341193,0.6077300890738279
19,0.1349948843587498,0.2240943902778402,0.06015129938671381,0.6339521175056562,nan,nan,nan,nan,nan,0.1697824832212854,0.005219514971337963,0.5811899038461539,0.3395050637812683,0.23077583929377563,0.611328125,0.18097655240347887,0.0033671733648704114,0.625,0.2061134617053282,0.0012426699168712528,0.7182904411764706,0.5,0.4,2.0,0.5,15.0,0.2,0.3
195,0.10535080140960015,0.22434261756099494,0.005397675842428522,0.7717049718574109,nan,nan,nan,nan,nan,0.2118860204387031,0.005967351691107429,0.7266826923076923,0.21582621298733826,0.01153169818227353,0.7265625,0.18385210980575428,0.003963075679275533,0.6335746951219512,0.28580612701218405,0.00012857781705759365,1.0,3.4233674152208775,0.2197145130817387,1.8529175733346546,0.21372850542583396,1.3307841201008648,0.18580022527103202,0.20189637278560663
126,0.10445715453281018,0.22441535062549017,0.0036922698149589616,0.7762230526518182,nan,nan,nan,nan,nan,0.227488210092424,0.001632532590931994,0.7921274038461539,0.20262375607396768,0.005157633503554766,0.6962890625,0.26532967479658015,0.007132276422529287,0.9108231707317073,0.20221976153898896,0.0008466367428198002,0.7056525735294118,0.6148116912362048,0.24215673758473155,1.8160720105417207,0.2199964800658068,6.963221266358001,0.11392257429860797,1.4226763446936552
11,0.11081518825852518,0.22452451606109752,0.015299352904364424,0.7475874239529301,nan,nan,nan,nan,nan,0.21499928690502282,0.0019605401285703724,0.7475961538461539,0.20855196253618183,0.04822274755065452,0.609375,0.22956018437110273,0.009760782509787704,0.7790586890243902,0.24498663043208269,0.0012533414284450946,0.8543198529411765,0.5,0.3,2.0,0.5,15.0,0.2,0.3
223,0.11815194356507844,0.22475014553928355,0.028609453906746175,0.7151018746206269,nan,nan,nan,nan,nan,0.1715285073515028,0.00864952567671926,0.5787259615384616,0.2596462692368152,0.09787977693154133,0.6640625,0.198593632103228,0.006994499578665478,0.6775914634146342,0.26923217346558814,0.0009140134400586324,0.9400275735294118,1.872801426518513,0.293172726763027,1.9635460583716078,0.3579322708999545,2.1384431396317223,0.19251038854974825,0.11253744343748742
124,0.10419612257304758,0.22475294522029346,0.0029283915493610595,0.7793143293976244,nan,nan,nan,nan,nan,0.26753584694236915,0.0015213395654706256,0.9325721153846154,0.20136986016764796,0.005745929234707145,0.6904296875,0.18097655240347887,0.0033671733648704114,0.625,0.24912952136767788,0.0010791240323960577,0.8692555147058824,0.5437151518149375,0.24222994204858175,1.8914371762883828,0.4452552293688721,9.798220462034816,0.11450515741323955,1.4103263399862085
49,0.1427858462028483,0.2247560498127757,0.07393087517050928,0.6018189864184417,nan,nan,nan,nan,nan,0.16717094868701488,0.013558558931051564,0.5512019230769231,0.33009709364871404,0.27619843110819964,0.46484375,0.18676699413539394,0.00461403569199054,0.6421493902439024,0.2149891627799799,0.0013524749507953964,0.7490808823529411,0.8,0.4,2.0,0.5,1.0,0.2,0.3
166,0.10434148031768603,0.22489436149126102,0.0030770601318830517,0.7794376148897059,nan,nan,nan,nan,nan,0.24400729725356599,0.0016102161549923291,0.85,0.20697175408422092,0.006557330717909237,0.7080078125,0.18097655240347887,0.0033671733648704114,0.625,0.26762184222377833,0.0007735202897602288,0.9347426470588235,0.6015704381161083,0.23638687098870345,0.921380915362874,1.227844856480329,1.886061416983441,0.13666518798210747,1.18716665711996
55,0.13676853149876123,0.22494873556663353,0.06269716008174847,0.6305776742788461,nan,nan,nan,nan,nan,0.1853291328932965,0.005614632204461253,0.6346153846153846,0.3546501400645537,0.24143207109037515,0.6376953125,0.18097655240347887,0.0033671733648704114,0.625,0.17883911690520504,0.0003747636672870656,0.625,0.8,0.4,2.0,0.5,15.0,0.2,1.0
210,0.10789046989184606,0.22519724300424268,0.009352780477432905,0.764808399321267,nan,nan,nan,nan,nan,0.24671786771761994,0.0015828994200524586,0.8595552884615385,0.2132409104170991,0.03134977458393874,0.66796875,0.18097655240347887,0.0033671733648704114,0.625,0.25985364147877277,0.001111274540870013,0.9067095588235294,0.6211917044284201,0.2762034814741968,1.9071638220804537,0.969893315604919,1.9593919251247105,0.2269642986297517,1.1718012568900396
112,0.11909187379874,0.2252693201539666,0.029902818860349633,0.7136855733880091,nan,nan,nan,nan,nan,0.19852779760419298,0.0064004551074086004,0.6788461538461539,0.26917424735281953,0.10887519629394729,0.669921875,0.18097655240347887,0.0033671733648704114,0.625,0.2523986832553751,0.0009684506751722304,0.8809742647058824,0.8954914832446791,0.3237556230861175,1.8769039465875355,0.3054931825549291,2.575236367426999,0.2628334672452291,0.19267615989312245
140,0.10426463461759339,0.22565274697933135,0.0022986202337335095,0.7840380638433257,nan,nan,nan,nan,nan,0.2600716117031302,0.0015281409997668332,0.9064302884615385,0.2063507708073008,0.00334420413022109,0.7138671875,0.18097655240347887,0.0033671733648704114,0.625,0.2552120530034155,0.0009549624400757033,0.8908547794117647,0.671641293939245,0.21316867629697872,1.8658817415817188,0.3337659465360685,8.599990861146013,0.08940453825308856,1.6165555686075312
66,0.10798513315252448,0.22565591298797955,0.009141678090742221,0.7669415002310728,nan,nan,nan,nan,nan,0.23910452600314386,0.0015972979428629005,0.8328725961538461,0.2153724223247913,0.027302641254707848,0.685546875,0.19997407917995402,0.00664054012022824,0.6833079268292683,0.24817262444402896,0.0010262330451698963,0.8660386029411765,0.6539380590838902,0.24920197552536977,1.8317188682865706,0.6507509313519343,2.269903757408424,0.23982803942865424,1.2747969589405792
125,0.10741260850122882,0.22568197108251797,0.008066343932945932,0.769721038956448,nan,nan,nan,nan,nan,0.23745539892081352,0.0015962123352927433,0.8271033653846154,0.21519298669548972,0.02666080637368562,0.6865234375,0.18097655240347887,0.0033671733648704114,0.625,0.26910294631028975,0.0006411836579349554,0.9402573529411765,0.6139643502721511,0.24280744382238995,1.9468451956925827,0.2169711651681779,10.99883899648223,0.24361266222320013,1.4295196054957877
52,0.13682370900552693,0.22571290968660607,0.06215678043342044,0.6346032328195701,nan,nan,nan,nan,nan,0.18873703774737707,0.006058775923250924,0.6454326923076923,0.34819827415500637,0.23864945881700886,0.6220703125,0.18097655240347887,0.0033671733648704114,0.625,0.18493977444056203,0.000551713628551562,0.6459099264705882,0.8,0.4,2.0,0.5,1.0,0.1,1.0
82,0.10466444207260056,0.22579496101543134,0.0029148061606226986,0.782995348152453,nan,nan,nan,nan,nan,0.2223767503750412,0.0016880274481345533,0.7740985576923077,0.2321986867507225,0.005156286451011447,0.7998046875,0.1848194091467765,0.004174002073779759,0.6364329268292683,0.2637849977891851,0.0006409086695650364,0.9216452205882353,1.1154402791244646,0.16689601930899955,1.6582279558828639,0.13527063929694355,3.6707751338648875,0.35655785931236034,1.8431766271625711
43,0.1116869327191537,0.2260223628517495,0.015645171407773217,0.7519653414616903,nan,nan,nan,nan,nan,0.20709859424855073,0.004865916563355644,0.7126802884615384,0.22447081110636402,0.05058726054890963,0.6591796875,0.19825682846041837,0.0065229744787320045,0.6775914634146342,0.27426321759166494,0.0006045340400955852,0.9584099264705882,0.8,0.3,2.0,0.5,15.0,0.2,0.3
237,0.11047421309766484,0.22624804759311942,0.013224192121482953,0.7588076862722105,nan,nan,nan,nan,nan,0.19727237777311524,0.0023351750362074443,0.6846153846153846,0.2165232621101362,0.04219506695419066,0.65234375,0.21263833970578683,0.007907090222247901,0.7244664634146342,0.27855821078343945,0.0004594362732858083,0.9738051470588235,0.5536799614958795,0.27367932206503853,1.9170144393147115,0.3130504048329917,2.4090375635142385,0.20781402134632457,0.10015286410216546
174,0.10507931358199704,0.22670682018116373,0.0029122080386970524,0.7861933505373302,nan,nan,nan,nan,nan,0.26085671178576325,0.001545550346222404,0.9091346153846154,0.20117677570073117,0.005866235981023598,0.689453125,0.18097655240347887,0.0033671733648704114,0.625,0.26381724083468155,0.0008698724626717953,0.9211856617647058,0.5353005327505531,0.2502778258252674,1.895160359139394,0.5447404161454787,9.359731655709744,0.08334983290496385,0.9277544675752883
168,0.10626370961801364,0.22673798161810685,0.0050653211379353595,0.7809196328185355,nan,nan,nan,nan,nan,0.2575090057055536,0.0015462618339288313,0.8974158653846154,0.19671267459401273,0.01367899443161782,0.654296875,0.18568550278632143,0.004243240486215818,0.6392911585365854,0.2670447433865396,0.0007927877999789705,0.9326746323529411,0.5352507545961909,0.26855153314458385,1.9552570063765393,1.1562441206510972,1.9316028991764458,0.24913345795666764,1.060527243318416
204,0.10739126673042557,0.22714247323645292,0.006800253265362536,0.777998023164179,nan,nan,nan,nan,nan,0.20754367254891756,0.003037103106946095,0.7188100961538462,0.21814492592050397,0.017512271288705545,0.7197265625,0.1981843464911839,0.006421499721803804,0.6775914634146342,0.28469694798520634,0.00023013894399469856,0.9958639705882353,0.6057452900641915,0.2499184726049696,1.7968373496332584,0.3743911331985641,2.345232769963072,0.23802054245077583,0.10531112015955339
240,0.1093255051154139,0.22726698587175803,0.010254661280084868,0.7697977973509408,nan,nan,nan,nan,nan,0.24670807264671782,0.0018576478592510562,0.8588341346153846,0.2026718810716237,0.027881258500273176,0.6396484375,0.24963701865161103,0.010314996843962742,0.8479420731707317,0.21005097111707954,0.0009647419168524985,0.7327665441176471,0.5525964850801035,0.2722045124693975,1.9143586402645243,0.2620101536803446,2.4197501206988745,0.20546138271686676,0.9169434110026264
93,0.10498883771651031,0.227334622013457,0.0022183789070750713,0.7901252297794118,nan,nan,nan,nan,nan,0.26002561294255794,0.001535858119581034,0.90625,0.20249486503099587,0.003024061043394219,0.701171875,0.18097655240347887,0.0033671733648704114,0.625,0.26584145767679535,0.0009464231004546204,0.9280790441176471,0.5760500413846377,0.22462951774477308,1.9105847241468064,0.3991930817491499,1.5809654738146997,0.30249879860368434,0.8362473435192785
90,0.10532106104513685,0.2275322417398482,0.002663669261579316,0.7897036729355205,nan,nan,nan,nan,nan,0.24913389491133867,0.0015759144143356392,0.8680288461538461,0.20511039294619723,0.005123300124676103,0.705078125,0.18097655240347887,0.0033671733648704114,0.625,0.27490812669837805,0.0005882891424351116,0.9607077205882353,0.5828709480173819,0.22711372701124577,1.9085351282497547,0.4121506987720771,3.0169379636114715,0.2993707878614762,1.1396441830394166
202,0.10896566653739637,0.22764473376456357,0.009275250066575938,0.7735684430095326,nan,nan,nan,nan,nan,0.26085517316174417,0.0015433962725956453,0.9091346153846154,0.21225024703585815,0.02722847085020136,0.6748046875,0.23787580751695,0.007568813450559255,0.8136432926829268,0.199597707343702,0.0007603196929474907,0.6966911764705882,0.5756668936921164,0.2612770568829795,1.9309816699093676,0.13664557580297573,2.3617410071117013,0.23854749171240675,1.3543859773828604
188,0.10759624902746459,0.22799891571545375,0.0064580090095537395,0.7818511824802036,nan,nan,nan,nan,nan,0.21655337378229014,0.0016843386798215127,0.7537259615384615,0.2303488794434251,0.020535306220795062,0.7548828125,0.18097655240347887,0.0033671733648704114,0.625,0.2841168572326208,0.00024521777272797036,0.9937959558823529,0.658873942581862,0.2220364426769369,1.8466633172834583,0.22037968250100912,1.3353827512478829,0.18736245735056395,0.1279891847855863
70,0.10654518964686541,0.2281703236570465,0.00438007707831332,0.7876459401038793,nan,nan,nan,nan,nan,0.2559193172855584,0.0015562749690123678,0.8918269230769231,0.19296292355521472,0.006866842977300555,0.658203125,0.22636081938518057,0.008025573968521046,0.7721989329268293,0.2374382344022323,0.0010716163984193121,0.8283547794117647,0.6181769214922835,0.2518304546382519,1.8362966713668771,0.36157879221171846,2.1479921841343934,0.17119987128486963,1.2682166187772432
42,0.11594259625399808,0.2282827295953176,0.02157688424728968,0.7450473429653873,nan,nan,nan,nan,nan,0.19807477495034623,0.003554684930484734,0.684375,0.24896733913239188,0.07706989978534864,0.6787109375,0.18707411598338883,0.005044006279183394,0.6421493902439024,0.2790146883151434,0.0006389459941419539,0.9749540441176471,0.8,0.3,2.0,0.5,15.0,0.1,0.3
161,0.10655789012792594,0.2284219955162609,0.004192041601724535,0.7889968803026018,nan,nan,nan,nan,nan,0.2683568473029819,0.0015168939164824358,0.9354567307692307,0.19840072861247054,0.010964145057458758,0.6669921875,0.18097655240347887,0.0033671733648704114,0.625,0.2659538537461123,0.0009199540680865353,0.9285386029411765,0.6853702389856557,0.2337180486847567,1.676983898717129,0.3319843170547173,2.2626315885758785,0.23228139445036664,1.4625571067820973
164,0.10646475286149724,0.22874272795263498,0.003751253784941552,0.7912214133718685,nan,nan,nan,nan,nan,0.26089965738678533,0.0015335588030378363,0.9093149038461539,0.20014414707118333,0.0052018058996566065,0.6875,0.2072521817522446,0.007226225184849752,0.7073170731707317,0.24667492560032667,0.0010434252522220136,0.8607536764705882,0.5628682685525691,0.23046676428092192,1.6826213866464526,0.33045873997523056,2.1640895780740923,0.13766592880437037,1.5292470924518835
160,0.10654301125040186,0.22888600984950713,0.003774892427153461,0.7916638034053912,nan,nan,nan,nan,nan,0.20572288679034267,0.0017380030449412754,0.7156850961538461,0.2005305013186659,0.0033989518461322752,0.693359375,0.25355618040154454,0.008827737928015948,0.8653772865853658,0.2557344708874754,0.0011348768895243443,0.8922334558823529,0.6922111615145287,0.23299923231676237,1.9178679811174844,1.0826514172909665,2.213092092914589,0.23215364642355327,1.5048334620728214
214,0.10745070643572618,0.22945216399227764,0.004969482088222982,0.7906588687524142,nan,nan,nan,nan,nan,0.18567516038816942,0.0017961860818986757,0.6453725961538461,0.20047927367718524,0.008405358148059292,0.6806640625,0.25369100662721245,0.009130823912243747,0.8650914634146342,0.2779632152765435,0.0005455602106902112,0.9715073529411765,0.5154973386740561,0.2738973556372559,1.8934888809452841,0.953741280473441,1.989025292595032,0.08177635186870574,0.11306474081386131
77,0.13087426384987047,0.22946332400231587,0.048059453321816305,0.6829730007035648,nan,nan,nan,nan,nan,0.19230810200398296,0.0017794197286530307,0.6686298076923077,0.3045447957778084,0.17948771408893177,0.6171875,0.24216128132226708,0.010595915802393361,0.8210746951219512,0.17883911690520504,0.0003747636672870656,0.625,1.248235824165227,0.3599891359728636,1.7344118034012064,0.34193832284774694,13.734974743575446,0.12747361881097105,1.7994726687618308
23,0.14458901827918277,0.2295074456469111,0.07325753929029094,0.6201322115384615,nan,nan,nan,nan,nan,0.18732848217553813,0.004423336584214872,0.6445913461538462,0.37088563110342243,0.2848648835447914,0.5859375,0.18097655240347887,0.0033671733648704114,0.625,0.17883911690520504,0.0003747636672870656,0.625,0.5,0.4,2.0,0.5,15.0,0.2,1.0
110,0.13738421153130778,0.22961330649208345,0.05991177176425619,0.6538671433116516,nan,nan,nan,nan,nan,0.19529389179563378,0.002017217744656502,0.6784855769230769,0.2534013410345407,0.12390250244835699,0.5771484375,0.18097655240347887,0.0033671733648704114,0.625,0.28878144073468043,0.11036019349914086,0.7348345588235294,2.8917305258893817,0.32839496964893294,0.9751871146711696,0.28644919415024717,2.5468055886165417,0.3223593407071911,1.1871370522333626
87,0.10603998609754334,0.22963750077610906,0.0022180737675481293,0.7981860682975113,nan,nan,nan,nan,nan,0.2683057656234884,0.0015174949498067316,0.9352764423076924,0.20249293741020435,0.0030213623742860697,0.701171875,0.18097655240347887,0.0033671733648704114,0.625,0.26677474766726467,0.000966264381229305,0.9312959558823529,0.5799553008754957,0.2272077904263251,1.5699319207660385,1.3528354900526565,4.228798964152718,0.06389737544773091,1.5088211130483034
138,0.11028942632276006,0.22967004887214698,0.010009703381275045,0.7788209125993268,nan,nan,nan,nan,nan,0.2592135598703085,0.0015528299722779484,0.9033653846153846,0.211189439221697,0.026915214910375768,0.671875,0.22596195998388902,0.010439731782322638,0.7647675304878049,0.22231523641269352,0.0011310368601238187,0.7752757352941176,0.6624666987408422,0.26421322068046343,1.8056218367993586,0.8481284734171726,1.3629126885722287,0.09256523101208604,1.6108985627656704
215,0.11647723490721162,0.23001272128216343,0.02110742635225209,0.7522759586069419,nan,nan,nan,nan,nan,0.1848578235615802,0.0018057606785199369,0.6424879807692307,0.24022740694707823,0.07225586972590949,0.66015625,0.2156022797869181,0.009884350238270742,0.7298971036585366,0.2793633748330773,0.00048372476630820064,0.9765625,0.5164657722710868,0.30759082864460174,1.9533624487850807,0.9319750633962675,2.843634316190072,0.08522137685821365,0.1144824128339746
120,0.10712107728989892,0.23041505947589086,0.0035541322536657323,0.7975673775314535,nan,nan,nan,nan,nan,0.2600818615867096,0.001542490836777969,0.9064302884615385,0.1999127515596375,0.006440352183492459,0.68359375,0.19225358400183282,0.0054355054074439624,0.6592987804878049,0.26941204075538344,0.0007981805869485398,0.9409466911764706,0.6238016076126341,0.24351059947386017,1.9459333163739543,0.44149481004793034,6.658826491763648,0.27185992253303937,1.1067982849083213
38,0.10672262989040962,0.23059006039892974,0.0026739882632527264,0.8003802407381221,nan,nan,nan,nan,nan,0.267485198108699,0.0015225465829477448,0.9323918269230769,0.21256536789010505,0.0050133900461470544,0.7314453125,0.18097655240347887,0.0033671733648704114,0.625,0.26133312319343605,0.0007928430590456956,0.9126838235294118,0.8,0.2,2.0,0.5,15.0,0.1,1.0
149,0.1320021574341091,0.2308185491893035,0.04899638835974579,0.6853739512631976,nan,nan,nan,nan,nan,0.21025975595728114,0.0061905814171165936,0.7204326923076924,0.2368881650153714,0.05820593102151993,0.68359375,0.18097655240347887,0.0033671733648704114,0.625,0.29514972338108253,0.12822186763547624,0.7124693627450981,2.5588893195301847,0.2884834275595363,1.7488715764994947,0.5542505977920698,1.9637017377942363,0.23735820795772772,1.3083457176635942
0,0.10776715404695539,0.23164394609989938,0.0037106487224824415,0.8014771895434416,nan,nan,nan,nan,nan,0.2625916771817166,0.001522578823633986,0.9152644230769231,0.22031061643936972,0.006481738015117558,0.7548828125,0.18749427875416416,0.00563223415826887,0.6421493902439024,0.256179212024347,0.0012060438929093506,0.8936121323529411,0.5,0.2,2.0,0.5,1.0,0.1,0.3
165,0.1082552062278071,0.2320682489939589,0.004252250304239642,0.8016082457182568,nan,nan,nan,nan,nan,0.2600272002085649,0.0015380802919907396,0.90625,0.19968944338327657,0.004174595736587168,0.6884765625,0.22747710650799507,0.010274351550217468,0.770483993902439,0.24107924587599894,0.0010219736381631948,0.8412224264705882,0.5431923845577414,0.23579340989663053,1.6733650490253495,1.1529878277339403,2.2257294409790025,0.24386269577637498,1.4882766997624637
96,0.10810853141877703,0.2324534830943147,0.0036587720113253983,0.804440260801788,nan,nan,nan,nan,nan,0.2641479894743471,0.0015379544948551174,0.9206730769230769,0.2034514481498676,0.005144527409814577,0.69921875,0.20449316889670327,0.006793485235872342,0.6987423780487805,0.2577213258563409,0.001159120904759558,0.8991268382352942,0.7080506125366909,0.2278284670271536,1.9135007367404544,0.4126247204884048,1.850217661194543,0.3035548190760369,0.8736645634967972
156,0.10940629206249193,0.23250401845427177,0.006004201893396855,0.798753559856459,nan,nan,nan,nan,nan,0.21184744525956264,0.001971038748003049,0.7365384615384616,0.1884870294194618,0.015834966187246495,0.6201171875,0.27542771442868835,0.00503477580991975,0.9514100609756098,0.2542538847093743,0.0011760268284181233,0.8869485294117647,0.7518517733433031,0.2708825479869031,1.2194062763262037,1.0808294572431643,7.649334074573996,0.1070827066678051,0.7652025777609099
65,0.11106952770997423,0.23258378749874814,0.00899754948740418,0.7915493825271079,nan,nan,nan,nan,nan,0.25750752736463695,0.00154419215664553,0.8974158653846154,0.21359850237894754,0.026772278330526544,0.6806640625,0.20355697435538644,0.00662610556095562,0.6958841463414634,0.2556721458960216,0.00104762190148903,0.8922334558823529,0.6502028944945015,0.2561565794287516,1.8328047829084095,0.3540785870752785,2.196658036339794,0.23469721201817884,1.2618950632290769
102,0.1118761110883072,0.23262378569585507,0.010448064417967015,0.788063088890575,nan,nan,nan,nan,nan,0.2046027866449636,0.002910247456795157,0.7088341346153846,0.21813321265306723,0.027261497714294092,0.6953125,0.23952325281479905,0.010446883209011265,0.8122141768292683,0.26823589067059034,0.0011736292917675461,0.9358915441176471,0.7031064439356971,0.2802992085409677,1.7718625540182513,0.5885367968142393,5.032982881125424,0.22542305205220634,0.2490050101651891
16,0.13712399634355504,0.23279117185862402,0.05676356891089712,0.6728601792279412,nan,nan,nan,nan,nan,0.1638096561096884,0.00558351855356373,0.559375,0.3280747284713524,0.2112577448598933,0.6201171875,0.20487876464809224,0.00870527050732913,0.6953125,0.23440153820536302,0.0015077417228023257,0.8166360294117647,0.5,0.4,2.0,0.5,1.0,0.1,0.3
114,0.1273912074396025,0.2332452326443115,0.03847382626764693,0.7201737485859728,nan,nan,nan,nan,nan,0.19909761336655774,0.006789543328565387,0.6798677884615385,0.2851094800067789,0.14290327200949038,0.640625,0.18097655240347887,0.0033671733648704114,0.625,0.2677972848004305,0.00083531636766155,0.9352022058823529,0.896371762806353,0.32356959431577476,1.9376075874112693,0.2952365064485293,2.757025943542796,0.2779785746031627,0.12501178377514352
45,0.11705337292790696,0.23326969334646364,0.019431663776319358,0.7678647672718244,nan,nan,nan,nan,nan,0.2119928518853445,0.0022226849471746156,0.7364182692307693,0.23081130678571393,0.06688582949999942,0.640625,0.24288099259050053,0.007487657919383629,0.8313643292682927,0.24739362212429564,0.0011304827387197554,0.8630514705882353,0.8,0.3,2.0,0.5,1.0,0.2,1.0
91,0.10859662731391719,0.23330929532945766,0.003837986180863225,0.8069875682009435,nan,nan,nan,nan,nan,0.26583872761728705,0.0015251802026634107,0.9266225961538461,0.20842129473267426,0.005071062625743919,0.716796875,0.23260845051299364,0.007740245352337411,0.7947789634146342,0.2263687084548756,0.001015456542708159,0.7897518382352942,0.5723666535845475,0.22154428490732947,1.9191152654524155,0.40687859509737184,1.626132015792015,0.05902238251478061,0.859263385159876
119,0.11167429781563046,0.23338794814135083,0.009434831542025342,0.7932707396396645,nan,nan,nan,nan,nan,0.2507806400484025,0.001573665298532724,0.8737980769230769,0.2143547447092193,0.026659142592907047,0.68359375,0.22494669606332232,0.008446715952065807,0.7661966463414634,0.24346971174445922,0.0010598023245957957,0.8494944852941176,0.5371830183066851,0.24616179959185394,1.8768189572812455,0.44291771623722953,6.715288934594571,0.1154058116928717,1.119367589021703
41,0.12234713766214642,0.23345814097389242,0.029013894880279757,0.7445687562079241,nan,nan,nan,nan,nan,0.2051154205500517,0.003964473385456989,0.7079927884615385,0.23315145654254482,0.06859953915956274,0.64453125,0.19225358400183282,0.0054355054074439624,0.6592987804878049,0.3033121028011404,0.03805606156865534,0.9664522058823529,0.8,0.3,2.0,0.5,1.0,0.2,0.3
107,0.12413123576633217,0.2336878967931576,0.03210364050379882,0.7376485375165545,nan,nan,nan,nan,nan,0.2055947471166801,0.005837453655659782,0.7049879807692307,0.2714614569406528,0.11442103971691393,0.6640625,0.1987557409710296,0.007221451993587773,0.6775914634146342,0.25893964214426785,0.0009346166490337579,0.9039522058823529,0.7160909032147647,0.32277474571017906,1.7808498264495811,0.27978752230724857,2.5293064032946475,0.25814708683049215,0.17002643685554772
231,0.11571076845107739,0.2339304195568597,0.016406261522220262,0.7777408146434582,nan,nan,nan,nan,nan,0.20635823192330804,0.003540947769554345,0.7134014423076923,0.23008535498062907,0.05376012197288067,0.6708984375,0.224928888206267,0.007507150805846944,0.768483231707317,0.27434920311723465,0.0008168255405990845,0.9581801470588235,0.5014231982740793,0.2750967843631137,1.9287450581218766,0.30435588892797427,1.618326653155759,0.21950405475791118,0.10172913718539554
159,0.11040167705977477,0.23398002691729075,0.006595863179461388,0.802440436261864,nan,nan,nan,nan,nan,0.25751357505813705,0.0015526589275457168,0.8974158653846154,0.20437015058955754,0.018149460825380468,0.669921875,0.1953734388808224,0.006259094920956211,0.6681592987804879,0.27866294314064594,0.00042223804396315686,0.9742647058823529,0.6881524180154449,0.23818302679544498,1.9098897669195731,0.37873274569806265,2.0670638743309198,0.21517916900337672,0.4459327635896836
75,0.1280573764982818,0.23423100845138473,0.03887152565767531,0.7226297154356583,nan,nan,nan,nan,nan,0.22137450770624176,0.003506041557969178,0.7660456730769231,0.2869656959179266,0.14081447428509725,0.65234375,0.23324764988456748,0.01012140496034567,0.7910632621951219,0.19533618029680314,0.0010441818272891282,0.6810661764705882,1.1906175615875931,0.3451348389856097,1.8412227203761486,0.7504568586407622,13.921278106217287,0.13291482653389777,0.6403892013400574
189,0.1084846973812938,0.23449628994039418,0.0026349596316494893,0.8141496157122559,nan,nan,nan,nan,nan,0.2609016535478013,0.0015363534284601795,0.9093149038461539,0.21506659755016583,0.0049994865702321515,0.740234375,0.18270904571289961,0.0035060786322057627,0.6307164634146342,0.27930786295071003,0.0004979198956998619,0.9763327205882353,0.6607488527144141,0.20814278421155188,1.8613122521207697,0.20780906217520667,1.2964084030556098,0.30470234192241197,0.3587288493180182
85,0.10865187501776329,0.23485963417294214,0.0026373573274130597,0.8154153262867647,nan,nan,nan,nan,nan,0.27673560475093434,0.001492346651308017,0.96484375,0.23429755645931885,0.004969704043046343,0.8076171875,0.18097655240347887,0.0033671733648704114,0.625,0.24742882307803646,0.0007202052504274686,0.8642003676470589,0.5749590827529988,0.1614330083354794,1.6420420324413727,0.1884020235840764,3.7422216823380907,0.3601666344420785,1.70359983901239
153,0.11711744634098235,0.23486516530520468,0.018209362411035598,0.7765046725406274,nan,nan,nan,nan,nan,0.24753403319508185,0.0015716849346530518,0.8624399038461539,0.21844041497228886,0.0632384559612044,0.6064453125,0.2063288311381589,0.007076827008056561,0.7044588414634146,0.2671573819152892,0.0009504817402283689,0.9326746323529411,0.5956264972654187,0.2869252934616863,1.7596059134671822,1.0513856725833384,7.284074974300329,0.29452152442765034,0.7741935653661561
128,0.10876678668135953,0.2351269522636717,0.0026242475922173074,0.8163837139423077,nan,nan,nan,nan,nan,0.2716999629939094,0.0015097558837808896,0.9471754807692307,0.21173720221772965,0.00502583310482147,0.728515625,0.18097655240347887,0.0033671733648704114,0.625,0.2760940914395689,0.0005942280153964596,0.96484375,0.5297079911112851,0.21143876955891458,1.8164773242863648,0.784311209249971,10.226667744085049,0.11888574928674028,1.3875451590502539
152,0.11210708820292149,0.23540232381450954,0.008539090289187569,0.8025604076278143,nan,nan,nan,nan,nan,0.25504620719756865,0.001559882384288334,0.8887620192307693,0.19997044776142703,0.023318001865997796,0.6416015625,0.20728708482556057,0.008875699243589602,0.7033155487804879,0.27930555547348185,0.0004027776628745472,0.9765625,0.7477839964446896,0.25419884909019164,1.7525462282754862,0.9926208664597174,7.639923043820982,0.2478898688356713,1.3023430061059489
103,0.13257553540817735,0.23540404347332275,0.04619958863345523,0.7084151805729914,nan,nan,nan,nan,nan,0.1957285564242856,0.0021449789939998105,0.6796875,0.30618588392623086,0.17436336249672313,0.6357421875,0.19909788539454637,0.007014478576755123,0.6793064024390244,0.24060384814822813,0.0012755344663428502,0.8389246323529411,0.6896942517260274,0.33491125318080284,0.13392726256421328,0.5846480729055754,8.446690005756349,0.22412528011654198,0.24965792390600253
104,0.11357141710397295,0.23547739253905042,0.011170397738507882,0.7962448795404067,nan,nan,nan,nan,nan,0.1916383121535389,0.0037984447072621575,0.6612379807692308,0.21993472592575927,0.030955491296062943,0.6923828125,0.24804053048835029,0.009566193903202586,0.8442263719512195,0.2822960015885532,0.0003614610475038429,0.9871323529411765,0.8851407421874642,0.2780290943154824,1.7790544431987523,0.6034843135658776,5.7108971633057175,0.25663129211188934,0.16132080950189376
40,0.12149911534697957,0.23552482031397942,0.025717523174699723,0.7600430631621786,nan,nan,nan,nan,nan,0.19142146386865916,0.005057357108430478,0.6573317307692308,0.2600721417046675,0.08753849838653452,0.69140625,0.2502657810023004,0.008908678769074198,0.8536585365853658,0.2403398946802906,0.0013655584347597076,0.8377757352941176,0.8,0.3,2.0,0.5,1.0,0.1,0.3
92,0.11043926951501261,0.23680892574295423,0.004288758283541669,0.8181093443914855,nan,nan,nan,nan,nan,0.25426759205248417,0.0015515519504008522,0.8860576923076923,0.20842179775941908,0.005071766863186651,0.716796875,0.2418749429666534,0.009394737226485438,0.8230754573170732,0.24267137019326024,0.001136977094093733,0.8465073529411765,0.5667110591394288,0.23133597407089046,1.529668169791712,1.4021754293079076,1.7002127719553197,0.2890536032146924,0.8608538211626992
79,0.10956021157563228,0.2368673566688117,0.0026222096973616132,0.8224802240974368,nan,nan,nan,nan,nan,0.24496401843970428,0.0015794335078936211,0.8534254807692307,0.24431884660104827,0.00493701024146753,0.8427734375,0.18270904571289961,0.0035060786322057627,0.6307164634146342,0.2754775159215947,0.000466316407879538,0.9630055147058824,1.1030673488514575,0.11976741346894912,1.7133024173016405,0.19607298239912652,3.7304134085071103,0.39411527479608494,1.8138662949284343
53,0.14783338274658525,0.23689978406557338,0.07301760563863524,0.6466052301329186,nan,nan,nan,nan,nan,0.1860201540539685,0.005524369521709732,0.6372596153846154,0.38473427380265157,0.2796436083237122,0.6474609375,0.18958231339206216,0.006040238748886992,0.6484375,0.1872623950136112,0.0008622059602320393,0.6532628676470589,0.8,0.4,2.0,0.5,1.0,0.2,1.0
144,0.1106134570448078,0.2377194287123744,0.0038444408440518503,0.8224068983831806,nan,nan,nan,nan,nan,0.2666624821850412,0.001524590443673004,0.9295072115384615,0.20603208219931887,0.004069915079046406,0.7109375,0.22840164299881804,0.008710470930052578,0.7776295731707317,0.24978150746631944,0.0010727869234354137,0.8715533088235294,0.7477083859133199,0.21202941126786487,1.8748190160499572,0.7068747024236836,1.3917420047315363,0.169578080765713,1.6036099893124878
222,0.11775145172659178,0.23798241545166604,0.01675744219752942,0.7910448485870075,nan,nan,nan,nan,nan,0.19623144039622034,0.0029451704008623216,0.6794471153846153,0.22744218588557397,0.05474718523980356,0.6591796875,0.2477482814832295,0.008814057491155375,0.8450838414634146,0.28050775404164036,0.0005233556582964212,0.98046875,0.5037562999636614,0.292126889121499,1.9643123405784806,0.4235826128700324,1.618187944207441,0.07715915408571652,0.11920606153009881
132,0.11068212686533345,0.23814489538030864,0.003613401312754302,0.8244736305491944,nan,nan,nan,nan,nan,0.27170041703452524,0.0015103915406430419,0.9471754807692307,0.22509415810508848,0.004975571347123843,0.775390625,0.19601920802628028,0.007163171724597214,0.6681592987804879,0.2597657983553405,0.0008044706386531075,0.9071691176470589,0.6248180611449162,0.18263544126128614,1.8235688778783565,0.2129260967058781,10.393290365718261,0.08979942735665596,1.394239660756729
136,0.11108536196938085,0.23824872839588923,0.004268134171113849,0.8232002139578274,nan,nan,nan,nan,nan,0.25920387524863264,0.0015392715019317894,0.9033653846153846,0.2042790449484833,0.005131287927876605,0.7021484375,0.2244641477157035,0.00937175802149701,0.7621951219512195,0.2650478456707374,0.0010302192331499923,0.9250919117647058,0.6550739888018561,0.21510652348824025,1.8125108638946552,0.3640234972094257,1.3754370552470039,0.0900467966174148,1.217925592866629
190,0.12147376041672363,0.2386940771367264,0.0230086943719213,0.7779075340487391,nan,nan,nan,nan,nan,0.20922684281671905,0.004648349174175873,0.7206730769230769,0.26593019704752446,0.07972415086653417,0.7314453125,0.21099258955465466,0.0068606619618824015,0.7213224085365854,0.2686266791280075,0.0008016154850927496,0.9381893382352942,4.068809209179141,0.22009147727658904,1.8591761471789596,0.2071601981980932,1.3095950105693739,0.26648870884959847,0.128542143074976
21,0.1466951038606703,0.23891969762834006,0.0692264450958277,0.6631528289596209,nan,nan,nan,nan,nan,0.19003241349993621,0.0021992250537568514,0.6596153846153846,0.3368276867922346,0.26335563650912847,0.5205078125,0.215471889061323,0.009816132490730189,0.7296112804878049,0.2133468011598664,0.001534786329695262,0.7428768382352942,0.5,0.4,2.0,0.5,1.0,0.2,1.0
39,0.11152367505922921,0.23954626289995457,0.003984701273019907,0.8284501669672911,nan,nan,nan,nan,nan,0.2700038926585045,0.0015150651065216846,0.9412259615384615,0.2136260638304277,0.006498364362598745,0.7314453125,0.20444928979229704,0.007075042294581659,0.6978849085365854,0.270105805318589,0.0008503333283775408,0.9432444852941176,0.8,0.2,2.0,0.5,15.0,0.2,1.0
224,0.12226265241569323,0.24056112430516913,0.0228919360285335,0.7847340949967581,nan,nan,nan,nan,nan,0.23796531405221333,0.0018533627500217059,0.8282451923076923,0.2334653667331566,0.07958588842641919,0.6181640625,0.26027250741558206,0.008969925015961121,0.8885289634146342,0.23054130901972453,0.001158567921731987,0.8039981617647058,1.6494555865761564,0.2947107291957081,1.9609063759553318,0.35652938877808016,8.602226880051264,0.0693977242104486,1.0544499583229383
133,0.11499879677125097,0.24126247968784598,0.008937303121311193,0.8220754211041827,nan,nan,nan,nan,nan,0.24826146425977408,0.0015804730406067257,0.8649639423076924,0.21135639493542605,0.027148952909596458,0.671875,0.2784086626387346,0.006006883791789389,0.9594131097560976,0.22702339691744908,0.001012902743252197,0.7920496323529411,0.6295622521956071,0.26425587735930983,1.8336795861603872,0.7906470444234821,11.72716938736296,0.09256441508318407,1.4020453995122044
34,0.11216629528022712,0.2414348688984514,0.003580693440918749,0.8360703075422828,nan,nan,nan,nan,nan,0.21738105253738035,0.0016892427831017062,0.7566105769230769,0.21924406199845733,0.004988561797840183,0.7548828125,0.26308050514026077,0.006613012074413782,0.9042492378048781,0.2660338559177071,0.0010319571083193249,0.9285386029411765,0.8,0.2,2.0,0.5,15.0,0.1,0.3
8,0.1230364939904798,0.24172074380317815,0.02334172414781322,0.7876682929415904,nan,nan,nan,nan,nan,0.22218076206558796,0.002495374584130812,0.7713942307692307,0.24378792852314196,0.08114684993239865,0.650390625,0.2368006281104522,0.008807464720486661,0.8067835365853658,0.2641136565135305,0.0009172073542367636,0.9221047794117647,0.5,0.3,2.0,0.5,1.0,0.1,0.3
221,0.11937990296828205,0.2429857792053961,0.015550966929106255,0.8115728098961208,nan,nan,nan,nan,nan,0.18834316275691682,0.0022861970904527592,0.653485576923077,0.23150116932562062,0.053007887055868855,0.677734375,0.2717489784157027,0.006515642952715466,0.9348323170731707,0.28034980632334433,0.00039414061738794,0.9802389705882353,0.5252077419079746,0.2921301409677718,1.9602229794011434,0.41238372335707996,2.086197188426982,0.07772779753790213,0.10827616087490743
145,0.13284445767145575,0.24302690123677376,0.040291205076588656,0.7498661416372365,nan,nan,nan,nan,nan,0.2425464382436206,0.001584244310299577,0.8449519230769231,0.22271024229770803,0.05398183921679121,0.64453125,0.2327797716550475,0.009123387634139684,0.791920731707317,0.2740711527507189,0.09647534914512415,0.7180606617647058,2.380549488654872,0.2884383473150603,1.8746626388569976,0.8868463778793054,1.3355211869739048,0.18015461537002336,1.6091682128019282
67,0.11337580855484033,0.24353341718975907,0.004043417301508605,0.8422584169103852,nan,nan,nan,nan,nan,0.2616743334020473,0.0015363744551738973,0.9120192307692307,0.1942721550486109,0.0032310170680552516,0.671875,0.26056691047367436,0.01029672344363192,0.8862423780487805,0.2576202698347037,0.0011095542391733515,0.8988970588235294,0.6656533995140672,0.2580529512920339,1.8455861655522017,0.6584462626273503,2.7133869327209226,0.27713190333001153,1.3410178942049116
84,0.11328662504928816,0.2439633127493267,0.003518207381255793,0.845076076169504,nan,nan,nan,nan,nan,0.25084883966325033,0.0015970293747042924,0.8739783653846154,0.24765101825262706,0.004914550553677867,0.8544921875,0.21327660468739906,0.0069713929038221,0.7290396341463414,0.26407678839403037,0.0005898566928189136,0.9227941176470589,4.853359985654462,0.12437802383309776,1.6521033371475133,0.10557541499466438,3.5642916012751087,0.37040611272804796,1.9319477361689688
198,0.11854414532055317,0.24413988769220618,0.013043721728364637,0.8218803026018099,nan,nan,nan,nan,nan,0.20999401233113693,0.0022368095712839817,0.7293870192307692,0.22653904894496238,0.04059216852294735,0.69140625,0.2684245701493473,0.008606898209086155,0.91796875,0.27160191934337813,0.0007390106101410629,0.9487591911764706,0.5774400847842603,0.26122195987560815,1.9596420106665051,0.13542977526514055,2.389509922264242,0.09387792220789783,0.10650196945756764
78,0.1133577380606668,0.24448419290974133,0.0032115159874442243,0.8476658852154839,nan,nan,nan,nan,nan,0.2542145683637693,0.0015494341708154177,0.8858774038461539,0.24348259689827415,0.00493813565758378,0.83984375,0.2118481381399496,0.005886173883734325,0.7267530487804879,0.2683914682369722,0.00047232023764337517,0.9381893382352942,1.2364569637252478,0.11892772758136476,1.7208470687586401,0.16471797319757314,3.758851904094574,0.37276810781906833,1.882220274046495
83,0.11387882482254502,0.24536500891819674,0.0034304301821975955,0.8502014557581945,nan,nan,nan,nan,nan,0.2817703575460352,0.0014736928721415376,0.9825120192307693,0.2347056231514199,0.005150372411987817,0.80859375,0.21108795515140175,0.006422527455864855,0.7227515243902439,0.2538960998239301,0.0006751279887961701,0.8869485294117647,0.9820399393218409,0.1597357318315944,1.708903642343991,0.1043689464209413,4.100739069401604,0.392980323341803,1.9068865539246473
154,0.113923537417283,0.24631610394324738,0.0027137815354729158,0.8553219099626835,nan,nan,nan,nan,nan,0.2329307824333208,0.002617518483572147,0.8087139423076923,0.19839898759422492,0.0031492076319149047,0.6865234375,0.2799201581702642,0.004464440950564971,0.9685594512195121,0.2740144875751796,0.0006239590758396388,0.9574908088235294,0.6976243404785958,0.25534402981815535,1.758695647002054,1.0749927286978909,7.8705614045984085,0.10594217152844582,0.4447619988079623
2,0.114491398812299,0.2466011006022728,0.0035192493087210005,0.8543057288361522,nan,nan,nan,nan,nan,0.2533923979057968,0.001552241683500101,0.8829927884615385,0.2169267030523622,0.005650509273307042,0.7451171875,0.26005899881231725,0.005698451995780736,0.8959603658536586,0.2560263026386149,0.0011757942822961235,0.8931525735294118,0.5,0.2,2.0,0.5,15.0,0.1,0.3
81,0.11425397825089176,0.24710691513059052,0.002657511271944843,0.8582304247772046,nan,nan,nan,nan,nan,0.2416741236181388,0.0015889653730866004,0.8418870192307693,0.23916152573625388,0.0027948860307554103,0.830078125,0.2271296867607658,0.0057864395138525655,0.7804878048780488,0.2804623244072035,0.00045975417008479633,0.98046875,1.0372304165303945,0.12859243521704314,1.7208111285989107,0.1585551979381493,3.6151192623914836,0.08578319962112607,1.8042963722398457
80,0.11543470874827093,0.2491885016045155,0.003081522749025527,0.8644559487432402,nan,nan,nan,nan,nan,0.2850636605495467,0.001468932461673041,0.9940504807692307,0.23990386527650073,0.004615411387100977,0.828125,0.20822902812373492,0.005735578397619067,0.7144626524390244,0.2635574524682796,0.0005061687497090243,0.9211856617647058,0.9875302327754957,0.13511742567204812,1.7193084078930685,0.13977240936579866,3.896231474697636,0.3730996481586541,1.6285134612773309
33,0.11549132457838411,0.2496716291484068,0.0027798687395650776,0.8669010301705109,nan,nan,nan,nan,nan,0.21070664544175854,0.0017200728492311201,0.7331730769230769,0.21841534054132222,0.005781476757851053,0.75,0.28486372422388423,0.0033823846451451886,0.9885670731707317,0.28470080638666223,0.0002355407060329477,0.9958639705882353,0.8,0.2,2.0,0.5,1.0,0.2,0.3
194,0.11591960202042752,0.2496726449686526,0.0035670459439184716,0.8649366425304879,nan,nan,nan,nan,nan,0.22329112454841368,0.0016700743677790886,0.77734375,0.2171753958989877,0.006389304258582748,0.744140625,0.272417932415025,0.006080227332254458,0.9382621951219512,0.28580612701218405,0.00012857781705759365,1.0,0.6453144018137746,0.21907538012163966,1.859149917700029,0.21004927406725968,1.3308220657432521,0.09458565379506764,0.1208328618722202
207,0.15320393613388933,0.24994091729038032,0.07194487196243689,0.694931030610239,nan,nan,nan,nan,nan,0.17923363709056306,0.006047284234480537,0.6121995192307692,0.2573538108748717,0.08412346022482035,0.6904296875,0.18420510781606858,0.004457272893715527,0.6335746951219512,0.37897111338001804,0.19315147049673112,0.8435202205882353,6.402455440592316,0.2466028898086649,0.7844667536220635,0.27471737781783456,8.287257013397138,0.22746654363129434,0.1432344203072373
86,0.11574569094189249,0.2503188844113636,0.0027042084275368194,0.8693555743709304,nan,nan,nan,nan,nan,0.281718470282776,0.0014731660881940442,0.9823317307692307,0.23748900003285783,0.0027971000460009126,0.82421875,0.20785368269044224,0.006010399669058152,0.7124618902439024,0.2742143846393782,0.0005361679068941687,0.9584099264705882,0.5760355320704299,0.1413292708776155,1.5380923176172385,0.13343325858739077,3.7070999653332564,0.33872660247062253,1.5484996612330322
36,0.11684639954247805,0.25123569297809073,0.003959393056563453,0.8694264427819087,nan,nan,nan,nan,nan,0.26496031207522963,0.001521359982244523,0.9235576923076924,0.21631945198556435,0.006362857779790046,0.7412109375,0.2389660598663625,0.0077232155202245426,0.8170731707317073,0.28469694798520634,0.00023013894399469856,0.9958639705882353,0.8,0.2,2.0,0.5,1.0,0.1,1.0
134,0.11658184775545283,0.2514758763311869,0.003270863751836217,0.8719884077795634,nan,nan,nan,nan,nan,0.215784652967555,0.001689860308423083,0.7510216346153846,0.2215246066387732,0.006618824294282427,0.7587890625,0.2838972977332131,0.00454463146064466,0.9822789634146342,0.28469694798520634,0.00023013894399469856,0.9958639705882353,0.6322217824745637,0.18452835726725525,1.799716821053954,0.7880656222696538,11.505838062759262,0.1139701135902699,1.222803918041538
89,0.11740861447487533,0.25243568298121494,0.003985876929550078,0.8735601981103769,nan,nan,nan,nan,nan,0.2624955161654874,0.00153218417014386,0.9149038461538461,0.20593300822477498,0.005103086514684935,0.7080078125,0.25832039200554097,0.008980865880928026,0.8816692073170732,0.2829938155290563,0.0003273711524434897,0.9896599264705882,0.5808690707478877,0.22448718356043704,1.4588058608486918,1.9543216000283818,1.6114180451891227,0.07477524026223105,0.8470412208662274
157,0.12095922410584012,0.25271772602232945,0.010282082495989133,0.8588068348381801,nan,nan,nan,nan,nan,0.24676025957532108,0.002147055713141762,0.8582932692307692,0.2119115812372978,0.03183246373221693,0.662109375,0.2663929362645148,0.0070202327215402455,0.9148246951219512,0.28580612701218405,0.00012857781705759365,1.0,0.7460174328826146,0.25675898338057523,1.284198640598583,1.0150374285942751,3.0750046877588035,0.10689318525195593,0.5216527847675356
22,0.15820068772101786,0.25285989694321886,0.07868695197436903,0.6882922593653433,nan,nan,nan,nan,nan,0.18447047407608838,0.002417317552677522,0.6396033653846154,0.3947729496713808,0.3015102545399331,0.6279296875,0.23252571291172316,0.009682339539827011,0.7896341463414634,0.199670451113683,0.0011378962650385343,0.6960018382352942,0.5,0.4,2.0,0.5,15.0,0.1,1.0
216,0.2671076152188279,0.25323732262898124,0.27875866099429913,0.18943397671568626,nan,nan,nan,nan,nan,0.16676970844829855,0.03191509182761794,0.50390625,0.27090464954250976,0.3589540093595136,0.05078125,0.17763992761306407,0.22369589865828968,0.0625,0.3976350049120525,0.5004696441317754,0.14054840686274508,0.7079132757231434,0.6624948286981167,1.8960837527444312,0.3070501601106699,2.878994933465392,0.20952052059684356,1.1275797800436067
3,0.11797757766232557,0.2537917712472326,0.00389365505100367,0.8785370617378049,nan,nan,nan,nan,nan,0.25668460753510824,0.0015459505491515276,0.89453125,0.2217538548301739,0.0049866467622434445,0.763671875,0.2509224956114643,0.008913445075562115,0.8559451219512195,0.28580612701218405,0.00012857781705759365,1.0,0.5,0.2,2.0,0.5,15.0,0.2,0.3
135,0.11796987453594705,0.2542264341583483,0.0035143644531300286,0.8810066084213939,nan,nan,nan,nan,nan,0.27509047241301515,0.0014968536859135209,0.9590745192307693,0.22509426329856408,0.0049757186179896695,0.775390625,0.2744962868108779,0.006246021047424155,0.9451219512195121,0.24222471411093605,0.001338864461192768,0.8444393382352942,0.6638619488061764,0.18329681735714495,1.8554475261194403,0.7322564441318723,12.321024817886897,0.08844466331543391,0.9165573474453624
7,0.11821981321679581,0.2543864247798203,0.0038398595038552346,0.8807528379697329,nan,nan,nan,nan,nan,0.2625881924441895,0.0015177001910960555,0.9152644230769231,0.21442803718690506,0.005668002061667046,0.736328125,0.27202354017018027,0.007357346482154727,0.9336890243902439,0.26850592931800643,0.0008163892805031117,0.9377297794117647,0.5,0.2,2.0,0.5,15.0,0.2,1.0
1,0.11825256200247654,0.25466335348216107,0.003667497159541542,0.8821529942887099,nan,nan,nan,nan,nan,0.2491751076298863,0.0015614968356869098,0.8682091346153846,0.22132206090443066,0.005163385266202914,0.76171875,0.26346740757275666,0.007726321821371443,0.9028201219512195,0.28468883782157073,0.0002187847149049002,0.9958639705882353,0.5,0.2,2.0,0.5,1.0,0.2,0.3
35,0.11831644956959078,0.2550715477976091,0.0034421670580554037,0.8841449996464933,nan,nan,nan,nan,nan,0.24583511737005917,0.001573010471928929,0.8564903846153846,0.22170828433746492,0.006094723072450838,0.7607421875,0.2761248650388089,0.005324811054332392,0.953125,0.27661792444410344,0.0007761236335094573,0.9662224264705882,0.8,0.2,2.0,0.5,15.0,0.2,0.3
88,0.11901416717828817,0.25638213436295587,0.0036250747431673643,0.8882747834124268,nan,nan,nan,nan,nan,0.27509047241301515,0.0014968536859135209,0.9590745192307693,0.22889008509272332,0.004821119129812577,0.7890625,0.24166403280351628,0.007613182510288566,0.8267911585365854,0.2798839471425686,0.0005691436466547936,0.9781709558823529,0.5786222788260632,0.17546838778710722,1.6321069026609951,1.4318422552889543,3.2613332972577385,0.06286281495365519,1.4864081357262557
6,0.11882208979408368,0.256445695679421,0.003218260850400315,0.8895142827519728,nan,nan,nan,nan,nan,0.27339647503075093,0.0015050650430512365,0.953125,0.2159011706556825,0.004996013917955436,0.7431640625,0.2741549920712309,0.005653879143625701,0.9454077743902439,0.26233014496001983,0.0007180852969688867,0.9163602941176471,0.5,0.2,2.0,0.5,15.0,0.1,1.0
4,0.11896933467432717,0.2566545702893782,0.003313736757684328,0.8900066541186128,nan,nan,nan,nan,nan,0.27344437263896665,0.0015000063099379186,0.9533052884615385,0.21841016843267988,0.0049929858057517875,0.751953125,0.2638441116457124,0.005967122157655848,0.9085365853658537,0.2709196284401538,0.0007948327573917592,0.9462316176470589,0.5,0.2,2.0,0.5,1.0,0.1,1.0
32,0.11886792542075081,0.2581612093327693,0.001861566934655304,0.8989103153280544,nan,nan,nan,nan,nan,0.2559201654576423,0.0015574624099298883,0.8918269230769231,0.21077427310225963,0.0028964823431634505,0.73046875,0.2873896675535271,0.0023455345749378792,1.0,0.2785607312176484,0.0006467884105899975,0.9733455882352942,0.8,0.2,2.0,0.5,1.0,0.1,0.3
18,0.17524682705847422,0.25832437459779267,0.10546168712544668,0.6404810932786575,nan,nan,nan,nan,nan,0.16146566943445032,0.0054028987466919745,0.5516225961538461,0.33738349903252807,0.23874314864553928,0.583984375,0.18097655240347887,0.0033671733648704114,0.625,0.35347177752071346,0.17433352774468502,0.8013174019607843,0.5,0.4,2.0,0.5,15.0,0.1,0.3
5,0.12030686366125418,0.25851180478247676,0.004214713119427244,0.8942545339401003,nan,nan,nan,nan,nan,0.2700522448924821,0.001510642849474881,0.94140625,0.21167951677377986,0.009632573483291777,0.716796875,0.28007073252537845,0.004903903584310263,0.9679878048780488,0.2722447249382666,0.000811732560632056,0.9508272058823529,0.5,0.2,2.0,0.5,1.0,0.2,1.0
143,0.1911367257252075,0.2917222556238907,0.10664488061031371,0.754415693157833,nan,nan,nan,nan,nan,0.2222913796592706,0.004381008446055701,0.7670673076923077,0.2768589354676859,0.11689938465476024,0.6767578125,0.24342499813187643,0.008134936409017185,0.8316501524390244,0.42431370923672984,0.2971641929314217,0.7421875,9.64175484865575,0.21555099572847475,1.8684826716823342,0.9057770566396305,8.24839417861114,0.07986146306509972,0.9200517521200727
58,0.44422971766215685,0.45667184895791707,0.43377832737371824,0.5139056529184141,nan,nan,nan,nan,nan,0.20084660508868932,0.022795824047241942,0.6459735576923077,0.30008301524496866,0.2943349713429561,0.314453125,1.1586541320103225,1.3713535896925002,0.6269054878048781,0.16710364348768786,0.04662892441217474,0.46829044117647056,0.8,0.5,2.0,0.5,15.0,0.1,0.3
25,0.5558102168746565,0.4992654149990502,0.6033078504501657,0.23915932637126144,nan,nan,nan,nan,nan,0.13631412096850315,0.0068734232020582296,0.4599158653846154,0.2532531411386558,0.32955439759411814,0.0625,1.2538315612099882,1.7003336978891053,0.13757621951219512,0.35366283667905357,0.3764698831153808,0.2966452205882353,0.5,0.5,2.0,0.5,1.0,0.2,0.3
217,0.6356189349980927,0.5623457577994486,0.6971684038449538,0.2252891426856859,nan,nan,nan,nan,nan,0.16916081381451248,0.016440523955702065,0.5509615384615385,0.27090464954250976,0.3589540093595136,0.05078125,1.667085202844701,2.248896418128923,0.21255716463414634,0.14223236499607161,0.16438266393567674,0.08685661764705882,0.7599695555667769,0.6453348121084076,1.414519208360086,0.30885656656701693,2.8215143772883344,0.19116236479980978,1.3828445613864015
24,0.6486032303371588,0.589255631675065,0.6984552132133176,0.31625667782943384,nan,nan,nan,nan,nan,0.13812217693404566,0.0067604707845870015,0.4665264423076923,0.2532531411386558,0.32955439759411814,0.0625,1.8084267352203132,2.4300443805279506,0.2543826219512195,0.15722047340724576,0.02746160394661465,0.48161764705882354,0.5,0.5,2.0,0.5,1.0,0.1,0.3
57,0.6206809716066308,0.5912798308907583,0.6453779298079636,0.4560345835977449,nan,nan,nan,nan,nan,0.19935734568015623,0.015470476259910973,0.6590745192307692,0.2532531411386558,0.32955439759411814,0.0625,1.2184269524808462,1.4687550505463554,0.5926067073170732,0.6940818842633748,0.7677317948314698,0.5099571078431373,0.8,0.5,2.0,0.5,1.0,0.2,0.3
61,0.7022643928542103,0.6340313109334687,0.7595801816676331,0.3201591340980576,nan,nan,nan,nan,nan,0.1943278514184929,0.010039761216659296,0.6550480769230769,0.2532531411386558,0.32955439759411814,0.0625,1.7583251407573444,2.3284234897432086,0.3330792682926829,0.33021911041938184,0.3703030781165463,0.2300091911764706,0.8,0.5,2.0,0.5,1.0,0.2,1.0
28,0.6753166385507718,0.6354495541891032,0.7088049894145733,0.4520609661254277,nan,nan,nan,nan,nan,0.18131195835939154,0.003452126318532767,0.6259615384615385,0.2532531411386558,0.32955439759411814,0.0625,1.863890884097539,2.411810042614603,0.49409298780487804,0.24334223316082643,0.0904033911310393,0.6256893382352942,0.5,0.5,2.0,0.5,1.0,0.1,1.0
30,0.7180492740815393,0.6562135127872291,0.7699913135687598,0.37176901083340236,nan,nan,nan,nan,nan,0.13716780931312642,0.00977531765376159,0.4556490384615385,0.43474575035129626,0.4051284254918147,0.5087890625,1.7556078214101527,2.3707320475351894,0.21779725609756098,0.297332670074341,0.2943294635942734,0.30484068627450983,0.5,0.5,2.0,0.5,15.0,0.1,1.0
26,0.7638911597943348,0.6999720717818892,0.8175831937247888,0.4059442669246404,nan,nan,nan,nan,nan,0.18394048883094413,0.002492645901783291,0.6375600961538461,0.29185757203604146,0.28203810085045805,0.31640625,1.8791119709467388,2.5169991373742144,0.2843940548780488,0.4449782553138328,0.4688028907726992,0.3854166666666667,0.5,0.5,2.0,0.5,15.0,0.1,0.3
29,0.7766728242341627,0.7011982528663707,0.8400714641831081,0.3540152245745273,nan,nan,nan,nan,nan,0.17484270135414529,0.012111512665034138,0.5816706730769231,0.28733636216530745,0.3378177820314304,0.1611328125,1.766558284584125,2.382861476466555,0.22580030487804878,0.5760556633619053,0.6274950855694125,0.44745710784313725,0.5,0.5,2.0,0.5,1.0,0.2,1.0
155,0.8493986355574414,0.7899705146254478,0.899318257140316,0.5166011583382767,nan,nan,nan,nan,nan,0.18842808994538732,0.007068556692772958,0.6418269230769231,0.31172762803240567,0.2844655542453679,0.3798828125,2.4748816741583615,3.276000502358291,0.4720846036585366,0.1848446663656363,0.02973841526483197,0.5726102941176471,0.7411448857925825,0.43962948243572264,1.2818641971766402,1.00873390677513,8.92399258847485,0.29165658716843135,1.3199201810028678
27,0.9144272161746779,0.8286312506098232,0.9864958272491559,0.43396980901149157,nan,nan,nan,nan,nan,0.13009611387517778,0.007495136348325758,0.4365985576923077,0.34595706539193527,0.3589492665487094,0.3134765625,2.659632706266975,3.579164142432301,0.3608041158536585,0.17883911690520504,0.0003747636672870656,0.625,0.5,0.5,2.0,0.5,15.0,0.2,0.3
60,0.9453719185520895,0.8481070527430101,1.027074405831716,0.40068867002124486,nan,nan,nan,nan,nan,0.17454313287754833,0.009961347567029186,0.5859975961538462,0.257450979364219,0.3182438711099066,0.10546875,2.4235186778305824,3.196241697743303,0.4917111280487805,0.5369154208996905,0.5838507069066254,0.4195772058823529,0.8,0.5,2.0,0.5,1.0,0.1,1.0
62,0.9594594028509779,0.8685961697459869,1.03578451865917,0.4506252974630284,nan,nan,nan,nan,nan,0.14188121851702315,0.017287552077678542,0.4533653846153846,0.31524578198072406,0.3304065947730136,0.27734375,2.8371519612766147,3.7833694531043336,0.4716082317073171,0.1801057172095856,0.012074474681655071,0.6001838235294118,0.8,0.5,2.0,0.5,15.0,0.1,1.0
63,1.0108890315900292,0.8984640010055793,1.105326057280967,0.38130886031711,nan,nan,nan,nan,nan,0.144861748856494,0.009705486860630034,0.48275240384615387,0.3091922959286915,0.3297442143001681,0.2578125,2.669004033471974,3.5657215005192997,0.4272103658536585,0.470797925765158,0.5161330274437701,0.35746017156862747,0.8,0.5,2.0,0.5,15.0,0.2,1.0
59,1.0835682630760781,0.9553579766031068,1.1912649037133742,0.3655906588274381,nan,nan,nan,nan,nan,0.1646643328200858,0.0051935274865816256,0.5633413461538461,0.2882165045503857,0.33865935637054,0.162109375,3.196487248216556,4.236781842625129,0.5957507621951219,0.17206382082539992,0.18442488837124613,0.14116115196078433,0.8,0.5,2.0,0.5,15.0,0.2,0.3
56,1.1724269617341672,1.0482486079470714,1.276736778915327,0.4770281805264319,nan,nan,nan,nan,nan,0.15859978445060047,0.010092582846225226,0.5298677884615385,0.2932943501241715,0.31217459017384,0.24609375,3.559254221997085,4.772742496161772,0.5255335365853658,0.18184607521642887,0.011937446479470995,0.6066176470588235,0.8,0.5,2.0,0.5,1.0,0.1,0.3
118,1.4775144627673864,1.2541753805299267,1.6651192918468525,0.22681560223761174,nan,nan,nan,nan,nan,0.15246691755929037,0.02809310765992956,0.4634014423076923,0.27090464954250976,0.3589540093595136,0.05078125,4.263579545787135,5.859941242150768,0.2726753048780488,0.32975040923077253,0.4134888082171992,0.12040441176470588,0.885452041993256,0.6634957474461147,1.9427756058650218,0.4416597305141096,1.398422346288875,0.2748728258784286,1.1116980033519415
