{
    "best_score": 0.8675375816191595,
    "best_params": {
        "alpha": 2.0584862331239364,
        "beta": 1.9355247505796558,
        "threshold": 0.10130481461242649,
        "bias": 6.461289561717847,
        "gamma1": 2.07143754827183,
        "gamma2": 1.530985414937354,
        "Rm_crit": 435.9565963915367
    },
    "n_trials": 102
}