{"theta_h": [[1.636981955170709, 1.6521002175686064, 1.6664578017182141], [1.6370857671883312, 1.6521993720142567, 1.6665861205388355], [1.6370782093628005, 1.6521921508692545, 1.6665094522222887]], "theta_v": [[1.6575265552388347, 1.6575272681655588, 1.6575280816094464], [1.6629724681288103, 1.6629725085407103, 1.662972548216672], [1.6962750098892498, 1.696275126242579, 1.6962752609509701]], "psi_h": [[0.04173589154031927, 0.05128323317607955, 0.06035834468242332], [0.04180142424151063, 0.051345876838518184, 0.060439690586597226], [0.041796653726341365, 0.05134131509731117, 0.06039079318534888]], "psi_v": [[0.05471204158507455, 0.05471249214393865, 0.05471300615534178], [0.058154285753041185, 0.05815431130265153, 0.058154336343930066], [0.07923492501810454, 0.07923499877193976, 0.07923508416076007]]}