{"theta_h": [[1.7613081658403924, 1.758301555437336, 1.7613854770198394], [1.7582968528524474, 1.7582914267431846, 1.7582860006293846], [1.7655984616215108, 1.758244968679263, 1.7656160510064909]], "theta_v": [[1.7613081658403924, 1.758301555437336, 1.7613854770198394], [1.7582968528524474, 1.7582914267431846, 1.7582860006293846], [1.7655984616215108, 1.758244968679263, 1.7656160510064909]], "psi_h": [[0.12062358457747002, 0.11868424778262444, 0.1206735317422], [0.11868136361825056, 0.11867789828355346, 0.11867443294856811], [0.12339276971445692, 0.11864812009263494, 0.12340419275844776]], "psi_v": [[0.12062358457747002, 0.11868424778262444, 0.1206735317422], [0.11868136361825056, 0.11867789828355346, 0.11867443294856811], [0.12339276971445692, 0.11864812009263494, 0.12340419275844776]]}