{"theta_h": [[1.6489336247119961, 1.9087705258613754, 2.1226056042965253], [1.5937217576828882, 1.8594445040990721, 2.0847067896078393], [1.59505273324526, 1.816125882127174, 2.0506744550021923]], "theta_v": [[2.5160724776525485, 2.5170432550079154, 2.519341184863748], [2.5912710761528968, 2.591776312794961, 2.593295805797926], [2.404580382587647, 2.4047573060975838, 2.4054975353768464]], "psi_h": [[0.04480075220060439, 0.19645630510492176, 0.3290127188218984], [0.01313698516269113, 0.1671226726065878, 0.3047184954036581], [0.013894541686825756, 0.14162763430662276, 0.28324242311823994]], "psi_v": [[0.6181205006110523, 0.6189590649991955, 0.6209517060566186], [0.6859454998432567, 0.6864226159715295, 0.687859347431945], [0.5270615855262866, 0.5271987948828489, 0.5277725839054395]]}