{"theta_h": [[2.8487579094256414, 2.8487577861064177, 2.8487576627871483], [2.8488895849120115, 2.8488141655334425, 2.848738728719554], [2.8488028261425704, 2.8487577861064177, 2.8487127398540393]], "theta_v": [[2.8487579094256414, 2.8487577861064177, 2.8487576627871483], [2.8488895849120115, 2.8488141655334425, 2.848738728719554], [2.8488028261425704, 2.8487577861064177, 2.8487127398540393]], "psi_h": [[1.080256962698712, 1.0802567579485862, 1.0802565531984507], [1.080475625159683, 1.0803503731656483, 1.0802251172763584], [1.0803315435500707, 1.0802567579485862, 1.0801819709585907]], "psi_v": [[1.080256962698712, 1.0802567579485862, 1.0802565531984507], [1.080475625159683, 1.0803503731656483, 1.0802251172763584], [1.0803315435500707, 1.0802567579485862, 1.0801819709585907]]}