{"theta_h": [[2.473616783912797, 2.294294743837362, 2.7184112318202778], [2.786259576014272, 2.757984658335207, 2.9002545068158407], [2.3935902172927994, 2.499688306664604, 2.7249843697664824]], "theta_v": [[2.473616783912797, 2.294294743837362, 2.7184112318202778], [2.786259576014272, 2.757984658335207, 2.9002545068158407], [2.3935902172927994, 2.499688306664604, 2.7249843697664824]], "psi_h": [[0.6393789035300026, 0.48815944701652925, 0.8954873032099919], [0.9850658537368168, 0.9460003887835365, 1.170805542536151], [0.5689150933597861, 0.6635308701123652, 0.9036410311920104]], "psi_v": [[0.6393789035300026, 0.48815944701652925, 0.8954873032099919], [0.9850658537368168, 0.9460003887835365, 1.170805542536151], [0.5689150933597861, 0.6635308701123652, 0.9036410311920104]]}