trial,original_score,new_score,phys_score,patch_ratio,error_vx,error_vy,error_Bx,error_By,error_Jz,new_loss_kh,phys_kh,patch_kh,new_loss_vortex,phys_vortex,patch_vortex,new_loss_tearing,phys_tearing,patch_tearing,new_loss_coalescence,phys_coalescence,patch_coalescence,new_loss_ot,phys_ot,patch_ot,new_loss_rotor,phys_rotor,patch_rotor,param_beta,param_threshold_amr,param_gamma_hydro,param_gamma_mag,param_kappa,param_w_z_frac,param_beta_grad,param_beta_curl,param_beta_xpoint
159,0.24558016022508056,0.24558016022508056,0.04151945951041918,0.755731912011734,nan,nan,nan,nan,nan,0.2651866102609236,0.001397748618166605,0.9246587643678161,0.25440338581474997,0.01819599014064995,0.844921875,0.22505648311030224,0.009236685050075315,0.7646059782608695,0.2691018518230883,0.0009463185138620744,0.9394906850961539,0.2598157135000776,0.09028877958421322,0.6836330482897385,0.19991691684134144,0.1290512351555479,0.37708112105582525,1.6481496092568404,0.128933204713395,1.3342997097001874,2.23181470627752,5.537667773318349,0.30214911806928935,1.7604706677363633,1.3922808301281842,1.1802869220907222
111,0.24674939306064506,0.24674939306064506,0.04391004737239404,0.7538477572812726,nan,nan,nan,nan,nan,0.2826509030887754,0.0012787930599176065,0.9860811781609196,0.25331678621663006,0.01643626386117677,0.8455180921052632,0.23337426318377044,0.011965136935539463,0.7868970788043478,0.2787924349760395,0.0009464281972244908,0.9734074519230769,0.27162601980630396,0.1385982335638356,0.6041954854124748,0.16073595109235123,0.09423542861667031,0.3269872572815534,0.6844223733151403,0.14255210305395571,1.2830112599386125,2.870244064446529,11.637683562634852,0.05923756968713969,0.447488417835264,1.261529621568407,0.28877755594295834
199,0.24716750919211258,0.24716750919211258,0.018845408578896824,0.8179727607251518,nan,nan,nan,nan,nan,0.2710367103900057,0.0013802738563527387,0.9451778017241379,0.2622037951296828,0.02026787897102956,0.8670435855263158,0.2866372279992768,0.0012921191989874999,1.0,0.27956513740419314,0.0006760481351011298,0.9767878605769231,0.23603021976773872,0.02956831371105146,0.7521849849094567,0.1475319644617783,0.05988781760085855,0.36664233161407767,1.4036510602892172,0.10060204033332179,1.2901402135336653,2.8213284645845835,12.045649501268118,0.20741681865421333,0.4615165748406391,0.46888913060497667,0.34288379122295815
174,0.24847147729792793,0.24847147729792793,0.0447427082059961,0.7577934000277574,nan,nan,nan,nan,nan,0.2780327740219251,0.0013148491479364668,0.9698275862068966,0.25024912474067323,0.04338331411062674,0.7674136513157894,0.269731785474873,0.012118385534387393,0.9137652853260869,0.27784580553993454,0.0011085267943698614,0.9696890024038461,0.24878695571179968,0.10064391606492999,0.6191445548289738,0.16618241829836197,0.10988725758372615,0.30692032008495146,0.7347482375539723,0.16631571167751458,1.11534947672217,2.979049959349396,6.856216147252576,0.19802774032737092,1.2861783554917594,0.40250454701607713,0.9089159513513894
114,0.24875325391584957,0.24875325391584957,0.03792932440080949,0.7758130777034498,nan,nan,nan,nan,nan,0.2807674445167577,0.0012999970361044378,0.9794360632183908,0.2500307756074242,0.03126841479776225,0.7969366776315789,0.2799549383305376,0.0069165332279699605,0.9625509510869565,0.27285976892625796,0.0009790370736841095,0.9525615985576923,0.2600715550923242,0.10412784312522975,0.6499308350100603,0.14883504102179584,0.08298412114410642,0.3134623407160194,1.0766408688917066,0.14102817271333926,1.7579679025922321,2.7528336319021838,12.357561066757732,0.25894335021000886,0.9417991989775134,1.516565200893804,0.24960231207130815
139,0.24901372338908864,0.24901372338908864,0.05940740975009379,0.7230295074865757,nan,nan,nan,nan,nan,0.2626534510217486,0.001443279706310005,0.9156788793103449,0.2524574077866354,0.03791405511181586,0.7888157894736842,0.23151924135546553,0.01823359550634736,0.7647333559782609,0.26355712120721364,0.0011614600747143842,0.9195462740384616,0.25679936604890097,0.10969202494331036,0.6245677188128773,0.2270957529145678,0.1880000431580648,0.32483502730582525,1.1348466265233244,0.16894490311983204,1.2506147972963153,1.9763902181879267,4.9298170520587306,0.20804350837273952,0.34311387467780907,1.5455557837918181,1.020048024569106
104,0.2502448006956367,0.2502448006956367,0.045658298221899984,0.7617110568799785,nan,nan,nan,nan,nan,0.25545594540479444,0.0015140419575167601,0.8903107040229885,0.24436979778509907,0.02036607216229652,0.8043791118421053,0.28620777024396227,0.0017099000806775704,0.997452445652174,0.2664198367829236,0.0015634926499391462,0.9285606971153846,0.27060420181180095,0.14207840265724564,0.5919186996981891,0.17841125214523995,0.10671787982372424,0.3576446829490291,0.7695034965626594,0.15708709305722507,1.4639106868900078,2.8991693023364196,12.642683766693338,0.0676210501176749,0.2561991203605973,1.2386924647201638,0.2886811104551072
5,0.25081015858773276,0.25081015858773276,0.028815125482231946,0.8057977413514846,nan,nan,nan,nan,nan,0.24871758287966927,0.0015630930430311448,0.8666038074712644,0.27321875624777614,0.026042442957412835,0.8911595394736842,0.28589078390254297,0.0027946518113861852,0.9936311141304348,0.27756142010736495,0.000665315073387773,0.9698016826923077,0.27313285084733413,0.09122967830900418,0.727890782193159,0.14633955754170921,0.050595571699169575,0.38569952214805825,1.7889256142025483,0.10290833980441412,1.5167352077993104,3.035041499716522,6.588568962721605,0.27447477769654216,0.4986346852262402,1.9636826152675086,0.4655419232560337
206,0.25123075634453595,0.25123075634453595,0.037276968771520765,0.7861152252770739,nan,nan,nan,nan,nan,0.2631200347919653,0.003419533383080839,0.9123712883141762,0.2583278724631379,0.03164257407997198,0.8250411184210527,0.2856270560586491,0.0034444545690651743,0.9910835597826086,0.27671440154677374,0.0008767246654831877,0.96630859375,0.26213454934195024,0.11430350992380074,0.631712147887324,0.1614606238647395,0.06997501600772266,0.39017464350728154,1.5054625515143627,0.1377067315799035,1.4017222854760778,2.830761815651124,12.347009745116628,0.15173100451587312,0.40471483624584553,0.1265339141424928,0.29381539812894636
67,0.25139561685188205,0.25139561685188205,0.022888060016895088,0.8226645089393495,nan,nan,nan,nan,nan,0.2835094526142179,0.001277457797836037,0.9890894396551724,0.2650329997892545,0.014804423389166776,0.8906044407894737,0.2804729528250694,0.004431835042053613,0.9705757472826086,0.28140055778220635,0.0009018866643195778,0.9826472355769231,0.2464282164146723,0.05366713376524945,0.7283309230382293,0.15152952168587203,0.06224562344274507,0.37473926729368934,0.6942288712546066,0.10067476456579597,1.3975494467311063,2.928389591747428,11.801529168937437,0.06301838897779612,0.41040104963497953,1.3075008537591948,0.27134868056222544
115,0.2519020011756753,0.2519020011756753,0.037908963437741784,0.7868845955205089,nan,nan,nan,nan,nan,0.26206502894717726,0.0014276784570825714,0.9136584051724138,0.25738953577878276,0.025493376406085295,0.8371299342105263,0.2826058305020443,0.00543077139851416,0.9755434782608695,0.27036134566832287,0.0008616531664212343,0.9441105769230769,0.25486925778361463,0.08844108061537033,0.6709397007042254,0.18412100837410988,0.10579922058297712,0.37992547785194175,1.1722805611928744,0.1424494136225662,1.3144170640631203,2.7763551999861784,12.197779176499386,0.25463695453167107,0.43424112177422225,1.496874472143454,1.9223761559755765
129,0.2519173861904846,0.2519173861904846,0.06419416160477463,0.7212254476547594,nan,nan,nan,nan,nan,0.2611463717859461,0.0013987423394048863,0.9105154454022989,0.24582428157160263,0.0542115599897174,0.7248560855263158,0.2624011629475004,0.016325622691717834,0.8775900135869565,0.26179406597247945,0.001127076976855826,0.9134615384615384,0.26713955870179107,0.14371683590484152,0.5756963656941649,0.21319887616358787,0.16838513172611036,0.32523323725728154,1.0751417296709902,0.17459614981562335,1.144585175003361,3.1182002464004195,12.341598632153545,0.24455422601984972,1.3841307646851795,1.3918700633216732,1.6428405771378873
48,0.2521002473823393,0.2521002473823393,0.04727726445109457,0.7641577047104512,nan,nan,nan,nan,nan,0.27910350912446896,0.0013052576018426749,0.9735991379310345,0.24542145110376876,0.03286634733474993,0.7768092105263158,0.28508427320007756,0.0048245042192390074,0.985733695652174,0.26934397053737014,0.0013303568292412464,0.9393780048076923,0.23498705061008462,0.0964083044557281,0.5814339159959758,0.198661229718266,0.14692881626576648,0.3279922633495146,0.674488549001994,0.1638031185389065,1.3027266919318188,3.1212612250563896,8.220071532647713,0.07244019496602737,0.6595371727553917,1.552364729183854,0.2546252060674864
99,0.2522826246090119,0.2522826246090119,0.03419917431610042,0.7974912503412908,nan,nan,nan,nan,nan,0.26813659238493603,0.001414936235462197,0.9349407327586207,0.26460602001631045,0.023589875391255642,0.8671463815789474,0.2866372279992768,0.0012921191989874999,1.0,0.27839561172511684,0.0008415967997788754,0.9722806490384616,0.24767397342203037,0.09544514729788474,0.6282460387323944,0.16824632210640122,0.08261137097323357,0.38233369993932037,0.8907755432061332,0.11595605458563077,1.193274379877219,3.1913151053354576,11.222912748071863,0.06766579057267534,0.3629218223587201,1.2117928360862866,0.3204463734660081
127,0.2527902744169332,0.2527902744169332,0.028668003844419216,0.8130959508482181,nan,nan,nan,nan,nan,0.2803680941521189,0.001315619169288262,0.9779992816091954,0.2625636368344137,0.017473959989231753,0.8752878289473685,0.28530250477021024,0.002990082765250844,0.9910835597826086,0.27995092080356926,0.0008104958557661347,0.9778019831730769,0.2727316520421015,0.09957142050481724,0.7056322308853119,0.13582483789918579,0.04984644478216106,0.3507708206917476,1.173080919908014,0.10308742043692462,1.158360653101503,2.585124654070829,13.047802529912037,0.24881248702700967,1.5612817243555417,1.763017663777054,1.043929500166759
138,0.2527910209644317,0.2527910209644317,0.02841827360864055,0.8137228893539094,nan,nan,nan,nan,nan,0.2824077276075062,0.0012795830183247256,0.9852280890804598,0.26332462740603857,0.02010184678950654,0.8713815789473685,0.28512532068328156,0.0032515359131158514,0.9898097826086957,0.2809300962506337,0.0007390337893486859,0.9814077524038461,0.23578545128332531,0.04845979276245015,0.7040995975855131,0.16917290255580464,0.09667784937909735,0.35041053549757284,1.1501031963331625,0.10594148384138348,1.2515739631484586,2.431836964544072,4.867454232545175,0.21982593663210645,1.9191692913584433,1.3917151388015807,1.1404468182461587
61,0.252949034676377,0.252949034676377,0.034950515339429916,0.7979453330187445,nan,nan,nan,nan,nan,0.28058283558077013,0.0012929813073309436,0.9788074712643678,0.25790967979954066,0.019108091193041066,0.8549136513157894,0.2861815183968585,0.0037111909729931414,0.9923573369565217,0.27786775464286995,0.0010941834230948182,0.9698016826923077,0.256579626202323,0.10051240726675319,0.6467476735412475,0.1585727934358997,0.08398423787336635,0.345044182342233,0.7427510515644292,0.13429658454970106,1.4256973557831691,2.8137052540242764,11.984839009917497,0.059598955703411255,0.4323603596990772,1.299855682813076,0.2789329091670375
168,0.2530968005476905,0.2530968005476905,0.02820602120009179,0.8153237489166871,nan,nan,nan,nan,nan,0.28143542983509706,0.001283308665687571,0.9818157327586207,0.2594590774433485,0.018185142631214225,0.8626439144736842,0.2849012797431607,0.0034983405534683514,0.9884086277173914,0.27934887511064754,0.000914146308752688,0.9754356971153846,0.2624125825275084,0.0788118459208054,0.7214144240442656,0.1510235586263809,0.06654334312062254,0.3622240973907767,1.257314122909564,0.10968394040634749,1.5550162842118298,2.1137519021867197,5.264001137534144,0.2233038963732661,1.4773411437069752,1.2800513582835265,1.3998190732892504
171,0.2533623412200468,0.2533623412200468,0.03998347566846643,0.7868095050989975,nan,nan,nan,nan,nan,0.2820180584175985,0.001290799026017195,0.9838362068965517,0.25721181905075063,0.03299950719736661,0.8177425986842105,0.2825985157158485,0.004911019828274786,0.9768172554347826,0.2780626403150321,0.0008712300948910233,0.9710411658653846,0.23735179258093844,0.08103496434168399,0.6281438631790744,0.18293122124011235,0.118793333522565,0.3432759405339806,0.7307935234528179,0.14622113630296557,1.4252282220944292,2.4923673202649583,6.26730994735666,0.19670206400434667,1.3104338901438877,1.5937131298932778,0.9316070566439666
165,0.25380146676404997,0.25380146676404997,0.03905295610198834,0.7906727434192037,nan,nan,nan,nan,nan,0.27367388096966977,0.0013187207138594763,0.9545617816091954,0.258192921611944,0.025779300783037373,0.8392269736842105,0.2811758074532422,0.006434853260626029,0.9680281929347826,0.2775467034621369,0.0010954329239146682,0.9686748798076923,0.25992113324308325,0.10757670927673502,0.6407821931589537,0.17229835384422348,0.09211271965375749,0.37276243932038833,1.5617873378307991,0.12840829928463793,1.4339158141465393,1.6880339025863427,5.350683898559734,0.2223900263481868,1.645897020798105,1.4476428893729585,1.4606601670208115
39,0.2539845356587343,0.2539845356587343,0.06832762929083241,0.7181268015784888,nan,nan,nan,nan,nan,0.23816974883854775,0.007952734580863322,0.8137122844827587,0.2424621965807271,0.032687206791965295,0.7668996710526316,0.2672184718901722,0.011147300863632394,0.9073963994565217,0.2742730357671607,0.0011997981509480362,0.9569561298076923,0.27535212207854337,0.16709822744919609,0.5459868586519114,0.2264316387972545,0.18988050790838934,0.31780946601941745,1.187344646233998,0.1784419641995989,1.0194437678771713,3.442208799976077,11.264618233449246,0.057069835996363845,0.328188550742952,1.9792028041131193,0.5740126363853427
210,0.25500648567286543,0.25500648567286543,0.0400511104030823,0.7923949238473234,nan,nan,nan,nan,nan,0.2533331785999424,0.0015055304996894614,0.8829022988505747,0.2615269012515371,0.01794687227846773,0.8704769736842105,0.2839792029584101,0.004245476533078508,0.9833135190217391,0.28087335902698496,0.0007046737916250747,0.9812950721153846,0.29224844447069337,0.13745202246017793,0.6792394994969819,0.15807782772962464,0.07845208685545509,0.35714217991504854,1.2272371845323347,0.12144215558137282,1.3979730630447298,2.816610937271953,12.185202512992422,0.23189121129875867,0.39625599063705164,1.210289792332517,0.29970197040045377
172,0.25607189035623407,0.25607189035623407,0.04519522998673317,0.7832635412799863,nan,nan,nan,nan,nan,0.2818356101521888,0.0013047680061677364,0.9831627155172413,0.2524099529640743,0.03357130257075662,0.7995065789473684,0.2820859988824812,0.0068429527832997135,0.9701936141304348,0.27525941758508987,0.0011834971191257374,0.96044921875,0.26186570926931885,0.11657112275571838,0.6251021755533199,0.1829746532842516,0.11169773668533085,0.3611669447815534,0.7263792633656105,0.14750406052033396,1.4214936625325554,1.8847914070006713,6.711190936319455,0.19664923208380716,1.332885523649473,1.5754710993107872,0.9185119499732218
72,0.25615208562786934,0.25615208562786934,0.054508747908710485,0.7602604299257664,nan,nan,nan,nan,nan,0.27392260928911955,0.0013436644990202076,0.9553699712643678,0.2537462389187272,0.026552300275691738,0.8217310855263158,0.24752181553722177,0.008079454795588673,0.8461277173913043,0.2745845198664406,0.001049938389939867,0.9584209735576923,0.29368731830005657,0.15986383012712144,0.6282460387323944,0.1934500118556505,0.13016329936490095,0.3516667930825243,0.7941170627992405,0.13879126680804169,0.832932113862732,2.8923897720007172,13.11962064840107,0.08576911450654313,0.42415642536509157,1.6730487238636842,0.3578016241882055
153,0.2563422068671724,0.2563422068671724,0.07048596438160121,0.7209828130811003,nan,nan,nan,nan,nan,0.25743545318744915,0.0014477091750724203,0.8974048132183908,0.24530630098064682,0.05148803189922131,0.7298519736842105,0.2747708648844667,0.0121927977947751,0.9312160326086957,0.2504993332282594,0.0014051963272554658,0.8732346754807693,0.26841343532335954,0.14508841709857853,0.5767259808853119,0.2416278535988527,0.2112936339947044,0.3174634026092233,1.154030113287415,0.19445512014297944,1.3406572798301786,1.8113705240529483,4.489167398994503,0.257108597988453,1.7631281346027645,1.379193227649436,1.1866074190535647
68,0.2566976178483249,0.2566976178483249,0.04389196006860482,0.7887117622976251,nan,nan,nan,nan,nan,0.25688253301980857,0.0014818105955480322,0.8953843390804598,0.25250127055885324,0.021750134045552455,0.8293791118421052,0.28437798144275744,0.004243304454642937,0.9847146739130435,0.2815853410361662,0.000754934181401944,0.9836613581730769,0.2844240299334717,0.12817037731933517,0.6750581614688129,0.18041455109889235,0.1069511998151483,0.3640729293082524,0.7015406847303312,0.13320805575341163,1.624329727227686,2.899076037635498,11.742967327143703,0.06492376656666358,0.4111699516880238,1.3157047778386077,0.26406378774547756
69,0.2568626656279216,0.2568626656279216,0.04214487797274197,0.7936571347658705,nan,nan,nan,nan,nan,0.2843286723991309,0.001274940209357939,0.9919630028735632,0.25561469563238237,0.0176714291484932,0.8504728618421052,0.285974457525526,0.002402284013997253,0.9949048913043478,0.2777188220384607,0.0009758220076911047,0.9695763221153846,0.2543236597001806,0.10915926040117843,0.6172346579476862,0.18321568647184877,0.12138553205573388,0.3377910725121359,0.6793896026378735,0.13678890406810595,3.4993854591180504,2.8743099896913757,12.112967511436738,0.06142708636794628,0.41566013352815445,1.2101655904125637,0.27180599690921636
56,0.25699273801407513,0.25699273801407513,0.02488956790052303,0.8372506632979552,nan,nan,nan,nan,nan,0.28515856321800404,0.0012694022983090736,0.9948814655172413,0.27035134813331513,0.014659650544535847,0.9095805921052632,0.2866372279992768,0.0012921191989874999,1.0,0.28191335945736545,0.0006732945864654242,0.9850135216346154,0.26142318922498714,0.07301899912021333,0.7324336644869215,0.15647274005150197,0.058423941654626985,0.40159473604368934,0.6687943433387212,0.10185502458774652,1.4020847799078147,2.8854317425867735,11.643808379373578,0.06265677114536079,0.4011307155942567,1.3098981979854045,0.26893260473308866
103,0.25813015496401365,0.25813015496401365,0.05420770924505619,0.7679362692614071,nan,nan,nan,nan,nan,0.26520398399925954,0.0014220718518369244,0.9246587643678161,0.2435964082501865,0.018206024181839954,0.8070723684210527,0.2835144951144253,0.006193390986282347,0.9768172554347826,0.2706364427827171,0.0013369333573422994,0.9438852163461539,0.28981444921542393,0.15766427316718704,0.620189889336016,0.19601515042206943,0.14042356192584862,0.3349941216626214,0.8781463374646556,0.1565092023054715,1.5011295809017242,3.220509552732053,12.75935423361383,0.05861117780309034,0.3744321301896463,1.2067090154819575,0.296657293000619
65,0.25816749344506745,0.25816749344506745,0.03549625695221401,0.8148455846772009,nan,nan,nan,nan,nan,0.2669973853887597,0.00136458667070037,0.9310793821839081,0.26262379516533346,0.01834765533672993,0.8733141447368421,0.2866372279992768,0.0012921191989874999,1.0,0.2819342158004051,0.0007475655821055987,0.9849008413461539,0.2267835100212073,0.03497679330534409,0.7063003018108652,0.22402882629542242,0.1562488216194166,0.39347883798543687,0.6717219736573709,0.10097276368157149,1.5857077255827348,2.831614524952699,8.734135399914074,0.06137548814651483,0.443465039879691,1.3214118255711826,0.2685412558050537
194,0.2581807178627838,0.2581807178627838,0.04000394348523737,0.8036226538066499,nan,nan,nan,nan,nan,0.2579433283209225,0.003212374208678429,0.8947707136015326,0.2605083119072378,0.015172162985922255,0.8738486842105263,0.2862400320528837,0.0017550666131675306,0.997452445652174,0.28352792607737753,0.0006350099698670063,0.9907602163461539,0.2548854236618421,0.08018592109438569,0.6916341800804829,0.2059792851564393,0.13906312603940335,0.3732696829490291,1.0171906431798707,0.11193241307641306,1.2731740969310845,2.401431716748626,8.422046898355513,0.26666564511311136,0.19887297854428185,1.6839080469049057,0.7794195142326698
101,0.2586899929568717,0.2586899929568717,0.04191689006868602,0.8006227501773356,nan,nan,nan,nan,nan,0.28143249100542805,0.0012971540742658283,0.9817708333333334,0.2627636590862048,0.025229320089107776,0.8565995065789473,0.2751130969629731,0.0076277650959884185,0.9438264266304348,0.28224511223059007,0.000732099430518392,0.9860276442307693,0.28529979380135495,0.12384124049694718,0.6889461770623743,0.16528580465467907,0.09277376122528855,0.34656591322815533,0.8929627539009127,0.11425141475138127,0.935850358165654,3.1993039797126546,12.595054131846833,0.1054396848471227,0.250386535687312,1.4470304244252983,0.2879445326241697
167,0.25903903906777526,0.25903903906777526,0.06824803019759153,0.7360165612432344,nan,nan,nan,nan,nan,0.276150104080115,0.00131919743629889,0.9632273706896551,0.24623720117498607,0.028169581644980478,0.79140625,0.2271723671958634,0.01097609668290433,0.7676630434782609,0.2659730650702602,0.0012535170599026508,0.9277719350961539,0.24106908305987473,0.07970622332607806,0.6444762323943662,0.2976324138255522,0.28806356503538477,0.3215545358009709,1.708639679872679,0.1463761723694138,1.5636199404150035,1.6526107793635112,5.399886818145332,0.2194840568106164,1.5914637439463932,1.2813561173714927,1.496578642654433
179,0.2591361436704237,0.2591361436704237,0.038577950354346975,0.8105316269606154,nan,nan,nan,nan,nan,0.26954527901857445,0.0033032852620195215,0.9351502634099617,0.269169366985455,0.036787771674373845,0.8501233552631579,0.2866372279992768,0.0012921191989874999,1.0,0.27972978472693183,0.0009065543869352394,0.9767878605769231,0.2705603657090925,0.0953966850309588,0.7084695674044266,0.17917483758321165,0.09378128657280697,0.3926587151092233,1.2537160497206747,0.11004246744424331,1.2047564896943532,1.8837603329721428,11.60349949272932,0.17374704367401314,0.2217026885884617,1.082934137294025,1.2787431903609139
102,0.25925491923494864,0.25925491923494864,0.0390108159364508,0.8098651774811931,nan,nan,nan,nan,nan,0.264955142785226,0.0014149297843738984,0.9238056752873564,0.25495679505427665,0.015516815707566209,0.8535567434210526,0.286534324104922,0.0016575646164559883,0.9987262228260869,0.2824763397186971,0.0006050967600220852,0.9871544471153846,0.2785803915532825,0.10142477151463576,0.7214694416498993,0.1880265221932874,0.11344571723565086,0.3744785345873786,0.7718940019233471,0.11722527583090817,0.9181861940206141,3.2122012479652833,12.726999725620885,0.06794430458172851,0.37702308424550257,1.9551618985764072,0.1546380047786345
96,0.2592699791701218,0.2592699791701218,0.03659539269389428,0.8159564453606905,nan,nan,nan,nan,nan,0.2837064609301735,0.0012838728884497215,0.9897629310344828,0.26195329064268535,0.016849738478706827,0.8747121710526315,0.28631570600993445,0.0018610101530386358,0.997452445652174,0.2760277474725816,0.0007717791539219296,0.9641676682692307,0.2514987431765496,0.07705108249948324,0.6876178948692153,0.19611792678880605,0.12175487298976533,0.38202556128640774,0.7635649703281647,0.11739369489594446,0.6900473544861916,3.3572306463028285,11.30939564009469,0.10417008966213577,0.37165624899951166,1.155002785411035,0.3165752162309854
137,0.2596998959262223,0.2596998959262223,0.03342029889848173,0.8253988884955735,nan,nan,nan,nan,nan,0.2859776765159644,0.0012667356280972584,0.9977550287356322,0.2629643360713651,0.015543162605174252,0.8815172697368421,0.2851525944966973,0.003952083382332638,0.9881538722826086,0.2814460304152165,0.0005598993120722893,0.9836613581730769,0.26120637182632606,0.07140446381641377,0.7357111418511066,0.18145236623176433,0.10779544864680016,0.36559466019417475,1.291282509966814,0.10039942943407762,1.24271886227183,2.586313763098002,9.651090610180256,0.2104284171007196,0.8802667565429433,1.7905557806433707,1.3009580883748582
182,0.26078267645490744,0.26078267645490744,0.06203970631523837,0.7576401018040801,nan,nan,nan,nan,nan,0.2584574524416373,0.0014596862918553745,0.9009518678160919,0.2396140807921788,0.020147213109050245,0.78828125,0.28577949998160446,0.00218029453946363,0.9947775135869565,0.27637929107616727,0.0009935075066341088,0.96484375,0.2603952071836142,0.12267703251178816,0.6046906438631791,0.24407052725424264,0.2247805039326387,0.2922955855582524,0.7763114967158633,0.17261548334402244,1.2099995949161255,2.647416705854518,9.123728558198172,0.16345442383222966,0.34459295279193974,0.4195735292164322,1.0659834745404284
204,0.26083568406101815,0.26083568406101815,0.05012362635060841,0.7876158283370422,nan,nan,nan,nan,nan,0.28180322324811236,0.0012953458806905884,0.9830729166666666,0.2527876587758669,0.026443840707266252,0.8186472039473685,0.279197253176197,0.007078600098849674,0.9594938858695652,0.2736981732684617,0.0009358560373847489,0.9556039663461539,0.28302681637580146,0.13081060630640368,0.6635673415492958,0.19450097952166934,0.13417750907305553,0.34530965564320387,0.8154286966342648,0.13672314921849144,1.5229577118472373,2.8203554298580444,6.132975849154663,0.2124115146501293,1.0220901787092331,1.4877655907683047,1.6667087245330159
200,0.2611438212658688,0.2611438212658688,0.04347967870842593,0.805304177659476,nan,nan,nan,nan,nan,0.2820277937097407,0.001286468664901276,0.9838811063218391,0.258291567408784,0.030794049635455466,0.8270353618421052,0.28062806404488905,0.005973719010670688,0.9672639266304348,0.27997378121390987,0.0007974283148583898,0.9779146634615384,0.29253378184107776,0.12665934186121103,0.7072198817907445,0.17340793937681173,0.09536706476345874,0.36851012591019416,1.3750057215550346,0.13675160208832832,1.5908967180066573,2.1026270235955966,10.938624663877238,0.20962842268719498,1.0006518069871786,0.3202375474944255,1.38414238037221
140,0.26164768080875617,0.26164768080875617,0.053729536897529,0.781443040586824,nan,nan,nan,nan,nan,0.2824153819206841,0.0012902990567737302,0.9852280890804598,0.24847405618552146,0.01866959971236159,0.822985197368421,0.27777426619886064,0.008805847678404833,0.9501953125,0.27376707751860313,0.0010323219875827852,0.9556039663461539,0.28413237738772373,0.14153218447963414,0.6406328596579477,0.20332292564114382,0.15104696847041688,0.33401281856796117,0.8207249858705831,0.13439173259577217,1.249801698404062,2.585806766566317,13.823049286484506,0.21465415000914279,1.9531849092896296,1.545131796493861,0.9848121563568757
59,0.26179690162443964,0.26179690162443964,0.04470934600736115,0.8045157906671357,nan,nan,nan,nan,nan,0.2818291983645797,0.0012957915035150542,0.9831627155172413,0.25776534948334345,0.017993199802996598,0.8571957236842105,0.2866372279992768,0.0012921191989874999,1.0,0.28095604841554395,0.0007753668202230595,0.9814077524038461,0.27878930665983104,0.12781446091330068,0.6562264210261569,0.18480427882406267,0.11908513780514404,0.3491021313713592,0.722131432732483,0.12953593052734258,1.3989453242871848,2.8263225417633904,8.791735156761638,0.061677700092591985,0.4386687806107779,1.3417031586224677,0.2597749877777034
75,0.2621990182626803,0.2621990182626803,0.062414939461366496,0.7616592152659645,nan,nan,nan,nan,nan,0.2809554428020097,0.00129379808373301,0.9801095545977011,0.24841686003336044,0.018885577730915162,0.8222450657894737,0.24996672937701725,0.013540377649563224,0.8410326086956522,0.27416922179956116,0.0010093864809240503,0.9570688100961539,0.32161385670989157,0.20196022937372743,0.6207479250503019,0.19807199885424145,0.1378002674493361,0.3487513273665049,0.9990352138899827,0.1482015753309915,1.6472162873762581,2.6893662676065606,13.233951664381637,0.07524021334690888,0.6065789045750537,1.693437035262218,0.3700569053957445
63,0.2631663160582597,0.2631663160582597,0.04663401420174864,0.8044970706995372,nan,nan,nan,nan,nan,0.27997760034627506,0.00130772094455514,0.9766522988505747,0.2535877071543525,0.017169171595040823,0.8446340460526316,0.2862790642815342,0.0018097117332783186,0.997452445652174,0.28322307730152707,0.0006589428375224681,0.9896334134615384,0.25059128863224345,0.08810458979942654,0.6568080357142857,0.22533915863362597,0.17075394830066853,0.3618021844660194,0.7241864820730264,0.13153188807888846,1.4009936393975506,2.845344871919008,11.858268078418709,0.06277962306536813,0.41947652394300583,1.295955507210002,0.2403252841433762
217,0.26339218427763095,0.26339218427763095,0.0686323857653922,0.7502916805582278,nan,nan,nan,nan,nan,0.24738413899241213,0.0020310417158136756,0.8607668821839081,0.24558772084800992,0.019250440766161236,0.8114309210526316,0.28233113825911665,0.004995251171458958,0.9756708559782609,0.27706832374066265,0.0009214945830815179,0.9674353966346154,0.304351903930336,0.19969993411414041,0.5659818284708249,0.22362987989524846,0.18489615224169736,0.3204641990291262,1.6986819946356497,0.15718516953772774,1.459955202555015,2.9651739365523784,12.83429204182907,0.17434448734567895,0.4315538262935388,0.2821615745585208,0.23259671705527657
8,0.2637145712689618,0.2637145712689618,0.04749372981346156,0.8042666749077122,nan,nan,nan,nan,nan,0.26456520472533285,0.0014078096039717308,0.9224586925287356,0.26345091735469794,0.024275363243945462,0.8613898026315789,0.2864203881021321,0.0020075650821153395,0.997452445652174,0.28157319422827165,0.0006928565349649221,0.9837740384615384,0.3040847695121182,0.15819478395680453,0.6688097334004024,0.18219295369121807,0.09838400045896736,0.39171533677184467,1.0951295878304272,0.11839433934093058,1.324498988400562,3.1480274030204787,6.3911507619102075,0.278997053332599,0.5170655542200284,1.9893805340306214,0.19592759808837218
197,0.26479976856994597,0.26479976856994597,0.049230383847988744,0.803723230374839,nan,nan,nan,nan,nan,0.2537235504090281,0.005069292411719781,0.8753591954022989,0.26129491368663327,0.01439840547707597,0.8785361842105263,0.286344494498341,0.0019013140368077594,0.997452445652174,0.2835778341641321,0.0007048812913233771,0.9907602163461539,0.2548557189516875,0.07842778520439461,0.6959255533199196,0.24900209970985387,0.19488062466661096,0.38430578731796117,2.4663969434551927,0.11016639828767663,1.274421098694449,2.38208678263864,12.04282967617441,0.18859249460381436,0.17439835397211376,1.7040082449092797,0.2006818289488363
142,0.26486201677012905,0.26486201677012905,0.04506693198659992,0.8143497287289517,nan,nan,nan,nan,nan,0.28641256216643285,0.001264943354844993,0.9992816091954023,0.26287353861167057,0.017710454056338736,0.87578125,0.2837890435803201,0.00545683492549153,0.9796195652173914,0.3451129337713051,0.09636423708751934,0.9669846754807693,0.25965291139856694,0.07940001660185692,0.7102851483903421,0.1513311110924788,0.07020510589354796,0.35414612408980584,0.9328474905848994,0.10385810659812834,1.000968974065274,2.4492969829665565,3.266397151500025,0.26915904398930285,1.987387529132348,1.5498796616248502,1.0396497154139623
214,0.2651315931725919,0.2651315931725919,0.04427076268794791,0.8172836693842017,nan,nan,nan,nan,nan,0.2832942546875133,0.001281496792403583,0.9883261494252874,0.26073354662416265,0.015808215273827725,0.873046875,0.28636736756460474,0.0019333363295770205,0.997452445652174,0.2802872184438866,0.000785519282979639,0.9790414663461539,0.27827367472154974,0.10743714360413345,0.7053650025150905,0.2018334969938343,0.13837886484476605,0.3604700773665049,0.6208499879620326,0.12116064269026905,1.1675487026114375,2.9658601211786078,12.89324124404723,0.062110910218481113,0.4647480792978367,0.10762800076380077,0.3105955498002818
93,0.2661679342321995,0.2661679342321995,0.04775144256348027,0.8122091634039972,nan,nan,nan,nan,nan,0.28246086484552985,0.001282136071098112,0.9854076867816092,0.2568306712017406,0.01621590020875257,0.8583675986842105,0.2866372279992768,0.0012921191989874999,1.0,0.2770493032134488,0.0008047216142128644,0.9676607572115384,0.2601833139712245,0.09130015062611266,0.6823912223340041,0.23384622416197606,0.1756136276617179,0.3794277154126214,0.5860285379739456,0.12072714881922056,1.075293232320187,3.3670719722129823,14.50067965299754,0.08028477688155307,0.31398392980476647,1.142848436011481,0.6818819341340413
10,0.267683154289768,0.267683154289768,0.0371889753099617,0.8439186017392837,nan,nan,nan,nan,nan,0.2837137110239373,0.0012760632496040853,0.9898078304597702,0.2724107704184393,0.01143264437528867,0.9248560855263158,0.28631570600993445,0.0018610101530386358,0.997452445652174,0.2825046121568944,0.0006446781734982494,0.9871544471153846,0.27210484389578754,0.08681637400943452,0.73532601861167,0.2090492822336153,0.12110308189890606,0.42891478307038833,1.1595961894517897,0.10393855359716314,1.4348513594083463,0.8111359185132411,9.400222138087303,0.10016926417608298,0.5124598402465421,0.15099857898285698,0.23497758902490196
191,0.26839255800781187,0.26839255800781187,0.05187804784326383,0.8096788334191819,nan,nan,nan,nan,nan,0.2793517443827929,0.0013115513313123157,0.9744522270114943,0.26198621157461366,0.018400761993932743,0.8709498355263158,0.2851782713129931,0.0028161559251468817,0.9910835597826086,0.27854479877390087,0.0006898817449995963,0.9731820913461539,0.31563731062359185,0.169105514551097,0.681966800804829,0.1896570113789787,0.11894442151309445,0.36643848604368934,0.9441192601280269,0.10827191658381222,1.0651830594737537,3.2670539306987227,7.239856141277324,0.27201393744874375,0.5176454454538537,0.3541568837959166,0.7473275769383265
82,0.2689009753290558,0.2689009753290558,0.07628387893290718,0.7504437163194272,nan,nan,nan,nan,nan,0.2576615828668352,0.0014410148641440068,0.8982130028735632,0.24083128346729687,0.032344717906847203,0.762047697368421,0.2843042925197675,0.004649650832022278,0.9834408967391305,0.2746961457503777,0.0013865030889902963,0.9579702524038461,0.3006314237875713,0.18790172469092975,0.5824556715291751,0.255281123582486,0.22997966221450952,0.31853477700242716,0.9857642799115682,0.1788559471153898,2.8875809356439506,2.5003213135710802,10.241701474137868,0.05470709883856954,0.49561024456296915,0.9307056251446658,0.45699488515955966
78,0.26926235188941705,0.26926235188941705,0.07348059178297069,0.758716752155533,nan,nan,nan,nan,nan,0.27720879204978,0.0013286594444046503,0.9669091235632183,0.2426323503605899,0.03830371155745737,0.7534539473684211,0.27697876267319566,0.010188746003343482,0.943953804347826,0.27250130671607337,0.0010180553640411181,0.9512094350961539,0.26194847855328696,0.129070676815648,0.5941429828973843,0.28430442098357656,0.26097370151292953,0.34263121966019416,0.9968048124827698,0.17972714826058406,3.3824626326674503,3.297234877065865,13.343695737244882,0.08585199293502929,0.6218033474817114,1.6654144716754278,0.3665458192974227
209,0.26973927765794514,0.26973927765794514,0.05811496054818971,0.7988000704323337,nan,nan,nan,nan,nan,0.25707343596665694,0.0014976379395266214,0.8960129310344828,0.26071977125935636,0.026364587657835687,0.8466077302631579,0.2852105649495941,0.0038803887555187147,0.9885360054347826,0.27912964288070174,0.0008776538791361654,0.9747596153846154,0.2578316025038331,0.07948159763011478,0.7037066146881288,0.2784706483875288,0.2365878974270063,0.38317752578883496,1.4423889692650853,0.12217502611312499,1.38783002736114,2.8233034386057745,12.310169958248547,0.23343358659676594,0.39993620075895786,0.17701875612787796,0.302458321306681
192,0.2702859345178944,0.2702859345178944,0.04830244074383467,0.8252446689530438,nan,nan,nan,nan,nan,0.28494207742416583,0.0012716382788896187,0.9941181752873564,0.2611160992595528,0.007791157384426551,0.8944284539473685,0.2863981411240904,0.0019764193128569314,0.997452445652174,0.2847186266065545,0.0004991060953301194,0.9952674278846154,0.2718663886873967,0.08479113832734526,0.7395545145875252,0.23267427400560634,0.19348518506415954,0.3306469963592233,1.0305540587945512,0.10252225168454096,1.292231503803392,1.4171708589104708,10.927071730975479,0.18843721458198284,0.5235669807992613,0.3841531293914761,0.343979464760559
106,0.2708861249444959,0.2708861249444959,0.06750974408894038,0.7793270770833846,nan,nan,nan,nan,nan,0.2606599785181325,0.001490061879408496,0.9085847701149425,0.25462553381681463,0.020135286817224658,0.8408511513157895,0.2857957035766094,0.002253930659427033,0.9946501358695652,0.27490422084452804,0.001272159182339171,0.958984375,0.29391537647815086,0.1661941779748438,0.6132183727364185,0.25541593643274,0.21371284802039908,0.35967365746359226,0.6542794574070304,0.15453806104539627,1.4832815664403136,2.8732473863389054,12.70281296329876,0.05846939518166607,0.26378039548149407,1.4882995560993435,0.2892450702491168
196,0.27219763454933293,0.27219763454933293,0.05312496398097249,0.8198793109702341,nan,nan,nan,nan,nan,0.2785144480643624,0.0013067215429808298,0.9715337643678161,0.2622173653377209,0.01505661410438815,0.8801192434210526,0.28403177910852495,0.0034529146649783923,0.9854789402173914,0.2812268472739868,0.0007488361835814332,0.982421875,0.32082126372161335,0.16613291810361872,0.7075421277665996,0.2063741037897892,0.1320517792862874,0.3921799150485437,1.0128146080916964,0.10153267307098808,1.2900538610899757,3.2728157546164827,7.294847822964405,0.262743021916727,0.5159556435474425,0.47723357385455295,0.7495475455511172
17,0.27258199477248063,0.27258199477248063,0.07905095027855895,0.7564096060072846,nan,nan,nan,nan,nan,0.2373310811363428,0.006473283705822464,0.8144755747126436,0.27280962982454054,0.07132492912277774,0.7765213815789473,0.2849326599630271,0.004000832643890081,0.9872622282608695,0.26724963806692564,0.0012829067552343277,0.9321664663461539,0.25245018565232047,0.07717271464161886,0.6906438631790744,0.32071877399172716,0.31405103480201024,0.3373881219660194,5.621744156603519,0.14765094810167392,0.994596336484293,3.3571941726542742,9.414366997964148,0.09680732454429887,0.5101960715041757,0.29744019833243995,0.5848668549528111
107,0.2745941604319897,0.2745941604319897,0.08816345308560704,0.7406709287979459,nan,nan,nan,nan,nan,0.26723844616081405,0.0013967556596223237,0.9318426724137931,0.2448362339596302,0.019547043332955944,0.8080592105263158,0.24913044445264731,0.011758165711967061,0.8425611413043478,0.27229542795379535,0.0013157625968519,0.9497445913461539,0.25063198217378607,0.11802197323243532,0.582157004527163,0.36343242789126495,0.3769410179798097,0.3296609526699029,0.6419741558098562,0.15207701554732644,1.313353231223775,2.8995493542742827,11.69188547915676,0.0686051230687403,0.3821048093643321,1.9665307031549664,0.2864838487354059
29,0.2748155864075254,0.2748155864075254,0.12609238572420706,0.6466235881158212,nan,nan,nan,nan,nan,0.26724690083440206,0.0013906324325306165,0.9318875718390804,0.22868629294483583,0.03970028380698064,0.7011513157894737,0.1817349007851849,0.00442886109925881,0.625,0.2474604918709628,0.0012974530424247708,0.8628680889423077,0.30068187637288146,0.2085175041856155,0.5310928068410463,0.4230830556368854,0.501219579778432,0.22774174528301888,0.555223777002679,0.2319202901343777,2.0173090619967144,0.1275508610731313,4.833278203356327,0.13952713625119897,1.0898002279819088,0.4398000124573045,1.4908480322381292
195,0.27525700639722456,0.27525700639722456,0.05701735680029844,0.8208561303895398,nan,nan,nan,nan,nan,0.27434423088362514,0.0013412623175348948,0.9568516522988506,0.26853903916181,0.02307636535284974,0.8821957236842105,0.2861437182726052,0.002639249059908152,0.9949048913043478,0.2846563131432283,0.0003217230159042018,0.9954927884615384,0.26659380290014095,0.08005665102196798,0.7329366825955734,0.2712649340219379,0.2346688900336257,0.36275504399271846,0.9832533690631764,0.10200623634891834,1.302685242550465,3.2665997153997246,8.357818072087927,0.2667655617200319,0.5261010264440609,0.5508014318032561,0.7662810144577313
154,0.2761956671098037,0.2761956671098037,0.10311006027931191,0.7089096841860331,nan,nan,nan,nan,nan,0.2612041646224583,0.0014257730001772466,0.9106501436781609,0.2470064227885083,0.04759353137759573,0.7455386513157894,0.2488783398861361,0.019506442144938275,0.8223080842391305,0.2566818260826825,0.0012265517080631092,0.8953200120192307,0.26783115641061,0.14781321656036703,0.5678760060362174,0.37557209286842724,0.4010948468847301,0.3117652078276699,1.149893594936419,0.19461807408239593,1.3567879715142643,2.255145470238404,4.520762549549071,0.3133868615766514,1.757190598108693,1.3840069343562984,1.7386282164905762
12,0.27620079969100725,0.27620079969100725,0.06970574615740865,0.7924384335250038,nan,nan,nan,nan,nan,0.26061849820429606,0.0036350545741370478,0.9030771072796935,0.26823965138778905,0.03226248562711513,0.8581825657894737,0.2866372279992768,0.0012921191989874999,1.0,0.28438713256228165,0.000395591356425001,0.9943659855769231,0.29276377461315173,0.14932791121897576,0.6513534330985915,0.26455851337924813,0.23132131496881145,0.3476515094053398,1.5771858031984227,0.12378656904886408,2.404753384443878,2.197265084425963,9.590427971049978,0.092247398267242,0.23456634285103042,0.13251316466120883,0.22757888914996627
71,0.27652280593623585,0.27652280593623585,0.06468788424975924,0.8061101101524272,nan,nan,nan,nan,nan,0.28474141263341757,0.0012780638936810897,0.9933997844827587,0.26421465347516077,0.015764001707330295,0.8853412828947368,0.28581994532909805,0.0021859669389981003,0.9949048913043478,0.2834473515552987,0.0006123498697258579,0.9905348557692307,0.27406249540647604,0.1259190076535735,0.6444212147887324,0.2668509772179639,0.24236791543524658,0.3280586316747573,0.6179336598541826,0.1103580248301683,1.6170993275109393,2.662758700687219,12.133497399874873,0.06345572392226655,0.40819002013021716,1.6491175322004923,0.26781984872813214
130,0.2771860706319047,0.2771860706319047,0.11545545904349047,0.6815125996029403,nan,nan,nan,nan,nan,0.24603406032335412,0.005516889433538641,0.8473269875478927,0.24214787232180743,0.08608761335579351,0.6322985197368421,0.2657893528769764,0.01403783859298427,0.8951681385869565,0.2607005856939158,0.001669521894559052,0.9082782451923077,0.31427971141283345,0.23133025291961662,0.5216533576458753,0.33416484116254114,0.35409063806445074,0.284350348907767,1.064744918191213,0.2409123970625665,1.234328194794231,2.0539330835353593,13.933382235481822,0.2362852349288698,0.8718424599683414,1.7693779589187457,0.859360593673107
11,0.27802041613552925,0.27802041613552925,0.08367060534857283,0.7638949431029203,nan,nan,nan,nan,nan,0.2611656349365945,0.002215940635370188,0.9085398706896551,0.27895875983441054,0.06752417166291154,0.8075452302631579,0.28620777024396227,0.0017099000806775704,0.997452445652174,0.27318904146785533,0.0010794417088436112,0.9534630408653846,0.2637538296545821,0.13928805769347727,0.5749182595573441,0.30484746067577084,0.2902061203101568,0.34145081158980584,1.4453267643415315,0.15798616694209966,2.9101230886177563,1.5865784492096215,10.611206813016242,0.09877104573428215,0.2776520426689031,0.16041995057723016,0.8568232824443194
198,0.28252255853381286,0.28252255853381286,0.07376634649259754,0.804413088636851,nan,nan,nan,nan,nan,0.26599423799968974,0.0013790021650828496,0.9275323275862069,0.26042679831337523,0.016143570270304237,0.8711348684210526,0.2866372279992768,0.0012921191989874999,1.0,0.2766469960404008,0.0007372848411765224,0.9664212740384616,0.258410513112935,0.07602899401203249,0.7143643108651911,0.34701957773719955,0.34701710846800166,0.34702575091019416,1.3625030073975013,0.10925760391447632,1.2887850249329786,2.099834966582475,6.924351223468481,0.21019602684073072,0.45851928582074336,1.4844027779616813,1.641565335241259
169,0.2828661672984531,0.2828661672984531,0.08942335756161883,0.7664731916405386,nan,nan,nan,nan,nan,0.276184407641534,0.0013133431119406245,0.9633620689655172,0.25799482918817573,0.041143418758182844,0.8001233552631579,0.2703860883050217,0.012015387757465149,0.9163128396739131,0.26564500689463616,0.0011998846524906236,0.9267578125,0.2460649900192644,0.08551525665071266,0.6474393234406438,0.38092168174208646,0.395352854438921,0.34484375,1.96962242753006,0.14685040371171906,1.1187020502610836,2.9596736640114827,4.892424985282348,0.2864552314373861,1.468267422757746,1.27462676389767,1.0010275543368021
14,0.28338519805982026,0.28338519805982026,0.0727419662221655,0.8099932776539568,nan,nan,nan,nan,nan,0.2560749736047353,0.00329064312325774,0.8880357998084292,0.2691406012199447,0.013918552234238362,0.9071957236842105,0.27738825600266304,0.0045969551428585945,0.959366508152174,0.2802533847603556,0.000693080010651632,0.9791541466346154,0.25652208435129487,0.06371467060690335,0.7385406187122736,0.3609318884199278,0.35023789621508333,0.38766686893203883,1.6551739897916873,0.10006497979867336,2.952461368508807,2.1253093302742205,9.740504025098213,0.09391487959350327,0.23644438439018442,0.1303406172799029,0.4233703721758968
98,0.2833893439550506,0.2833893439550506,0.07422983236287446,0.8062881229354909,nan,nan,nan,nan,nan,0.2724808658615997,0.001390597263710832,0.9502065373563219,0.26027128094946045,0.01789130648713939,0.8662212171052631,0.2859488129865807,0.0023663816594737663,0.9949048913043478,0.2783286105945024,0.0007477952169186776,0.9722806490384616,0.2998419370812468,0.13624312338255834,0.7088389713279678,0.3034645562569135,0.28673979016744583,0.34527647148058255,0.8849779894330623,0.11731765159391455,0.6856697711732034,3.40421557617005,11.330232328034905,0.06870107853880404,0.36808192933402045,1.1732964805444577,0.32577049261514907
25,0.28398940941334283,0.28398940941334283,0.15392926124955755,0.6091397798228059,nan,nan,nan,nan,nan,0.21297322691076007,0.012512373996903131,0.7141253591954023,0.24817111270870354,0.08053166305534283,0.6672697368421052,0.19561058316809113,0.007856175130979734,0.6649966032608695,0.228910803148912,0.0016950763315536498,0.7969501201923077,0.3016610573392321,0.22619243198518646,0.4903326207243461,0.5166096732043581,0.5947878469973796,0.3211642387218045,3.5483517615199673,0.258869676932892,0.5410839040024055,0.1344322609311428,4.3866630243390645,0.29582633882721726,0.10758561266612916,0.7923679229959932,0.10978347144447287
190,0.2849154105969984,0.2849154105969984,0.07635686626731286,0.8063117714212121,nan,nan,nan,nan,nan,0.26478673738165126,0.0014126392308634057,0.9232219827586207,0.2716746058503155,0.03230990871675744,0.8700863486842105,0.2857422214745514,0.0025866644121979813,0.9936311141304348,0.28213721056514957,0.000581037098901698,0.9860276442307693,0.253152172638094,0.07244624088850257,0.7049170020120724,0.35199951567222865,0.3488047072566541,0.35998653671116504,1.000980024128054,0.11019015700307985,1.0584133204197033,3.0907210400612675,3.4964676522867326,0.2651506193874269,0.5188390695132018,0.3841676082879769,0.25625740000578984
193,0.2870931475714864,0.2870931475714864,0.09694742842758669,0.7624574454312355,nan,nan,nan,nan,nan,0.27475162810815823,0.0013369057882030556,0.958288433908046,0.23817769573064634,0.018744826654483786,0.7867598684210526,0.27589306356181625,0.008719718334368782,0.9438264266304348,0.2742640281076771,0.001277331658440181,0.9567307692307693,0.25600971560593083,0.11514461291470157,0.6081724723340041,0.4034627543146897,0.4364611752153228,0.3209667020631068,0.9940897180664022,0.15971736948222945,1.279363131254424,3.0928217447046165,7.445969725895234,0.26251879501879366,0.5162097516542641,0.41324683181489724,0.23279136005497383
54,0.2885406497332371,0.2885406497332371,0.09215810697572545,0.7794970066270164,nan,nan,nan,nan,nan,0.2619405735241554,0.007617186075579941,0.8977490421455939,0.26139229814852794,0.03442783582899171,0.8288034539473684,0.27471719872385414,0.005799730387308785,0.9470108695652174,0.27548572902044693,0.0009594677440102834,0.9618013822115384,0.25429116838648885,0.08435270616361959,0.679137323943662,0.4034169305959497,0.41979171565484236,0.36247996794871795,1.8067297646375577,0.12930517287068727,1.6573169840886184,1.1893376105926645,10.404810855838445,0.07930047206980004,0.3006129675806937,1.6527675296113236,0.35397658012226807
177,0.290114130227403,0.290114130227403,0.10664180171021309,0.7487949515203777,nan,nan,nan,nan,nan,0.27827031152156234,0.0013241257853596334,0.970635775862069,0.24102096087647965,0.02168098996391352,0.7893708881578947,0.27489865356451926,0.008907028033805171,0.9398777173913043,0.2705200859307123,0.00099374530299719,0.9443359375,0.288690346146821,0.16195697756329586,0.6055237676056338,0.38728442332432345,0.4449879436119072,0.24302562260536398,0.7467075420814057,0.167176121118696,1.202620042490764,1.9324612270456352,11.54561265497164,0.24987214834685367,1.303840317691731,1.5677685908335246,0.9270543125887981
43,0.29133314952364814,0.29133314952364814,0.10825264123218638,0.7490344202523023,nan,nan,nan,nan,nan,0.2600274892992873,0.0036038585822205913,0.901086566091954,0.2594191556158745,0.05939569944117158,0.7594777960526315,0.2748544217426982,0.009762223048473136,0.9375849184782609,0.2732205236265657,0.001168588846422634,0.9533503605769231,0.2699014352749525,0.12678995204086907,0.627680143360161,0.41057587158251047,0.4487955254339613,0.3150267369538835,2.276696952842541,0.16542883518885437,1.1538020736747847,3.188559156173704,7.919838636340307,0.23560703993786833,0.46033242044764316,0.22242168369192927,0.5209554400251903
211,0.2917664501363986,0.2917664501363986,0.09098600385025192,0.7937175658517653,nan,nan,nan,nan,nan,0.2799376908728699,0.001305726992132781,0.9765176005747126,0.26860776680423776,0.03934857089435388,0.8417557565789474,0.2821850215734524,0.00784775302892028,0.9680281929347826,0.2724675821134996,0.0009257688050532205,0.9513221153846154,0.2868174834684404,0.13187961267070586,0.6741621604627767,0.36058315598589175,0.3646085907103455,0.3505195691747573,1.4931457368729237,0.12052830877131356,1.454543944426629,2.8385719397826747,12.214726722330255,0.11974261598182093,1.526197216641819,0.1343477228229795,0.3034265035157212
37,0.29304029794921443,0.29304029794921443,0.14686580431572074,0.6584765320329484,nan,nan,nan,nan,nan,0.24710562728292915,0.008962724939395806,0.8424628831417624,0.2800289887312504,0.120486307907961,0.6788856907894737,0.1998625242320666,0.008662832837936656,0.6778617527173914,0.2631005827062872,0.0017843254041867418,0.9163912259615384,0.27079166524498816,0.14998987057839588,0.5727961519114688,0.49735239949776494,0.5913087642264483,0.2624614876760563,1.1245589805798821,0.19795810430855315,1.7484101174344289,3.484999169470789,6.362380360711347,0.050443842544751885,0.3367661374732585,1.0340463969038725,0.17081921696551158
160,0.2934093633066163,0.2934093633066163,0.1362389254137312,0.6863354580388291,nan,nan,nan,nan,nan,0.22822421280576827,0.00276341900087244,0.7918761973180076,0.2510945406449501,0.05947643585029856,0.730139802631579,0.2697801390982069,0.013459857780967938,0.9105808423913043,0.25394683685948755,0.0011836244878979303,0.8858548677884616,0.30239182393165587,0.2067646752347005,0.5414596956740443,0.45501862649962926,0.5337855401276499,0.25810134242957744,1.1479628144408913,0.19520494565058405,1.3471323317719164,2.268911481281188,5.983092731847759,0.30844035279926424,1.7296222951749964,1.3898083208996346,1.1537873892180035
166,0.29358394627847073,0.29358394627847073,0.09538186698443023,0.7890891445135718,nan,nan,nan,nan,nan,0.28661735080737083,0.0012642911303191084,1.0,0.2507709500650049,0.018143474827848914,0.8323396381578947,0.2807218395103492,0.005850249227532247,0.9679008152173914,0.27352664510281194,0.0011013656439367212,0.95458984375,0.2509786050332656,0.08975976032624985,0.6540257168008048,0.4188882871520218,0.45617206075069455,0.3256788531553398,0.5417216421777207,0.1281297658913303,1.971168781911763,2.5059102006085423,5.4008998682869755,0.2241231675960314,1.6409098789196903,1.239106033505258,1.6029168709463348
3,0.29386720969527386,0.29386720969527386,0.09170779765284758,0.7992657398013395,nan,nan,nan,nan,nan,0.27019053502293583,0.0013809731700411441,0.9422144396551724,0.26061634168556547,0.015759259938739008,0.8727590460526315,0.2863981411240904,0.0019764193128569314,0.997452445652174,0.28065432843291693,0.000758607883006763,0.9803936298076923,0.2424955173970977,0.07625806037203331,0.6580891599597586,0.42284839450903683,0.45411346524040824,0.34468571768060835,0.7136667242004338,0.12268737676545537,1.5550781477524749,3.0443384187418783,8.329419791575969,0.10020400107204505,0.21770497103014722,0.15006324982043845,0.30723194747461124
155,0.2944080098434714,0.2944080098434714,0.13165942820907803,0.7012794639294547,nan,nan,nan,nan,nan,0.23239085184496525,0.0020294243837175353,0.8082944204980843,0.23624705574926563,0.03403535173318238,0.7417763157894737,0.26942540750121435,0.014440815066917412,0.9068868885869565,0.26078054024174135,0.0014208813384378317,0.9091796875,0.3126932840890169,0.20560573353951303,0.5804121604627767,0.4549109196346247,0.5324243631926999,0.2611273107394366,1.1485945256716314,0.19469167130198978,1.3440756312070135,2.1786799079591352,4.475617241885921,0.2852113432007136,1.4066957180230526,1.2506953936658354,1.1636034424070016
164,0.2951729075207408,0.2951729075207408,0.09910861129720487,0.7853336480795807,nan,nan,nan,nan,nan,0.2592889946800139,0.0014564603681113295,0.9038703304597702,0.26149653694115343,0.02171192803340421,0.8609580592105263,0.2767522507846848,0.00910736305508036,0.9458644701086957,0.27320276230367435,0.001008506648221014,0.9536884014423077,0.23923417953151035,0.07100368132399372,0.6598104250503019,0.4610627208834083,0.49036372835441855,0.38781020220588236,1.607794073365803,0.12813581991092093,2.0579157997392867,1.7312930589036726,5.179850270453685,0.35133878886983166,1.5217021741730892,1.311606577055396,1.4651262666698315
66,0.2952598730163419,0.2952598730163419,0.10074530219452338,0.7815463000708881,nan,nan,nan,nan,nan,0.2728739906054428,0.0013482994912979943,0.9516882183908046,0.24917914254538281,0.018957707458272736,0.8247327302631579,0.28566949914395384,0.002484853149361382,0.9936311141304348,0.27942210801458145,0.0009265281434908442,0.9756610576923077,0.25735327986556655,0.11857867128865429,0.604289801307847,0.4270612179231241,0.462175753636063,0.3392748786407767,0.7440711130427415,0.13997404850734158,1.3940759755446952,2.7893091656707254,8.74907482256091,0.06041871686273704,0.41807383594023695,1.3659552955177776,0.26885325923703834
87,0.29594478622331694,0.29594478622331694,0.12221541628470152,0.7302682110698554,nan,nan,nan,nan,nan,0.2548726748567487,0.008330365489103264,0.8712284482758621,0.2436514228035828,0.03575014981975273,0.7634046052631579,0.27973126093116807,0.007928113129722202,0.9592391304347826,0.2702220451292972,0.0011624256810159944,0.94287109375,0.25003065356324905,0.11500770372094297,0.5875880281690141,0.477160660055856,0.565113739867672,0.2572779605263158,1.4785268101248876,0.18710531694036953,1.0854135306104662,3.062252527705746,14.281393599790052,0.05567549258585246,0.31189964294368855,1.5300682993568844,0.21732852332670652
94,0.2961946714609873,0.2961946714609873,0.09119700368757326,0.8086888408945224,nan,nan,nan,nan,nan,0.28599074942002567,0.0012670779236681046,0.9977999281609196,0.25230973644566884,0.017674420497620528,0.8388980263157895,0.28516106542423847,0.003301578550455514,0.9898097826086957,0.2844294691363167,0.0005450067908433539,0.994140625,0.253528179989532,0.07964078498333269,0.6882466675050302,0.41574882835014215,0.4447531533795194,0.34323801577669905,0.5668908891658976,0.11705671903589365,0.7195997571391062,3.1624432756085894,14.221210023325348,0.10731221569406024,0.7123198409797786,1.8780800278279413,0.32410920598100185
170,0.2964417878167291,0.2964417878167291,0.10714407575451006,0.7696860679722767,nan,nan,nan,nan,nan,0.2807651510251618,0.0012967861478701676,0.9794360632183908,0.24523999646943098,0.02116494242562439,0.8054276315789474,0.28009070655569623,0.006902804395365945,0.9630604619565217,0.27663348936383714,0.0008535918401412089,0.9660832331730769,0.2909680556706738,0.1568899861884403,0.6261632293762576,0.4049533278155748,0.4557563435296183,0.277945788530466,0.7222755015972413,0.1462055543683166,1.438226077683162,2.1160626327960363,4.910318069653552,0.28456346604388355,1.2408582960506795,1.2709646920637472,1.4827526103962043
133,0.29646938797667055,0.29646938797667055,0.1247193485658933,0.7258444865036137,nan,nan,nan,nan,nan,0.24844134751560845,0.0014816796253000707,0.8658405172413793,0.24473040089982853,0.0385847323123915,0.760094572368421,0.2762614946717737,0.010662152323091794,0.9402598505434783,0.2598990455083858,0.0012234473655861958,0.9065880408653846,0.30255141706797006,0.17720000200380998,0.6159299547283702,0.44693262219645674,0.5191640777651803,0.2663539832746479,1.0622190086244854,0.1730347778106711,1.1525540686543936,1.7771723625608475,13.068111643304198,0.2339663035816685,0.940503995056383,1.0543117344821755,1.319343928852541
6,0.2968139231819638,0.2968139231819638,0.09388059221621636,0.8041472505963322,nan,nan,nan,nan,nan,0.2885556851259546,0.004929826992428261,0.9976203304597702,0.27985627144375025,0.04056522738967141,0.8780838815789473,0.2866372279992768,0.0012921191989874999,1.0,0.2790296831793732,0.0008278545280454872,0.9745342548076923,0.25314972765946475,0.0738449808962888,0.7014115945674044,0.39365494368396314,0.44182354429187676,0.2732334421641791,1.2603290241999836,0.10328780971991533,3.1658306811116037,2.63617243145581,9.930619540524093,0.07772773598732421,0.4655951404639107,0.16877066466113821,0.41740342270540004
216,0.29702326596972967,0.29702326596972967,0.11478134630966258,0.7526280651198974,nan,nan,nan,nan,nan,0.25263172164686293,0.006114965861163542,0.8689236111111112,0.2499200696404153,0.03772526854921292,0.7804070723684211,0.2856334680539967,0.0025363117973344297,0.9933763586956522,0.27162169094455696,0.0012739730916105072,0.9474909855769231,0.25590674445191397,0.10552484967734757,0.63186148138833,0.46642590108063253,0.5355127088813065,0.29370888157894737,1.7683551360730634,0.15598795138658222,1.1593955662447146,3.1464204325780107,12.9468605038707,0.11650115256863489,0.4277512694100712,0.11201330195734632,0.23338083912602559
81,0.29703651805969017,0.29703651805969017,0.11540661089109154,0.7511112859811867,nan,nan,nan,nan,nan,0.2707003977255588,0.005165901643368538,0.9345366379310345,0.24558513957106332,0.026656366452120182,0.7929070723684211,0.28528749823490573,0.003580486659302746,0.9895550271739131,0.2772850862790028,0.0011348179059884592,0.9676607572115384,0.2750333834094035,0.149156394720851,0.5897258551307847,0.42832760313820695,0.5067456979649183,0.23228236607142858,0.9953247610276776,0.15087908575714468,3.2914735886755553,3.07509378621669,13.467887665551306,0.05403674065562156,0.4936968354675836,1.6264807426144288,0.21773375432524394
77,0.2974924267170665,0.2974924267170665,0.13423222050111575,0.7056429422569434,nan,nan,nan,nan,nan,0.24312917145233126,0.005778349611807803,0.8365062260536399,0.2367784819549212,0.05584020368425809,0.689124177631579,0.2858634545191411,0.0027563906746235316,0.9936311141304348,0.26986190372258245,0.0011540209808461775,0.9416316105769231,0.2805659715558309,0.1728445483069358,0.5498695296780685,0.46875557709759214,0.5670198097482231,0.2230949954710145,0.9651615092340485,0.22130670782156076,0.8413886235620769,2.6518100512007,13.483784836759348,0.0873123525171255,0.6048028320022332,1.6722834942679619,0.3847187889963933
26,0.29754052486068705,0.29754052486068705,0.1766001023690699,0.5998915810897298,nan,nan,nan,nan,nan,0.20342251463515526,0.0018892216386426105,0.7072557471264368,0.2437028674546773,0.08641427759444295,0.6369243421052632,0.19806065238253756,0.010165348118161204,0.6677989130434783,0.23784128358161374,0.0013071239373361272,0.8291766826923077,0.3154540712797484,0.24172687182384092,0.4997720699195171,0.5867617598303901,0.7180977711019957,0.25842173165137616,0.5196390080345978,0.25243342417811077,0.6086002246969985,0.17647642712675693,2.4001990221724068,0.3308636654081333,0.123520404573858,0.80642607112271,0.10640117230567817
2,0.29768804946022986,0.29768804946022986,0.09455397328183424,0.8055232399062188,nan,nan,nan,nan,nan,0.28055193677483226,0.001303602289362825,0.9786727729885057,0.2611839620406382,0.017606560014788157,0.8701274671052631,0.28576044082617763,0.002612171504474687,0.9936311141304348,0.27540809154898244,0.0008958473993446481,0.9616887019230769,0.2595518993365941,0.09515082808531625,0.6705545774647887,0.42367196623415426,0.44975483039771885,0.3584648058252427,1.7920311427835551,0.12131034241399906,1.1303141494261375,0.6003010209163409,8.36249612758939,0.08201731897218283,0.7762131631362897,0.24606907916487988,0.3226178376118616
7,0.2979596957247856,0.2979596957247856,0.0894021989715883,0.8193534376077786,nan,nan,nan,nan,nan,0.2845324878305392,0.0012729254914904938,0.9926813936781609,0.26527326314533306,0.01564243682451885,0.8893503289473684,0.2866372279992768,0.0012921191989874999,1.0,0.2813765840504435,0.000778179209082443,0.9828725961538461,0.24932438723683806,0.06724139062251891,0.7045318787726358,0.4206142240862826,0.45018614248293154,0.3466844280946602,0.936760151818652,0.10190472674804363,1.456939245151822,0.8842470622080575,9.301928799233071,0.08152415503570883,0.5613322487050202,0.15019789850765897,0.31347849430045543
163,0.30117781205488153,0.30117781205488153,0.10877011936591385,0.7821970437773008,nan,nan,nan,nan,nan,0.28283518724409673,0.001285354095758353,0.9867097701149425,0.25715599761851665,0.018702607192239023,0.8532894736842105,0.2787795216649622,0.008837525983120958,0.9536345108695652,0.27570656387986553,0.0009080596241194059,0.9627028245192307,0.2533169456465711,0.09701042410640667,0.6440832494969819,0.4592726562752771,0.5258767451938386,0.29276243397887325,0.9386546277836085,0.12925359448256132,1.5518079762579466,1.741544053838184,5.846065626557319,0.35319345639706984,1.4773097579585108,1.2505830760057766,1.9973006759029441
13,0.30117781941821253,0.30117781941821253,0.08859400679019826,0.8326373509882483,nan,nan,nan,nan,nan,0.2859781531927398,0.0012674029755828365,0.9977550287356322,0.267499473740333,0.014186763236466133,0.90078125,0.28612771850138674,0.002107338510637105,0.9961786684782609,0.28024538900615914,0.0006818859547766306,0.9791541466346154,0.2556055887181861,0.05665001233423311,0.7529945296780685,0.4316105933504706,0.45667063772949373,0.3689604824029126,0.9230972795135634,0.10164625333998262,1.5458922677135476,0.7633107901771548,12.84109147384206,0.17910086913990264,0.5471925600080972,0.16490199055384167,0.31670628476482654
180,0.30127230802147437,0.30127230802147437,0.0986974332101908,0.8077094950496831,nan,nan,nan,nan,nan,0.2849465660935588,0.0012779224160397052,0.9941181752873564,0.2650521516349463,0.03662399913102997,0.8361225328947368,0.28544378926751274,0.0031878810614743283,0.9910835597826086,0.2837372501706444,0.0003871983158251943,0.9921123798076923,0.258117599296557,0.07681672654033067,0.7113697811871227,0.43033649166562715,0.4738908717964449,0.3214505413385827,1.2566581849922989,0.11166450813709371,1.2121765383154357,2.0154453451086987,11.538632791696825,0.2491344813878113,1.1325594013743971,1.4949265083557461,1.238670635644988
88,0.30167647030770145,0.30167647030770145,0.13686474977724045,0.7137057716338541,nan,nan,nan,nan,nan,0.24723958682103261,0.00374437748814295,0.8559776101532567,0.24540716050953906,0.03403055102914414,0.7738486842105263,0.23203934047357921,0.01284760383692391,0.7800186820652174,0.2727988998875948,0.001119180996478885,0.9519981971153846,0.32103141817828657,0.20767776311559719,0.60441555583501,0.4915424159761766,0.5617690221971556,0.3159759004237288,1.5658359799638149,0.1873752475943735,0.6867384852028438,3.0408086188279695,14.579626224854634,0.05199639217275461,0.4964873228216197,0.9411610232013579,0.2206208225847415
35,0.3021707340256739,0.3021707340256739,0.13768776742089198,0.7133781505376287,nan,nan,nan,nan,nan,0.26870144847268257,0.0013975451031349076,0.9369612068965517,0.24362108495585286,0.05062543999082554,0.7261101973684211,0.2653890156800526,0.013681170865117076,0.8946586277173914,0.2583849507526292,0.0014023925921423464,0.9008413461538461,0.2700349730936171,0.15309926414192915,0.562374245472837,0.5068929311992092,0.6059207918322029,0.25932327961672474,1.2286368749144985,0.20012931509547388,1.819393636687589,2.7529813254125437,7.272267619875194,0.1280545184760753,1.0489492125990583,1.979716825043435,0.19317096747971857
162,0.30344734591755995,0.30344734591755995,0.11583066646345254,0.7724890445528283,nan,nan,nan,nan,nan,0.2696986395763077,0.0013568310390146472,0.9405531609195402,0.2547956638048378,0.02030767932677289,0.841015625,0.2846324820404322,0.005109116160952764,0.9834408967391305,0.27702222142346616,0.0008118792236218112,0.9675480769230769,0.24752772739361575,0.09689721875347657,0.6241039989939637,0.4870073412667001,0.5705012742768766,0.27827250874125875,1.600623801134355,0.12549959824543008,1.9801531162728423,2.2967591034158685,5.521311590358437,0.22123147810449906,1.5805435777649035,1.4249934793914747,1.972048359792389
201,0.3045806607464202,0.3045806607464202,0.11045999568925848,0.7898823233893245,nan,nan,nan,nan,nan,0.27868694125377524,0.0013147349966645687,0.9721174568965517,0.2650876219221713,0.0393628022699871,0.8293996710526316,0.28389621859238995,0.004180249507606754,0.9831861413043478,0.27689942735415113,0.0011357607958115516,0.96630859375,0.2572168828439095,0.08099146294324384,0.6977804325955734,0.46569687251212427,0.5357749636222371,0.2905016447368421,1.3602093070144698,0.13635584878790355,1.5170136168803534,2.167106558406644,4.104063394420475,0.187903065232566,1.015528047393741,0.32933654330054635,0.3411292779703117
9,0.30536267838682973,0.30536267838682973,0.12420333082273362,0.7582610472970699,nan,nan,nan,nan,nan,0.27370957644896415,0.0013507346147567162,0.9546066810344828,0.24364094589980687,0.03140160057551906,0.7742393092105263,0.2838991813252243,0.005712929942270508,0.9793648097826086,0.2728096800211311,0.0014948501065065543,0.9510967548076923,0.24528155613869104,0.10184488281951953,0.6038732394366197,0.5128351304871609,0.6034149868778294,0.28638548951048953,0.8637728834745703,0.1518902230066067,1.5194859977975688,2.957073767932071,6.327961875582885,0.2527415594844899,0.40580943868986835,1.9594204881553987,0.3094632889526737
1,0.3055385011356773,0.3055385011356773,0.11770474400444103,0.7751228939637679,nan,nan,nan,nan,nan,0.2628353442537041,0.0013926141390937742,0.9164421695402298,0.26367620022833616,0.036646680319670534,0.83125,0.2850675765021309,0.003782107102983239,0.98828125,0.2716463127218861,0.00121829934910207,0.9477163461538461,0.28135697675871646,0.12145572822679054,0.6811100980885312,0.46864859634929007,0.541733034889006,0.2859375,1.7743022997709772,0.13441121611649756,1.301518429138376,3.0062851639165857,6.955411338572091,0.20987850457955712,0.8556072195114737,1.4631737607056678,0.24580254229724313
143,0.30584799372307714,0.30584799372307714,0.11948015028021143,0.771767602330241,nan,nan,nan,nan,nan,0.2749015983844999,0.0013133871635872154,0.9588721264367817,0.25201760226017056,0.01876214316423867,0.83515625,0.27455892322311454,0.009858035990621171,0.9363111413043478,0.2748559623227198,0.0010693809056539117,0.9593224158653846,0.2432119046341229,0.07970064033083034,0.6519900653923542,0.5155419715138349,0.6061773141263374,0.2889536149825784,1.1576572977992812,0.13472715465154808,0.9916060669285035,2.3881384188006063,9.642965856200615,0.27489433329205704,1.9894481443412635,1.5678194433159829,1.4894502310570472
156,0.30753171930836914,0.30753171930836914,0.15910747382489354,0.6785923330170581,nan,nan,nan,nan,nan,0.2678265444757794,0.0014119036454014887,0.9338631465517241,0.24472457773258244,0.06716210619403647,0.6886307565789473,0.21175697855833311,0.008959769981666308,0.71875,0.25618031728298324,0.0014258816961765087,0.89306640625,0.3016518112955717,0.1886983507031364,0.58403546277666,0.563050086504965,0.6869868307289441,0.2532082259450172,1.1314570827556496,0.19810095146510112,1.3534121044642555,1.559183257679081,4.598135965217776,0.2588044224961898,1.6702467607609555,1.3889579753452115,1.6339176023099964
45,0.30884253042844545,0.30884253042844545,0.13397601247580737,0.7460088253100406,nan,nan,nan,nan,nan,0.2573040815704783,0.0014793061526925347,0.8968660201149425,0.25181422908226603,0.04619946018885661,0.7658511513157895,0.2786553075302454,0.006727484890169591,0.9584748641304348,0.2705423085520529,0.0012952896651817624,0.9436598557692307,0.3242312052792755,0.19798492984571409,0.6398468938631791,0.4705080505563545,0.5501696041122296,0.2713541666666667,2.1009738845709327,0.16390619226641917,1.2797700564823307,3.056212204210424,7.7591399972620785,0.1823567518651479,0.6693230287940561,0.2082613516683592,0.5160361842696928
136,0.30886906040425166,0.30886906040425166,0.1341041918920388,0.7457812316847838,nan,nan,nan,nan,nan,0.2784695250762262,0.0012977086699350127,0.971399066091954,0.24912553511732663,0.019803709690572973,0.8224300986842106,0.2419069117552001,0.013160165587714873,0.8137737771739131,0.27652168481432704,0.0010576423939039482,0.9651817908653846,0.24521902077499674,0.0825671924652771,0.6518485915492958,0.5619716848874333,0.6867387325448288,0.2500540657439446,1.3248737927106773,0.14220854688188328,0.9997996542871634,2.566233800335216,7.493401589141256,0.20351724410532535,0.9239428073582047,1.7454003629433235,0.4852447070199364
113,0.30891591610262414,0.30891591610262414,0.1251450287293353,0.7683431345358461,nan,nan,nan,nan,nan,0.2782917157244094,0.0013181721291157425,0.9707255747126436,0.25221079144031544,0.019155963279599432,0.8348478618421052,0.2664100690846236,0.00986268367499474,0.9077785326086957,0.276808447037598,0.00105346046802181,0.9661959134615384,0.2705077668913636,0.11957166338633955,0.6478480256539235,0.5092667064374348,0.5999082294379405,0.2826628989361702,0.6744966896950342,0.1399118681060457,1.7691302658688954,2.7842804306570064,11.636858557788479,0.06910883784042883,0.4379528064824326,1.546275012593664,0.4144139140065796
100,0.30928330343029203,0.30928330343029203,0.11897212686755874,0.785061244837125,nan,nan,nan,nan,nan,0.2591093591045761,0.00333021002610001,0.8985572318007663,0.26506820249834434,0.02203298349768202,0.87265625,0.28642133636857864,0.002008892655140493,0.997452445652174,0.2766757624172981,0.0008677019996019202,0.9661959134615384,0.24354527256888242,0.06678707374935286,0.6854407696177063,0.5248798876240726,0.6188058992774751,0.290064858490566,0.8950426498883757,0.11684630327492433,0.9018859758503268,3.392438062320098,12.574386505583309,0.10864544463677697,0.2547140069264166,1.1500911214726153,0.32754058742755243
84,0.3100836692368276,0.3100836692368276,0.13618305643644663,0.7448352012377802,nan,nan,nan,nan,nan,0.26687821284658225,0.0014132623530312195,0.9305405890804598,0.23505234907292938,0.01866210449157476,0.7760279605263158,0.28360952968846886,0.004797906781247683,0.9806385869565217,0.2646543234448198,0.001390451861209274,0.9228140024038461,0.2965695701388399,0.18156434990463743,0.584082620724346,0.5137380302293258,0.6092702632269794,0.27490744773519166,0.595908753335716,0.1828295125619502,2.689292263931409,3.035216674041453,10.07591666131292,0.05491098909075437,0.3000709799843478,0.9142062016210123,0.43712369165260767
85,0.31065131546206076,0.31065131546206076,0.15704594400055172,0.6946647441158333,nan,nan,nan,nan,nan,0.2432447554192119,0.007598452606053667,0.8323605124521073,0.2555095522500378,0.057672254729000304,0.7501027960526315,0.217004600091548,0.011466086867297613,0.730850883152174,0.27834590748749016,0.0013579483671015806,0.9708158052884616,0.3060460067686063,0.18019353422453976,0.6206771881287726,0.5637570707554705,0.6839873872093174,0.2631812796208531,1.4668279519550336,0.18386709984140287,2.5006543683971234,3.0350572568848393,10.040055413858799,0.055384925095594444,0.3139078686928461,0.9182685284717819,0.2120568256478585
178,0.3109707821187296,0.3109707821187296,0.133180677924792,0.7554460426035736,nan,nan,nan,nan,nan,0.27121037362581585,0.0013719656048778103,0.9458063936781609,0.23854109264448686,0.022913121807544724,0.7776110197368421,0.27941324277413276,0.006922425753351032,0.9606402853260869,0.2775100568927632,0.0010891998421761694,0.9685621995192307,0.2649570165818668,0.13561537653453298,0.5883111167002012,0.5341929101933122,0.6311719780062692,0.29174524066091956,0.8389891086362535,0.16510845268255958,1.6935364562666775,2.654768395233863,12.432249868225801,0.24799649906639373,0.47242474754673214,0.9960875171026132,1.2524395985498582
74,0.31199355110214416,0.31199355110214416,0.12555162340458212,0.7780983703460489,nan,nan,nan,nan,nan,0.26334829093613077,0.0014462280002382033,0.9181034482758621,0.25137233943695675,0.017077525211739414,0.837109375,0.28438826112781096,0.005276717752848302,0.9821671195652174,0.27968536339721795,0.0008443645253358674,0.9767878605769231,0.2766465237479529,0.12158581735176169,0.6642982897384306,0.5165205279667953,0.6070790875855692,0.2901241289198606,0.801542604396329,0.14112571037932262,1.6331696508441518,2.6784674507591433,13.636750822937188,0.07372219785540082,0.18728355678156175,1.6488859524582813,0.3752618131325744
64,0.31223097858504895,0.31223097858504895,0.10764510217177554,0.8236956696182323,nan,nan,nan,nan,nan,0.28390627358895143,0.001276254288899753,0.9904813218390804,0.2665966523922611,0.01492116861232338,0.8957853618421052,0.2866372279992768,0.0012921191989874999,1.0,0.2831525403110367,0.000605263166220628,0.9895207331730769,0.26461718394747186,0.10131478690271808,0.6728731765593562,0.4884759932712956,0.5264610208615039,0.3935134242957746,0.6672930072006668,0.10200321916315717,1.3604436590456381,2.8890454435727446,11.791341510664479,0.06573414052317406,0.39896290489088676,1.3292359338336388,0.2770761170689018
76,0.31245890288369554,0.31245890288369554,0.16757048678927897,0.6746799431197369,nan,nan,nan,nan,nan,0.2479565282088596,0.005640097346809546,0.8537476053639846,0.2324664914272006,0.04883302220860715,0.6915501644736842,0.24131854787160487,0.014578303976768434,0.8081691576086957,0.2529915721865861,0.0012885616381435611,0.8822490985576923,0.3026204393162426,0.19855543596829292,0.5627829476861167,0.5973998382916798,0.7365274995970522,0.2495806850282486,0.9875855060419954,0.22390181528891043,1.5989783702144702,3.277095161457932,13.57550547869522,0.07339804530083607,0.5826712247694134,1.6552853148283178,0.3712302148467957
32,0.3128032055289985,0.3128032055289985,0.15432266374790715,0.7090045599817268,nan,nan,nan,nan,nan,0.2703281029801937,0.001376010838937776,0.9427083333333334,0.23762010520228904,0.046936239388467825,0.7143297697368421,0.270110926266553,0.013922959816652392,0.9105808423913043,0.2503016102252781,0.001534033161543069,0.8722205528846154,0.3017128596109789,0.1998533605982275,0.5563616071428571,0.5467456288886984,0.6623133786836143,0.25782625440140844,0.517173835168733,0.20895873416224,1.9320865353769492,0.38612085187918255,6.939761239932284,0.13964942388277002,1.0463272876419187,0.34598652661693957,0.18557055031065026
92,0.31441161439958404,0.31441161439958404,0.1185507789413305,0.8040637030452178,nan,nan,nan,nan,nan,0.26978426692315066,0.0013689507039050986,0.9408225574712644,0.26142929329379444,0.01899443166394375,0.867516447368421,0.2866372279992768,0.0012921191989874999,1.0,0.28261345043530584,0.0007069075325050197,0.9873798076923077,0.2592832717768479,0.08400073038698341,0.697489625251509,0.5267221759691287,0.6049415341616582,0.3311737804878049,0.6257985543344536,0.11735891428824345,2.5830671467252984,2.9997330439634107,14.543622689896239,0.10702786361442855,0.2957729304135212,1.4625020657805596,0.3238810846682452
215,0.31441344350857875,0.31441344350857875,0.13968286477845654,0.751239890333884,nan,nan,nan,nan,nan,0.26246578349218913,0.0014319819465360138,0.9150502873563219,0.24201691956933932,0.025254608449706627,0.783922697368421,0.2864197478434344,0.0020066687199384843,0.997452445652174,0.2741280392447402,0.0009517309041747298,0.9570688100961539,0.2551741490119189,0.11638616274143496,0.6021441146881288,0.5662760218898505,0.6920660359089484,0.2518009868421053,0.6165474888652059,0.1574532100324659,1.1663671075075275,2.9446151659208986,11.863756479445897,0.17469348379877012,0.41928501868779733,0.11850469222675533,0.29466556319113085
4,0.3162224882455961,0.3162224882455961,0.1241615155281518,0.7963749200392071,nan,nan,nan,nan,nan,0.2799667459874439,0.0013104846123064627,0.9766073994252874,0.2601602317182389,0.020252284931850117,0.8599300986842106,0.2842066393317436,0.004614838542701906,0.9831861413043478,0.28353105038255094,0.0006844561124944228,0.9906475360576923,0.2857195084767024,0.1268150331953512,0.6829806966800804,0.5037507535768972,0.5912919957742067,0.28489764808362367,0.9376855487309009,0.12170714737937137,1.3693469949532693,0.9178103100139207,9.32280100810097,0.06670238557655042,0.6362272106875343,0.24993752143130524,0.310966922638322
28,0.31817596852422564,0.31817596852422564,0.1838377316369921,0.6540215607423093,nan,nan,nan,nan,nan,0.21465847514174702,0.0018149686467216369,0.7467672413793104,0.23354265257243143,0.05879359518035132,0.6704152960526316,0.27143655498443386,0.011193242195598658,0.9220448369565217,0.25931987899332476,0.001719705590654636,0.9033203125,0.3143262538293619,0.26898658433494965,0.42767542756539234,0.6157719956240548,0.7605182938736766,0.25390625,0.5165427096174744,0.2410259335081676,2.151062021536028,2.556079845548729,4.013549438536413,0.2908457214131212,0.12047532952207317,0.6625793673600984,0.10007470896856098
208,0.31895240060905566,0.31895240060905566,0.12820144775847284,0.7958297827355126,nan,nan,nan,nan,nan,0.2721652251959265,0.0014874934352166191,0.9488595545977011,0.2663206040617551,0.02731430621277291,0.8638363486842106,0.2866372279992768,0.0012921191989874999,1.0,0.27683115695014926,0.0009049658840551098,0.9666466346153846,0.2972746956978916,0.13443469973157537,0.7043746856136821,0.5144854937493347,0.6037751020882294,0.2912614729020979,1.4854220415920756,0.12213930214174064,1.5846927342967132,2.7863288156449975,12.353228779469257,0.14542212840548244,0.4666509127863956,0.49672189744085554,0.3058686826178175
90,0.31915812924729253,0.31915812924729253,0.23208002868140643,0.5368533806620076,nan,nan,nan,nan,nan,0.19732835214042607,0.006928993762879962,0.6733267480842912,0.3229175266964267,0.28813716895394464,0.4098684210526316,0.22526648314104722,0.01656193509311826,0.7470278532608695,0.21890565712258805,0.0015250113177770652,0.7623572716346154,0.4082727542639004,0.4146747885650339,0.3922676685110664,0.5422580021193667,0.6646522743956848,0.23627232142857144,0.5929611696128765,0.35672613650370755,1.0562845545026196,3.002390202800623,14.439334126902494,0.053672599411519646,0.33035180034887945,0.9045001552171213,0.21111185440899385
62,0.3197241571549527,0.3197241571549527,0.1350447637203702,0.7814226407414089,nan,nan,nan,nan,nan,0.2724773432592509,0.0013677058503075074,0.9502514367816092,0.2515693122664913,0.019680589804666748,0.8312911184210526,0.28487828086516925,0.003924701906889115,0.9872622282608695,0.2769158956982809,0.0010236001314393478,0.9666466346153846,0.2876217694620374,0.1350334048122447,0.6690926810865191,0.5448823413784867,0.6492385798166738,0.28399174528301885,0.7124061600539868,0.1342059388552246,1.3882058255352772,2.951508708730762,8.826968778303437,0.06411260163716269,0.3977213481949447,1.2862086112790894,0.2575999873824312
173,0.32059037066743956,0.32059037066743956,0.15166209436713585,0.7429110614181987,nan,nan,nan,nan,nan,0.24322351803820508,0.0047490363645981614,0.8394097222222222,0.25161198487161696,0.03352322618868471,0.7968338815789474,0.2809544960639304,0.006787381446024236,0.9663722826086957,0.27308078531214103,0.0010180273216127919,0.9532376802884616,0.2584752290539964,0.09809519995124891,0.6594253018108652,0.6161962106647474,0.7657996949306463,0.2421875,1.9769003980531867,0.1474930167232164,1.1197669811275648,2.9674635099863687,6.472338059231286,0.19874913090171156,1.2254208960736115,1.5885364623276286,1.372522015108442
89,0.32154147564476376,0.32154147564476376,0.2511130968704779,0.4976124225804783,nan,nan,nan,nan,nan,0.20153893010407575,0.014667672643790342,0.6687170737547893,0.3505008291439866,0.2952570818542128,0.48861019736842104,0.1817349007851849,0.00442886109925881,0.625,0.1878252659576641,0.001011261763806668,0.6548602764423077,0.41627037867047995,0.4543894456316296,0.3209727112676056,0.5913785492071912,0.7369242582301692,0.2275142766497462,0.5824041001756929,0.3738437541077253,1.099944279313606,3.029991569368527,14.318443210560897,0.39950750826645043,0.32008009262091636,1.8581058559733028,0.6956329737794081
23,0.3225977188785248,0.3225977188785248,0.2064148356920069,0.6130549268448193,nan,nan,nan,nan,nan,0.2133174911367862,0.014933999085753501,0.7092762212643678,0.2810434271812077,0.151043034895796,0.6060444078947368,0.2222617157877768,0.013476184711583131,0.7442255434782609,0.24307551468660948,0.0005671388304839566,0.8493464543269231,0.3096985529193792,0.23986570044527972,0.48428068410462777,0.6661896115593894,0.818602956183145,0.28515625,3.664166426483617,0.2625135742944471,0.5726210297428505,2.4158497249549944,4.113185991222354,0.32892987746356683,0.10585010727484079,0.5304418590705694,0.12465280857777447
202,0.32328570152832287,0.32328570152832287,0.1572577276317055,0.7383556362698663,nan,nan,nan,nan,nan,0.25397181524955204,0.005608434069679318,0.8748802681992337,0.2534849123425074,0.01823414043740506,0.8416118421052632,0.2664562245470702,0.010283958931115608,0.9068868885869565,0.2660063584189408,0.0008043344788248519,0.9290114182692307,0.3552034048827061,0.2570087356486657,0.6006900779678068,0.5445914937291607,0.6516067622245424,0.2770533224907063,2.470088823178533,0.13450806056205272,1.5264283182548954,2.08210817613151,6.919098608980714,0.20844385678050342,1.8520501616768632,1.4756549496933105,1.0666549631410793
95,0.32391569362371647,0.32391569362371647,0.13490453339786043,0.7964435941883566,nan,nan,nan,nan,nan,0.28141912247025713,0.001296397895141571,0.981725933908046,0.2603998767170602,0.0187374589828317,0.8645559210526316,0.28607164375831756,0.0025383447399054517,0.9949048913043478,0.2797438319703089,0.0010163647584324263,0.9765625,0.2521488424728475,0.09202686537747946,0.6524537852112676,0.5837108443535075,0.693811768633372,0.3084585336538462,0.7856804050197023,0.12239432077323806,1.1989752279088057,3.40632222636836,11.181835750641852,0.06792539213749801,0.3678972178774575,1.135062548667967,0.3168527619216593
51,0.3241100806706678,0.3241100806706678,0.13945993053052544,0.7857354560210235,nan,nan,nan,nan,nan,0.2826183154553197,0.001287049683424454,0.9859464798850575,0.27083137348626546,0.044632672880771634,0.836328125,0.2769217979454892,0.005880055167163138,0.9545261548913043,0.28245842505658286,0.0005800162330621055,0.9871544471153846,0.25093208065599165,0.0911973927976639,0.6502688003018109,0.5808984914243581,0.6931823964210675,0.30018872893258425,1.11257010224042,0.12777447286020757,0.7800689636180422,2.9311540578528072,8.749069363442771,0.07024974284881197,0.5359320887653889,0.2764285569787832,0.22522578118495754
33,0.32443580551194856,0.32443580551194856,0.17037231512217277,0.709594531486388,nan,nan,nan,nan,nan,0.2738902885512591,0.0013522947763603514,0.9552352729885057,0.2285688400550188,0.034848349761236866,0.7128700657894737,0.24739062203994164,0.01584415346461386,0.8262567934782609,0.270863030328706,0.001158362652496013,0.9451246995192307,0.3078407455059719,0.20686990085121781,0.5602678571428571,0.6180613065907942,0.7621608292271117,0.2578125,0.5294762128332298,0.20484927058394956,1.849145956019928,0.3155546991672177,7.0310312460938595,0.12775751456773005,1.1708434261757374,0.9969006338972555,0.17003620638098219
24,0.32504481946156977,0.32504481946156977,0.19697543269599435,0.6452182863755084,nan,nan,nan,nan,nan,0.2103237634312955,0.012891966121821304,0.7039032567049809,0.24601537841669666,0.0782044245202174,0.6655427631578947,0.25929172601923783,0.01268572620954161,0.8758067255434783,0.237900860992104,0.0013003880812532923,0.8294020432692307,0.36136448671571225,0.3138108095710112,0.4802486795774648,0.6353727011943724,0.7629592816721212,0.31640625,3.0729855377235302,0.2641299139473054,2.2100979927347035,2.3423877091783725,4.031111310313736,0.30167411657605286,0.10922051817769596,0.7251270124448274,0.10600595859326215
86,0.3270829757395434,0.3270829757395434,0.16362966040674828,0.735716264071531,nan,nan,nan,nan,nan,0.23261559319662642,0.008043295992518273,0.7940463362068966,0.24924893565534914,0.0350340362332782,0.7847861842105263,0.26356639679871074,0.009804776170368928,0.8979704483695652,0.27331149197137755,0.0012959445291592735,0.9533503605769231,0.2902294044289177,0.15731462696507226,0.6225163480885312,0.6535260323862789,0.7702852825500928,0.3616279069767442,1.4032225101878468,0.166775076387443,3.0115086949165026,3.0371963396552,10.269004713048016,0.05434783935744983,0.27876847307452096,0.9381230426662799,0.4481689267745231
80,0.3277779993168326,0.3277779993168326,0.20410182033677982,0.6369684467669645,nan,nan,nan,nan,nan,0.23495705892532115,0.003568713913074141,0.8134279214559387,0.2495021049737313,0.1069427495948027,0.6059004934210527,0.26381530572838013,0.013566971497993099,0.8894361413043478,0.24344483168467457,0.001895480704698195,0.8473182091346154,0.37805281984270184,0.3420820463713318,0.46797975352112675,0.5968958747461867,0.7565549599387789,0.1977481617647059,1.378201068227716,0.2915768323450011,3.386358105460256,2.4888636164163396,13.476763968463393,0.07217002554977854,0.4873895264811199,1.5284898122271289,0.4505890596080292
131,0.328230349343968,0.328230349343968,0.18625810358194617,0.6831609637490224,nan,nan,nan,nan,nan,0.25383655725258436,0.005095797011855637,0.8756884578544061,0.252122683917742,0.09234675748483874,0.6515625,0.26231958643690934,0.013511007968194735,0.8843410326086957,0.26274411340132836,0.0014655568387827239,0.9159405048076923,0.2960341326878974,0.20743697087372032,0.51752703722334,0.6423250223673463,0.7976925313142847,0.25390625,1.3222295417404952,0.23796022819097498,1.1583466592211271,2.574815913692563,12.32319955265873,0.24386908500575294,0.7175097718122566,1.7452198031532515,1.897939690713656
158,0.32847289441254457,0.32847289441254457,0.15162248682344873,0.7705989133852841,nan,nan,nan,nan,nan,0.2780348222480593,0.0012997568944094705,0.9698724856321839,0.25796810351583555,0.027800081764274998,0.8333881578947369,0.27492320177427965,0.010418977049208846,0.9361837635869565,0.26392232118907194,0.0010868025493160247,0.9210111177884616,0.3013086513698334,0.14278910386947702,0.6976075201207244,0.5946802663781873,0.7263401988140059,0.2655304352886406,1.1771765352652366,0.12770624973056277,1.298718429035029,2.8171691610575085,5.937648039449936,0.35464071774707184,1.8223493920846685,1.394714741701896,1.1549761222983044
116,0.3307303775996569,0.3307303775996569,0.17736685997041554,0.7141391716727602,nan,nan,nan,nan,nan,0.2749396804563327,0.0013487422940382115,0.958917025862069,0.24335313281980794,0.048564451737204785,0.7303248355263158,0.2683790637959342,0.013332591488220833,0.9059952445652174,0.2623607191908576,0.001199237636431445,0.9152644230769231,0.25218290085507716,0.13707266079469344,0.5399585010060363,0.6831667684799317,0.8626834758719044,0.234375,0.7042451766392509,0.20997619838130072,1.7503017995012613,2.7703862686674774,12.203781842272955,0.2683959138015908,0.8932341673568077,1.4542310409007722,0.24500473828624442
97,0.3308044251704898,0.3308044251704898,0.14645386581982991,0.7916808235471393,nan,nan,nan,nan,nan,0.26078144899611083,0.00142664353708387,0.9091684626436781,0.25810662873144485,0.028364082855601724,0.8324629934210527,0.2839151356836875,0.004614342131075454,0.9821671195652174,0.28223543197125905,0.0007185470674549228,0.9860276442307693,0.2898216310976185,0.1210829042610119,0.7116684481891348,0.609966274542818,0.7225166750667515,0.3285902732329843,0.8815586135792643,0.11968541907287604,1.2070641020391062,3.2123679036966193,11.353500174205255,0.10662036489819762,0.5471337926865251,1.1593284669003794,0.3234171876977659
203,0.3324656035203903,0.3324656035203903,0.1503352009973132,0.7877916098280829,nan,nan,nan,nan,nan,0.27701373186739753,0.0013070119706783396,0.9662805316091954,0.26151823656132583,0.018691320659540392,0.8685855263157894,0.2820700869587666,0.0072792358727079304,0.9690472146739131,0.27879556992559384,0.0009508171266006232,0.9734074519230769,0.24270160361982637,0.07191252675789772,0.6696742957746479,0.6526943921894316,0.8018702935964541,0.279754638671875,0.830668058076512,0.13449219679169652,1.3830380472476507,2.6943528113036286,11.897644812442596,0.20382697460599256,0.8106844877220566,0.18491835169280862,0.27283455991077016
128,0.33255456995032723,0.33255456995032723,0.20090378917151305,0.6616815218973624,nan,nan,nan,nan,nan,0.2615912915728738,0.0014469173974255842,0.9119522270114943,0.24798527274056842,0.08287839499469046,0.6607524671052631,0.26273513390843467,0.016436524428330237,0.8784816576086957,0.22703453137717955,0.0016824785434359345,0.7904146634615384,0.3479992207395239,0.29892866255646017,0.4706756161971831,0.6479819693633829,0.8040497571087359,0.2578125,1.0700239286046442,0.24547292911978655,1.161121196574161,3.1188760948595684,13.097667100445591,0.23915769174170826,1.3791209881767235,1.0532186751034602,0.8246962294047554
207,0.3328090685418965,0.3328090685418965,0.18459376536638475,0.7033473264806758,nan,nan,nan,nan,nan,0.24332555814230047,0.006927333123358597,0.8343211206896551,0.2410787307114282,0.04058588089073635,0.7423108552631579,0.2433533602285696,0.013350954319997378,0.818359375,0.2617975908679125,0.001447516638154351,0.9126727764423077,0.3055061883592828,0.1893032311074224,0.5960135814889336,0.7017929829418854,0.8559476761186394,0.31640625,1.511230039673684,0.1784132639067567,1.3767466776516222,2.816107267951394,12.356324985172426,0.20479222061621422,0.40046630691632085,0.1420683823104366,0.2815492718886786
135,0.33307317462211755,0.33307317462211755,0.16780010532018805,0.7462558478769411,nan,nan,nan,nan,nan,0.2707282431603159,0.0013614944474307355,0.9441451149425287,0.25176988068266054,0.04099756979782997,0.7787006578947369,0.28043992028991793,0.008105018840667647,0.9612771739130435,0.26719380554078703,0.0010695248724864547,0.9325045072115384,0.24956891819767002,0.10190843215681848,0.6187201332997988,0.6787382798613537,0.853358591805895,0.2421875,1.0608996594513533,0.167034428936378,1.2664087933450747,2.5801066770387093,12.395765499870969,0.22598517877148755,0.929105081644275,1.7972161161327063,1.7769110789485247
175,0.3332127925417101,0.3332127925417101,0.16962098052935393,0.7421923225726004,nan,nan,nan,nan,nan,0.2667884635720701,0.0013774122192888962,0.930316091954023,0.2445231535344888,0.019199191264073785,0.8078330592105263,0.27373428330240573,0.010945387927715806,0.9307065217391305,0.2648405477463686,0.001200444729531389,0.9239408052884616,0.2491046595862054,0.10304104052330317,0.6142637072434608,0.7002856475087219,0.8819624065122106,0.24609375,1.9423174811680552,0.1662194789740743,1.1208990425322687,2.965737229321006,4.911001552273882,0.2867625062758261,1.3353224663695318,0.9906385594356334,1.269249113451596
219,0.33324614234400274,0.33324614234400274,0.17397783326774066,0.7314169150346578,nan,nan,nan,nan,nan,0.2415462067628383,0.004927141575253341,0.8330938697318008,0.24986593660610204,0.03697514019591126,0.7820929276315789,0.2568536740884297,0.011157643723801496,0.87109375,0.2701036948937556,0.0009967353512577639,0.94287109375,0.2837212237232477,0.1306572735747198,0.6663810990945674,0.6973861179896431,0.8591530651855003,0.29296875,1.7266822398041228,0.1565100869685355,1.8195330575964233,3.136112054702571,12.577397493405734,0.09236788649517513,0.4315827626731606,0.2456933789101865,0.2576517535599312
42,0.33365882579454414,0.33365882579454414,0.1626200422995854,0.7612557845319409,nan,nan,nan,nan,nan,0.26759930195372345,0.001363160666247255,0.9331896551724138,0.2509159980862718,0.02504884468920155,0.8155838815789473,0.2755290921250432,0.009432984409843045,0.9407693614130435,0.2592191415735598,0.0005870866645221294,0.9057992788461539,0.2986543337491859,0.15736405517642557,0.6518800301810865,0.6500350872794808,0.7819241221912729,0.3203125,2.208722430705885,0.17112502718934003,1.1026979119516127,3.4501077400537685,11.152725744984995,0.1825648620551731,0.8088068013358046,0.10406709801043798,0.594405175637667
73,0.3337319939149741,0.3337319939149741,0.15731703887911816,0.7747693815046138,nan,nan,nan,nan,nan,0.2795297935526099,0.001309383387446923,0.9750808189655172,0.2547490983378971,0.018030316620424362,0.8465460526315789,0.2856004334860796,0.0029486231848592404,0.9922299592391305,0.2741563848179175,0.0009463425912383484,0.9571814903846154,0.2632831394217962,0.11912770806777825,0.623671717806841,0.6450731138735443,0.8015398594229619,0.25390625,0.8361797137118884,0.14411755484922315,1.5416828445518362,2.698165622963645,13.357228796015994,0.07315520438039824,0.4594564248114461,1.674039754992804,0.3994319446813921
112,0.333807853206663,0.333807853206663,0.16871601438476969,0.7465374502613962,nan,nan,nan,nan,nan,0.27143098452766257,0.0013575450053941742,0.9466145833333334,0.24753795689476124,0.01945610017898148,0.8177425986842105,0.257102687583986,0.010385338704536961,0.8738960597826086,0.2747378253440883,0.0013096381740312735,0.9583082932692307,0.26766665363114533,0.12791804848400581,0.617038166498994,0.6843710112583345,0.8518694157616684,0.265625,0.6468882586460247,0.1519138687791421,1.7592926128731083,2.747536170636016,12.00250264620176,0.06636767615785756,0.4322161717359901,0.5643795159184397,0.24811973333246073
22,0.3348782586099748,0.3348782586099748,0.21381701340385617,0.6375313716252712,nan,nan,nan,nan,nan,0.20872372149289187,0.01871584418966545,0.6837434147509579,0.28198870082892485,0.12385490484470522,0.6773231907894737,0.25397883049701797,0.013552699652346822,0.8550441576086957,0.24163055895534633,0.001879537345177119,0.8410081129807693,0.35333746682258704,0.28744471210292966,0.5180693536217303,0.6696102730630806,0.8374543822883128,0.25,3.691055709110389,0.26054000051998877,2.253396012791161,2.3441172750468775,3.915454183887806,0.3184749125175964,0.14219273466873716,0.7334319819914737,1.3440644898938023
118,0.3371081698428838,0.3371081698428838,0.2014144648671746,0.6763424322821567,nan,nan,nan,nan,nan,0.21585636494951765,0.004018834300972192,0.7454501915708812,0.2518419214804124,0.09336816375678787,0.6480263157894737,0.27784959250059593,0.0072808697182255785,0.9542713994565217,0.2707662359961338,0.0014735717407410808,0.9439978966346154,0.33078087578790843,0.2487572100064923,0.5358400402414487,0.6755540283427347,0.8535881396798286,0.23046875,1.2114391249767356,0.21691313042202803,1.3164603890912216,2.7367569745066653,12.000273450154031,0.07713979445530833,0.4379250852192453,1.2540642870915009,0.19907400388568372
46,0.33762579786740526,0.33762579786740526,0.17465414009867453,0.7450549422892322,nan,nan,nan,nan,nan,0.27600478959979496,0.0013312744052301653,0.9626885775862069,0.266957952159909,0.0675322514449251,0.7655222039473685,0.27696632869505017,0.007165224303504997,0.9514690896739131,0.2649798041694795,0.0012601873757328587,0.9242788461538461,0.32121241800644185,0.22465337112451156,0.5626100352112676,0.6196334945737562,0.7459825319381423,0.3037609011627907,0.6864318785875604,0.16480849574478054,1.2055112353542157,3.1377819075717173,8.051595431568499,0.11105258174230377,0.6579802054437096,0.21705088712478712,0.4967104547990865
105,0.33859722377238244,0.33859722377238244,0.1723170458637676,0.7542976685439196,nan,nan,nan,nan,nan,0.2600094548999971,0.008852796246969047,0.8879011015325671,0.258214235168778,0.04374499502576283,0.7943873355263158,0.28613626450235474,0.002628813781557443,0.9949048913043478,0.27132372576271835,0.0012624708754979405,0.9464768629807693,0.27716138243909283,0.12405460744692318,0.6599283199195171,0.6787382798613537,0.853358591805895,0.2421875,1.839344351365003,0.15765755877097495,1.4527483024621177,2.893691809992322,12.69717632191559,0.0662954734814694,0.2496630837858158,1.988279790699204,0.2904065186556853
91,0.3393220104212205,0.3393220104212205,0.24587930073045372,0.5729287846481373,nan,nan,nan,nan,nan,0.19994883613178008,0.022115870584492086,0.64453125,0.2950217143812209,0.22236428171265654,0.4766652960526316,0.2540194359987914,0.018602753876568772,0.8425611413043478,0.24114157816311715,0.0018259738514408905,0.8394305889423077,0.40540113445185705,0.41693281559678497,0.3765719315895372,0.6403993634005565,0.793434108760779,0.2578125,0.5880769780390452,0.3364174167672043,0.6752304943983297,3.03102007246313,11.316215243724452,0.053534908144591525,0.2875686705534329,1.1118333627534507,0.3107734459213333
83,0.3400615235041445,0.3400615235041445,0.1826904514789495,0.733489203567132,nan,nan,nan,nan,nan,0.27010809365325167,0.0013553541030580437,0.9419899425287356,0.2459996619512147,0.03958867146854265,0.7620271381578947,0.279545162014468,0.0055276289941682205,0.9645889945652174,0.26675454140421256,0.0010855646966667902,0.9309269831730769,0.2947949135217885,0.185902013739357,0.5670271629778671,0.6831667684799317,0.8626834758719044,0.234375,1.4435663066103759,0.18257828600781764,3.3062442321061325,3.0308276374284873,10.240958455629976,0.08570073251828739,0.49838780058102095,1.8143709555722163,0.2977072555448574
34,0.34211745985654085,0.34211745985654085,0.19148957360092003,0.7186871754955928,nan,nan,nan,nan,nan,0.234281106156794,0.007244027546714607,0.8018738026819924,0.2884536399582117,0.09394200383623316,0.7747327302631579,0.28187995706612357,0.006911151849094713,0.9693019701086957,0.25666961465237703,0.0013897441671739809,0.8948692908653846,0.28206350952889664,0.1526008097187249,0.6057202590543259,0.7093569317768421,0.8868497044875788,0.265625,7.192784677298235,0.20343084748006254,1.8894351780264305,1.5575178886609597,6.668678736028276,0.13074549829955745,1.080176555652202,0.3620568177552735,0.1717929164908429
110,0.342236438398891,0.342236438398891,0.16717778603100342,0.77988306931861,nan,nan,nan,nan,nan,0.27436999350470764,0.0013414104468205082,0.9569414511494253,0.25171652137472494,0.03338174834566747,0.7975534539473684,0.2862723624282784,0.0023098400082853915,0.9961786684782609,0.28158374719558676,0.0007977749199752218,0.9835486778846154,0.26105207518876405,0.11424365476125149,0.6280731262575453,0.6984239307012844,0.8509922877040204,0.3170030381944444,1.0591100319447746,0.15669501327711272,1.4909731335814096,2.7531612604168254,10.632907987505995,0.16457479197939878,0.559720904130094,1.956316336236554,0.2433305379831918
205,0.34248069556406846,0.34248069556406846,0.17369126602914786,0.7644542694013698,nan,nan,nan,nan,nan,0.2519904461543292,0.0017090384091643113,0.8776939655172413,0.2573600409985983,0.029547478450669167,0.826891447368421,0.2820874233424128,0.005673072027204003,0.9731233016304348,0.2800886251683943,0.0009582098511365253,0.9779146634615384,0.272799886876701,0.12041644625514795,0.6537584884305835,0.7105577508439751,0.8838433511815651,0.27734375,1.5024339241240827,0.1349130164467486,1.5192624433617532,2.7476742778384864,4.060360387131439,0.23240754311664302,0.34655279849291326,0.30512405654148894,0.2725567527225737
218,0.342650331687619,0.342650331687619,0.17954885584907954,0.7504040212839675,nan,nan,nan,nan,nan,0.2614503525402765,0.003704104667498172,0.9058159722222222,0.26693503578137723,0.06017286588340178,0.7838404605263158,0.28485433306788904,0.003891174990696854,0.9872622282608695,0.2700778401793393,0.0009154666356902942,0.9429837740384616,0.29703040021409693,0.15502138323736142,0.6520529426559356,0.6755540283427347,0.8535881396798286,0.23046875,1.7455512212512339,0.15896649962641338,1.1266856622936599,2.952175725137114,12.948783771240679,0.17576466151928882,0.44146680578329245,0.6206159806341321,1.1149636326642867
0,0.3444467968407452,0.3444467968407452,0.16971302504047545,0.7812812263414194,nan,nan,nan,nan,nan,0.27637994352927997,0.001317696803060883,0.9640355603448276,0.2683549366578856,0.04677421395261878,0.8223067434210526,0.2857620812965157,0.00271637033686108,0.9933763586956522,0.2797832182618254,0.0009813613357862441,0.9767878605769231,0.2731972697093813,0.10687884358910964,0.6889933350100603,0.683203331589583,0.8596096642254161,0.2421875,1.7709997543745462,0.13481085527230813,1.2497418135304397,3.400463206235539,5.4447032809956415,0.07230132354812575,0.6698223307332885,1.25686575637166,0.17668125552015015
36,0.3464237211455405,0.3464237211455405,0.19802980759663572,0.7174085050178024,nan,nan,nan,nan,nan,0.2659541920519056,0.0013947769186448352,0.9273527298850575,0.27445379494482225,0.10857741818590896,0.6891447368421053,0.2757857511244334,0.009792307008989304,0.9407693614130435,0.2605617686537512,0.0012498174614054042,0.9088416466346154,0.29763483453481526,0.17353924621594455,0.607873805331992,0.7041519855635153,0.8936252797889214,0.23046875,2.463894453135617,0.19394279686064061,1.8535463938832515,2.8022464214580696,7.159024399160806,0.1304505281789567,1.1672022586952826,0.34121026194912174,0.16731642562408458
44,0.34670714248365675,0.34670714248365675,0.1850841062823485,0.7507647329869273,nan,nan,nan,nan,nan,0.26951206612190887,0.0013650247545804227,0.9398796695402298,0.2597137921806948,0.04408450642139373,0.7987870065789474,0.27950110822818064,0.007147339562931064,0.9603855298913043,0.2662382577804299,0.0011289935849095349,0.9290114182692307,0.2729942741426688,0.13939457434299585,0.6069935236418511,0.7322833564480575,0.9173841990272805,0.26953125,2.1174477872358146,0.17088958438532179,1.267270164601371,3.120777220140007,8.00047996203839,0.1938178736733332,0.671696568003474,1.4146681761172426,0.5237626819807009
19,0.34747892519392254,0.34747892519392254,0.2652679540614119,0.5530063530251991,nan,nan,nan,nan,nan,0.1995894800725094,0.017062963672394366,0.6559057710727969,0.28364994182483316,0.1601773527652927,0.5923314144736842,0.20674450890190496,0.010858752680058259,0.6964588994565217,0.5282042050841659,0.4466523534639861,0.7320838341346154,0.3891752171301757,0.3854482969399924,0.3984925176056338,0.4775101981499461,0.5714080048467476,0.24276568140794225,3.783197400427202,0.3158057424982452,0.569660726252547,2.202745506962742,14.248469205572437,0.36511445540277215,0.21227745872546963,0.799276235901129,0.8077053266346459
15,0.3553982845548849,0.3553982845548849,0.297199889991103,0.5008942709643397,nan,nan,nan,nan,nan,0.19536593535080024,0.01496944550644598,0.6463571599616859,0.3607659412634894,0.3653354756636219,0.3493421052631579,0.2039344351548472,0.010542176608090368,0.6874150815217391,0.38261035263027143,0.2630733638746876,0.6814528245192307,0.4047257993135548,0.410212069743202,0.3910101232394366,0.5849872436163467,0.7190668085505699,0.24978833128078817,0.8159643530123314,0.3644198608567193,1.7262248999479066,1.8247135103624224,14.953560225312259,0.2134872823552624,0.22920736471885733,1.1718397184870832,0.38638210639988674
132,0.368376510587861,0.368376510587861,0.25202638937742755,0.6592518136139444,nan,nan,nan,nan,nan,0.26603755569026194,0.01002441704682636,0.9060704022988506,0.2807668154926704,0.13456202853184376,0.6462787828947368,0.4888877272341379,0.35872950291040173,0.8142832880434783,0.23971193397108417,0.0009512748672100807,0.8366135817307693,0.3496657588607337,0.28825879781750197,0.5031831614688129,0.5851892722782778,0.7196323150907814,0.24908166524701875,2.8667187356539365,0.23856672454902175,1.1691158482606707,3.1301133706898643,12.971876082230041,0.23683351260739846,0.9058359359829504,1.3836956722849696,1.0842597073015283
21,0.3696874626334051,0.3696874626334051,0.2809346528151591,0.5915694871790197,nan,nan,nan,nan,nan,0.23376632176969528,0.016161739366462237,0.7777777777777778,0.2528934290735634,0.10793237965035711,0.6152960526315789,0.22712420252449478,0.04326260636037964,0.6867781929347826,0.41075704493218657,0.25061575232813804,0.8111102764423077,0.4134639182280746,0.3920301362042359,0.46704837328767124,0.6801198592724156,0.8756053029813818,0.19140625,4.45544348213418,0.27570558966032466,0.738202782119525,2.330193731400456,3.7895695260792603,0.32501121039597386,1.3888112001749764,0.6940045953006707,0.10177854840312099
134,0.3718939431211266,0.3718939431211266,0.1987629531274395,0.8047214181053444,nan,nan,nan,nan,nan,0.2853506700539246,0.0012689553168737874,0.9955549568965517,0.2655488679890772,0.02758255992155013,0.8604646381578948,0.2849981650689119,0.003684931096476585,0.98828125,0.28402681750558045,0.00034187143088947486,0.9932391826923077,0.2981723263891369,0.13206336459066687,0.7134447308853119,0.8132668117201286,1.02763603640818,0.27734375,1.3208173580392406,0.10235807590261431,1.2522054330218673,1.9924005663972564,5.140843604304122,0.25206645489419083,0.954337080854317,1.7571894021854628,0.8581325537185955
79,0.3770656954500958,0.3770656954500958,0.4777435192348422,0.12537113598822958,nan,nan,nan,nan,nan,0.35246746156910175,0.34712422589022895,0.36582555076628354,0.28787006745811483,0.39676809444136074,0.015625,0.3457386584414184,0.4590341218179857,0.0625,0.17547565680796057,0.22620978972345246,0.04864032451923077,0.43132933499628334,0.5937566927372514,0.02526094064386318,0.6695129934276957,0.8435681907987739,0.234375,0.83763961769527,0.6987234672612728,1.6758862494188118,3.2924559478314177,12.771229277056458,0.07310400745317197,0.19389685407510243,1.048945865062713,0.34241980277474193
20,0.6930769387936744,0.6930769387936744,0.742456870228041,0.5696271102077582,nan,nan,nan,nan,nan,0.20940439422571394,0.01634622854435199,0.6920498084291188,0.2860286182669258,0.14946967083685406,0.6274259868421053,2.0705850375133217,2.6153611720838676,0.7086447010869565,0.5327357804991723,0.45119367442961034,0.7365910456730769,0.41203371895224916,0.41406425884703213,0.40695736921529174,0.6476740833046641,0.8083062166265298,0.24609375,4.4401759234346265,0.3026415567551922,0.5705632285504036,2.2947766917714714,3.6817757850147803,0.29857514526138423,0.13535027332031271,0.7305904619003927,0.12493196466013354
70,0.7245911255726366,0.7245911255726366,0.967378918764629,0.11762164259265578,nan,nan,nan,nan,nan,2.6046795433515846,3.5537652016883867,0.23196539750957854,0.27552609133384726,0.37504573839370187,0.026726973684210526,0.4241063720597445,0.556418757840164,0.09332540760869565,0.08071020075366067,0.08799428105512493,0.0625,0.44361469465359255,0.5916811711065788,0.07344850352112677,0.5189098512833905,0.6393683625038173,0.21776357323232323,0.6279897959411502,0.6384579545618585,1.5403611223123321,2.570662148663854,12.103521214603845,0.06360488726162176,0.27257484166101914,1.1925255915400022,0.2626444042510401
16,0.8818934830592761,0.8818934830592761,1.0559296914857337,0.44680296199313174,nan,nan,nan,nan,nan,0.22527099452523447,0.03308772566866157,0.7057291666666666,0.39401594825942954,0.41255160387899076,0.3476768092105263,2.866160050733413,3.842124750374604,0.42624830163043476,0.6529405192089888,0.6609015826618151,0.6330378605769231,0.49128883056413547,0.5496166092400938,0.34546938387423937,0.6616845550644549,0.8372958770902368,0.22265625,2.1991472605838593,0.3990933666520282,1.4304942148007904,1.254795290037489,12.40986588810412,0.4778986019998323,0.35204776784025843,1.5240102258774695,0.7261748726460736
109,0.9056771988873593,0.9056771988873593,1.1091151902319119,0.39708222052597747,nan,nan,nan,nan,nan,0.19922319119678095,0.01195844468698754,0.6673850574712644,0.44039456689009576,0.5516346304882392,0.16229440789473684,3.4638240762627452,4.642169603506973,0.517960258152174,0.4025310513870572,0.3425699142495723,0.5524338942307693,0.4455578138944382,0.5180119505186118,0.264422472334004,0.48253249369303836,0.588346597941087,0.21799723307291666,0.6554821991890863,0.42692462757596067,1.4596456768829082,2.897692461478412,10.73006655765064,0.05872668757587007,0.556640960844591,1.8168953358238853,0.2458767927015975
161,0.9653170215621155,0.9653170215621155,1.246302537647206,0.26285323134938954,nan,nan,nan,nan,nan,0.1956416760732753,0.02236577945277693,0.6288314176245211,0.2878833658285377,0.37941829110732117,0.05904605263157895,3.7810564708463867,5.158135988532767,0.33835767663043476,0.31143112351370966,0.3606129479191935,0.1884765625,0.4473401235778083,0.53118019922616,0.23773993445692884,0.7685493695329761,1.026102019645017,0.12466774425287357,1.6510045423980797,0.5631697640743374,1.3543544756492705,2.314166707015377,5.643004695024025,0.30494242799085464,1.731709723709785,1.3948423997395412,1.7900374601125109
40,1.0833999966282744,1.0833999966282744,1.3555369515056295,0.40305760943488694,nan,nan,nan,nan,nan,0.1918708354708103,0.02311509877790834,0.6137601772030651,0.4294985677179915,0.5154427316472934,0.21463815789473684,4.170036597594625,5.595999606197692,0.6051290760869565,0.8711593976424021,1.007573877853209,0.5301231971153846,0.3427670453848296,0.3869526678865875,0.2323029891304348,0.4950675359589876,0.604137726671085,0.22239205917874397,1.2540110106913545,0.48754680186197963,1.0391076884620416,3.330465560312156,10.98666310251726,0.05867086762225209,0.36479484358338077,0.23065719632158727,0.5824224999118626
38,1.0865735955298093,1.0865735955298093,1.3797624309613215,0.35360150695102827,nan,nan,nan,nan,nan,0.10890115303345609,0.03778848206293048,0.2866828304597701,0.41573285855171127,0.4692299493408168,0.28199013157894737,4.314546798398103,5.828001387322561,0.5309103260869565,0.7207215946806048,0.7694519392836159,0.5988957331730769,0.46278297636334487,0.5538789385384615,0.23504307092555332,0.496756192151636,0.6202238892195442,0.18808694948186527,8.730416476021258,0.49837737737303744,0.912176489970734,3.2255902023178122,5.857849291445699,0.05629186503034516,0.3465411458804945,1.8268880165296917,0.17935903078068605
108,1.095828474973403,1.095828474973403,1.3638546747423022,0.4257629755511552,nan,nan,nan,nan,nan,0.1964303127078823,0.01608840522398542,0.6472850814176245,0.5786909970936216,0.7160992821586152,0.23517028443113772,4.192274353847761,5.645661676908604,0.5588060461956522,0.746815919107616,0.8026186088660469,0.6073091947115384,0.4009322160397677,0.4492232362584917,0.28020466549295775,0.45982705104377014,0.55343683903807,0.22580258105802048,1.8448791649476872,0.44022345189862205,1.492171761879506,2.921899221962877,10.751085533892484,0.05827625797781969,0.37861783733682314,1.973258565731303,0.24093505600086068
18,1.2261866912509893,1.2261866912509893,1.626123035974689,0.22634582944174012,nan,nan,nan,nan,nan,0.14776310073370047,0.08312552493522661,0.3093570402298851,0.8491779094021977,1.1248055125570162,0.1601089015151515,4.70250858849303,6.468158763020678,0.288383152173913,0.569632913228802,0.7067859583280152,0.22675030048076922,0.4693883750994727,0.5772518475021309,0.199729694092827,0.6186492605487326,0.7966106095050677,0.17374588815789474,5.04199315983534,0.6403077491076784,2.476115476144799,1.9885987902214386,1.4239477845107462,0.4641692014052053,1.9014672235893888,0.6427388711516498,0.9304153796640946
41,3.5129916818450186,3.5129916818450186,4.800840111171403,0.29337060852905456,nan,nan,nan,nan,nan,15.72718767826492,21.85055564729816,0.4187677556818182,0.4117182007287683,0.518428507336065,0.14494243421052633,2.7481372400189095,3.750788875156908,0.24150815217391305,0.9056948747845892,1.061843017006117,0.5153245192307693,0.6346232109763075,0.7969751794159101,0.2287432898773006,0.6505888862966128,0.826449440815258,0.2109375,2.2867617355826164,0.5058717536890355,0.96971754644616,3.4823817517282945,5.721891675518092,0.05148294560576356,0.7910764056132549,0.10300793762539087,0.6060559104593339
